*************************************************
******************* ORCA 6.0.1 ******************
*************************************************
$Calculation_Status
   &GeometryIndex 101
   &ListStatus       OUT
   &VERSION [&Type "String"] "6.0.1"
   &PROGNAME [&Type "String"] "ProgCIS"
   &STATUS [&Type "String"] "NORMAL TERMINATION"
$End
$Geometry
   &GeometryIndex 1
   &ListStatus       OUT
   &NATOMS [&Type "Integer"] 35
   &NCORELESSECP [&Type "Integer"] 0
   &NGHOSTATOMS [&Type "Integer"] 0
   &CartesianCoordinates [&Type "Coordinates", &Dim(35,4), &Units "Bohr"] 
              C     -3.138185795461   -3.704329211084   -0.760375716838
              C     -2.290291698183   -5.644208771255   -2.340348322495
              C      0.154405799372   -5.636390103482   -3.223019829326
              C     -1.538983153727   -1.767241313168   -0.090766713955
              C      1.002161595825   -1.696402097925   -0.930724694938
              O     -2.382268793304    0.089448370307    1.561957140003
              C      1.833271597049   -3.694745065661   -2.540731854653
              C      4.370380022921   -3.726298323059   -3.477768076314
              C      6.047112112153   -1.891662327084   -2.882904856856
              C      2.827690935003    0.217725581465   -0.293496263604
              C      5.318760880087    0.138158899510   -1.263499679173
              N      2.250979604464    2.174135009458    1.277017602489
              C      3.851885550242    4.009233373219    1.926673419508
              C      6.294643015252    4.006978858913    0.994099800478
              C      7.015240227382    2.065697356071   -0.590465424354
              C     -4.547087618183    1.478449172208    0.900401851531
              O     -5.330386623409    1.517867450276   -1.256658781400
              N     -5.482228469516    2.723026809869    2.893334140407
              C     -7.567847696978    4.489505311137    2.513937868497
              C     -4.569141696337    2.489890534530    5.489819350764
              H     -3.319093814161    0.879927673728    5.682283326252
              H     -6.191364673867    2.230503373137    6.734773228983
              H     -3.573082293922    4.207197210135    6.054660026552
              H     -7.965181346984    4.674043285666    0.511956591264
              H     -7.050843999954    6.330736413654    3.286004536878
              H     -9.253703423532    3.809816751170    3.490106629746
              H      0.825230190284   -7.129369387712   -4.448693295818
              H     -5.054667882027   -3.708840752329   -0.053344549440
              H     -3.572717343998   -7.151057403009   -2.855201706034
              H      4.916801512161   -5.274869258624   -4.697639504278
              H      7.960134976489   -1.922038224535   -3.603804151394
              H      3.122928222754    5.434704659212    3.192013201009
              H      7.582461858616    5.498395697756    1.522885959620
              H      8.917718267808    2.000952775098   -1.340982552627
              H      0.473835894083    2.198456820154    2.004848587948
$End
$SCF_Energy
   &GeometryIndex 1
   &ListStatus       OUT
   &SCF_ENERGY [&Type "Double"]      -8.7889666574916112e+02
$End
$DFT_Energy
   &GeometryIndex 1
   &ListStatus       OUT
   &NALPHAEL [&Type "Integer"] 70
   &NBETAEL [&Type "Integer"] 70
   &NTOTALEL [&Type "Integer"] 139
   &EEXCHANGE [&Type "Double"]      -9.3725213826091590e+01
   &ECORR [&Type "Double"]      -6.1589078486549367e+00
   &ECNL [&Type "Double"]       0.0000000000000000e+00
   &EXC [&Type "Double"]      -9.9884121674746524e+01
   &EEMBED [&Type "Double"]       0.0000000000000000e+00
   &FINALEN [&Type "Double"]      -8.7889666574916112e+02  "No Van der Waals correction"
$End
$Solvation_Details
   &GeometryIndex 1
   &ListStatus       OUT
   &SOLVENT [&Type "String"] "WATER"
   &EPSILON [&Type "Double"]       8.0150999999999996e+01
   &REFRAC [&Type "Double"]       1.3328000000000000e+00
   &RSOLV [&Type "Double"]       1.3000000000000000e+00
   &SURFACETYPE [&Type "String"] "GAUSSIAN VDW"
   &NPOINTS [&Type "Integer"] 3070
   &SURFACEAREA [&Type "Double"]       1.0853435688709999e+03
   &CPCMDIELENERGY [&Type "Double"]      -8.6896296999999997e-02
$End
$Mulliken_Population_Analysis
   &GeometryIndex 1
   &ListStatus       OUT
   &NATOMS [&Type "Integer"] 35
   &ATNO [&Type "ArrayOfIntegers", &Dim (35,1)] 
                                                         0

0                                                        6
1                                                        6
2                                                        6
3                                                        6
4                                                        6
5                                                        8
6                                                        6
7                                                        6
8                                                        6
9                                                        6
10                                                       6
11                                                       7
12                                                       6
13                                                       6
14                                                       6
15                                                       6
16                                                       8
17                                                       7
18                                                       6
19                                                       6
20                                                       1
21                                                       1
22                                                       1
23                                                       1
24                                                       1
25                                                       1
26                                                       1
27                                                       1
28                                                       1
29                                                       1
30                                                       1
31                                                       1
32                                                       1
33                                                       1
34                                                       1
   &ATOMICCHARGES [&Type "ArrayOfDoubles", &Dim (35,1)] 
                                                         0

0                                     -1.2856176348022963e-01
1                                     -8.4547811066792988e-02
2                                     -1.7769347806652913e-01
3                                      1.7154662365211593e-01
4                                      2.7209654930945337e-01
5                                     -5.3920995794245208e-01
6                                      2.3812975902372191e-01
7                                     -2.1644215434917680e-01
8                                     -2.5087696501861956e-01
9                                     -1.5824455187433806e-02
10                                     3.9878183048599247e-01
11                                    -2.0067038724710962e-01
12                                     1.2716292340982616e-01
13                                    -3.0868972184169507e-02
14                                    -1.6198993962147945e-01
15                                     6.8595504101411109e-01
16                                    -5.9840496807643362e-01
17                                    -2.0830253835968637e-01
18                                    -2.5078276111059417e-01
19                                    -2.7065730646812636e-01
20                                     1.5852687071097704e-01
21                                     1.5167965058265342e-01
22                                     1.4582325745439706e-01
23                                     1.4945495275267806e-01
24                                     1.4227746459900081e-01
25                                     1.4449833517942268e-01
26                                     1.2137429079497719e-01
27                                     1.2630290932287536e-01
28                                     1.2452990241970707e-01
29                                     1.2150452341591422e-01
30                                     1.1931125956522637e-01
31                                     1.8387135842583824e-01
32                                     1.5078650422413964e-01
33                                     1.4862398822167822e-01
34                                     2.5259546361476404e-01
$End
$Loewdin_Population_Analysis
   &GeometryIndex 1
   &ListStatus       OUT
   &NATOMS [&Type "Integer"] 35
   &ATNO [&Type "ArrayOfIntegers", &Dim (35,1)] 
                                                         0

0                                                        6
1                                                        6
2                                                        6
3                                                        6
4                                                        6
5                                                        8
6                                                        6
7                                                        6
8                                                        6
9                                                        6
10                                                       6
11                                                       7
12                                                       6
13                                                       6
14                                                       6
15                                                       6
16                                                       8
17                                                       7
18                                                       6
19                                                       6
20                                                       1
21                                                       1
22                                                       1
23                                                       1
24                                                       1
25                                                       1
26                                                       1
27                                                       1
28                                                       1
29                                                       1
30                                                       1
31                                                       1
32                                                       1
33                                                       1
34                                                       1
   &ATOMICCHARGES [&Type "ArrayOfDoubles", &Dim (35,1)] 
                                                         0

0                                     -7.9084252547929168e-02
1                                     -9.6568027606902973e-02
2                                     -7.9372388971153285e-02
3                                     -1.1662493473377733e-01
4                                     -2.4728013538168447e-02
5                                      1.5543940761391717e-01
6                                     -6.6398826578281778e-02
7                                     -6.1442459660334237e-02
8                                     -7.3127048282326079e-02
9                                     -1.3182376238810356e-02
10                                    -6.9682061934496886e-02
11                                     2.2463417150556708e-01
12                                    -3.5675450322335323e-02
13                                    -9.1697082547572251e-02
14                                    -4.1461941026925686e-03
15                                    -3.4155998665789511e-01
16                                    -7.0078181304504383e-02
17                                     8.7881357955470918e-02
18                                    -2.0790142260425970e-01
19                                    -2.1404504884916431e-01
20                                     1.2003472501816692e-01
21                                     1.1908746359472189e-01
22                                     1.1548448682825252e-01
23                                     1.2043787498810243e-01
24                                     1.1730793202125922e-01
25                                     1.1610956870643652e-01
26                                     1.5098494416898600e-01
27                                     1.5468947058271765e-01
28                                     1.4923330873857554e-01
29                                     1.5454572905162400e-01
30                                     1.5471040932983071e-01
31                                     1.6275463750584629e-01
32                                     1.5972471478046302e-01
33                                     1.6318912145447617e-01
34                                     2.1906443263682718e-01
$End
$Mayer_Population_Analysis
   &GeometryIndex 1
   &ListStatus       OUT
   &NATOMS [&Type "Integer"] 35 "Total number of atoms"
   &BONDTHRESH [&Type "Double"]       1.0000000000000001e-01  "The threshold for printing"
   &NBONDORDERSPRINT [&Type "Integer"] 37 "The number of bond orders larger than threshold"
   &BONDORDERS [&Type "ArrayOfDoubles", &Dim (37,1)] "The bond orders"
                                                         0

0                                      1.2643813005665570e+00
1                                      1.4608726196254931e+00
2                                      9.8877185914598287e-01
3                                      1.4007586225373350e+00
4                                      9.8959535586568304e-01
5                                      1.2776053141009549e+00
6                                      9.9559293608703647e-01
7                                      1.2302898635335391e+00
8                                      8.2150699571185748e-01
9                                      1.3181286070929488e+00
10                                     9.8134341665610481e-01
11                                     9.4629398941077592e-01
12                                     1.1278432457631564e+00
13                                     1.4997406301564595e+00
14                                     1.0050992611518164e+00
15                                     1.1230486235782919e+00
16                                     1.0172713438149099e+00
17                                     1.3175405739697463e+00
18                                     1.2852541780162843e+00
19                                     1.2907189810677835e+00
20                                     1.3386569896099121e+00
21                                     8.5129099872349245e-01
22                                     1.3854741875442540e+00
23                                     9.3840985814026179e-01
24                                     1.4264720457069218e+00
25                                     9.6012017814944906e-01
26                                     9.5855782267503742e-01
27                                     1.8349589312971488e+00
28                                     1.3664912255563924e+00
29                                     9.2977273702476237e-01
30                                     9.3360194761428417e-01
31                                     9.6231160877795408e-01
32                                     9.5848605098109740e-01
33                                     9.6191617412235142e-01
34                                     9.5897049601811457e-01
35                                     9.5545611006564024e-01
36                                     9.6361255674238233e-01
   &COMPONENTS [&Type "ArrayOfIntegers", &Dim (37,4)] "The indices and atomic numbers of the bonding atoms"
                                                         0                           1                           2                           3

0                                                        0                           6                           1                           6
1                                                        0                           6                           3                           6
2                                                        0                           6                          27                           1
3                                                        1                           6                           2                           6
4                                                        1                           6                          28                           1
5                                                        2                           6                           6                           6
6                                                        2                           6                          26                           1
7                                                        3                           6                           4                           6
8                                                        3                           6                           5                           8
9                                                        4                           6                           6                           6
10                                                       4                           6                           9                           6
11                                                       5                           8                          15                           6
12                                                       6                           6                           7                           6
13                                                       7                           6                           8                           6
14                                                       7                           6                          29                           1
15                                                       8                           6                          10                           6
16                                                       8                           6                          30                           1
17                                                       9                           6                          10                           6
18                                                       9                           6                          11                           7
19                                                      10                           6                          14                           6
20                                                      11                           7                          12                           6
21                                                      11                           7                          34                           1
22                                                      12                           6                          13                           6
23                                                      12                           6                          31                           1
24                                                      13                           6                          14                           6
25                                                      13                           6                          32                           1
26                                                      14                           6                          33                           1
27                                                      15                           6                          16                           8
28                                                      15                           6                          17                           7
29                                                      17                           7                          18                           6
30                                                      17                           7                          19                           6
31                                                      18                           6                          23                           1
32                                                      18                           6                          24                           1
33                                                      18                           6                          25                           1
34                                                      19                           6                          20                           1
35                                                      19                           6                          21                           1
36                                                      19                           6                          22                           1
   &ATNO [&Type "ArrayOfIntegers", &Dim (35,1)] "Atomic number of the elements"
                                                         0

0                                                        6
1                                                        6
2                                                        6
3                                                        6
4                                                        6
5                                                        8
6                                                        6
7                                                        6
8                                                        6
9                                                        6
10                                                       6
11                                                       7
12                                                       6
13                                                       6
14                                                       6
15                                                       6
16                                                       8
17                                                       7
18                                                       6
19                                                       6
20                                                       1
21                                                       1
22                                                       1
23                                                       1
24                                                       1
25                                                       1
26                                                       1
27                                                       1
28                                                       1
29                                                       1
30                                                       1
31                                                       1
32                                                       1
33                                                       1
34                                                       1
   &NA [&Type "ArrayOfDoubles", &Dim (35,1)] "Mulliken gross atomic population"
                                                         0

0                                      6.1285617634802190e+00
1                                      6.0845478110667850e+00
2                                      6.1776934780665336e+00
3                                      5.8284533763479001e+00
4                                      5.7279034506905422e+00
5                                      8.5392099579423988e+00
6                                      5.7618702409762843e+00
7                                      6.2164421543491359e+00
8                                      6.2508769650186142e+00
9                                      6.0158244551874303e+00
10                                     5.6012181695140297e+00
11                                     7.2006703872470554e+00
12                                     5.8728370765901703e+00
13                                     6.0308689721841482e+00
14                                     6.1619899396214599e+00
15                                     5.3140449589859040e+00
16                                     8.5984049680765082e+00
17                                     7.2083025383596784e+00
18                                     6.2507827611105800e+00
19                                     6.2706573064681272e+00
20                                     8.4147312928902229e-01
21                                     8.4832034941734680e-01
22                                     8.5417674254560427e-01
23                                     8.5054504724732438e-01
24                                     8.5772253540099941e-01
25                                     8.5550166482057777e-01
26                                     8.7862570920502470e-01
27                                     8.7369709067712320e-01
28                                     8.7547009758029493e-01
29                                     8.7849547658408822e-01
30                                     8.8068874043477563e-01
31                                     8.1612864157416165e-01
32                                     8.4921349577586092e-01
33                                     8.5137601177832178e-01
34                                     7.4740453638523519e-01
   &ZA [&Type "ArrayOfDoubles", &Dim (35,1)] "Total nuclear charge"
                                                         0

0                                      6.0000000000000000e+00
1                                      6.0000000000000000e+00
2                                      6.0000000000000000e+00
3                                      6.0000000000000000e+00
4                                      6.0000000000000000e+00
5                                      8.0000000000000000e+00
6                                      6.0000000000000000e+00
7                                      6.0000000000000000e+00
8                                      6.0000000000000000e+00
9                                      6.0000000000000000e+00
10                                     6.0000000000000000e+00
11                                     7.0000000000000000e+00
12                                     6.0000000000000000e+00
13                                     6.0000000000000000e+00
14                                     6.0000000000000000e+00
15                                     6.0000000000000000e+00
16                                     8.0000000000000000e+00
17                                     7.0000000000000000e+00
18                                     6.0000000000000000e+00
19                                     6.0000000000000000e+00
20                                     1.0000000000000000e+00
21                                     1.0000000000000000e+00
22                                     1.0000000000000000e+00
23                                     1.0000000000000000e+00
24                                     1.0000000000000000e+00
25                                     1.0000000000000000e+00
26                                     1.0000000000000000e+00
27                                     1.0000000000000000e+00
28                                     1.0000000000000000e+00
29                                     1.0000000000000000e+00
30                                     1.0000000000000000e+00
31                                     1.0000000000000000e+00
32                                     1.0000000000000000e+00
33                                     1.0000000000000000e+00
34                                     1.0000000000000000e+00
   &QA [&Type "ArrayOfDoubles", &Dim (35,1)] "Mulliken gross atomic charge"
                                                         0

0                                     -1.2856176348021897e-01
1                                     -8.4547811066784995e-02
2                                     -1.7769347806653357e-01
3                                      1.7154662365209994e-01
4                                      2.7209654930945781e-01
5                                     -5.3920995794239879e-01
6                                      2.3812975902371569e-01
7                                     -2.1644215434913594e-01
8                                     -2.5087696501861423e-01
9                                     -1.5824455187430253e-02
10                                     3.9878183048597027e-01
11                                    -2.0067038724705544e-01
12                                     1.2716292340982971e-01
13                                    -3.0868972184148191e-02
14                                    -1.6198993962145991e-01
15                                     6.8595504101409599e-01
16                                    -5.9840496807650823e-01
17                                    -2.0830253835967838e-01
18                                    -2.5078276111057995e-01
19                                    -2.7065730646812725e-01
20                                     1.5852687071097771e-01
21                                     1.5167965058265320e-01
22                                     1.4582325745439573e-01
23                                     1.4945495275267562e-01
24                                     1.4227746459900059e-01
25                                     1.4449833517942223e-01
26                                     1.2137429079497530e-01
27                                     1.2630290932287680e-01
28                                     1.2452990241970507e-01
29                                     1.2150452341591178e-01
30                                     1.1931125956522437e-01
31                                     1.8387135842583835e-01
32                                     1.5078650422413908e-01
33                                     1.4862398822167822e-01
34                                     2.5259546361476481e-01
   &VA [&Type "ArrayOfDoubles", &Dim (35,1)] "Mayer's total valence"
                                                         0

0                                      3.9291335820376538e+00
1                                      3.8427270593003766e+00
2                                      3.7944471825004973e+00
3                                      3.7411424428735023e+00
4                                      3.5426265704806208e+00
5                                      1.9696252692367313e+00
6                                      3.8802133931592295e+00
7                                      3.7286401529210487e+00
8                                      3.7906653025489208e+00
9                                      3.7860860464839075e+00
10                                     3.8160098826611062e+00
11                                     3.5406528844018088e+00
12                                     3.9105711445124083e+00
13                                     3.8741600758992618e+00
14                                     3.9752572222777203e+00
15                                     4.2073007660930939e+00
16                                     2.0038117522065950e+00
17                                     3.2502284966817325e+00
18                                     3.8287610180108040e+00
19                                     3.8344044391117773e+00
20                                     9.6699261087054378e-01
21                                     9.4638662865707401e-01
22                                     9.4995115156101662e-01
23                                     9.8028901211343522e-01
24                                     9.4880860693542668e-01
25                                     9.5039943561811946e-01
26                                     9.7171452249218604e-01
27                                     9.6948200213664126e-01
28                                     9.6344552238977710e-01
29                                     9.7496769670862471e-01
30                                     9.7578385521316158e-01
31                                     9.5715461485719588e-01
32                                     9.6182866020685587e-01
33                                     9.6582874064873825e-01
34                                     9.4183178189910055e-01
   &BVA [&Type "ArrayOfDoubles", &Dim (35,1)] "Mayer's bonded valence"
                                                         0

0                                      3.9291335820377258e+00
1                                      3.8427270593003766e+00
2                                      3.7944471825003578e+00
3                                      3.7411424428734841e+00
4                                      3.5426265704802606e+00
5                                      1.9696252692367522e+00
6                                      3.8802133931591825e+00
7                                      3.7286401529211464e+00
8                                      3.7906653025491499e+00
9                                      3.7860860464836446e+00
10                                     3.8160098826608522e+00
11                                     3.5406528844017657e+00
12                                     3.9105711445122777e+00
13                                     3.8741600758992258e+00
14                                     3.9752572222777172e+00
15                                     4.2073007660930388e+00
16                                     2.0038117522064938e+00
17                                     3.2502284966817356e+00
18                                     3.8287610180107681e+00
19                                     3.8344044391117720e+00
20                                     9.6699261087054478e-01
21                                     9.4638662865708156e-01
22                                     9.4995115156100363e-01
23                                     9.8028901211341679e-01
24                                     9.4880860693542479e-01
25                                     9.5039943561812179e-01
26                                     9.7171452249215773e-01
27                                     9.6948200213664359e-01
28                                     9.6344552238978953e-01
29                                     9.7496769670865957e-01
30                                     9.7578385521320232e-01
31                                     9.5715461485715658e-01
32                                     9.6182866020683877e-01
33                                     9.6582874064872126e-01
34                                     9.4183178189908912e-01
   &FA [&Type "ArrayOfDoubles", &Dim (35,1)] "Mayer's free valence"
                                                         0

0                                      0.0000000000000000e+00
1                                      0.0000000000000000e+00
2                                      0.0000000000000000e+00
3                                      0.0000000000000000e+00
4                                      0.0000000000000000e+00
5                                      0.0000000000000000e+00
6                                      0.0000000000000000e+00
7                                      0.0000000000000000e+00
8                                      0.0000000000000000e+00
9                                      0.0000000000000000e+00
10                                     0.0000000000000000e+00
11                                     0.0000000000000000e+00
12                                     0.0000000000000000e+00
13                                     0.0000000000000000e+00
14                                     0.0000000000000000e+00
15                                     0.0000000000000000e+00
16                                     0.0000000000000000e+00
17                                     0.0000000000000000e+00
18                                     0.0000000000000000e+00
19                                     0.0000000000000000e+00
20                                     0.0000000000000000e+00
21                                     0.0000000000000000e+00
22                                     0.0000000000000000e+00
23                                     0.0000000000000000e+00
24                                     0.0000000000000000e+00
25                                     0.0000000000000000e+00
26                                     0.0000000000000000e+00
27                                     0.0000000000000000e+00
28                                     0.0000000000000000e+00
29                                     0.0000000000000000e+00
30                                     0.0000000000000000e+00
31                                     0.0000000000000000e+00
32                                     0.0000000000000000e+00
33                                     0.0000000000000000e+00
34                                     0.0000000000000000e+00
$End
$CIS_Absorption_Spectrum
   &GeometryIndex 1
   &ListStatus       FIRST
   &TEMPERATURE [&Type "Double"]       2.9814999999999998e+02
   &METHOD [&Type "Integer"] 20
   &RELCORRECTION [&Type "Integer"] 1 "Type of relativistic treatment in QDPT. 0->Unknow, 1->None, 2->SOC, 3->SSC, 4->SOC/SSC"
   &DENSTYPE [&Type "Integer"] 3 "Type of density (electron/spin ...). 0->Unknow, 1->Electronic, 2->Spin, 3->Trans/Electronic, 4->Tran/Spin"
   &DERITYPE [&Type "Integer"] 0 "Type of derivative (w.r.t. to what perturbation). 0->Unknown, 1->No Derivative, 2->Electric/Dipole, 3->Electric/Quad, 4->Magnetic/Dipole, 5->Magnetic/Quad"
   &DENSLEVEL [&Type "Integer"] 0 "// Source of density: relaxed, unrelaxed, ... 0->Unknown, 1->Linearized, 2->Unrelaxed, 3->Relaxed"
   &REPRESENTATION [&Type "String"] "Length" "Possible values: Unknown,  Length, Velocity"
   &POINTGROUP [&Type "String"] "C1"
   &NTRANS [&Type "Integer"] 3
   &DOHIGHERMOMENTS [&Type "Boolean"] false
   &STATES [&Type "ArrayOfIntegers", &Dim (3,4)] "The initial and Final states. Col1: Initial State  Col2: Initial Irrep Col3: Final State Col4: Final Irrep"
                                                         0                           1                           2                           3

0                                                        0                           0                           1                           0
1                                                        0                           0                           2                           0
2                                                        0                           0                           3                           0
   &MULTIPLICITIES [&Type "ArrayOfDoubles", &Dim (3,2)] "Col1: Multiplicity of the initial state  Col2: Multiplicity of the final state"
                                                         0                           1

0                                      1.0000000000000000e+00         1.0000000000000000e+00
1                                      1.0000000000000000e+00         1.0000000000000000e+00
2                                      1.0000000000000000e+00         1.0000000000000000e+00
   &EXCITATIONENERGIES [&Type "ArrayOfDoubles", &Dim (3,11)] 
                                                         0                           1                           2                           3                           4                           5                           6                           7

0                                      3.3579302696813333e+00         2.7083536960810608e+04         3.6922799317053085e+02         2.3885923290256547e-01         2.9034358860101146e+00        -1.4481963795621002e+00         0.0000000000000000e+00        -8.9190103357899631e-01
1                                      3.8220860725233212e+00         3.0827206373885911e+04         3.2438878433276125e+02         3.3458652789382219e-03         3.5731386414001420e-02        -1.2323218742082086e-01         0.0000000000000000e+00        -1.3772551891886417e-01
2                                      3.9485445612607499e+00         3.1847162977705866e+04         3.1399971190527555e+02         1.2909391460743795e-02         1.3344755075531786e-01         2.8850894825529200e-01         0.0000000000000000e+00         2.0911172340248690e-01
                                                         8                           9                          10

0                                      0.0000000000000000e+00        -1.0332317520313840e-01         0.0000000000000000e+00
1                                      0.0000000000000000e+00        -3.9710147771201791e-02         0.0000000000000000e+00
2                                      0.0000000000000000e+00         8.0513506119066311e-02         0.0000000000000000e+00
$End
$CIS_Absorption_Spectrum
   &GeometryIndex 1
   &ListStatus       LAST
   &TEMPERATURE [&Type "Double"]       2.9814999999999998e+02
   &METHOD [&Type "Integer"] 20
   &RELCORRECTION [&Type "Integer"] 1 "Type of relativistic treatment in QDPT. 0->Unknow, 1->None, 2->SOC, 3->SSC, 4->SOC/SSC"
   &DENSTYPE [&Type "Integer"] 3 "Type of density (electron/spin ...). 0->Unknow, 1->Electronic, 2->Spin, 3->Trans/Electronic, 4->Tran/Spin"
   &DERITYPE [&Type "Integer"] 0 "Type of derivative (w.r.t. to what perturbation). 0->Unknown, 1->No Derivative, 2->Electric/Dipole, 3->Electric/Quad, 4->Magnetic/Dipole, 5->Magnetic/Quad"
   &DENSLEVEL [&Type "Integer"] 0 "// Source of density: relaxed, unrelaxed, ... 0->Unknown, 1->Linearized, 2->Unrelaxed, 3->Relaxed"
   &REPRESENTATION [&Type "String"] "Velocity" "Possible values: Unknown,  Length, Velocity"
   &POINTGROUP [&Type "String"] "C1"
   &NTRANS [&Type "Integer"] 3
   &DOHIGHERMOMENTS [&Type "Boolean"] false
   &STATES [&Type "ArrayOfIntegers", &Dim (3,4)] "The initial and Final states. Col1: Initial State  Col2: Initial Irrep Col3: Final State Col4: Final Irrep"
                                                         0                           1                           2                           3

0                                                        0                           0                           1                           0
1                                                        0                           0                           2                           0
2                                                        0                           0                           3                           0
   &MULTIPLICITIES [&Type "ArrayOfDoubles", &Dim (3,2)] "Col1: Multiplicity of the initial state  Col2: Multiplicity of the final state"
                                                         0                           1

0                                      1.0000000000000000e+00         1.0000000000000000e+00
1                                      1.0000000000000000e+00         1.0000000000000000e+00
2                                      1.0000000000000000e+00         1.0000000000000000e+00
   &EXCITATIONENERGIES [&Type "ArrayOfDoubles", &Dim (3,11)] 
                                                         0                           1                           2                           3                           4                           5                           6                           7

0                                      3.3579302696813333e+00         2.7083536960810608e+04         3.6922799317053085e+02         6.7710597103978726e-02         1.2533401568641715e-02         9.7441330732984513e-02         0.0000000000000000e+00         5.3122162797804587e-02
1                                      3.8220860725233212e+00         3.0827206373885911e+04         3.2438878433276125e+02         3.9863122999818810e-03         8.3987068014093451e-04         2.7530775958146812e-02         0.0000000000000000e+00         8.7431931112961787e-03
2                                      3.9485445612607499e+00         3.1847162977705866e+04         3.1399971190527555e+02         1.4319704344148020e-02         3.1168200753961448e-03        -5.2365122402856040e-02         0.0000000000000000e+00        -1.9032180287747818e-02
                                                         8                           9                          10

0                                      0.0000000000000000e+00         1.4718167457614706e-02         0.0000000000000000e+00
1                                      0.0000000000000000e+00         2.3417150769986911e-03         0.0000000000000000e+00
2                                      0.0000000000000000e+00        -3.5341398705643744e-03         0.0000000000000000e+00
$End
$CIS_ECD_Spectrum
   &GeometryIndex 1
   &ListStatus       FIRST
   &TEMPERATURE [&Type "Double"]       2.9814999999999998e+02
   &METHOD [&Type "Integer"] 20
   &RELCORRECTION [&Type "Integer"] 1 "Type of relativistic treatment in QDPT. 0->Unknow, 1->None, 2->SOC, 3->SSC, 4->SOC/SSC"
   &DENSTYPE [&Type "Integer"] 3 "Type of density (electron/spin ...). 0->Unknow, 1->Electronic, 2->Spin, 3->Trans/Electronic, 4->Tran/Spin"
   &DERITYPE [&Type "Integer"] 0 "Type of derivative (w.r.t. to what perturbation). 0->Unknown, 1->No Derivative, 2->Electric/Dipole, 3->Electric/Quad, 4->Magnetic/Dipole, 5->Magnetic/Quad"
   &DENSLEVEL [&Type "Integer"] 0 "// Source of density: relaxed, unrelaxed, ... 0->Unknown, 1->Linearized, 2->Unrelaxed, 3->Relaxed"
   &REPRESENTATION [&Type "String"] "Length" "Possible values: Unknown,  Length, Velocity"
   &POINTGROUP [&Type "String"] "C1"
   &NTRANS [&Type "Integer"] 3
   &DOHIGHERMOMENTS [&Type "Boolean"] false
   &STATES [&Type "ArrayOfIntegers", &Dim (3,4)] "The initial and Final states. Col1: Initial State  Col2: Initial Irrep Col3: Final State Col4: Final Irrep"
                                                         0                           1                           2                           3

0                                                        0                           0                           1                           0
1                                                        0                           0                           2                           0
2                                                        0                           0                           3                           0
   &MULTIPLICITIES [&Type "ArrayOfDoubles", &Dim (3,2)] "Col1: Multiplicity of the initial state  Col2: Multiplicity of the final state"
                                                         0                           1

0                                      1.0000000000000000e+00         1.0000000000000000e+00
1                                      1.0000000000000000e+00         1.0000000000000000e+00
2                                      1.0000000000000000e+00         1.0000000000000000e+00
   &EXCITATIONENERGIES [&Type "ArrayOfDoubles", &Dim (3,10)] 
                                                         0                           1                           2                           3                           4                           5                           6                           7

0                                      3.3579302696813333e+00         2.7083536960810608e+04         3.6922799317053085e+02         4.6668368919105125e+00         1.0634006213191556e-01         0.0000000000000000e+00        -2.0295304388934660e-01         0.0000000000000000e+00
1                                      3.8220860725233212e+00         3.0827206373885911e+04         3.2438878433276125e+02         5.8928614708556160e-01         2.1669289444197711e-02         0.0000000000000000e+00        -1.8657749825627176e-02         0.0000000000000000e+00
2                                      3.9485445612607499e+00         3.1847162977705866e+04         3.1399971190527555e+02         1.8021101416676866e+00        -5.6260851583459425e-03         0.0000000000000000e+00        -3.0334160548489818e-03         0.0000000000000000e+00
                                                         8                           9

0                                      3.5724439315071593e-01         0.0000000000000000e+00
1                                      2.8940633802325193e-02         0.0000000000000000e+00
2                                     -1.9437490063447228e-02         0.0000000000000000e+00
$End
$CIS_ECD_Spectrum
   &GeometryIndex 1
   &ListStatus       LAST
   &TEMPERATURE [&Type "Double"]       2.9814999999999998e+02
   &METHOD [&Type "Integer"] 20
   &RELCORRECTION [&Type "Integer"] 1 "Type of relativistic treatment in QDPT. 0->Unknow, 1->None, 2->SOC, 3->SSC, 4->SOC/SSC"
   &DENSTYPE [&Type "Integer"] 3 "Type of density (electron/spin ...). 0->Unknow, 1->Electronic, 2->Spin, 3->Trans/Electronic, 4->Tran/Spin"
   &DERITYPE [&Type "Integer"] 0 "Type of derivative (w.r.t. to what perturbation). 0->Unknown, 1->No Derivative, 2->Electric/Dipole, 3->Electric/Quad, 4->Magnetic/Dipole, 5->Magnetic/Quad"
   &DENSLEVEL [&Type "Integer"] 0 "// Source of density: relaxed, unrelaxed, ... 0->Unknown, 1->Linearized, 2->Unrelaxed, 3->Relaxed"
   &REPRESENTATION [&Type "String"] "Velocity" "Possible values: Unknown,  Length, Velocity"
   &POINTGROUP [&Type "String"] "C1"
   &NTRANS [&Type "Integer"] 3
   &DOHIGHERMOMENTS [&Type "Boolean"] false
   &STATES [&Type "ArrayOfIntegers", &Dim (3,4)] "The initial and Final states. Col1: Initial State  Col2: Initial Irrep Col3: Final State Col4: Final Irrep"
                                                         0                           1                           2                           3

0                                                        0                           0                           1                           0
1                                                        0                           0                           2                           0
2                                                        0                           0                           3                           0
   &MULTIPLICITIES [&Type "ArrayOfDoubles", &Dim (3,2)] "Col1: Multiplicity of the initial state  Col2: Multiplicity of the final state"
                                                         0                           1

0                                      1.0000000000000000e+00         1.0000000000000000e+00
1                                      1.0000000000000000e+00         1.0000000000000000e+00
2                                      1.0000000000000000e+00         1.0000000000000000e+00
   &EXCITATIONENERGIES [&Type "ArrayOfDoubles", &Dim (3,10)] 
                                                         0                           1                           2                           3                           4                           5                           6                           7

0                                      3.3579302696813333e+00         2.7083536960810608e+04         3.6922799317053085e+02         1.8485638015580946e+01         1.0634006213191556e-01         0.0000000000000000e+00        -2.0295304388934660e-01         0.0000000000000000e+00
1                                      3.8220860725233212e+00         3.0827206373885911e+04         3.2438878433276125e+02         1.6823261911344156e+00         2.1669289444197711e-02         0.0000000000000000e+00        -1.8657749825627176e-02         0.0000000000000000e+00
2                                      3.9485445612607499e+00         3.1847162977705866e+04         3.1399971190527555e+02         1.3679525500056828e+00        -5.6260851583459425e-03         0.0000000000000000e+00        -3.0334160548489818e-03         0.0000000000000000e+00
                                                         8                           9

0                                      3.5724439315071593e-01         0.0000000000000000e+00
1                                      2.8940633802325193e-02         0.0000000000000000e+00
2                                     -1.9437490063447228e-02         0.0000000000000000e+00
$End
$Calculation_Info
   &GeometryIndex 1
   &ListStatus       OUT
   &MULT [&Type "Integer"] 1
   &CHARGE [&Type "Integer"] 1
   &NUMOFATOMS [&Type "Integer"] 35
   &NUMOFELECTRONS [&Type "Integer"] 140
   &NUMOFFCELECTRONS [&Type "Integer"] 1
   &NUMOFCORRELECTRONS [&Type "Integer"] 0
   &NUMOFBASISFUNCTS [&Type "Integer"] 570
   &NUMOFAUXCBASISFUNCTS [&Type "Integer"] 1745
   &NUMOFAUXJBASISFUNCTS [&Type "Integer"] 1145
   &NUMOFAUXJKBASISFUNCTS [&Type "Integer"] 0
   &NUMOFCABSBASISFUNCTS [&Type "Integer"] 0
   &TOTALENERGY [&Type "Double"]      -8.7877326407493081e+02  "Hartrees"
$End
$SCF_Dipole_Moment
   &GeometryIndex 1
   &ListStatus       OUT
   &METHOD [&Type "String"] "SCF"
   &LEVEL [&Type "String"] "Relaxed density"
   &MULT [&Type "Integer"] 1
   &STATE [&Type "Integer"] -1
   &IRREP [&Type "Integer"] 0
   &NATOMS [&Type "Integer"] 35
   &DODIPOLEATOM [&Type "Boolean"] false
   &DIPOLEELECCONTRIB [&Type "ArrayOfDoubles", &Dim (3,1)] "Electronic contribution"
                                                         0

0                                      8.7098422697722473e+00
1                                     -4.4969902633719601e+00
2                                     -5.7015868527142528e+00
   &DIPOLENUCCONTRIB [&Type "ArrayOfDoubles", &Dim (3,1)] "Nuclear contribution"
                                                         0

0                                     -6.1174447868012924e+00
1                                      6.0233901794498674e+00
2                                      7.6997005473740474e+00
   &DIPOLETOTAL [&Type "ArrayOfDoubles", &Dim (3,1)] "Total"
                                                         0

0                                      2.5923974829709548e+00
1                                      1.5263999160779074e+00
2                                      1.9981136946597946e+00
   &DIPOLEMAGNITUDE [&Type "Double", &Units "a.u."]       3.6114927315867327e+00
$End
$Geometry
   &GeometryIndex 2
   &ListStatus       OUT
   &NATOMS [&Type "Integer"] 35
   &NCORELESSECP [&Type "Integer"] 0
   &NGHOSTATOMS [&Type "Integer"] 0
   &CartesianCoordinates [&Type "Coordinates", &Dim(35,4), &Units "Bohr"] 
              C     -3.217551634602   -3.403911754078   -0.985345813046
              C     -2.434741234479   -5.460883344675   -2.415109536995
              C      0.062958785543   -5.605145242922   -3.134511623645
              C     -1.515883819906   -1.474145710423   -0.289609279158
              C      1.084032751408   -1.553351610100   -0.966080766534
              O     -2.339789400482    0.435977754229    1.200163222091
              C      1.844609552087   -3.693246321499   -2.432077732412
              C      4.357715290089   -3.942165831016   -3.221038582418
              C      6.126815816614   -2.136173409004   -2.572642959333
              C      2.951610153823    0.296720542923   -0.327186275639
              C      5.473629235877    0.017970364414   -1.121434307054
              N      2.378463878811    2.436527285966    1.081040506213
              C      4.158939703199    4.224384181800    1.701779296595
              C      6.614588300319    3.964298654911    0.944230102883
              C      7.329568584867    1.855831479597   -0.488218791463
              C     -4.795865483821    1.474808119787    0.847208334200
              O     -5.783658204760    1.427565493824   -1.218411558006
              N     -5.655853650042    2.496558156050    2.980384790155
              C     -8.020261513701    3.924907423889    2.917716009667
              C     -4.373601247146    2.415303221011    5.428475537068
              H     -2.846316099355    1.052158340310    5.412350588053
              H     -5.745612934810    1.867874726865    6.864686731333
              H     -3.631079492937    4.282274806891    5.896570928198
              H     -8.785363716527    3.918615695694    1.016863639380
              H     -7.663620731067    5.866125044808    3.515819175942
              H     -9.374092947697    3.065286343050    4.212985490076
              H      0.744295513275   -7.185315126509   -4.238488076713
              H     -5.149205576781   -3.278982064477   -0.340683511772
              H     -3.764528086045   -6.924405722388   -2.923308073741
              H      4.902257386133   -5.563493229138   -4.340138942878
              H      8.069469071534   -2.350313929305   -3.177565250990
              H      3.471206087665    5.800370010048    2.797195563653
              H      7.969286709868    5.402679971319    1.459531821000
              H      9.249575859937    1.601273519271   -1.130170060748
              H      0.591988564155    2.688983959101    1.677703111873
$End
$SCF_Energy
   &GeometryIndex 2
   &ListStatus       OUT
   &SCF_ENERGY [&Type "Double"]      -8.7888831294511692e+02
$End
$DFT_Energy
   &GeometryIndex 2
   &ListStatus       OUT
   &NALPHAEL [&Type "Integer"] 70
   &NBETAEL [&Type "Integer"] 70
   &NTOTALEL [&Type "Integer"] 140
   &EEXCHANGE [&Type "Double"]      -9.3684631686169354e+01
   &ECORR [&Type "Double"]      -6.1558698682500603e+00
   &ECNL [&Type "Double"]       0.0000000000000000e+00
   &EXC [&Type "Double"]      -9.9840501554419419e+01
   &EEMBED [&Type "Double"]       0.0000000000000000e+00
   &FINALEN [&Type "Double"]      -8.7888831294511692e+02  "No Van der Waals correction"
$End
$Solvation_Details
   &GeometryIndex 2
   &ListStatus       OUT
   &SOLVENT [&Type "String"] "WATER"
   &EPSILON [&Type "Double"]       8.0150999999999996e+01
   &REFRAC [&Type "Double"]       1.3328000000000000e+00
   &RSOLV [&Type "Double"]       1.3000000000000000e+00
   &SURFACETYPE [&Type "String"] "GAUSSIAN VDW"
   &NPOINTS [&Type "Integer"] 3059
   &SURFACEAREA [&Type "Double"]       1.0892828414870000e+03
   &CPCMDIELENERGY [&Type "Double"]      -8.6814081000000001e-02
$End
$CIS_Absorption_Spectrum
   &GeometryIndex 2
   &ListStatus       OUT
   &TEMPERATURE [&Type "Double"]       2.9814999999999998e+02
   &METHOD [&Type "Integer"] 20
   &RELCORRECTION [&Type "Integer"] 1 "Type of relativistic treatment in QDPT. 0->Unknow, 1->None, 2->SOC, 3->SSC, 4->SOC/SSC"
   &DENSTYPE [&Type "Integer"] 3 "Type of density (electron/spin ...). 0->Unknow, 1->Electronic, 2->Spin, 3->Trans/Electronic, 4->Tran/Spin"
   &DERITYPE [&Type "Integer"] 0 "Type of derivative (w.r.t. to what perturbation). 0->Unknown, 1->No Derivative, 2->Electric/Dipole, 3->Electric/Quad, 4->Magnetic/Dipole, 5->Magnetic/Quad"
   &DENSLEVEL [&Type "Integer"] 0 "// Source of density: relaxed, unrelaxed, ... 0->Unknown, 1->Linearized, 2->Unrelaxed, 3->Relaxed"
   &REPRESENTATION [&Type "String"] "Length" "Possible values: Unknown,  Length, Velocity"
   &POINTGROUP [&Type "String"] "C1"
   &NTRANS [&Type "Integer"] 3
   &DOHIGHERMOMENTS [&Type "Boolean"] false
   &STATES [&Type "ArrayOfIntegers", &Dim (3,4)] "The initial and Final states. Col1: Initial State  Col2: Initial Irrep Col3: Final State Col4: Final Irrep"
                                                         0                           1                           2                           3

0                                                        0                           0                           1                           0
1                                                        0                           0                           2                           0
2                                                        0                           0                           3                           0
   &MULTIPLICITIES [&Type "ArrayOfDoubles", &Dim (3,2)] "Col1: Multiplicity of the initial state  Col2: Multiplicity of the final state"
                                                         0                           1

0                                      1.0000000000000000e+00         1.0000000000000000e+00
1                                      1.0000000000000000e+00         1.0000000000000000e+00
2                                      1.0000000000000000e+00         1.0000000000000000e+00
   &EXCITATIONENERGIES [&Type "ArrayOfDoubles", &Dim (3,11)] 
                                                         0                           1                           2                           3                           4                           5                           6                           7

0                                      2.8982971094618133e+00         2.3376345124334232e+04         4.2778286968351745e+02         2.5435171967853187e-01         3.5820665900814443e+00        -1.6609176419404816e+00         0.0000000000000000e+00        -8.9766294901140786e-01
1                                      3.6769565525887757e+00         2.9656657731842493e+04         3.3719241360306597e+02         5.7297353107998664e-03         6.3604514532373840e-02        -2.2408966680755624e-01         0.0000000000000000e+00        -1.1565686491848171e-01
2                                      3.7857303002416618e+00         3.0533977264508787e+04         3.2750401015145559e+02         5.4864267551967159e-03         5.9153683737908774e-02         3.8425185497900742e-02         0.0000000000000000e+00        -2.2167836494326623e-01
                                                         8                           9                          10

0                                      0.0000000000000000e+00        -1.3274188014510460e-01         0.0000000000000000e+00
1                                      0.0000000000000000e+00        -3.4388020705396084e-03         0.0000000000000000e+00
2                                      0.0000000000000000e+00        -9.2389887831086606e-02         0.0000000000000000e+00
$End
$Geometry
   &GeometryIndex 3
   &ListStatus       OUT
   &NATOMS [&Type "Integer"] 35
   &NCORELESSECP [&Type "Integer"] 0
   &NGHOSTATOMS [&Type "Integer"] 0
   &CartesianCoordinates [&Type "Coordinates", &Dim(35,4), &Units "Bohr"] 
              C     -3.138019309609   -3.704958575530   -0.759401567404
              C     -2.290231895840   -5.644687759798   -2.339618473895
              C      0.154277814283   -5.636517169641   -3.222809953283
              C     -1.538884107093   -1.767754215671   -0.089999498797
              C      1.002090594104   -1.696610159987   -0.930397274501
              O     -2.382271048233    0.088808837315    1.562848415545
              C      1.833065600928   -3.694711065392   -2.540773749941
              C      4.369925839046   -3.725806893481   -3.478494409583
              C      6.046530203009   -1.890951254056   -2.883944639633
              C      2.827549916281    0.217638801157   -0.293336694832
              C      5.318347024419    0.138561494970   -1.264074685155
              N      2.251056769450    2.173656808846    1.277751471852
              C      3.851912401911    4.008857756912    1.927244293848
              C      6.294365001777    4.007143032376    0.993868394983
              C      7.014752777872    2.066240249090   -0.591253524811
              C     -4.546240517000    1.478692470668    0.900362462481
              O     -5.328257096378    1.518823661524   -1.257156246941
              N     -5.482091168488    2.723237814137    2.892973565590
              C     -7.566938589005    4.490436655117    2.512688006559
              C     -4.571092612454    2.488760847542    5.490066982191
              H     -3.321106004961    0.878770672431    5.682666204888
              H     -6.194281438096    2.228651618804    6.733625004546
              H     -3.575562391474    4.205822817259    6.056568040050
              H     -7.962219883074    4.676436161875    0.510432516121
              H     -7.050232162377    6.331000861181    3.286525836288
              H     -9.253958500669    3.810517897633    3.486699494513
              H      0.825008554515   -7.129325411336   -4.448743701338
              H     -5.054381494070   -3.709639265311   -0.052021009295
              H     -3.572590563520   -7.151651578987   -2.854300351414
              H      4.916250082902   -5.274179047915   -4.698661614216
              H      7.959346938366   -1.920948174414   -3.605405441818
              H      3.123170819429    5.433970641312    3.193112036346
              H      7.582130762188    5.498657489386    1.522508775200
              H      8.917008914021    2.001893374586   -1.342366393788
              H      0.474155840847    2.197597756290    2.006191947117
$End
$SCF_Energy
   &GeometryIndex 3
   &ListStatus       OUT
   &SCF_ENERGY [&Type "Double"]      -8.7889666100713487e+02
$End
$DFT_Energy
   &GeometryIndex 3
   &ListStatus       OUT
   &NALPHAEL [&Type "Integer"] 70
   &NBETAEL [&Type "Integer"] 70
   &NTOTALEL [&Type "Integer"] 139
   &EEXCHANGE [&Type "Double"]      -9.3725521493419038e+01
   &ECORR [&Type "Double"]      -6.1589190507699660e+00
   &ECNL [&Type "Double"]       0.0000000000000000e+00
   &EXC [&Type "Double"]      -9.9884440544189005e+01
   &EEMBED [&Type "Double"]       0.0000000000000000e+00
   &FINALEN [&Type "Double"]      -8.7889666100713487e+02  "No Van der Waals correction"
$End
$Solvation_Details
   &GeometryIndex 3
   &ListStatus       OUT
   &SOLVENT [&Type "String"] "WATER"
   &EPSILON [&Type "Double"]       8.0150999999999996e+01
   &REFRAC [&Type "Double"]       1.3328000000000000e+00
   &RSOLV [&Type "Double"]       1.3000000000000000e+00
   &SURFACETYPE [&Type "String"] "GAUSSIAN VDW"
   &NPOINTS [&Type "Integer"] 3070
   &SURFACEAREA [&Type "Double"]       1.0853320815300001e+03
   &CPCMDIELENERGY [&Type "Double"]      -8.6860158000000007e-02
$End
$CIS_Absorption_Spectrum
   &GeometryIndex 3
   &ListStatus       OUT
   &TEMPERATURE [&Type "Double"]       2.9814999999999998e+02
   &METHOD [&Type "Integer"] 20
   &RELCORRECTION [&Type "Integer"] 1 "Type of relativistic treatment in QDPT. 0->Unknow, 1->None, 2->SOC, 3->SSC, 4->SOC/SSC"
   &DENSTYPE [&Type "Integer"] 3 "Type of density (electron/spin ...). 0->Unknow, 1->Electronic, 2->Spin, 3->Trans/Electronic, 4->Tran/Spin"
   &DERITYPE [&Type "Integer"] 0 "Type of derivative (w.r.t. to what perturbation). 0->Unknown, 1->No Derivative, 2->Electric/Dipole, 3->Electric/Quad, 4->Magnetic/Dipole, 5->Magnetic/Quad"
   &DENSLEVEL [&Type "Integer"] 0 "// Source of density: relaxed, unrelaxed, ... 0->Unknown, 1->Linearized, 2->Unrelaxed, 3->Relaxed"
   &REPRESENTATION [&Type "String"] "Length" "Possible values: Unknown,  Length, Velocity"
   &POINTGROUP [&Type "String"] "C1"
   &NTRANS [&Type "Integer"] 3
   &DOHIGHERMOMENTS [&Type "Boolean"] false
   &STATES [&Type "ArrayOfIntegers", &Dim (3,4)] "The initial and Final states. Col1: Initial State  Col2: Initial Irrep Col3: Final State Col4: Final Irrep"
                                                         0                           1                           2                           3

0                                                        0                           0                           1                           0
1                                                        0                           0                           2                           0
2                                                        0                           0                           3                           0
   &MULTIPLICITIES [&Type "ArrayOfDoubles", &Dim (3,2)] "Col1: Multiplicity of the initial state  Col2: Multiplicity of the final state"
                                                         0                           1

0                                      1.0000000000000000e+00         1.0000000000000000e+00
1                                      1.0000000000000000e+00         1.0000000000000000e+00
2                                      1.0000000000000000e+00         1.0000000000000000e+00
   &EXCITATIONENERGIES [&Type "ArrayOfDoubles", &Dim (3,11)] 
                                                         0                           1                           2                           3                           4                           5                           6                           7

0                                      3.3580548363425300e+00         2.7084541658794682e+04         3.6921429670023150e+02         2.3859413389581255e-01         2.9001059113888346e+00        -1.4496843706873139e+00         0.0000000000000000e+00        -8.8798238812910379e-01
1                                      3.8301479928152653e+00         3.0892230153019565e+04         3.2370599178067266e+02         3.4528682471888393e-03         3.6796484840869122e-02        -1.2817787683420695e-01         0.0000000000000000e+00        -1.3736166986221424e-01
2                                      3.9507947507574128e+00         3.1865311981856412e+04         3.1382087222914487e+02         1.1227620189070758e-02         1.1599656407453718e-01         2.7932485716849925e-01         0.0000000000000000e+00         1.8304660213379931e-01
                                                         8                           9                          10

0                                      0.0000000000000000e+00        -1.0004206688336220e-01         0.0000000000000000e+00
1                                      0.0000000000000000e+00        -3.8712896866652372e-02         0.0000000000000000e+00
2                                      0.0000000000000000e+00         6.6844069965893385e-02         0.0000000000000000e+00
$End
$Geometry
   &GeometryIndex 4
   &ListStatus       OUT
   &NATOMS [&Type "Integer"] 35
   &NCORELESSECP [&Type "Integer"] 0
   &NGHOSTATOMS [&Type "Integer"] 0
   &CartesianCoordinates [&Type "Coordinates", &Dim(35,4), &Units "Bohr"] 
              C     -3.138347189476   -3.703560594112   -0.760580481039
              C     -2.290566947733   -5.643733197557   -2.340244630060
              C      0.154260906827   -5.636420237081   -3.222561629479
              C     -1.538919593561   -1.766653785493   -0.090965782817
              C      1.002302708933   -1.696223884665   -0.930711906781
              O     -2.382025045601    0.090177158624    1.561652831093
              C      1.833324400846   -3.694933399452   -2.540316768786
              C      4.370551774919   -3.727018104842   -3.477005401685
              C      6.047445918233   -1.892490672302   -2.882274859295
              C      2.827962764144    0.217855789023   -0.293699838547
              C      5.319131198343    0.137786560896   -1.263423240163
              N      2.251286508477    2.174752028000    1.276234090608
              C      3.852319689955    4.009869293540    1.925539313128
              C      6.295175018521    4.007114949441    0.993226573640
              C      7.015743987461    2.065321841757   -0.590722582890
              C     -4.547053051879    1.478972642496    0.900368905830
              O     -5.329946621554    1.519229809687   -1.256827032444
              N     -5.482784803077    2.722476323195    2.893682524627
              C     -7.568793192320    4.488588458671    2.514730695832
              C     -4.570593457861    2.487835768312    5.490342600596
              H     -3.319654446739    0.878478477115    5.682025343672
              H     -6.193137196153    2.226540643756    6.734492774543
              H     -3.575764016490    4.205296681750    6.056865258168
              H     -7.964970199607    4.674945084686    0.512685714650
              H     -7.052843588467    6.329225023723    3.288901651281
              H     -9.255035553067    3.807415453983    3.489209984678
              H      0.825029905029   -7.129670988760   -4.447934341167
              H     -5.054901400967   -3.707737441266   -0.053739159899
              H     -3.573162876745   -7.150438668898   -2.855092919400
              H      4.916925053956   -5.275895042195   -4.696509859930
              H      7.960561016956   -1.923256715848   -3.602914130269
              H      3.123377192542    5.435767583678    3.190406637990
              H      7.583085509144    5.498550195860    1.521737744552
              H      8.918293990801    2.000176122808   -1.341022814643
              H      0.474090158190    2.199480404605    2.003933450455
$End
$SCF_Energy
   &GeometryIndex 4
   &ListStatus       OUT
   &SCF_ENERGY [&Type "Double"]      -8.7889666606515675e+02
$End
$DFT_Energy
   &GeometryIndex 4
   &ListStatus       OUT
   &NALPHAEL [&Type "Integer"] 70
   &NBETAEL [&Type "Integer"] 70
   &NTOTALEL [&Type "Integer"] 139
   &EEXCHANGE [&Type "Double"]      -9.3725675845009576e+01
   &ECORR [&Type "Double"]      -6.1589278083415957e+00
   &ECNL [&Type "Double"]       0.0000000000000000e+00
   &EXC [&Type "Double"]      -9.9884603653351178e+01
   &EEMBED [&Type "Double"]       0.0000000000000000e+00
   &FINALEN [&Type "Double"]      -8.7889666606515675e+02  "No Van der Waals correction"
$End
$Solvation_Details
   &GeometryIndex 4
   &ListStatus       OUT
   &SOLVENT [&Type "String"] "WATER"
   &EPSILON [&Type "Double"]       8.0150999999999996e+01
   &REFRAC [&Type "Double"]       1.3328000000000000e+00
   &RSOLV [&Type "Double"]       1.3000000000000000e+00
   &SURFACETYPE [&Type "String"] "GAUSSIAN VDW"
   &NPOINTS [&Type "Integer"] 3071
   &SURFACEAREA [&Type "Double"]       1.0853701899580001e+03
   &CPCMDIELENERGY [&Type "Double"]      -8.6907065000000006e-02
$End
$CIS_Absorption_Spectrum
   &GeometryIndex 4
   &ListStatus       OUT
   &TEMPERATURE [&Type "Double"]       2.9814999999999998e+02
   &METHOD [&Type "Integer"] 20
   &RELCORRECTION [&Type "Integer"] 1 "Type of relativistic treatment in QDPT. 0->Unknow, 1->None, 2->SOC, 3->SSC, 4->SOC/SSC"
   &DENSTYPE [&Type "Integer"] 3 "Type of density (electron/spin ...). 0->Unknow, 1->Electronic, 2->Spin, 3->Trans/Electronic, 4->Tran/Spin"
   &DERITYPE [&Type "Integer"] 0 "Type of derivative (w.r.t. to what perturbation). 0->Unknown, 1->No Derivative, 2->Electric/Dipole, 3->Electric/Quad, 4->Magnetic/Dipole, 5->Magnetic/Quad"
   &DENSLEVEL [&Type "Integer"] 0 "// Source of density: relaxed, unrelaxed, ... 0->Unknown, 1->Linearized, 2->Unrelaxed, 3->Relaxed"
   &REPRESENTATION [&Type "String"] "Length" "Possible values: Unknown,  Length, Velocity"
   &POINTGROUP [&Type "String"] "C1"
   &NTRANS [&Type "Integer"] 3
   &DOHIGHERMOMENTS [&Type "Boolean"] false
   &STATES [&Type "ArrayOfIntegers", &Dim (3,4)] "The initial and Final states. Col1: Initial State  Col2: Initial Irrep Col3: Final State Col4: Final Irrep"
                                                         0                           1                           2                           3

0                                                        0                           0                           1                           0
1                                                        0                           0                           2                           0
2                                                        0                           0                           3                           0
   &MULTIPLICITIES [&Type "ArrayOfDoubles", &Dim (3,2)] "Col1: Multiplicity of the initial state  Col2: Multiplicity of the final state"
                                                         0                           1

0                                      1.0000000000000000e+00         1.0000000000000000e+00
1                                      1.0000000000000000e+00         1.0000000000000000e+00
2                                      1.0000000000000000e+00         1.0000000000000000e+00
   &EXCITATIONENERGIES [&Type "ArrayOfDoubles", &Dim (3,11)] 
                                                         0                           1                           2                           3                           4                           5                           6                           7

0                                      3.3574902723074262e+00         2.7079988142287941e+04         3.6927638030919451e+02         2.3858337466405899e-01         2.9004627657734745e+00        -1.4476923082000972e+00         0.0000000000000000e+00        -8.9109142158788701e-01
1                                      3.8229716053856704e+00         3.0834348678842027e+04         3.2431364463559493e+02         3.4722645223271673e-03         3.7072648296741874e-02        -1.2581781770414011e-01         0.0000000000000000e+00        -1.4003281731313327e-01
2                                      3.9482284217040080e+00         3.1844613139953988e+04         3.1402485425245919e+02         1.2788845889532600e-02         1.3221202710710647e-01         2.8761195758626817e-01         0.0000000000000000e+00         2.0764063296270027e-01
                                                         8                           9                          10

0                                      0.0000000000000000e+00        -1.0298458585743894e-01         0.0000000000000000e+00
1                                      0.0000000000000000e+00        -4.0414540950705916e-02         0.0000000000000000e+00
2                                      0.0000000000000000e+00         7.9854596006431230e-02         0.0000000000000000e+00
$End
$Geometry
   &GeometryIndex 5
   &ListStatus       OUT
   &NATOMS [&Type "Integer"] 35
   &NCORELESSECP [&Type "Integer"] 0
   &NGHOSTATOMS [&Type "Integer"] 0
   &CartesianCoordinates [&Type "Coordinates", &Dim(35,4), &Units "Bohr"] 
              C     -3.138335453394   -3.704497520964   -0.761011433880
              C     -2.290246730158   -5.644316046881   -2.340964417698
              C      0.154629838800   -5.636596288008   -3.223143131568
              C     -1.539156462921   -1.767530220102   -0.091011127421
              C      1.002074726176   -1.696635340044   -0.930702580689
              O     -2.382494886143    0.088906886681    1.561972732606
              C      1.833433874907   -3.695004702122   -2.540542356294
              C      4.370714255318   -3.726617676749   -3.477113900339
              C      6.047305750876   -1.891883170317   -2.882151946771
              C      2.827416372561    0.217672390429   -0.293473818501
              C      5.318602456935    0.138151479721   -1.263172710423
              N      2.250353287011    2.174322936949    1.276605127427
              C      3.850970296170    4.009755020460    1.926017487397
              C      6.293817382179    4.007581609645    0.993682259706
              C      7.014805563234    2.066008804395   -0.590349488622
              C     -4.546969462871    1.478445430708    0.900463720127
              O     -5.330054553167    1.518472920459   -1.256661188419
              N     -5.481983257704    2.722753301952    2.893629069452
              C     -7.566434091397    4.490643145950    2.514401420224
              C     -4.568681367685    2.489013498162    5.489998108981
              H     -3.321402377012    0.876923145540    5.682750701427
              H     -6.191133211490    2.232802450465    6.735286041314
              H     -3.569548672527    4.204769570152    6.054164957079
              H     -7.964324827898    4.674816618054    0.512496584736
              H     -7.047871182976    6.331771945729    3.285692105869
              H     -9.252418999024    3.812451989944    3.491369871322
              H      0.825631454704   -7.129595298627   -4.448695655292
              H     -5.054913499666   -3.709010027650   -0.054235100451
              H     -3.572643559694   -7.151083891223   -2.856126028993
              H      4.917372466008   -5.275290526292   -4.696749873362
              H      7.960448267926   -1.922284743430   -3.602733587716
              H      3.121714671695    5.435406445069    3.190982697651
              H      7.581409890736    5.499268801689    1.522256749300
              H      8.917376001600    2.001301741155   -1.340636402308
              H      0.473173297690    2.198528090287    2.004332704478
$End
$SCF_Energy
   &GeometryIndex 5
   &ListStatus       OUT
   &SCF_ENERGY [&Type "Double"]      -8.7889666538101687e+02
$End
$DFT_Energy
   &GeometryIndex 5
   &ListStatus       OUT
   &NALPHAEL [&Type "Integer"] 70
   &NBETAEL [&Type "Integer"] 70
   &NTOTALEL [&Type "Integer"] 139
   &EEXCHANGE [&Type "Double"]      -9.3725635391561752e+01
   &ECORR [&Type "Double"]      -6.1589252889903729e+00
   &ECNL [&Type "Double"]       0.0000000000000000e+00
   &EXC [&Type "Double"]      -9.9884560680552127e+01
   &EEMBED [&Type "Double"]       0.0000000000000000e+00
   &FINALEN [&Type "Double"]      -8.7889666538101687e+02  "No Van der Waals correction"
$End
$Solvation_Details
   &GeometryIndex 5
   &ListStatus       OUT
   &SOLVENT [&Type "String"] "WATER"
   &EPSILON [&Type "Double"]       8.0150999999999996e+01
   &REFRAC [&Type "Double"]       1.3328000000000000e+00
   &RSOLV [&Type "Double"]       1.3000000000000000e+00
   &SURFACETYPE [&Type "String"] "GAUSSIAN VDW"
   &NPOINTS [&Type "Integer"] 3070
   &SURFACEAREA [&Type "Double"]       1.0853566547349999e+03
   &CPCMDIELENERGY [&Type "Double"]      -8.6882407999999994e-02
$End
$CIS_Absorption_Spectrum
   &GeometryIndex 5
   &ListStatus       OUT
   &TEMPERATURE [&Type "Double"]       2.9814999999999998e+02
   &METHOD [&Type "Integer"] 20
   &RELCORRECTION [&Type "Integer"] 1 "Type of relativistic treatment in QDPT. 0->Unknow, 1->None, 2->SOC, 3->SSC, 4->SOC/SSC"
   &DENSTYPE [&Type "Integer"] 3 "Type of density (electron/spin ...). 0->Unknow, 1->Electronic, 2->Spin, 3->Trans/Electronic, 4->Tran/Spin"
   &DERITYPE [&Type "Integer"] 0 "Type of derivative (w.r.t. to what perturbation). 0->Unknown, 1->No Derivative, 2->Electric/Dipole, 3->Electric/Quad, 4->Magnetic/Dipole, 5->Magnetic/Quad"
   &DENSLEVEL [&Type "Integer"] 0 "// Source of density: relaxed, unrelaxed, ... 0->Unknown, 1->Linearized, 2->Unrelaxed, 3->Relaxed"
   &REPRESENTATION [&Type "String"] "Length" "Possible values: Unknown,  Length, Velocity"
   &POINTGROUP [&Type "String"] "C1"
   &NTRANS [&Type "Integer"] 3
   &DOHIGHERMOMENTS [&Type "Boolean"] false
   &STATES [&Type "ArrayOfIntegers", &Dim (3,4)] "The initial and Final states. Col1: Initial State  Col2: Initial Irrep Col3: Final State Col4: Final Irrep"
                                                         0                           1                           2                           3

0                                                        0                           0                           1                           0
1                                                        0                           0                           2                           0
2                                                        0                           0                           3                           0
   &MULTIPLICITIES [&Type "ArrayOfDoubles", &Dim (3,2)] "Col1: Multiplicity of the initial state  Col2: Multiplicity of the final state"
                                                         0                           1

0                                      1.0000000000000000e+00         1.0000000000000000e+00
1                                      1.0000000000000000e+00         1.0000000000000000e+00
2                                      1.0000000000000000e+00         1.0000000000000000e+00
   &EXCITATIONENERGIES [&Type "ArrayOfDoubles", &Dim (3,11)] 
                                                         0                           1                           2                           3                           4                           5                           6                           7

0                                      3.3571254381565874e+00         2.7077045556106797e+04         3.6931651125965101e+02         2.3889372846568621e-01         2.9045513595873285e+00        -1.4483081199912065e+00         0.0000000000000000e+00        -8.9232408914907302e-01
1                                      3.8217785408429568e+00         3.0824725963346424e+04         3.2441488731776451e+02         3.3139204286253519e-03         3.5393086638869017e-02        -1.2262239132927542e-01         0.0000000000000000e+00        -1.3707576227388896e-01
2                                      3.9481595945828034e+00         3.1844058011725781e+04         3.1403032855667288e+02         1.2810132295247795e-02         1.3243439618132150e-01         2.8816509768021159e-01         0.0000000000000000e+00         2.0754580037231182e-01
                                                         8                           9                          10

0                                      0.0000000000000000e+00        -1.0350202451712072e-01         0.0000000000000000e+00
1                                      0.0000000000000000e+00        -3.9586249893003723e-02         0.0000000000000000e+00
2                                      0.0000000000000000e+00         7.9498511986653600e-02         0.0000000000000000e+00
$End
$Geometry
   &GeometryIndex 6
   &ListStatus       OUT
   &NATOMS [&Type "Integer"] 35
   &NCORELESSECP [&Type "Integer"] 0
   &NGHOSTATOMS [&Type "Integer"] 0
   &CartesianCoordinates [&Type "Coordinates", &Dim(35,4), &Units "Bohr"] 
              C     -3.138237609991   -3.704501200240   -0.760784258014
              C     -2.290246283754   -5.644265676677   -2.340855050222
              C      0.154527486920   -5.636439573903   -3.223314576415
              C     -1.539064237939   -1.767471940587   -0.090939649685
              C      1.002117674911   -1.696553679363   -0.930795519242
              O     -2.382312345101    0.089049407424    1.561990956405
              C      1.833361046218   -3.694848345093   -2.540790238262
              C      4.370569136462   -3.726416271967   -3.477558340890
              C      6.047245072498   -1.891780861536   -2.882531843788
              C      2.827548584353    0.217650157081   -0.293505305445
              C      5.318701231576    0.138104201997   -1.263294322516
              N      2.250633961821    2.174174568609    1.276788479719
              C      3.851391744738    4.009415926261    1.926394907889
              C      6.294227702954    4.007179829576    0.994030441533
              C      7.015045969125    2.065767505342   -0.590274345954
              C     -4.546972737922    1.478362982169    0.900627669703
              O     -5.330860014948    1.517366531354   -1.256226235987
              N     -5.481171800337    2.723994093166    2.893347127603
              C     -7.567267474219    4.489907997557    2.513954049431
              C     -4.569078488189    2.490153466722    5.490109950678
              H     -3.315771970271    0.882637714065    5.681710047898
              H     -6.191349022053    2.226327057905    6.734131909412
              H     -3.576837612328    4.209015875516    6.056886534702
              H     -7.961963385723    4.677530596652    0.511728799600
              H     -7.052078166130    6.330070946162    3.289709594331
              H     -9.254210959877    3.807942767267    3.486712134455
              H      0.825437115162   -7.129373232928   -4.448997114043
              H     -5.054753565476   -3.709073013518   -0.053853472926
              H     -3.572650958571   -7.151063321825   -2.855910468929
              H      4.917113306729   -5.274996277926   -4.697363411606
              H      7.960345083205   -1.922170061813   -3.603226346769
              H      3.122254456985    5.434975433485    3.191531695803
              H      7.581935213975    5.498707472913    1.522774826255
              H      8.917592808261    2.001031058700   -1.340618281981
              H      0.473449285710    2.198448723730    2.004508505611
$End
$SCF_Energy
   &GeometryIndex 6
   &ListStatus       OUT
   &SCF_ENERGY [&Type "Double"]      -8.7889666447435673e+02
$End
$DFT_Energy
   &GeometryIndex 6
   &ListStatus       OUT
   &NALPHAEL [&Type "Integer"] 70
   &NBETAEL [&Type "Integer"] 70
   &NTOTALEL [&Type "Integer"] 139
   &EEXCHANGE [&Type "Double"]      -9.3725729034530403e+01
   &ECORR [&Type "Double"]      -6.1589282726928918e+00
   &ECNL [&Type "Double"]       0.0000000000000000e+00
   &EXC [&Type "Double"]      -9.9884657307223293e+01
   &EEMBED [&Type "Double"]       0.0000000000000000e+00
   &FINALEN [&Type "Double"]      -8.7889666447435673e+02  "No Van der Waals correction"
$End
$Solvation_Details
   &GeometryIndex 6
   &ListStatus       OUT
   &SOLVENT [&Type "String"] "WATER"
   &EPSILON [&Type "Double"]       8.0150999999999996e+01
   &REFRAC [&Type "Double"]       1.3328000000000000e+00
   &RSOLV [&Type "Double"]       1.3000000000000000e+00
   &SURFACETYPE [&Type "String"] "GAUSSIAN VDW"
   &NPOINTS [&Type "Integer"] 3071
   &SURFACEAREA [&Type "Double"]       1.0853409722980000e+03
   &CPCMDIELENERGY [&Type "Double"]      -8.6916442999999996e-02
$End
$CIS_Absorption_Spectrum
   &GeometryIndex 6
   &ListStatus       OUT
   &TEMPERATURE [&Type "Double"]       2.9814999999999998e+02
   &METHOD [&Type "Integer"] 20
   &RELCORRECTION [&Type "Integer"] 1 "Type of relativistic treatment in QDPT. 0->Unknow, 1->None, 2->SOC, 3->SSC, 4->SOC/SSC"
   &DENSTYPE [&Type "Integer"] 3 "Type of density (electron/spin ...). 0->Unknow, 1->Electronic, 2->Spin, 3->Trans/Electronic, 4->Tran/Spin"
   &DERITYPE [&Type "Integer"] 0 "Type of derivative (w.r.t. to what perturbation). 0->Unknown, 1->No Derivative, 2->Electric/Dipole, 3->Electric/Quad, 4->Magnetic/Dipole, 5->Magnetic/Quad"
   &DENSLEVEL [&Type "Integer"] 0 "// Source of density: relaxed, unrelaxed, ... 0->Unknown, 1->Linearized, 2->Unrelaxed, 3->Relaxed"
   &REPRESENTATION [&Type "String"] "Length" "Possible values: Unknown,  Length, Velocity"
   &POINTGROUP [&Type "String"] "C1"
   &NTRANS [&Type "Integer"] 3
   &DOHIGHERMOMENTS [&Type "Boolean"] false
   &STATES [&Type "ArrayOfIntegers", &Dim (3,4)] "The initial and Final states. Col1: Initial State  Col2: Initial Irrep Col3: Final State Col4: Final Irrep"
                                                         0                           1                           2                           3

0                                                        0                           0                           1                           0
1                                                        0                           0                           2                           0
2                                                        0                           0                           3                           0
   &MULTIPLICITIES [&Type "ArrayOfDoubles", &Dim (3,2)] "Col1: Multiplicity of the initial state  Col2: Multiplicity of the final state"
                                                         0                           1

0                                      1.0000000000000000e+00         1.0000000000000000e+00
1                                      1.0000000000000000e+00         1.0000000000000000e+00
2                                      1.0000000000000000e+00         1.0000000000000000e+00
   &EXCITATIONENERGIES [&Type "ArrayOfDoubles", &Dim (3,11)] 
                                                         0                           1                           2                           3                           4                           5                           6                           7

0                                      3.3574090759405126e+00         2.7079333249354564e+04         3.6928531097560722e+02         2.3872161358142283e-01         2.9022135251172951e+00        -1.4477563384423309e+00         0.0000000000000000e+00        -8.9191055094016403e-01
1                                      3.8222340948255908e+00         3.0828400254393415e+04         3.2437622184352171e+02         3.4119434546266295e-03         3.6435641765893277e-02        -1.2443812427268587e-01         0.0000000000000000e+00        -1.3904943549149759e-01
2                                      3.9480344420573474e+00         3.1843048588427289e+04         3.1404028330485596e+02         1.2925799716479896e-02         1.3363443138560518e-01         2.8831099328162452e-01         0.0000000000000000e+00         2.0967131573983250e-01
                                                         8                           9                          10

0                                      0.0000000000000000e+00        -1.0349240908860532e-01         0.0000000000000000e+00
1                                      0.0000000000000000e+00        -4.0200117946154253e-02         0.0000000000000000e+00
2                                      0.0000000000000000e+00         8.0926768714039879e-02         0.0000000000000000e+00
$End
$Geometry
   &GeometryIndex 7
   &ListStatus       OUT
   &NATOMS [&Type "Integer"] 35
   &NCORELESSECP [&Type "Integer"] 0
   &NGHOSTATOMS [&Type "Integer"] 0
   &CartesianCoordinates [&Type "Coordinates", &Dim(35,4), &Units "Bohr"] 
              C     -3.138297189585   -3.704292857712   -0.760622687364
              C     -2.290489067976   -5.643973378553   -2.340886505793
              C      0.154276562827   -5.636245108531   -3.223372090690
              C     -1.538980738129   -1.767431526655   -0.090633966214
              C      1.002168686451   -1.696593137817   -0.930551712259
              O     -2.382249947858    0.089031426602    1.562385412251
              C      1.833250547063   -3.694823599066   -2.540714627928
              C      4.370416464217   -3.726441304162   -3.477593050559
              C      6.047150741023   -1.891833359171   -2.882646104956
              C      2.827668021607    0.217559630231   -0.293326660345
              C      5.318723927442    0.138057315874   -1.263361389849
              N      2.250875161009    2.174042539680    1.277061062910
              C      3.851636253190    4.009361129586    1.926444265077
              C      6.294346458233    4.007231699842    0.993748066288
              C      7.015067662161    2.065805744913   -0.590584600926
              C     -4.546683683576    1.478508076177    0.900565213824
              O     -5.329434103177    1.518313580641   -1.256688023402
              N     -5.482224393849    2.722912680544    2.893433674480
              C     -7.568065497447    4.489084536415    2.513867201270
              C     -4.569154657565    2.490446851814    5.489970285449
              H     -3.316382181020    0.882579210813    5.682130018668
              H     -6.191065084078    2.228034365782    6.734725392704
              H     -3.576050534885    4.209298036187    6.055318894140
              H     -7.967899600411    4.670496241980    0.512103291956
              H     -7.050070236436    6.331523013168    3.282444425783
              H     -9.252677125580    3.810933590836    3.493229961174
              H      0.825060860103   -7.129109678652   -4.449207380610
              H     -5.054810683265   -3.708769965798   -0.053672938425
              H     -3.573019262300   -7.150617796376   -2.856076869631
              H      4.916862858402   -5.275003471618   -4.697464588486
              H      7.960200230082   -1.922226582929   -3.603474149970
              H      3.122606940812    5.434895833575    3.191671025530
              H      7.582046613014    5.498837978306    1.522288854657
              H      8.917528446313    2.001134102079   -1.341151792482
              H      0.473774491693    2.198261266842    2.004987790377
$End
$SCF_Energy
   &GeometryIndex 7
   &ListStatus       OUT
   &SCF_ENERGY [&Type "Double"]      -8.7889666522494622e+02
$End
$DFT_Energy
   &GeometryIndex 7
   &ListStatus       OUT
   &NALPHAEL [&Type "Integer"] 70
   &NBETAEL [&Type "Integer"] 70
   &NTOTALEL [&Type "Integer"] 139
   &EEXCHANGE [&Type "Double"]      -9.3725577310042382e+01
   &ECORR [&Type "Double"]      -6.1589257838329363e+00
   &ECNL [&Type "Double"]       0.0000000000000000e+00
   &EXC [&Type "Double"]      -9.9884503093875324e+01
   &EEMBED [&Type "Double"]       0.0000000000000000e+00
   &FINALEN [&Type "Double"]      -8.7889666522494622e+02  "No Van der Waals correction"
$End
$Solvation_Details
   &GeometryIndex 7
   &ListStatus       OUT
   &SOLVENT [&Type "String"] "WATER"
   &EPSILON [&Type "Double"]       8.0150999999999996e+01
   &REFRAC [&Type "Double"]       1.3328000000000000e+00
   &RSOLV [&Type "Double"]       1.3000000000000000e+00
   &SURFACETYPE [&Type "String"] "GAUSSIAN VDW"
   &NPOINTS [&Type "Integer"] 3071
   &SURFACEAREA [&Type "Double"]       1.0853502032179999e+03
   &CPCMDIELENERGY [&Type "Double"]      -8.6865997000000000e-02
$End
$CIS_Absorption_Spectrum
   &GeometryIndex 7
   &ListStatus       OUT
   &TEMPERATURE [&Type "Double"]       2.9814999999999998e+02
   &METHOD [&Type "Integer"] 20
   &RELCORRECTION [&Type "Integer"] 1 "Type of relativistic treatment in QDPT. 0->Unknow, 1->None, 2->SOC, 3->SSC, 4->SOC/SSC"
   &DENSTYPE [&Type "Integer"] 3 "Type of density (electron/spin ...). 0->Unknow, 1->Electronic, 2->Spin, 3->Trans/Electronic, 4->Tran/Spin"
   &DERITYPE [&Type "Integer"] 0 "Type of derivative (w.r.t. to what perturbation). 0->Unknown, 1->No Derivative, 2->Electric/Dipole, 3->Electric/Quad, 4->Magnetic/Dipole, 5->Magnetic/Quad"
   &DENSLEVEL [&Type "Integer"] 0 "// Source of density: relaxed, unrelaxed, ... 0->Unknown, 1->Linearized, 2->Unrelaxed, 3->Relaxed"
   &REPRESENTATION [&Type "String"] "Length" "Possible values: Unknown,  Length, Velocity"
   &POINTGROUP [&Type "String"] "C1"
   &NTRANS [&Type "Integer"] 3
   &DOHIGHERMOMENTS [&Type "Boolean"] false
   &STATES [&Type "ArrayOfIntegers", &Dim (3,4)] "The initial and Final states. Col1: Initial State  Col2: Initial Irrep Col3: Final State Col4: Final Irrep"
                                                         0                           1                           2                           3

0                                                        0                           0                           1                           0
1                                                        0                           0                           2                           0
2                                                        0                           0                           3                           0
   &MULTIPLICITIES [&Type "ArrayOfDoubles", &Dim (3,2)] "Col1: Multiplicity of the initial state  Col2: Multiplicity of the final state"
                                                         0                           1

0                                      1.0000000000000000e+00         1.0000000000000000e+00
1                                      1.0000000000000000e+00         1.0000000000000000e+00
2                                      1.0000000000000000e+00         1.0000000000000000e+00
   &EXCITATIONENERGIES [&Type "ArrayOfDoubles", &Dim (3,11)] 
                                                         0                           1                           2                           3                           4                           5                           6                           7

0                                      3.3570899017522593e+00         2.7076758935646343e+04         3.6932042065178922e+02         2.3897912002538457e-01         2.9056203363266011e+00        -1.4485082896700188e+00         0.0000000000000000e+00        -8.9258691110606769e-01
1                                      3.8212477555826196e+00         3.0820444891060204e+04         3.2445994972968759e+02         3.2736848942015256e-03         3.4968222613973393e-02        -1.2168789074387532e-01         0.0000000000000000e+00        -1.3638672593613149e-01
2                                      3.9482146621918708e+00         3.1844502161992688e+04         3.1402594862780683e+02         1.2833315533862608e-02         1.3267221991340925e-01         2.8849485114148110e-01         0.0000000000000000e+00         2.0767194214586804e-01
                                                         8                           9                          10

0                                      0.0000000000000000e+00        -1.0359863515494178e-01         0.0000000000000000e+00
1                                      0.0000000000000000e+00        -3.9483424986981784e-02         0.0000000000000000e+00
2                                      0.0000000000000000e+00         7.9468894692370937e-02         0.0000000000000000e+00
$End
$Geometry
   &GeometryIndex 8
   &ListStatus       OUT
   &NATOMS [&Type "Integer"] 35
   &NCORELESSECP [&Type "Integer"] 0
   &NGHOSTATOMS [&Type "Integer"] 0
   &CartesianCoordinates [&Type "Coordinates", &Dim(35,4), &Units "Bohr"] 
              C     -3.137993798228   -3.704630748334   -0.759753889270
              C     -2.290310653253   -5.644204560048   -2.340206422513
              C      0.154159737422   -5.635981658851   -3.223495597685
              C     -1.538905199380   -1.767341895031   -0.090466373487
              C      1.002044433093   -1.696134802588   -0.930971954712
              O     -2.382224054170    0.089179687169    1.562465962049
              C      1.833035168761   -3.694338819694   -2.541223526283
              C      4.370159226334   -3.725995740371   -3.478203737224
              C      6.047167323545   -1.891821594461   -2.882706490806
              C      2.827599469617    0.218002538280   -0.293815983501
              C      5.318888423339    0.137963785390   -1.263227315633
              N      2.250730724144    2.174841039004    1.276109538925
              C      3.851797388262    4.009712486738    1.926017908358
              C      6.294951399185    4.006672559715    0.994482435017
              C      7.015640080906    2.065072465144   -0.589647099484
              C     -4.546999232948    1.478140104571    0.900659317871
              O     -5.330102396193    1.517384963259   -1.256477415971
              N     -5.482331011225    2.722890898843    2.893388309697
              C     -7.567671200364    4.489604331508    2.513539451959
              C     -4.569546941118    2.489911287717    5.489988729807
              H     -3.319762729717    0.879775999381    5.682744573160
              H     -6.191943350396    2.230902255999    6.734794679978
              H     -3.573281821819    4.207122157345    6.054760636983
              H     -7.964948891287    4.673706211166    0.511507868122
              H     -7.050398290246    6.330950084523    3.285159935796
              H     -9.253640197497    3.810410799068    3.489852700285
              H      0.824872414713   -7.128762944224   -4.449471366839
              H     -5.054273076872   -3.709463470349   -0.052168818104
              H     -3.572689701834   -7.151144595534   -2.854907425049
              H      4.916455586931   -5.274429443276   -4.698305273957
              H      7.960313598982   -1.922464181721   -3.603267248423
              H      3.122659477180    5.435605814431    3.190778298498
              H      7.582951007682    5.497808495983    1.523620167501
              H      8.918370241233    1.999797077173   -1.339480005814
              H      0.473415362454    2.199553895822    2.003507064303
$End
$SCF_Energy
   &GeometryIndex 8
   &ListStatus       OUT
   &SCF_ENERGY [&Type "Double"]      -8.7889666437495214e+02
$End
$DFT_Energy
   &GeometryIndex 8
   &ListStatus       OUT
   &NALPHAEL [&Type "Integer"] 70
   &NBETAEL [&Type "Integer"] 70
   &NTOTALEL [&Type "Integer"] 139
   &EEXCHANGE [&Type "Double"]      -9.3725713512708168e+01
   &ECORR [&Type "Double"]      -6.1589266880737039e+00
   &ECNL [&Type "Double"]       0.0000000000000000e+00
   &EXC [&Type "Double"]      -9.9884640200781874e+01
   &EEMBED [&Type "Double"]       0.0000000000000000e+00
   &FINALEN [&Type "Double"]      -8.7889666437495214e+02  "No Van der Waals correction"
$End
$Solvation_Details
   &GeometryIndex 8
   &ListStatus       OUT
   &SOLVENT [&Type "String"] "WATER"
   &EPSILON [&Type "Double"]       8.0150999999999996e+01
   &REFRAC [&Type "Double"]       1.3328000000000000e+00
   &RSOLV [&Type "Double"]       1.3000000000000000e+00
   &SURFACETYPE [&Type "String"] "GAUSSIAN VDW"
   &NPOINTS [&Type "Integer"] 3070
   &SURFACEAREA [&Type "Double"]       1.0853314885670000e+03
   &CPCMDIELENERGY [&Type "Double"]      -8.6910167999999996e-02
$End
$CIS_Absorption_Spectrum
   &GeometryIndex 8
   &ListStatus       OUT
   &TEMPERATURE [&Type "Double"]       2.9814999999999998e+02
   &METHOD [&Type "Integer"] 20
   &RELCORRECTION [&Type "Integer"] 1 "Type of relativistic treatment in QDPT. 0->Unknow, 1->None, 2->SOC, 3->SSC, 4->SOC/SSC"
   &DENSTYPE [&Type "Integer"] 3 "Type of density (electron/spin ...). 0->Unknow, 1->Electronic, 2->Spin, 3->Trans/Electronic, 4->Tran/Spin"
   &DERITYPE [&Type "Integer"] 0 "Type of derivative (w.r.t. to what perturbation). 0->Unknown, 1->No Derivative, 2->Electric/Dipole, 3->Electric/Quad, 4->Magnetic/Dipole, 5->Magnetic/Quad"
   &DENSLEVEL [&Type "Integer"] 0 "// Source of density: relaxed, unrelaxed, ... 0->Unknown, 1->Linearized, 2->Unrelaxed, 3->Relaxed"
   &REPRESENTATION [&Type "String"] "Length" "Possible values: Unknown,  Length, Velocity"
   &POINTGROUP [&Type "String"] "C1"
   &NTRANS [&Type "Integer"] 3
   &DOHIGHERMOMENTS [&Type "Boolean"] false
   &STATES [&Type "ArrayOfIntegers", &Dim (3,4)] "The initial and Final states. Col1: Initial State  Col2: Initial Irrep Col3: Final State Col4: Final Irrep"
                                                         0                           1                           2                           3

0                                                        0                           0                           1                           0
1                                                        0                           0                           2                           0
2                                                        0                           0                           3                           0
   &MULTIPLICITIES [&Type "ArrayOfDoubles", &Dim (3,2)] "Col1: Multiplicity of the initial state  Col2: Multiplicity of the final state"
                                                         0                           1

0                                      1.0000000000000000e+00         1.0000000000000000e+00
1                                      1.0000000000000000e+00         1.0000000000000000e+00
2                                      1.0000000000000000e+00         1.0000000000000000e+00
   &EXCITATIONENERGIES [&Type "ArrayOfDoubles", &Dim (3,11)] 
                                                         0                           1                           2                           3                           4                           5                           6                           7

0                                      3.3573864572666792e+00         2.7079150817427879e+04         3.6928779884648731e+02         2.3871940590629806e-01         2.9022062377166473e+00        -1.4478245627427344e+00         0.0000000000000000e+00        -8.9180428893032826e-01
1                                      3.8222031062433803e+00         3.0828150314595903e+04         3.2437885172972562e+02         3.4288891907170919e-03         3.6616899656238711e-02        -1.2462227534325138e-01         0.0000000000000000e+00        -1.3948568538927511e-01
2                                      3.9481225733858456e+00         3.1843759415603883e+04         3.1403327319135133e+02         1.2884710040296041e-02         1.3320664887703079e-01         2.8811381601935332e-01         0.0000000000000000e+00         2.0909152440468246e-01
                                                         8                           9                          10

0                                      0.0000000000000000e+00        -1.0341848713324200e-01         0.0000000000000000e+00
1                                      0.0000000000000000e+00        -4.0372412808670717e-02         0.0000000000000000e+00
2                                      0.0000000000000000e+00         8.0484857693376669e-02         0.0000000000000000e+00
$End
$Geometry
   &GeometryIndex 9
   &ListStatus       OUT
   &NATOMS [&Type "Integer"] 35
   &NCORELESSECP [&Type "Integer"] 0
   &NGHOSTATOMS [&Type "Integer"] 0
   &CartesianCoordinates [&Type "Coordinates", &Dim(35,4), &Units "Bohr"] 
              C     -3.138072648494   -3.704640647592   -0.760214081666
              C     -2.289907091063   -5.644881164342   -2.339615665214
              C      0.154731934858   -5.636904944804   -3.222454573644
              C     -1.539099986065   -1.767175089339   -0.091159238776
              C      1.002027565551   -1.696249280116   -0.931168994409
              O     -2.382373013506    0.089632743523    1.561409339351
              C      1.833327321215   -3.694791280614   -2.540818140907
              C      4.370394875059   -3.726159289204   -3.477979725552
              C      6.047032194455   -1.891412479958   -2.883177233811
              C      2.827480852799    0.217940799010   -0.293918672037
              C      5.318645004062    0.138311144488   -1.263663369058
              N      2.250697595381    2.174282345514    1.276651052703
              C      3.851712926335    4.009081027931    1.926862728133
              C      6.294653846803    4.006616713027    0.994773970696
              C      7.015244852121    2.065544203712   -0.590051746904
              C     -4.547187482093    1.478735231670    0.900149065455
              O     -5.330623471201    1.518452620000   -1.256855069354
              N     -5.482082619652    2.723120540283    2.893337856236
              C     -7.567542529210    4.489877081344    2.514449365612
              C     -4.569012864697    2.489431604558    5.489777102000
              H     -3.317360848265    0.880638638971    5.681482367304
              H     -6.191059925395    2.227810655781    6.734516000380
              H     -3.574699605956    4.207441739110    6.055544103294
              H     -7.966296364348    4.673369183975    0.512655695098
              H     -7.049619531261    6.331443669031    3.285128105180
              H     -9.252810314622    3.811064459620    3.492232865342
              H      0.825725377773   -7.130132402636   -4.447733649184
              H     -5.054517882878   -3.709254275100   -0.053071629255
              H     -3.572092774142   -7.152123023945   -2.853916353181
              H      4.916905974491   -5.274749574290   -4.697786411597
              H      7.960060520506   -1.921725830099   -3.604064926629
              H      3.122696600724    5.434474008667    3.192257006799
              H      7.582595553895    5.497745792472    1.524071707754
              H      8.917837069708    2.000692496457   -1.340270481686
              H      0.473456405377    2.198671456500    2.004235768131
$End
$SCF_Energy
   &GeometryIndex 9
   &ListStatus       OUT
   &SCF_ENERGY [&Type "Double"]      -8.7889666601482293e+02
$End
$DFT_Energy
   &GeometryIndex 9
   &ListStatus       OUT
   &NALPHAEL [&Type "Integer"] 70
   &NBETAEL [&Type "Integer"] 70
   &NTOTALEL [&Type "Integer"] 139
   &EEXCHANGE [&Type "Double"]      -9.3725614134181512e+01
   &ECORR [&Type "Double"]      -6.1589248005794452e+00
   &ECNL [&Type "Double"]       0.0000000000000000e+00
   &EXC [&Type "Double"]      -9.9884538934760954e+01
   &EEMBED [&Type "Double"]       0.0000000000000000e+00
   &FINALEN [&Type "Double"]      -8.7889666601482293e+02  "No Van der Waals correction"
$End
$Solvation_Details
   &GeometryIndex 9
   &ListStatus       OUT
   &SOLVENT [&Type "String"] "WATER"
   &EPSILON [&Type "Double"]       8.0150999999999996e+01
   &REFRAC [&Type "Double"]       1.3328000000000000e+00
   &RSOLV [&Type "Double"]       1.3000000000000000e+00
   &SURFACETYPE [&Type "String"] "GAUSSIAN VDW"
   &NPOINTS [&Type "Integer"] 3070
   &SURFACEAREA [&Type "Double"]       1.0853493239630000e+03
   &CPCMDIELENERGY [&Type "Double"]      -8.6881159999999999e-02
$End
$CIS_Absorption_Spectrum
   &GeometryIndex 9
   &ListStatus       OUT
   &TEMPERATURE [&Type "Double"]       2.9814999999999998e+02
   &METHOD [&Type "Integer"] 20
   &RELCORRECTION [&Type "Integer"] 1 "Type of relativistic treatment in QDPT. 0->Unknow, 1->None, 2->SOC, 3->SSC, 4->SOC/SSC"
   &DENSTYPE [&Type "Integer"] 3 "Type of density (electron/spin ...). 0->Unknow, 1->Electronic, 2->Spin, 3->Trans/Electronic, 4->Tran/Spin"
   &DERITYPE [&Type "Integer"] 0 "Type of derivative (w.r.t. to what perturbation). 0->Unknown, 1->No Derivative, 2->Electric/Dipole, 3->Electric/Quad, 4->Magnetic/Dipole, 5->Magnetic/Quad"
   &DENSLEVEL [&Type "Integer"] 0 "// Source of density: relaxed, unrelaxed, ... 0->Unknown, 1->Linearized, 2->Unrelaxed, 3->Relaxed"
   &REPRESENTATION [&Type "String"] "Length" "Possible values: Unknown,  Length, Velocity"
   &POINTGROUP [&Type "String"] "C1"
   &NTRANS [&Type "Integer"] 3
   &DOHIGHERMOMENTS [&Type "Boolean"] false
   &STATES [&Type "ArrayOfIntegers", &Dim (3,4)] "The initial and Final states. Col1: Initial State  Col2: Initial Irrep Col3: Final State Col4: Final Irrep"
                                                         0                           1                           2                           3

0                                                        0                           0                           1                           0
1                                                        0                           0                           2                           0
2                                                        0                           0                           3                           0
   &MULTIPLICITIES [&Type "ArrayOfDoubles", &Dim (3,2)] "Col1: Multiplicity of the initial state  Col2: Multiplicity of the final state"
                                                         0                           1

0                                      1.0000000000000000e+00         1.0000000000000000e+00
1                                      1.0000000000000000e+00         1.0000000000000000e+00
2                                      1.0000000000000000e+00         1.0000000000000000e+00
   &EXCITATIONENERGIES [&Type "ArrayOfDoubles", &Dim (3,11)] 
                                                         0                           1                           2                           3                           4                           5                           6                           7

0                                      3.3571852736829428e+00         2.7077528162224098e+04         3.6930992888601315e+02         2.3898034058666917e-01         2.9055526323242415e+00        -1.4484784497020027e+00         0.0000000000000000e+00        -8.9258547321845616e-01
1                                      3.8215569211559131e+00         3.0822938479836273e+04         3.2443370078235051e+02         3.2934226686651366e-03         3.5176207806499625e-02        -1.2214267135464077e-01         0.0000000000000000e+00        -1.3672953804155191e-01
2                                      3.9481630245834562e+00         3.1844085676549646e+04         3.1403005574011866e+02         1.2853499389446204e-02         1.3288262075555538e-01         2.8847532040791107e-01         0.0000000000000000e+00         2.0806145252101110e-01
                                                         8                           9                          10

0                                      0.0000000000000000e+00        -1.0370142753361417e-01         0.0000000000000000e+00
1                                      0.0000000000000000e+00        -3.9527320523856012e-02         0.0000000000000000e+00
2                                      0.0000000000000000e+00         7.9843861667353494e-02         0.0000000000000000e+00
$End
$Geometry
   &GeometryIndex 10
   &ListStatus       OUT
   &NATOMS [&Type "Integer"] 35
   &NCORELESSECP [&Type "Integer"] 0
   &NGHOSTATOMS [&Type "Integer"] 0
   &CartesianCoordinates [&Type "Coordinates", &Dim(35,4), &Units "Bohr"] 
              C     -3.138171507471   -3.704137920044   -0.760508200074
              C     -2.290307183140   -5.643978019814   -2.340529700915
              C      0.154433400202   -5.636235351697   -3.223063545722
              C     -1.538937398043   -1.767129614794   -0.090725411376
              C      1.002276115194   -1.696351517382   -0.930559704092
              O     -2.382321543718    0.089594983500    1.561894508067
              C      1.833345255618   -3.694695557674   -2.540608041408
              C      4.370445347904   -3.726346735042   -3.477654766539
              C      6.047201420485   -1.891700478005   -2.882924469978
              C      2.827893584060    0.217719245823   -0.293350080253
              C      5.318902282372    0.138162051796   -1.263556354912
              N      2.251345941987    2.174109811648    1.277260078400
              C      3.852323682710    4.009233383320    1.926716457134
              C      6.294954864471    4.007062478867    0.993807045453
              C      7.015410559570    2.065768105321   -0.590800497134
              C     -4.547508765542    1.478120524726    0.900493517677
              O     -5.331224308031    1.517025281563   -1.256422224583
              N     -5.482459949603    2.722996416115    2.893340727159
              C     -7.567315351304    4.490325277684    2.513721039990
              C     -4.569960732092    2.489366053437    5.489971091425
              H     -3.319257550431    0.879887562149    5.682195655936
              H     -6.192394853145    2.228871461466    6.734438261232
              H     -3.574783342922    4.206907804484    6.055641355064
              H     -7.965636896043    4.673530562699    0.511815874729
              H     -7.048910002168    6.331880004248    3.284111257107
              H     -9.252994688673    3.812286409923    3.491328390705
              H      0.825255121264   -7.129174474216   -4.448786553476
              H     -5.054695384300   -3.708589911796   -0.053603031741
              H     -3.572788649700   -7.150728789144   -2.855530182346
              H      4.916804966836   -5.274963783533   -4.697494836825
              H      7.960194449157   -1.922087639556   -3.603901792745
              H      3.123509755884    5.434687415613    3.192157922835
              H      7.582787822690    5.498536779356    1.522397762471
              H      8.917793363314    2.001051511200   -1.341561216150
              H      0.474255020758    2.198505610452    2.005231797484
$End
$SCF_Energy
   &GeometryIndex 10
   &ListStatus       OUT
   &SCF_ENERGY [&Type "Double"]      -8.7889666578612787e+02
$End
$DFT_Energy
   &GeometryIndex 10
   &ListStatus       OUT
   &NALPHAEL [&Type "Integer"] 70
   &NBETAEL [&Type "Integer"] 70
   &NTOTALEL [&Type "Integer"] 139
   &EEXCHANGE [&Type "Double"]      -9.3725675038910083e+01
   &ECORR [&Type "Double"]      -6.1589249720260435e+00
   &ECNL [&Type "Double"]       0.0000000000000000e+00
   &EXC [&Type "Double"]      -9.9884600010936126e+01
   &EEMBED [&Type "Double"]       0.0000000000000000e+00
   &FINALEN [&Type "Double"]      -8.7889666578612787e+02  "No Van der Waals correction"
$End
$Solvation_Details
   &GeometryIndex 10
   &ListStatus       OUT
   &SOLVENT [&Type "String"] "WATER"
   &EPSILON [&Type "Double"]       8.0150999999999996e+01
   &REFRAC [&Type "Double"]       1.3328000000000000e+00
   &RSOLV [&Type "Double"]       1.3000000000000000e+00
   &SURFACETYPE [&Type "String"] "GAUSSIAN VDW"
   &NPOINTS [&Type "Integer"] 3070
   &SURFACEAREA [&Type "Double"]       1.0853527098469999e+03
   &CPCMDIELENERGY [&Type "Double"]      -8.6904494999999998e-02
$End
$CIS_Absorption_Spectrum
   &GeometryIndex 10
   &ListStatus       OUT
   &TEMPERATURE [&Type "Double"]       2.9814999999999998e+02
   &METHOD [&Type "Integer"] 20
   &RELCORRECTION [&Type "Integer"] 1 "Type of relativistic treatment in QDPT. 0->Unknow, 1->None, 2->SOC, 3->SSC, 4->SOC/SSC"
   &DENSTYPE [&Type "Integer"] 3 "Type of density (electron/spin ...). 0->Unknow, 1->Electronic, 2->Spin, 3->Trans/Electronic, 4->Tran/Spin"
   &DERITYPE [&Type "Integer"] 0 "Type of derivative (w.r.t. to what perturbation). 0->Unknown, 1->No Derivative, 2->Electric/Dipole, 3->Electric/Quad, 4->Magnetic/Dipole, 5->Magnetic/Quad"
   &DENSLEVEL [&Type "Integer"] 0 "// Source of density: relaxed, unrelaxed, ... 0->Unknown, 1->Linearized, 2->Unrelaxed, 3->Relaxed"
   &REPRESENTATION [&Type "String"] "Length" "Possible values: Unknown,  Length, Velocity"
   &POINTGROUP [&Type "String"] "C1"
   &NTRANS [&Type "Integer"] 3
   &DOHIGHERMOMENTS [&Type "Boolean"] false
   &STATES [&Type "ArrayOfIntegers", &Dim (3,4)] "The initial and Final states. Col1: Initial State  Col2: Initial Irrep Col3: Final State Col4: Final Irrep"
                                                         0                           1                           2                           3

0                                                        0                           0                           1                           0
1                                                        0                           0                           2                           0
2                                                        0                           0                           3                           0
   &MULTIPLICITIES [&Type "ArrayOfDoubles", &Dim (3,2)] "Col1: Multiplicity of the initial state  Col2: Multiplicity of the final state"
                                                         0                           1

0                                      1.0000000000000000e+00         1.0000000000000000e+00
1                                      1.0000000000000000e+00         1.0000000000000000e+00
2                                      1.0000000000000000e+00         1.0000000000000000e+00
   &EXCITATIONENERGIES [&Type "ArrayOfDoubles", &Dim (3,11)] 
                                                         0                           1                           2                           3                           4                           5                           6                           7

0                                      3.3571395166368698e+00         2.7077159106719959e+04         3.6931496249612900e+02         2.3882871284828214e-01         2.9037487003609410e+00        -1.4482343578941408e+00         0.0000000000000000e+00        -8.9200744515253150e-01
1                                      3.8221113327850427e+00         3.0827410111657995e+04         3.2438664045340289e+02         3.3882405127509127e-03         3.6183683682767927e-02        -1.2415851212562552e-01         0.0000000000000000e+00        -1.3845555167036672e-01
2                                      3.9480356424753520e+00         3.1843058270452464e+04         3.1404018781949446e+02         1.2855679039474292e-02         1.3290944265303553e-01         2.8818263088894663e-01         0.0000000000000000e+00         2.0838840934624106e-01
                                                         8                           9                          10

0                                      0.0000000000000000e+00        -1.0338598922649074e-01         0.0000000000000000e+00
1                                      0.0000000000000000e+00        -3.9980092060589834e-02         0.0000000000000000e+00
2                                      0.0000000000000000e+00         8.0215240179807176e-02         0.0000000000000000e+00
$End
$Geometry
   &GeometryIndex 11
   &ListStatus       OUT
   &NATOMS [&Type "Integer"] 35
   &NCORELESSECP [&Type "Integer"] 0
   &NGHOSTATOMS [&Type "Integer"] 0
   &CartesianCoordinates [&Type "Coordinates", &Dim(35,4), &Units "Bohr"] 
              C     -3.138091500254   -3.704471861370   -0.759699069282
              C     -2.290432299604   -5.644169360152   -2.340009782431
              C      0.154016031016   -5.636022514115   -3.223404526921
              C     -1.538865033223   -1.767252398968   -0.090573033352
              C      1.002218125508   -1.696485377713   -0.930593361651
              O     -2.382029150386    0.089857149652    1.561600240220
              C      1.833081658475   -3.694579988378   -2.540990065695
              C      4.370195831935   -3.726124979451   -3.478010873520
              C      6.047116425740   -1.891821791766   -2.882595677209
              C      2.827781763887    0.217501985644   -0.293097623345
              C      5.318854052974    0.137927191386   -1.263041723652
              N      2.251000812127    2.173917807314    1.277385025630
              C      3.851670972404    4.009367038269    1.926595836665
              C      6.294343419921    4.007306265287    0.993803950634
              C      7.015166595206    2.065721012336   -0.590297408455
              C     -4.547021893629    1.478552060699    0.900014780162
              O     -5.330516373178    1.517731523933   -1.256977467665
              N     -5.481914046811    2.723130420553    2.893037475083
              C     -7.567745220813    4.489418778574    2.514113947115
              C     -4.568772823732    2.489363267019    5.489454493681
              H     -3.318563331380    0.879484674406    5.681467968767
              H     -6.190960438868    2.229460183684    6.734349930651
              H     -3.572885254084    4.206610801417    6.054765970099
              H     -7.965563490301    4.673904281163    0.512220431202
              H     -7.050734450111    6.330704977159    3.286045124607
              H     -9.253312577794    3.809584942580    3.490680724264
              H      0.824566223338   -7.128756794153   -4.449526786624
              H     -5.054437349184   -3.709054066556   -0.052295703639
              H     -3.572871917620   -7.151064010675   -2.854693740614
              H      4.916530135631   -5.274467179932   -4.698212924100
              H      7.960170003681   -1.922270135029   -3.603412107944
              H      3.122600509244    5.434949697253    3.191745745323
              H      7.581963309006    5.499056344636    1.522134912330
              H      8.917635039094    2.001065825098   -1.340846765868
              H      0.473845298507    2.198177198411    2.005185924931
$End
$SCF_Energy
   &GeometryIndex 11
   &ListStatus       OUT
   &SCF_ENERGY [&Type "Double"]      -8.7889666649704805e+02
$End
$DFT_Energy
   &GeometryIndex 11
   &ListStatus       OUT
   &NALPHAEL [&Type "Integer"] 70
   &NBETAEL [&Type "Integer"] 70
   &NTOTALEL [&Type "Integer"] 139
   &EEXCHANGE [&Type "Double"]      -9.3725667973005130e+01
   &ECORR [&Type "Double"]      -6.1589306799706076e+00
   &ECNL [&Type "Double"]       0.0000000000000000e+00
   &EXC [&Type "Double"]      -9.9884598652975740e+01
   &EEMBED [&Type "Double"]       0.0000000000000000e+00
   &FINALEN [&Type "Double"]      -8.7889666649704805e+02  "No Van der Waals correction"
$End
$Solvation_Details
   &GeometryIndex 11
   &ListStatus       OUT
   &SOLVENT [&Type "String"] "WATER"
   &EPSILON [&Type "Double"]       8.0150999999999996e+01
   &REFRAC [&Type "Double"]       1.3328000000000000e+00
   &RSOLV [&Type "Double"]       1.3000000000000000e+00
   &SURFACETYPE [&Type "String"] "GAUSSIAN VDW"
   &NPOINTS [&Type "Integer"] 3071
   &SURFACEAREA [&Type "Double"]       1.0853389408040000e+03
   &CPCMDIELENERGY [&Type "Double"]      -8.6886545999999995e-02
$End
$CIS_Absorption_Spectrum
   &GeometryIndex 11
   &ListStatus       OUT
   &TEMPERATURE [&Type "Double"]       2.9814999999999998e+02
   &METHOD [&Type "Integer"] 20
   &RELCORRECTION [&Type "Integer"] 1 "Type of relativistic treatment in QDPT. 0->Unknow, 1->None, 2->SOC, 3->SSC, 4->SOC/SSC"
   &DENSTYPE [&Type "Integer"] 3 "Type of density (electron/spin ...). 0->Unknow, 1->Electronic, 2->Spin, 3->Trans/Electronic, 4->Tran/Spin"
   &DERITYPE [&Type "Integer"] 0 "Type of derivative (w.r.t. to what perturbation). 0->Unknown, 1->No Derivative, 2->Electric/Dipole, 3->Electric/Quad, 4->Magnetic/Dipole, 5->Magnetic/Quad"
   &DENSLEVEL [&Type "Integer"] 0 "// Source of density: relaxed, unrelaxed, ... 0->Unknown, 1->Linearized, 2->Unrelaxed, 3->Relaxed"
   &REPRESENTATION [&Type "String"] "Length" "Possible values: Unknown,  Length, Velocity"
   &POINTGROUP [&Type "String"] "C1"
   &NTRANS [&Type "Integer"] 3
   &DOHIGHERMOMENTS [&Type "Boolean"] false
   &STATES [&Type "ArrayOfIntegers", &Dim (3,4)] "The initial and Final states. Col1: Initial State  Col2: Initial Irrep Col3: Final State Col4: Final Irrep"
                                                         0                           1                           2                           3

0                                                        0                           0                           1                           0
1                                                        0                           0                           2                           0
2                                                        0                           0                           3                           0
   &MULTIPLICITIES [&Type "ArrayOfDoubles", &Dim (3,2)] "Col1: Multiplicity of the initial state  Col2: Multiplicity of the final state"
                                                         0                           1

0                                      1.0000000000000000e+00         1.0000000000000000e+00
1                                      1.0000000000000000e+00         1.0000000000000000e+00
2                                      1.0000000000000000e+00         1.0000000000000000e+00
   &EXCITATIONENERGIES [&Type "ArrayOfDoubles", &Dim (3,11)] 
                                                         0                           1                           2                           3                           4                           5                           6                           7

0                                      3.3571421582593257e+00         2.7077180412844173e+04         3.6931467189458391e+02         2.3895177211189483e-01         2.9052426045093003e+00        -1.4483913528466081e+00         0.0000000000000000e+00        -8.9256416494873225e-01
1                                      3.8216314384961030e+00         3.0823539502780521e+04         3.2442737470490442e+02         3.3227805905434969e-03         3.5489080275728571e-02        -1.2271188116073344e-01         0.0000000000000000e+00        -1.3732438059465887e-01
2                                      3.9480813886849311e+00         3.1843427238554374e+04         3.1403654905250016e+02         1.2851701947860507e-02         1.3286678564227056e-01         2.8828948277434097e-01         0.0000000000000000e+00         2.0826204099809453e-01
                                                         8                           9                          10

0                                      0.0000000000000000e+00        -1.0360649090595203e-01         0.0000000000000000e+00
1                                      0.0000000000000000e+00        -3.9659664547445149e-02         0.0000000000000000e+00
2                                      0.0000000000000000e+00         7.9892941135506546e-02         0.0000000000000000e+00
$End
$Geometry
   &GeometryIndex 12
   &ListStatus       OUT
   &NATOMS [&Type "Integer"] 35
   &NCORELESSECP [&Type "Integer"] 0
   &NGHOSTATOMS [&Type "Integer"] 0
   &CartesianCoordinates [&Type "Coordinates", &Dim(35,4), &Units "Bohr"] 
              C     -3.138453079915   -3.703858739752   -0.760472922122
              C     -2.290727951378   -5.643808751885   -2.340400286895
              C      0.154135991290   -5.636437911559   -3.222670100463
              C     -1.538896200421   -1.767134711387   -0.090710892716
              C      1.002148428186   -1.696386227756   -0.930681444090
              O     -2.381827422545    0.089630233863    1.561968826707
              C      1.833185376556   -3.694918793193   -2.540437884590
              C      4.370283625075   -3.726453447105   -3.477481833826
              C      6.046846970052   -1.891506127843   -2.883039963188
              C      2.827516576583    0.217964710393   -0.293672740602
              C      5.318528590903    0.138439745902   -1.263747181477
              N      2.250768594139    2.174391001427    1.276815454503
              C      3.851776813164    4.009251679122    1.926860741317
              C      6.294619194915    4.006845979062    0.994521010851
              C      7.015081512985    2.065827964759   -0.590441615657
              C     -4.546721353254    1.478311252258    0.900321423477
              O     -5.330119268511    1.517246803001   -1.256714381057
              N     -5.481703892210    2.723102166711    2.893140553715
              C     -7.567618027266    4.489166511401    2.513709214886
              C     -4.568912389001    2.489434671938    5.489691511541
              H     -3.319059265371    0.879305848349    5.682002805337
              H     -6.191308784002    2.229974527794    6.734404332156
              H     -3.572733940172    4.206521291486    6.054975254832
              H     -7.965246821914    4.673219431357    0.511740814133
              H     -7.050834187166    6.330648644182    3.285323229131
              H     -9.253231126487    3.809385948452    3.490234252426
              H      0.824875078743   -7.129584569158   -4.448186942037
              H     -5.054985733750   -3.708035140677   -0.053595390528
              H     -3.573343564169   -7.150420815939   -2.855472007660
              H      4.916828347145   -5.275160518170   -4.697126382476
              H      7.959829756157   -1.921848089053   -3.604047992386
              H      3.122833077607    5.434636929208    3.192306188485
              H      7.582586149216    5.497997682507    1.523694094409
              H      8.917580192625    2.001081942539   -1.340906338778
              H      0.473597878806    2.198717078595    2.004565851011
$End
$SCF_Energy
   &GeometryIndex 12
   &ListStatus       OUT
   &SCF_ENERGY [&Type "Double"]      -8.7889666566747485e+02
$End
$DFT_Energy
   &GeometryIndex 12
   &ListStatus       OUT
   &NALPHAEL [&Type "Integer"] 70
   &NBETAEL [&Type "Integer"] 70
   &NTOTALEL [&Type "Integer"] 139
   &EEXCHANGE [&Type "Double"]      -9.3725807679040116e+01
   &ECORR [&Type "Double"]      -6.1589385559899670e+00
   &ECNL [&Type "Double"]       0.0000000000000000e+00
   &EXC [&Type "Double"]      -9.9884746235030079e+01
   &EEMBED [&Type "Double"]       0.0000000000000000e+00
   &FINALEN [&Type "Double"]      -8.7889666566747485e+02  "No Van der Waals correction"
$End
$Solvation_Details
   &GeometryIndex 12
   &ListStatus       OUT
   &SOLVENT [&Type "String"] "WATER"
   &EPSILON [&Type "Double"]       8.0150999999999996e+01
   &REFRAC [&Type "Double"]       1.3328000000000000e+00
   &RSOLV [&Type "Double"]       1.3000000000000000e+00
   &SURFACETYPE [&Type "String"] "GAUSSIAN VDW"
   &NPOINTS [&Type "Integer"] 3070
   &SURFACEAREA [&Type "Double"]       1.0853190398239999e+03
   &CPCMDIELENERGY [&Type "Double"]      -8.6902146000000000e-02
$End
$CIS_Absorption_Spectrum
   &GeometryIndex 12
   &ListStatus       OUT
   &TEMPERATURE [&Type "Double"]       2.9814999999999998e+02
   &METHOD [&Type "Integer"] 20
   &RELCORRECTION [&Type "Integer"] 1 "Type of relativistic treatment in QDPT. 0->Unknow, 1->None, 2->SOC, 3->SSC, 4->SOC/SSC"
   &DENSTYPE [&Type "Integer"] 3 "Type of density (electron/spin ...). 0->Unknow, 1->Electronic, 2->Spin, 3->Trans/Electronic, 4->Tran/Spin"
   &DERITYPE [&Type "Integer"] 0 "Type of derivative (w.r.t. to what perturbation). 0->Unknown, 1->No Derivative, 2->Electric/Dipole, 3->Electric/Quad, 4->Magnetic/Dipole, 5->Magnetic/Quad"
   &DENSLEVEL [&Type "Integer"] 0 "// Source of density: relaxed, unrelaxed, ... 0->Unknown, 1->Linearized, 2->Unrelaxed, 3->Relaxed"
   &REPRESENTATION [&Type "String"] "Length" "Possible values: Unknown,  Length, Velocity"
   &POINTGROUP [&Type "String"] "C1"
   &NTRANS [&Type "Integer"] 3
   &DOHIGHERMOMENTS [&Type "Boolean"] false
   &STATES [&Type "ArrayOfIntegers", &Dim (3,4)] "The initial and Final states. Col1: Initial State  Col2: Initial Irrep Col3: Final State Col4: Final Irrep"
                                                         0                           1                           2                           3

0                                                        0                           0                           1                           0
1                                                        0                           0                           2                           0
2                                                        0                           0                           3                           0
   &MULTIPLICITIES [&Type "ArrayOfDoubles", &Dim (3,2)] "Col1: Multiplicity of the initial state  Col2: Multiplicity of the final state"
                                                         0                           1

0                                      1.0000000000000000e+00         1.0000000000000000e+00
1                                      1.0000000000000000e+00         1.0000000000000000e+00
2                                      1.0000000000000000e+00         1.0000000000000000e+00
   &EXCITATIONENERGIES [&Type "ArrayOfDoubles", &Dim (3,11)] 
                                                         0                           1                           2                           3                           4                           5                           6                           7

0                                      3.3572081302917409e+00         2.7077712513225895e+04         3.6930741454307037e+02         2.3881004154505317e-01         2.9034623479037913e+00        -1.4481098408353712e+00         0.0000000000000000e+00        -8.9203845041640006e-01
1                                      3.8222558972045948e+00         3.0828576102457602e+04         3.2437437158191733e+02         3.3980655560052089e-03         3.6287234744179581e-02        -1.2424064884332733e-01         0.0000000000000000e+00        -1.3871175613450185e-01
2                                      3.9481667217766230e+00         3.1844115496426697e+04         3.1402976167204650e+02         1.2799583490070630e-02         1.3232510108586326e-01         2.8778208833816155e-01         0.0000000000000000e+00         2.0764426424487076e-01
                                                         8                           9                          10

0                                      0.0000000000000000e+00        -1.0347772590396180e-01         0.0000000000000000e+00
1                                      0.0000000000000000e+00        -4.0131591411892757e-02         0.0000000000000000e+00
2                                      0.0000000000000000e+00         7.9940166648538771e-02         0.0000000000000000e+00
$End
$Geometry
   &GeometryIndex 13
   &ListStatus       OUT
   &NATOMS [&Type "Integer"] 35
   &NCORELESSECP [&Type "Integer"] 0
   &NGHOSTATOMS [&Type "Integer"] 0
   &CartesianCoordinates [&Type "Coordinates", &Dim(35,4), &Units "Bohr"] 
              C     -3.138382449041   -3.704111387462   -0.760778087461
              C     -2.290358157149   -5.644174738637   -2.340441137687
              C      0.154515619510   -5.636609545540   -3.222618056267
              C     -1.539002053590   -1.767339766021   -0.090645718250
              C      1.002293837526   -1.696698369165   -0.930146966285
              O     -2.382334238015    0.089404726188    1.561927455260
              C      1.833335887262   -3.694922942643   -2.540338021673
              C      4.370117424877   -3.725914425071   -3.478249376460
              C      6.046838811988   -1.891269937437   -2.883413939448
              C      2.827804946019    0.217509676520   -0.292996425176
              C      5.318807419715    0.138008701628   -1.263194413093
              N      2.251038642635    2.174260135088    1.277088018204
              C      3.851860964206    4.009628109808    1.926245714932
              C      6.294762478410    4.007012814226    0.994049424448
              C      7.015417388379    2.065399019123   -0.590076283841
              C     -4.547157462283    1.478351856475    0.900314444297
              O     -5.330368953940    1.517882230547   -1.256778476348
              N     -5.482383927872    2.722756692436    2.893304999553
              C     -7.567737211775    4.489546865902    2.513959145808
              C     -4.568943780259    2.489859820658    5.489684085384
              H     -3.318498641646    0.880199047241    5.682034318866
              H     -6.190943770167    2.230138859006    6.734859993743
              H     -3.573210441265    4.207420090236    6.054335224239
              H     -7.964848458208    4.674430166251    0.511963545177
              H     -7.050538267306    6.330592751249    3.286337459047
              H     -9.253790048027    3.809970375897    3.489863877805
              H      0.825407471065   -7.129602507444   -4.448237470897
              H     -5.055067649246   -3.708286121069   -0.054303827513
              H     -3.572848349333   -7.150880494337   -2.855551795188
              H      4.916269754843   -5.274016338038   -4.698835908872
              H      7.959600608910   -1.921184482080   -3.605022629197
              H      3.122744721490    5.435538976362    3.190998866637
              H      7.582578933287    5.498500015587    1.522643722894
              H      8.917939847689    2.000456340275   -1.340462956638
              H      0.473856969040    2.198782065302    2.004803093423
$End
$SCF_Energy
   &GeometryIndex 13
   &ListStatus       OUT
   &SCF_ENERGY [&Type "Double"]      -8.7889666579788434e+02
$End
$DFT_Energy
   &GeometryIndex 13
   &ListStatus       OUT
   &NALPHAEL [&Type "Integer"] 70
   &NBETAEL [&Type "Integer"] 70
   &NTOTALEL [&Type "Integer"] 139
   &EEXCHANGE [&Type "Double"]      -9.3725650282907765e+01
   &ECORR [&Type "Double"]      -6.1589265873364081e+00
   &ECNL [&Type "Double"]       0.0000000000000000e+00
   &EXC [&Type "Double"]      -9.9884576870244175e+01
   &EEMBED [&Type "Double"]       0.0000000000000000e+00
   &FINALEN [&Type "Double"]      -8.7889666579788434e+02  "No Van der Waals correction"
$End
$Solvation_Details
   &GeometryIndex 13
   &ListStatus       OUT
   &SOLVENT [&Type "String"] "WATER"
   &EPSILON [&Type "Double"]       8.0150999999999996e+01
   &REFRAC [&Type "Double"]       1.3328000000000000e+00
   &RSOLV [&Type "Double"]       1.3000000000000000e+00
   &SURFACETYPE [&Type "String"] "GAUSSIAN VDW"
   &NPOINTS [&Type "Integer"] 3071
   &SURFACEAREA [&Type "Double"]       1.0853294422849999e+03
   &CPCMDIELENERGY [&Type "Double"]      -8.6883000000000002e-02
$End
$CIS_Absorption_Spectrum
   &GeometryIndex 13
   &ListStatus       OUT
   &TEMPERATURE [&Type "Double"]       2.9814999999999998e+02
   &METHOD [&Type "Integer"] 20
   &RELCORRECTION [&Type "Integer"] 1 "Type of relativistic treatment in QDPT. 0->Unknow, 1->None, 2->SOC, 3->SSC, 4->SOC/SSC"
   &DENSTYPE [&Type "Integer"] 3 "Type of density (electron/spin ...). 0->Unknow, 1->Electronic, 2->Spin, 3->Trans/Electronic, 4->Tran/Spin"
   &DERITYPE [&Type "Integer"] 0 "Type of derivative (w.r.t. to what perturbation). 0->Unknown, 1->No Derivative, 2->Electric/Dipole, 3->Electric/Quad, 4->Magnetic/Dipole, 5->Magnetic/Quad"
   &DENSLEVEL [&Type "Integer"] 0 "// Source of density: relaxed, unrelaxed, ... 0->Unknown, 1->Linearized, 2->Unrelaxed, 3->Relaxed"
   &REPRESENTATION [&Type "String"] "Length" "Possible values: Unknown,  Length, Velocity"
   &POINTGROUP [&Type "String"] "C1"
   &NTRANS [&Type "Integer"] 3
   &DOHIGHERMOMENTS [&Type "Boolean"] false
   &STATES [&Type "ArrayOfIntegers", &Dim (3,4)] "The initial and Final states. Col1: Initial State  Col2: Initial Irrep Col3: Final State Col4: Final Irrep"
                                                         0                           1                           2                           3

0                                                        0                           0                           1                           0
1                                                        0                           0                           2                           0
2                                                        0                           0                           3                           0
   &MULTIPLICITIES [&Type "ArrayOfDoubles", &Dim (3,2)] "Col1: Multiplicity of the initial state  Col2: Multiplicity of the final state"
                                                         0                           1

0                                      1.0000000000000000e+00         1.0000000000000000e+00
1                                      1.0000000000000000e+00         1.0000000000000000e+00
2                                      1.0000000000000000e+00         1.0000000000000000e+00
   &EXCITATIONENERGIES [&Type "ArrayOfDoubles", &Dim (3,11)] 
                                                         0                           1                           2                           3                           4                           5                           6                           7

0                                      3.3569550519008509e+00         2.7075671298131125e+04         3.6933525635946984e+02         2.3896392011848736e-01         2.9055522409046493e+00        -1.4485306582501360e+00         0.0000000000000000e+00        -8.9252046074101621e-01
1                                      3.8215421401597416e+00         3.0822819263049751e+04         3.2443495563003063e+02         3.3080781973082360e-03         3.5332876431544140e-02        -1.2252190332859170e-01         0.0000000000000000e+00        -1.3695515132183086e-01
2                                      3.9480580045858735e+00         3.1843238633056269e+04         3.1403840907121366e+02         1.2828370304613168e-02         1.3262635795264352e-01         2.8835218621165232e-01         0.0000000000000000e+00         2.0771936758698803e-01
                                                         8                           9                          10

0                                      0.0000000000000000e+00        -1.0352970671609611e-01         0.0000000000000000e+00
1                                      0.0000000000000000e+00        -3.9554344422550826e-02         0.0000000000000000e+00
2                                      0.0000000000000000e+00         7.9574110041305865e-02         0.0000000000000000e+00
$End
$Geometry
   &GeometryIndex 14
   &ListStatus       OUT
   &NATOMS [&Type "Integer"] 35
   &NCORELESSECP [&Type "Integer"] 0
   &NGHOSTATOMS [&Type "Integer"] 0
   &CartesianCoordinates [&Type "Coordinates", &Dim(35,4), &Units "Bohr"] 
              C     -3.138124672767   -3.704230788643   -0.760559452153
              C     -2.290142700502   -5.644242888315   -2.340356567209
              C      0.154580204119   -5.636570657610   -3.222959637484
              C     -1.538912403937   -1.767205419207   -0.090809247163
              C      1.002294787625   -1.696589679311   -0.930703412263
              O     -2.382174576363    0.089539784185    1.561999091292
              C      1.833425969831   -3.694877050728   -2.540778043201
              C      4.370455064936   -3.726207114843   -3.478095076791
              C      6.047213634791   -1.891611490108   -2.883145292738
              C      2.827834573202    0.217459155314   -0.293453414481
              C      5.318917452378    0.137986744261   -1.263425699877
              N      2.250910927599    2.173872182367    1.276944400712
              C      3.851591609265    4.009185006826    1.926459150851
              C      6.294415602863    4.006973164611    0.994066672040
              C      7.015275817718    2.065588267813   -0.590262979580
              C     -4.546962274171    1.478740632179    0.900546502973
              O     -5.330582572078    1.517853177712   -1.256393246194
              N     -5.481699009782    2.723916765869    2.893321511529
              C     -7.568206088050    4.489384289103    2.513938045175
              C     -4.569643631547    2.489900719764    5.490100637257
              H     -3.320772354955    0.879035012767    5.682793496751
              H     -6.192520306322    2.231423863369    6.734390033766
              H     -3.572615544546    4.206419552293    6.055605222196
              H     -7.966333724984    4.672930173942    0.512028351888
              H     -7.051823799166    6.331169145999    3.285095730976
              H     -9.253382786059    3.809256347963    3.490980483343
              H      0.825377675794   -7.129620291729   -4.448563054517
              H     -5.054676688267   -3.708679823098   -0.053722857560
              H     -3.572594449357   -7.151081486033   -2.855175624319
              H      4.916785899197   -5.274589362889   -4.698248058057
              H      7.960160550362   -1.921826778758   -3.604253799561
              H      3.122436120109    5.434750230112    3.191578639596
              H      7.582097040914    5.498529042115    1.522793758841
              H      8.917820932466    2.000919998505   -1.340617156222
              H      0.473722777673    2.198075684568    2.004694836062
$End
$SCF_Energy
   &GeometryIndex 14
   &ListStatus       OUT
   &SCF_ENERGY [&Type "Double"]      -8.7889666547901675e+02
$End
$DFT_Energy
   &GeometryIndex 14
   &ListStatus       OUT
   &NALPHAEL [&Type "Integer"] 70
   &NBETAEL [&Type "Integer"] 70
   &NTOTALEL [&Type "Integer"] 139
   &EEXCHANGE [&Type "Double"]      -9.3725658783398387e+01
   &ECORR [&Type "Double"]      -6.1589237900251286e+00
   &ECNL [&Type "Double"]       0.0000000000000000e+00
   &EXC [&Type "Double"]      -9.9884582573423515e+01
   &EEMBED [&Type "Double"]       0.0000000000000000e+00
   &FINALEN [&Type "Double"]      -8.7889666547901675e+02  "No Van der Waals correction"
$End
$Solvation_Details
   &GeometryIndex 14
   &ListStatus       OUT
   &SOLVENT [&Type "String"] "WATER"
   &EPSILON [&Type "Double"]       8.0150999999999996e+01
   &REFRAC [&Type "Double"]       1.3328000000000000e+00
   &RSOLV [&Type "Double"]       1.3000000000000000e+00
   &SURFACETYPE [&Type "String"] "GAUSSIAN VDW"
   &NPOINTS [&Type "Integer"] 3071
   &SURFACEAREA [&Type "Double"]       1.0853535205149999e+03
   &CPCMDIELENERGY [&Type "Double"]      -8.6895419000000002e-02
$End
$CIS_Absorption_Spectrum
   &GeometryIndex 14
   &ListStatus       OUT
   &TEMPERATURE [&Type "Double"]       2.9814999999999998e+02
   &METHOD [&Type "Integer"] 20
   &RELCORRECTION [&Type "Integer"] 1 "Type of relativistic treatment in QDPT. 0->Unknow, 1->None, 2->SOC, 3->SSC, 4->SOC/SSC"
   &DENSTYPE [&Type "Integer"] 3 "Type of density (electron/spin ...). 0->Unknow, 1->Electronic, 2->Spin, 3->Trans/Electronic, 4->Tran/Spin"
   &DERITYPE [&Type "Integer"] 0 "Type of derivative (w.r.t. to what perturbation). 0->Unknown, 1->No Derivative, 2->Electric/Dipole, 3->Electric/Quad, 4->Magnetic/Dipole, 5->Magnetic/Quad"
   &DENSLEVEL [&Type "Integer"] 0 "// Source of density: relaxed, unrelaxed, ... 0->Unknown, 1->Linearized, 2->Unrelaxed, 3->Relaxed"
   &REPRESENTATION [&Type "String"] "Length" "Possible values: Unknown,  Length, Velocity"
   &POINTGROUP [&Type "String"] "C1"
   &NTRANS [&Type "Integer"] 3
   &DOHIGHERMOMENTS [&Type "Boolean"] false
   &STATES [&Type "ArrayOfIntegers", &Dim (3,4)] "The initial and Final states. Col1: Initial State  Col2: Initial Irrep Col3: Final State Col4: Final Irrep"
                                                         0                           1                           2                           3

0                                                        0                           0                           1                           0
1                                                        0                           0                           2                           0
2                                                        0                           0                           3                           0
   &MULTIPLICITIES [&Type "ArrayOfDoubles", &Dim (3,2)] "Col1: Multiplicity of the initial state  Col2: Multiplicity of the final state"
                                                         0                           1

0                                      1.0000000000000000e+00         1.0000000000000000e+00
1                                      1.0000000000000000e+00         1.0000000000000000e+00
2                                      1.0000000000000000e+00         1.0000000000000000e+00
   &EXCITATIONENERGIES [&Type "ArrayOfDoubles", &Dim (3,11)] 
                                                         0                           1                           2                           3                           4                           5                           6                           7

0                                      3.3573609697593523e+00         2.7078945246796186e+04         3.6929060230597935e+02         2.3880861276076418e-01         2.9033128011497689e+00        -1.4480188151492646e+00         0.0000000000000000e+00        -8.9210002225481388e-01
1                                      3.8219299916463632e+00         3.0825947496583380e+04         3.2440203179832048e+02         3.3668982361447159e-03         3.5957471345407180e-02        -1.2355302002415340e-01         0.0000000000000000e+00        -1.3819202899606836e-01
2                                      3.9480548811796545e+00         3.1843213441083539e+04         3.1403865751495357e+02         1.2913404377104219e-02         1.3350558999814136e-01         2.8844197735233834e-01         0.0000000000000000e+00         2.0929893169350322e-01
                                                         8                           9                          10

0                                      0.0000000000000000e+00        -1.0349812759876086e-01         0.0000000000000000e+00
1                                      0.0000000000000000e+00        -3.9938524137330518e-02         0.0000000000000000e+00
2                                      0.0000000000000000e+00         8.0627370608080492e-02         0.0000000000000000e+00
$End
$Geometry
   &GeometryIndex 15
   &ListStatus       OUT
   &NATOMS [&Type "Integer"] 35
   &NCORELESSECP [&Type "Integer"] 0
   &NGHOSTATOMS [&Type "Integer"] 0
   &CartesianCoordinates [&Type "Coordinates", &Dim(35,4), &Units "Bohr"] 
              C     -3.138275219656   -3.704737902219   -0.760481359080
              C     -2.290231171290   -5.644468426253   -2.340557906370
              C      0.154496484549   -5.636322903221   -3.223079330110
              C     -1.539258588843   -1.767501147296   -0.090730368949
              C      1.001937586405   -1.696266132391   -0.930543079278
              O     -2.382747220931    0.088963309625    1.562060949087
              C      1.833151790211   -3.694576205890   -2.540573987907
              C      4.370233452476   -3.726215615516   -3.477561745946
              C      6.046929177966   -1.891584012716   -2.882741912483
              C      2.827498494833    0.217974748348   -0.293320166487
              C      5.318552882823    0.138259436526   -1.263433098242
              N      2.251176718655    2.174564014904    1.277182747091
              C      3.852442274623    4.009472928981    1.926702981451
              C      6.295145677789    4.006969657150    0.993967034781
              C      7.015329089778    2.065603111217   -0.590639909035
              C     -4.547118642134    1.478476210114    0.900243816174
              O     -5.330430632827    1.517892658216   -1.256821515783
              N     -5.481774762485    2.723541454319    2.893101903311
              C     -7.568003841072    4.489354078398    2.514102125702
              C     -4.568982946535    2.489640282111    5.489630188572
              H     -3.319340424048    0.879343857046    5.681874274590
              H     -6.191389345576    2.230358888506    6.734368770699
              H     -3.572562783391    4.206571240891    6.054962777088
              H     -7.965928224754    4.673603208721    0.512209770722
              H     -7.051436273413    6.330822843631    3.285887020860
              H     -9.253376570676    3.809168589397    3.490771478269
              H      0.825583690982   -7.129138177822   -4.448807126274
              H     -5.054762154112   -3.709421131962   -0.053455956926
              H     -3.572502044831   -7.151396717802   -2.855563393560
              H      4.916643782292   -5.274843789986   -4.697361004496
              H      7.959973553069   -1.921961766447   -3.603579062123
              H      3.123769511612    5.435042413604    3.192095973022
              H      7.583176132617    5.498237921851    1.522659479786
              H      8.917713591494    2.000559832666   -1.341366473240
              H      0.474138895631    2.199179688304    2.005221129087
$End
$SCF_Energy
   &GeometryIndex 15
   &ListStatus       OUT
   &SCF_ENERGY [&Type "Double"]      -8.7889666561777699e+02
$End
$DFT_Energy
   &GeometryIndex 15
   &ListStatus       OUT
   &NALPHAEL [&Type "Integer"] 70
   &NBETAEL [&Type "Integer"] 70
   &NTOTALEL [&Type "Integer"] 139
   &EEXCHANGE [&Type "Double"]      -9.3725583795480929e+01
   &ECORR [&Type "Double"]      -6.1589205935749378e+00
   &ECNL [&Type "Double"]       0.0000000000000000e+00
   &EXC [&Type "Double"]      -9.9884504389055863e+01
   &EEMBED [&Type "Double"]       0.0000000000000000e+00
   &FINALEN [&Type "Double"]      -8.7889666561777699e+02  "No Van der Waals correction"
$End
$Solvation_Details
   &GeometryIndex 15
   &ListStatus       OUT
   &SOLVENT [&Type "String"] "WATER"
   &EPSILON [&Type "Double"]       8.0150999999999996e+01
   &REFRAC [&Type "Double"]       1.3328000000000000e+00
   &RSOLV [&Type "Double"]       1.3000000000000000e+00
   &SURFACETYPE [&Type "String"] "GAUSSIAN VDW"
   &NPOINTS [&Type "Integer"] 3069
   &SURFACEAREA [&Type "Double"]       1.0853517389829999e+03
   &CPCMDIELENERGY [&Type "Double"]      -8.6882740000000000e-02
$End
$CIS_Absorption_Spectrum
   &GeometryIndex 15
   &ListStatus       OUT
   &TEMPERATURE [&Type "Double"]       2.9814999999999998e+02
   &METHOD [&Type "Integer"] 20
   &RELCORRECTION [&Type "Integer"] 1 "Type of relativistic treatment in QDPT. 0->Unknow, 1->None, 2->SOC, 3->SSC, 4->SOC/SSC"
   &DENSTYPE [&Type "Integer"] 3 "Type of density (electron/spin ...). 0->Unknow, 1->Electronic, 2->Spin, 3->Trans/Electronic, 4->Tran/Spin"
   &DERITYPE [&Type "Integer"] 0 "Type of derivative (w.r.t. to what perturbation). 0->Unknown, 1->No Derivative, 2->Electric/Dipole, 3->Electric/Quad, 4->Magnetic/Dipole, 5->Magnetic/Quad"
   &DENSLEVEL [&Type "Integer"] 0 "// Source of density: relaxed, unrelaxed, ... 0->Unknown, 1->Linearized, 2->Unrelaxed, 3->Relaxed"
   &REPRESENTATION [&Type "String"] "Length" "Possible values: Unknown,  Length, Velocity"
   &POINTGROUP [&Type "String"] "C1"
   &NTRANS [&Type "Integer"] 3
   &DOHIGHERMOMENTS [&Type "Boolean"] false
   &STATES [&Type "ArrayOfIntegers", &Dim (3,4)] "The initial and Final states. Col1: Initial State  Col2: Initial Irrep Col3: Final State Col4: Final Irrep"
                                                         0                           1                           2                           3

0                                                        0                           0                           1                           0
1                                                        0                           0                           2                           0
2                                                        0                           0                           3                           0
   &MULTIPLICITIES [&Type "ArrayOfDoubles", &Dim (3,2)] "Col1: Multiplicity of the initial state  Col2: Multiplicity of the final state"
                                                         0                           1

0                                      1.0000000000000000e+00         1.0000000000000000e+00
1                                      1.0000000000000000e+00         1.0000000000000000e+00
2                                      1.0000000000000000e+00         1.0000000000000000e+00
   &EXCITATIONENERGIES [&Type "ArrayOfDoubles", &Dim (3,11)] 
                                                         0                           1                           2                           3                           4                           5                           6                           7

0                                      3.3570082526397083e+00         2.7076100391072752e+04         3.6932940325842100e+02         2.3890549694638114e-01         2.9047958410574193e+00        -1.4484468200989362e+00         0.0000000000000000e+00        -8.9224411563875949e-01
1                                      3.8212220347935255e+00         3.0820237438883967e+04         3.2446213368180037e+02         3.2806980511108069e-03         3.5043370291841472e-02        -1.2191709219226023e-01         0.0000000000000000e+00        -1.3647758413952954e-01
2                                      3.9480390893386574e+00         3.1843086071282807e+04         3.1403991364449894e+02         1.2868391887373383e-02         1.3304075927250650e-01         2.8876494419674326e-01         0.0000000000000000e+00         2.0808660704663035e-01
                                                         8                           9                          10

0                                      0.0000000000000000e+00        -1.0343156438296343e-01         0.0000000000000000e+00
1                                      0.0000000000000000e+00        -3.9413981664671020e-02         0.0000000000000000e+00
2                                      0.0000000000000000e+00         7.9721579533897233e-02         0.0000000000000000e+00
$End
$Geometry
   &GeometryIndex 16
   &ListStatus       OUT
   &NATOMS [&Type "Integer"] 35
   &NCORELESSECP [&Type "Integer"] 0
   &NGHOSTATOMS [&Type "Integer"] 0
   &CartesianCoordinates [&Type "Coordinates", &Dim(35,4), &Units "Bohr"] 
              C     -3.137958605246   -3.704590363675   -0.759924897326
              C     -2.290301449911   -5.643963162574   -2.340677590224
              C      0.154386917253   -5.636186792530   -3.223359028492
              C     -1.538808092933   -1.767493928135   -0.090243490296
              C      1.002388261715   -1.696756557474   -0.930253944991
              O     -2.382367244364    0.089535745661    1.561993129100
              C      1.833506069601   -3.695014069581   -2.540364955298
              C      4.370584794031   -3.726486847284   -3.477545092871
              C      6.047162395675   -1.891525143041   -2.883228714880
              C      2.827788049829    0.217626365837   -0.293577239906
              C      5.318779310828    0.138295182455   -1.263833977691
              N      2.250862249559    2.174166857004    1.276654787987
              C      3.851759680033    4.009148660701    1.926591911230
              C      6.294668764117    4.006731230437    0.994421146800
              C      7.015233448194    2.065775857090   -0.590567622008
              C     -4.547275137332    1.478572077804    0.900256872926
              O     -5.330540771061    1.518020636932   -1.256803225121
              N     -5.482359484229    2.723166814174    2.893226735702
              C     -7.568024146221    4.489714702151    2.514254326964
              C     -4.569165745418    2.489888434045    5.489656152033
              H     -3.319074842147    0.879953068184    5.681992100303
              H     -6.191336706047    2.230401660688    6.734657944452
              H     -3.573131240110    4.207192325708    6.054548515402
              H     -7.965608141913    4.674541549961    0.512345706250
              H     -7.050905599936    6.330829025993    3.286522019068
              H     -9.253756683121    3.809904245794    3.490551413881
              H      0.824964859673   -7.128780357147   -4.449637022927
              H     -5.054430832624   -3.709193781279   -0.052859778779
              H     -3.572956020766   -7.150408097343   -2.856142874271
              H      4.917002068064   -5.275121797961   -4.697338235445
              H      7.960083818451   -1.921737533401   -3.604404830060
              H      3.122684531462    5.434654314573    3.191824328536
              H      7.582562044447    5.497935471307    1.523624352453
              H      8.917721313449    2.001150430123   -1.341070831511
              H      0.473632784870    2.198494808015    2.004298214350
$End
$SCF_Energy
   &GeometryIndex 16
   &ListStatus       OUT
   &SCF_ENERGY [&Type "Double"]      -8.7889666566747371e+02
$End
$DFT_Energy
   &GeometryIndex 16
   &ListStatus       OUT
   &NALPHAEL [&Type "Integer"] 70
   &NBETAEL [&Type "Integer"] 70
   &NTOTALEL [&Type "Integer"] 139
   &EEXCHANGE [&Type "Double"]      -9.3725607831935633e+01
   &ECORR [&Type "Double"]      -6.1589210057156576e+00
   &ECNL [&Type "Double"]       0.0000000000000000e+00
   &EXC [&Type "Double"]      -9.9884528837651288e+01
   &EEMBED [&Type "Double"]       0.0000000000000000e+00
   &FINALEN [&Type "Double"]      -8.7889666566747371e+02  "No Van der Waals correction"
$End
$Solvation_Details
   &GeometryIndex 16
   &ListStatus       OUT
   &SOLVENT [&Type "String"] "WATER"
   &EPSILON [&Type "Double"]       8.0150999999999996e+01
   &REFRAC [&Type "Double"]       1.3328000000000000e+00
   &RSOLV [&Type "Double"]       1.3000000000000000e+00
   &SURFACETYPE [&Type "String"] "GAUSSIAN VDW"
   &NPOINTS [&Type "Integer"] 3069
   &SURFACEAREA [&Type "Double"]       1.0853509596770000e+03
   &CPCMDIELENERGY [&Type "Double"]      -8.6892358000000003e-02
$End
$CIS_Absorption_Spectrum
   &GeometryIndex 16
   &ListStatus       OUT
   &TEMPERATURE [&Type "Double"]       2.9814999999999998e+02
   &METHOD [&Type "Integer"] 20
   &RELCORRECTION [&Type "Integer"] 1 "Type of relativistic treatment in QDPT. 0->Unknow, 1->None, 2->SOC, 3->SSC, 4->SOC/SSC"
   &DENSTYPE [&Type "Integer"] 3 "Type of density (electron/spin ...). 0->Unknow, 1->Electronic, 2->Spin, 3->Trans/Electronic, 4->Tran/Spin"
   &DERITYPE [&Type "Integer"] 0 "Type of derivative (w.r.t. to what perturbation). 0->Unknown, 1->No Derivative, 2->Electric/Dipole, 3->Electric/Quad, 4->Magnetic/Dipole, 5->Magnetic/Quad"
   &DENSLEVEL [&Type "Integer"] 0 "// Source of density: relaxed, unrelaxed, ... 0->Unknown, 1->Linearized, 2->Unrelaxed, 3->Relaxed"
   &REPRESENTATION [&Type "String"] "Length" "Possible values: Unknown,  Length, Velocity"
   &POINTGROUP [&Type "String"] "C1"
   &NTRANS [&Type "Integer"] 3
   &DOHIGHERMOMENTS [&Type "Boolean"] false
   &STATES [&Type "ArrayOfIntegers", &Dim (3,4)] "The initial and Final states. Col1: Initial State  Col2: Initial Irrep Col3: Final State Col4: Final Irrep"
                                                         0                           1                           2                           3

0                                                        0                           0                           1                           0
1                                                        0                           0                           2                           0
2                                                        0                           0                           3                           0
   &MULTIPLICITIES [&Type "ArrayOfDoubles", &Dim (3,2)] "Col1: Multiplicity of the initial state  Col2: Multiplicity of the final state"
                                                         0                           1

0                                      1.0000000000000000e+00         1.0000000000000000e+00
1                                      1.0000000000000000e+00         1.0000000000000000e+00
2                                      1.0000000000000000e+00         1.0000000000000000e+00
   &EXCITATIONENERGIES [&Type "ArrayOfDoubles", &Dim (3,11)] 
                                                         0                           1                           2                           3                           4                           5                           6                           7

0                                      3.3572915089477786e+00         2.7078385007509929e+04         3.6929824275807425e+02         2.3890162098775994e-01         2.9045036391329968e+00        -1.4482526637047906e+00         0.0000000000000000e+00        -8.9238250510391015e-01
1                                      3.8219559008054587e+00         3.0826156468066296e+04         3.2439983266675779e+02         3.3640443495674514e-03         3.5926749135720748e-02        -1.2348211237018275e-01         0.0000000000000000e+00        -1.3811799729681576e-01
2                                      3.9481278557317778e+00         3.1843802020601546e+04         3.1403285303464821e+02         1.2885861292169251e-02         1.3321837268442999e-01         2.8845742976400879e-01         0.0000000000000000e+00         2.0868923208886633e-01
                                                         8                           9                          10

0                                      0.0000000000000000e+00        -1.0354383511076562e-01         0.0000000000000000e+00
1                                      0.0000000000000000e+00        -4.0029187888778142e-02         0.0000000000000000e+00
2                                      0.0000000000000000e+00         8.0370941941296209e-02         0.0000000000000000e+00
$End
$Geometry
   &GeometryIndex 17
   &ListStatus       OUT
   &NATOMS [&Type "Integer"] 35
   &NCORELESSECP [&Type "Integer"] 0
   &NGHOSTATOMS [&Type "Integer"] 0
   &CartesianCoordinates [&Type "Coordinates", &Dim(35,4), &Units "Bohr"] 
              C     -3.138148454111   -3.704648795978   -0.760269029101
              C     -2.290271260864   -5.644380306884   -2.340489869197
              C      0.154379207935   -5.636398422709   -3.223297705237
              C     -1.538988812445   -1.767423341691   -0.090851339284
              C      1.002171043284   -1.696603686916   -0.930587123353
              O     -2.381944658359    0.089750967085    1.561470129109
              C      1.833302313704   -3.694913027706   -2.540650803225
              C      4.370382680606   -3.726366319141   -3.477676830337
              C      6.046896760389   -1.891531182314   -2.882878096939
              C      2.827503817114    0.217758105682   -0.293300881904
              C      5.318493555903    0.138217680643   -1.263433505909
              N      2.250940662402    2.174358810501    1.277112982479
              C      3.852007581182    4.009387697747    1.926673973481
              C      6.294781807241    4.006932806915    0.994142132428
              C      7.015119014813    2.065641425463   -0.590498526063
              C     -4.546954666967    1.478500654782    0.900482486137
              O     -5.330718073082    1.518276393894   -1.256414807785
              N     -5.482080159146    2.722842414284    2.893562232221
              C     -7.567631109646    4.489217648583    2.513425341254
              C     -4.569192103635    2.489987667659    5.490156019983
              H     -3.319217161939    0.879976187564    5.682862191187
              H     -6.191523455875    2.230801496537    6.735009446712
              H     -3.573096878364    4.207309400186    6.054890796698
              H     -7.964542725104    4.673215571131    0.511324003348
              H     -7.050818886312    6.330662545171    3.285111603472
              H     -9.253693056864    3.809753489838    3.489390898839
              H      0.825157855109   -7.129143260977   -4.449282623683
              H     -5.054620739463   -3.709236495151   -0.053203262969
              H     -3.572710353654   -7.151168469372   -2.855490973881
              H      4.916926897916   -5.274881040938   -4.697562789321
              H      7.959901237044   -1.921701574646   -3.603831987758
              H      3.123137974394    5.434982765670    3.191926782134
              H      7.582739667274    5.498233927684    1.522915962791
              H      8.917535665424    2.000749685362   -1.341155274183
              H      0.473815143019    2.198880575372    2.004949254754
$End
$SCF_Energy
   &GeometryIndex 17
   &ListStatus       OUT
   &SCF_ENERGY [&Type "Double"]      -8.7889666604050740e+02
$End
$DFT_Energy
   &GeometryIndex 17
   &ListStatus       OUT
   &NALPHAEL [&Type "Integer"] 70
   &NBETAEL [&Type "Integer"] 70
   &NTOTALEL [&Type "Integer"] 139
   &EEXCHANGE [&Type "Double"]      -9.3725678706060862e+01
   &ECORR [&Type "Double"]      -6.1589268781661488e+00
   &ECNL [&Type "Double"]       0.0000000000000000e+00
   &EXC [&Type "Double"]      -9.9884605584227018e+01
   &EEMBED [&Type "Double"]       0.0000000000000000e+00
   &FINALEN [&Type "Double"]      -8.7889666604050740e+02  "No Van der Waals correction"
$End
$Solvation_Details
   &GeometryIndex 17
   &ListStatus       OUT
   &SOLVENT [&Type "String"] "WATER"
   &EPSILON [&Type "Double"]       8.0150999999999996e+01
   &REFRAC [&Type "Double"]       1.3328000000000000e+00
   &RSOLV [&Type "Double"]       1.3000000000000000e+00
   &SURFACETYPE [&Type "String"] "GAUSSIAN VDW"
   &NPOINTS [&Type "Integer"] 3070
   &SURFACEAREA [&Type "Double"]       1.0853389990380001e+03
   &CPCMDIELENERGY [&Type "Double"]      -8.6895369000000000e-02
$End
$CIS_Absorption_Spectrum
   &GeometryIndex 17
   &ListStatus       OUT
   &TEMPERATURE [&Type "Double"]       2.9814999999999998e+02
   &METHOD [&Type "Integer"] 20
   &RELCORRECTION [&Type "Integer"] 1 "Type of relativistic treatment in QDPT. 0->Unknow, 1->None, 2->SOC, 3->SSC, 4->SOC/SSC"
   &DENSTYPE [&Type "Integer"] 3 "Type of density (electron/spin ...). 0->Unknow, 1->Electronic, 2->Spin, 3->Trans/Electronic, 4->Tran/Spin"
   &DERITYPE [&Type "Integer"] 0 "Type of derivative (w.r.t. to what perturbation). 0->Unknown, 1->No Derivative, 2->Electric/Dipole, 3->Electric/Quad, 4->Magnetic/Dipole, 5->Magnetic/Quad"
   &DENSLEVEL [&Type "Integer"] 0 "// Source of density: relaxed, unrelaxed, ... 0->Unknown, 1->Linearized, 2->Unrelaxed, 3->Relaxed"
   &REPRESENTATION [&Type "String"] "Length" "Possible values: Unknown,  Length, Velocity"
   &POINTGROUP [&Type "String"] "C1"
   &NTRANS [&Type "Integer"] 3
   &DOHIGHERMOMENTS [&Type "Boolean"] false
   &STATES [&Type "ArrayOfIntegers", &Dim (3,4)] "The initial and Final states. Col1: Initial State  Col2: Initial Irrep Col3: Final State Col4: Final Irrep"
                                                         0                           1                           2                           3

0                                                        0                           0                           1                           0
1                                                        0                           0                           2                           0
2                                                        0                           0                           3                           0
   &MULTIPLICITIES [&Type "ArrayOfDoubles", &Dim (3,2)] "Col1: Multiplicity of the initial state  Col2: Multiplicity of the final state"
                                                         0                           1

0                                      1.0000000000000000e+00         1.0000000000000000e+00
1                                      1.0000000000000000e+00         1.0000000000000000e+00
2                                      1.0000000000000000e+00         1.0000000000000000e+00
   &EXCITATIONENERGIES [&Type "ArrayOfDoubles", &Dim (3,11)] 
                                                         0                           1                           2                           3                           4                           5                           6                           7

0                                      3.3570791756092935e+00         2.7076672423459924e+04         3.6932160066078660e+02         2.3883543690161127e-01         2.9038826475652195e+00        -1.4482294411144634e+00         0.0000000000000000e+00        -8.9208725848726456e-01
1                                      3.8216703720530072e+00         3.0823853523127204e+04         3.2442406957640702e+02         3.3518749418344576e-03         3.5799458851070047e-02        -1.2329501296267409e-01         0.0000000000000000e+00        -1.3787799776240156e-01
2                                      3.9480211071158222e+00         3.1842941034859272e+04         3.1404134401570337e+02         1.2888971624183010e-02         1.3325413124003674e-01         2.8850439305044195e-01         0.0000000000000000e+00         2.0872935374671178e-01
                                                         8                           9                          10

0                                      0.0000000000000000e+00        -1.0341400630081608e-01         0.0000000000000000e+00
1                                      0.0000000000000000e+00        -3.9842896012153288e-02         0.0000000000000000e+00
2                                      0.0000000000000000e+00         8.0320628204172489e-02         0.0000000000000000e+00
$End
$Geometry
   &GeometryIndex 18
   &ListStatus       OUT
   &NATOMS [&Type "Integer"] 35
   &NCORELESSECP [&Type "Integer"] 0
   &NGHOSTATOMS [&Type "Integer"] 0
   &CartesianCoordinates [&Type "Coordinates", &Dim(35,4), &Units "Bohr"] 
              C     -3.138115027598   -3.704410555824   -0.760488617915
              C     -2.290134229240   -5.644306898351   -2.340451272128
              C      0.154548289405   -5.636479548333   -3.223149470652
              C     -1.538949392673   -1.767278927498   -0.090835260760
              C      1.002122731381   -1.696475528347   -0.930753858831
              O     -2.381874880514    0.089734395815    1.561786643164
              C      1.833318157330   -3.694801359768   -2.540804890341
              C      4.370388721486   -3.726339012378   -3.477821233359
              C      6.046932627234   -1.891632559632   -2.882794333584
              C      2.827425050606    0.217785798209   -0.293360130745
              C      5.318424602981    0.138106528102   -1.263400991044
              N      2.250869823129    2.174308289295    1.277152133282
              C      3.851971665481    4.009299304231    1.926700012273
              C      6.294686312176    4.006864962882    0.994015748108
              C      7.015034928772    2.065515967939   -0.590534709184
              C     -4.546915287437    1.478460972850    0.900302924865
              O     -5.330049447666    1.517477946111   -1.256822752892
              N     -5.482292936992    2.722978338039    2.893234555247
              C     -7.567869340267    4.489662203764    2.514548530887
              C     -4.569531224940    2.490219360453    5.489858570552
              H     -3.319589944855    0.880231852485    5.682888182554
              H     -6.191999647742    2.231195925541    6.734569915305
              H     -3.573530789322    4.207622842575    6.054517653916
              H     -7.965679159440    4.674817777204    0.512710559373
              H     -7.050534645280    6.330626720508    3.287041945061
              H     -9.253527297958    3.809848111879    3.490973170584
              H      0.825418043594   -7.129426238580   -4.448838087995
              H     -5.054645120294   -3.708981980275   -0.053590162774
              H     -3.572554186069   -7.151163222603   -2.855299512359
              H      4.916905811033   -5.274858806139   -4.697711626228
              H      7.960006626062   -1.921819304586   -3.603560838532
              H      3.123195447249    5.434856752559    3.192048409697
              H      7.582647622699    5.498193502798    1.522699536764
              H      8.917452191217    2.000592690048   -1.341184107817
              H      0.473757610241    2.198770673274    2.005039341815
$End
$SCF_Energy
   &GeometryIndex 18
   &ListStatus       OUT
   &SCF_ENERGY [&Type "Double"]      -8.7889666613075974e+02
$End
$DFT_Energy
   &GeometryIndex 18
   &ListStatus       OUT
   &NALPHAEL [&Type "Integer"] 70
   &NBETAEL [&Type "Integer"] 70
   &NTOTALEL [&Type "Integer"] 139
   &EEXCHANGE [&Type "Double"]      -9.3725652485794257e+01
   &ECORR [&Type "Double"]      -6.1589264131346271e+00
   &ECNL [&Type "Double"]       0.0000000000000000e+00
   &EXC [&Type "Double"]      -9.9884578898928879e+01
   &EEMBED [&Type "Double"]       0.0000000000000000e+00
   &FINALEN [&Type "Double"]      -8.7889666613075974e+02  "No Van der Waals correction"
$End
$Solvation_Details
   &GeometryIndex 18
   &ListStatus       OUT
   &SOLVENT [&Type "String"] "WATER"
   &EPSILON [&Type "Double"]       8.0150999999999996e+01
   &REFRAC [&Type "Double"]       1.3328000000000000e+00
   &RSOLV [&Type "Double"]       1.3000000000000000e+00
   &SURFACETYPE [&Type "String"] "GAUSSIAN VDW"
   &NPOINTS [&Type "Integer"] 3070
   &SURFACEAREA [&Type "Double"]       1.0853494177929999e+03
   &CPCMDIELENERGY [&Type "Double"]      -8.6882220999999996e-02
$End
$CIS_Absorption_Spectrum
   &GeometryIndex 18
   &ListStatus       OUT
   &TEMPERATURE [&Type "Double"]       2.9814999999999998e+02
   &METHOD [&Type "Integer"] 20
   &RELCORRECTION [&Type "Integer"] 1 "Type of relativistic treatment in QDPT. 0->Unknow, 1->None, 2->SOC, 3->SSC, 4->SOC/SSC"
   &DENSTYPE [&Type "Integer"] 3 "Type of density (electron/spin ...). 0->Unknow, 1->Electronic, 2->Spin, 3->Trans/Electronic, 4->Tran/Spin"
   &DERITYPE [&Type "Integer"] 0 "Type of derivative (w.r.t. to what perturbation). 0->Unknown, 1->No Derivative, 2->Electric/Dipole, 3->Electric/Quad, 4->Magnetic/Dipole, 5->Magnetic/Quad"
   &DENSLEVEL [&Type "Integer"] 0 "// Source of density: relaxed, unrelaxed, ... 0->Unknown, 1->Linearized, 2->Unrelaxed, 3->Relaxed"
   &REPRESENTATION [&Type "String"] "Length" "Possible values: Unknown,  Length, Velocity"
   &POINTGROUP [&Type "String"] "C1"
   &NTRANS [&Type "Integer"] 3
   &DOHIGHERMOMENTS [&Type "Boolean"] false
   &STATES [&Type "ArrayOfIntegers", &Dim (3,4)] "The initial and Final states. Col1: Initial State  Col2: Initial Irrep Col3: Final State Col4: Final Irrep"
                                                         0                           1                           2                           3

0                                                        0                           0                           1                           0
1                                                        0                           0                           2                           0
2                                                        0                           0                           3                           0
   &MULTIPLICITIES [&Type "ArrayOfDoubles", &Dim (3,2)] "Col1: Multiplicity of the initial state  Col2: Multiplicity of the final state"
                                                         0                           1

0                                      1.0000000000000000e+00         1.0000000000000000e+00
1                                      1.0000000000000000e+00         1.0000000000000000e+00
2                                      1.0000000000000000e+00         1.0000000000000000e+00
   &EXCITATIONENERGIES [&Type "ArrayOfDoubles", &Dim (3,11)] 
                                                         0                           1                           2                           3                           4                           5                           6                           7

0                                      3.3573408174195363e+00         2.7078782707196959e+04         3.6929281896199171e+02         2.3895071384878763e-01         2.9050578308165242e+00        -1.4483576825832816e+00         0.0000000000000000e+00        -8.9251169825859011e-01
1                                      3.8215373454979154e+00         3.0822780591490078e+04         3.2443536267980051e+02         3.3207578612524627e-03         3.5468349713064735e-02        -1.2252524129295521e-01         0.0000000000000000e+00        -1.3737728443386954e-01
2                                      3.9481544824674537e+00         3.1844016779730508e+04         3.1403073516671560e+02         1.2871845780520639e-02         1.3307257814561974e-01         2.8835359410314959e-01         0.0000000000000000e+00         2.0855924642367243e-01
                                                         8                           9                          10

0                                      0.0000000000000000e+00        -1.0363745746629317e-01         0.0000000000000000e+00
1                                      0.0000000000000000e+00        -3.9791917279059875e-02         0.0000000000000000e+00
2                                      0.0000000000000000e+00         8.0173709185777889e-02         0.0000000000000000e+00
$End
$Geometry
   &GeometryIndex 19
   &ListStatus       OUT
   &NATOMS [&Type "Integer"] 35
   &NCORELESSECP [&Type "Integer"] 0
   &NGHOSTATOMS [&Type "Integer"] 0
   &CartesianCoordinates [&Type "Coordinates", &Dim(35,4), &Units "Bohr"] 
              C     -3.138147483188   -3.704450252907   -0.760211749248
              C     -2.290396429915   -5.644174028093   -2.340443615329
              C      0.154319302217   -5.636371115328   -3.223084035457
              C     -1.539016093240   -1.767191075035   -0.090911270031
              C      1.002077858594   -1.696231594980   -0.931004719270
              O     -2.382285704397    0.089401218245    1.561924774960
              C      1.833265616226   -3.694820406503   -2.540664294812
              C      4.370494550741   -3.726541618887   -3.477379376781
              C      6.046965353597   -1.891407159967   -2.883271037899
              C      2.827656928382    0.217861049156   -0.293689687145
              C      5.318693370192    0.138397676744   -1.263796296052
              N      2.251184081605    2.173832337817    1.277461966077
              C      3.851804879185    4.009434025679    1.926423883594
              C      6.294592649113    4.007169628891    0.993922194065
              C      7.015474539103    2.065402299762   -0.589927960310
              C     -4.547066090279    1.478431255190    0.900386634065
              O     -5.330356134031    1.517825502610   -1.256681410786
              N     -5.482216399802    2.723008417103    2.893323472659
              C     -7.567828363138    4.489500027683    2.514000448153
              C     -4.569191285984    2.489936344948    5.489834887997
              H     -3.319158551489    0.879971238913    5.682398652059
              H     -6.191456309040    2.230604992834    6.734746265448
              H     -3.573146124174    4.207260803334    6.054648619798
              H     -7.965214261955    4.674102157109    0.512034918836
              H     -7.050795820853    6.330705527435    3.286111017782
              H     -9.253662787035    3.809796833961    3.490197164580
              H      0.825128364875   -7.129339891186   -4.448779532804
              H     -5.054499489488   -3.709121184151   -0.052823996892
              H     -3.572854374397   -7.150975553099   -2.855355624903
              H      4.917132431031   -5.275450987926   -4.696725122342
              H      7.959937799482   -1.921745583354   -3.604306536349
              H      3.122753649804    5.435019801965    3.191581106018
              H      7.582350072751    5.498679168719    1.522598754214
              H      8.918269011829    2.000109896465   -1.339597841086
              H      0.474198672771    2.197869055768    2.005692478699
$End
$SCF_Energy
   &GeometryIndex 19
   &ListStatus       OUT
   &SCF_ENERGY [&Type "Double"]      -8.7889666618360127e+02
$End
$DFT_Energy
   &GeometryIndex 19
   &ListStatus       OUT
   &NALPHAEL [&Type "Integer"] 70
   &NBETAEL [&Type "Integer"] 70
   &NTOTALEL [&Type "Integer"] 139
   &EEXCHANGE [&Type "Double"]      -9.3725633803615054e+01
   &ECORR [&Type "Double"]      -6.1589236184987932e+00
   &ECNL [&Type "Double"]       0.0000000000000000e+00
   &EXC [&Type "Double"]      -9.9884557422113843e+01
   &EEMBED [&Type "Double"]       0.0000000000000000e+00
   &FINALEN [&Type "Double"]      -8.7889666618360127e+02  "No Van der Waals correction"
$End
$Solvation_Details
   &GeometryIndex 19
   &ListStatus       OUT
   &SOLVENT [&Type "String"] "WATER"
   &EPSILON [&Type "Double"]       8.0150999999999996e+01
   &REFRAC [&Type "Double"]       1.3328000000000000e+00
   &RSOLV [&Type "Double"]       1.3000000000000000e+00
   &SURFACETYPE [&Type "String"] "GAUSSIAN VDW"
   &NPOINTS [&Type "Integer"] 3071
   &SURFACEAREA [&Type "Double"]       1.0853593648910000e+03
   &CPCMDIELENERGY [&Type "Double"]      -8.6897371000000001e-02
$End
$CIS_Absorption_Spectrum
   &GeometryIndex 19
   &ListStatus       OUT
   &TEMPERATURE [&Type "Double"]       2.9814999999999998e+02
   &METHOD [&Type "Integer"] 20
   &RELCORRECTION [&Type "Integer"] 1 "Type of relativistic treatment in QDPT. 0->Unknow, 1->None, 2->SOC, 3->SSC, 4->SOC/SSC"
   &DENSTYPE [&Type "Integer"] 3 "Type of density (electron/spin ...). 0->Unknow, 1->Electronic, 2->Spin, 3->Trans/Electronic, 4->Tran/Spin"
   &DERITYPE [&Type "Integer"] 0 "Type of derivative (w.r.t. to what perturbation). 0->Unknown, 1->No Derivative, 2->Electric/Dipole, 3->Electric/Quad, 4->Magnetic/Dipole, 5->Magnetic/Quad"
   &DENSLEVEL [&Type "Integer"] 0 "// Source of density: relaxed, unrelaxed, ... 0->Unknown, 1->Linearized, 2->Unrelaxed, 3->Relaxed"
   &REPRESENTATION [&Type "String"] "Length" "Possible values: Unknown,  Length, Velocity"
   &POINTGROUP [&Type "String"] "C1"
   &NTRANS [&Type "Integer"] 3
   &DOHIGHERMOMENTS [&Type "Boolean"] false
   &STATES [&Type "ArrayOfIntegers", &Dim (3,4)] "The initial and Final states. Col1: Initial State  Col2: Initial Irrep Col3: Final State Col4: Final Irrep"
                                                         0                           1                           2                           3

0                                                        0                           0                           1                           0
1                                                        0                           0                           2                           0
2                                                        0                           0                           3                           0
   &MULTIPLICITIES [&Type "ArrayOfDoubles", &Dim (3,2)] "Col1: Multiplicity of the initial state  Col2: Multiplicity of the final state"
                                                         0                           1

0                                      1.0000000000000000e+00         1.0000000000000000e+00
1                                      1.0000000000000000e+00         1.0000000000000000e+00
2                                      1.0000000000000000e+00         1.0000000000000000e+00
   &EXCITATIONENERGIES [&Type "ArrayOfDoubles", &Dim (3,11)] 
                                                         0                           1                           2                           3                           4                           5                           6                           7

0                                      3.3571628094246142e+00         2.7077346975742581e+04         3.6931240010177379e+02         2.3883606844534599e-01         2.9038179843274396e+00        -1.4481881613105161e+00         0.0000000000000000e+00        -8.9211265090815806e-01
1                                      3.8217123890833804e+00         3.0824192413367236e+04         3.2442050276273886e+02         3.3519885548282660e-03         3.5800278683342006e-02        -1.2337436877839651e-01         0.0000000000000000e+00        -1.3782461667066012e-01
2                                      3.9480589504024115e+00         3.1843246261581909e+04         3.1403833383861848e+02         1.2864059479839048e-02         1.3299529932954485e-01         2.8830410667437190e-01         0.0000000000000000e+00         2.0843066370265620e-01
                                                         8                           9                          10

0                                      0.0000000000000000e+00        -1.0346038786475249e-01         0.0000000000000000e+00
1                                      0.0000000000000000e+00        -3.9792195861246764e-02         0.0000000000000000e+00
2                                      0.0000000000000000e+00         8.0204113564750906e-02         0.0000000000000000e+00
$End
$Geometry
   &GeometryIndex 20
   &ListStatus       OUT
   &NATOMS [&Type "Integer"] 35
   &NCORELESSECP [&Type "Integer"] 0
   &NGHOSTATOMS [&Type "Integer"] 0
   &CartesianCoordinates [&Type "Coordinates", &Dim(35,4), &Units "Bohr"] 
              C     -3.138006825357   -3.704208838562   -0.760360181560
              C     -2.289846658497   -5.643956850509   -2.340370253280
              C      0.154828736990   -5.636123545844   -3.222974264096
              C     -1.539007549044   -1.767052558384   -0.090623743183
              C      1.002060236537   -1.696236189730   -0.930673868318
              O     -2.382265215448    0.089622106020    1.562138790745
              C      1.833471059442   -3.694473815295   -2.540644406397
              C      4.370490402357   -3.726337301008   -3.477764614298
              C      6.047090037904   -1.891680148690   -2.882974303561
              C      2.827412577826    0.217757383695   -0.293444926393
              C      5.318396599263    0.137952618432   -1.263578136758
              N      2.250753564336    2.174071077780    1.277173074327
              C      3.851792064570    4.009107377898    1.926569183989
              C      6.294476320413    4.006591376265    0.993832045586
              C      7.014990974285    2.065202486077   -0.590572636021
              C     -4.547126284491    1.478546773560    0.900510541181
              O     -5.330346036487    1.517840799688   -1.256568019231
              N     -5.482334397793    2.723098613262    2.893391743022
              C     -7.567953125716    4.489563526058    2.513702749412
              C     -4.568876216644    2.489653930980    5.489731083424
              H     -3.318718983584    0.879724568304    5.681679003355
              H     -6.190849995955    2.229937321471    6.734937248216
              H     -3.572772245993    4.206892023413    6.054695069740
              H     -7.965035845983    4.673865138944    0.511648451593
              H     -7.051046389361    6.330885415492    3.285610026805
              H     -9.253928113202    3.809958713129    3.489717874005
              H      0.825751535283   -7.129082995039   -4.448610673543
              H     -5.054537139321   -3.708974390400   -0.053466297932
              H     -3.572181780223   -7.150851925249   -2.855301378228
              H      4.916753008650   -5.275043909995   -4.697526046956
              H      7.960174369885   -1.921811002298   -3.603710166990
              H      3.123085813044    5.434715612102    3.191895437689
              H      7.582415213739    5.497942633635    1.522493452358
              H      8.917483443328    2.000229233408   -1.341021572920
              H      0.473650998598    2.198392373977    2.005101027413
$End
$SCF_Energy
   &GeometryIndex 20
   &ListStatus       OUT
   &SCF_ENERGY [&Type "Double"]      -8.7889666577460218e+02
$End
$DFT_Energy
   &GeometryIndex 20
   &ListStatus       OUT
   &NALPHAEL [&Type "Integer"] 70
   &NBETAEL [&Type "Integer"] 70
   &NTOTALEL [&Type "Integer"] 139
   &EEXCHANGE [&Type "Double"]      -9.3725857969623590e+01
   &ECORR [&Type "Double"]      -6.1589450220197346e+00
   &ECNL [&Type "Double"]       0.0000000000000000e+00
   &EXC [&Type "Double"]      -9.9884802991643326e+01
   &EEMBED [&Type "Double"]       0.0000000000000000e+00
   &FINALEN [&Type "Double"]      -8.7889666577460218e+02  "No Van der Waals correction"
$End
$Solvation_Details
   &GeometryIndex 20
   &ListStatus       OUT
   &SOLVENT [&Type "String"] "WATER"
   &EPSILON [&Type "Double"]       8.0150999999999996e+01
   &REFRAC [&Type "Double"]       1.3328000000000000e+00
   &RSOLV [&Type "Double"]       1.3000000000000000e+00
   &SURFACETYPE [&Type "String"] "GAUSSIAN VDW"
   &NPOINTS [&Type "Integer"] 3070
   &SURFACEAREA [&Type "Double"]       1.0853180383450001e+03
   &CPCMDIELENERGY [&Type "Double"]      -8.6879179000000001e-02
$End
$CIS_Absorption_Spectrum
   &GeometryIndex 20
   &ListStatus       OUT
   &TEMPERATURE [&Type "Double"]       2.9814999999999998e+02
   &METHOD [&Type "Integer"] 20
   &RELCORRECTION [&Type "Integer"] 1 "Type of relativistic treatment in QDPT. 0->Unknow, 1->None, 2->SOC, 3->SSC, 4->SOC/SSC"
   &DENSTYPE [&Type "Integer"] 3 "Type of density (electron/spin ...). 0->Unknow, 1->Electronic, 2->Spin, 3->Trans/Electronic, 4->Tran/Spin"
   &DERITYPE [&Type "Integer"] 0 "Type of derivative (w.r.t. to what perturbation). 0->Unknown, 1->No Derivative, 2->Electric/Dipole, 3->Electric/Quad, 4->Magnetic/Dipole, 5->Magnetic/Quad"
   &DENSLEVEL [&Type "Integer"] 0 "// Source of density: relaxed, unrelaxed, ... 0->Unknown, 1->Linearized, 2->Unrelaxed, 3->Relaxed"
   &REPRESENTATION [&Type "String"] "Length" "Possible values: Unknown,  Length, Velocity"
   &POINTGROUP [&Type "String"] "C1"
   &NTRANS [&Type "Integer"] 3
   &DOHIGHERMOMENTS [&Type "Boolean"] false
   &STATES [&Type "ArrayOfIntegers", &Dim (3,4)] "The initial and Final states. Col1: Initial State  Col2: Initial Irrep Col3: Final State Col4: Final Irrep"
                                                         0                           1                           2                           3

0                                                        0                           0                           1                           0
1                                                        0                           0                           2                           0
2                                                        0                           0                           3                           0
   &MULTIPLICITIES [&Type "ArrayOfDoubles", &Dim (3,2)] "Col1: Multiplicity of the initial state  Col2: Multiplicity of the final state"
                                                         0                           1

0                                      1.0000000000000000e+00         1.0000000000000000e+00
1                                      1.0000000000000000e+00         1.0000000000000000e+00
2                                      1.0000000000000000e+00         1.0000000000000000e+00
   &EXCITATIONENERGIES [&Type "ArrayOfDoubles", &Dim (3,11)] 
                                                         0                           1                           2                           3                           4                           5                           6                           7

0                                      3.3575961399306449e+00         2.7080842022343844e+04         3.6926473673710757e+02         2.3897561690058569e-01         2.9051396581309872e+00        -1.4484485465527999e+00         0.0000000000000000e+00        -8.9241807641577553e-01
1                                      3.8221388751465546e+00         3.0827632255808137e+04         3.2438430292082944e+02         3.3334266682028277e-03         3.5598059385312249e-02        -1.2284285220449123e-01         0.0000000000000000e+00        -1.3754695012081020e-01
2                                      3.9483984567934889e+00         3.1845984565582501e+04         3.1401133098605732e+02         1.2908214288968144e-02         1.3344031961444533e-01         2.8865008839877271e-01         0.0000000000000000e+00         2.0896096370775227e-01
                                                         8                           9                          10

0                                      0.0000000000000000e+00        -1.0356854255243472e-01         0.0000000000000000e+00
1                                      0.0000000000000000e+00        -3.9856361600641890e-02         0.0000000000000000e+00
2                                      0.0000000000000000e+00         8.0353977674745239e-02         0.0000000000000000e+00
$End
$Geometry
   &GeometryIndex 21
   &ListStatus       OUT
   &NATOMS [&Type "Integer"] 35
   &NCORELESSECP [&Type "Integer"] 0
   &NGHOSTATOMS [&Type "Integer"] 0
   &CartesianCoordinates [&Type "Coordinates", &Dim(35,4), &Units "Bohr"] 
              C     -3.138216935237   -3.704195089445   -0.760276321264
              C     -2.290239342413   -5.643972744865   -2.340211628139
              C      0.154466992038   -5.636017648236   -3.222802973482
              C     -1.538973011969   -1.767190609130   -0.090763728518
              C      1.002180897377   -1.696230311677   -0.930614701982
              O     -2.382525281574    0.089264825676    1.561842001061
              C      1.833346242493   -3.694464823515   -2.540564057979
              C      4.370384301301   -3.726261835791   -3.477742118379
              C      6.047215095747   -1.891726189326   -2.882992697789
              C      2.827727845283    0.217738768914   -0.293472292717
              C      5.318789137221    0.138046970777   -1.263562307692
              N      2.250878496770    2.174078487732    1.276999189825
              C      3.851786029382    4.009137383943    1.926644793548
              C      6.294520396988    4.006787253573    0.994031095865
              C      7.015208629762    2.065566219397   -0.590563105014
              C     -4.547089366100    1.478263620627    0.900137628893
              O     -5.330582093243    1.518003734521   -1.256894557534
              N     -5.481861016687    2.722784618723    2.893234642752
              C     -7.567391341622    4.489122436467    2.514077250224
              C     -4.569379160025    2.490127964890    5.489979817666
              H     -3.319413195690    0.880197219339    5.683326367886
              H     -6.192035220677    2.231176865526    6.734466252167
              H     -3.573533688157    4.207618953029    6.054642079138
              H     -7.964955918857    4.673829760957    0.512163926328
              H     -7.050370465585    6.330310629241    3.286247525756
              H     -9.253143158688    3.809359298145    3.490387410034
              H      0.825317777502   -7.128981345928   -4.448473154800
              H     -5.054667645367   -3.708671367425   -0.053167074087
              H     -3.572535784491   -7.150899755975   -2.855140817398
              H      4.916561762411   -5.274922564423   -4.697604193771
              H      7.960228514896   -1.922087691810   -3.603914836942
              H      3.122896661489    5.434654284205    3.191968659355
              H      7.582334068414    5.498205582025    1.522817129850
              H      8.917689516192    2.000906916466   -1.341077344908
              H      0.473714497792    2.198361082703    2.004787007932
$End
$SCF_Energy
   &GeometryIndex 21
   &ListStatus       OUT
   &SCF_ENERGY [&Type "Double"]      -8.7889666580986443e+02
$End
$DFT_Energy
   &GeometryIndex 21
   &ListStatus       OUT
   &NALPHAEL [&Type "Integer"] 70
   &NBETAEL [&Type "Integer"] 70
   &NTOTALEL [&Type "Integer"] 139
   &EEXCHANGE [&Type "Double"]      -9.3725895266319441e+01
   &ECORR [&Type "Double"]      -6.1589453615250660e+00
   &ECNL [&Type "Double"]       0.0000000000000000e+00
   &EXC [&Type "Double"]      -9.9884840627844511e+01
   &EEMBED [&Type "Double"]       0.0000000000000000e+00
   &FINALEN [&Type "Double"]      -8.7889666580986443e+02  "No Van der Waals correction"
$End
$Solvation_Details
   &GeometryIndex 21
   &ListStatus       OUT
   &SOLVENT [&Type "String"] "WATER"
   &EPSILON [&Type "Double"]       8.0150999999999996e+01
   &REFRAC [&Type "Double"]       1.3328000000000000e+00
   &RSOLV [&Type "Double"]       1.3000000000000000e+00
   &SURFACETYPE [&Type "String"] "GAUSSIAN VDW"
   &NPOINTS [&Type "Integer"] 3070
   &SURFACEAREA [&Type "Double"]       1.0853244810540000e+03
   &CPCMDIELENERGY [&Type "Double"]      -8.6894505999999996e-02
$End
$CIS_Absorption_Spectrum
   &GeometryIndex 21
   &ListStatus       OUT
   &TEMPERATURE [&Type "Double"]       2.9814999999999998e+02
   &METHOD [&Type "Integer"] 20
   &RELCORRECTION [&Type "Integer"] 1 "Type of relativistic treatment in QDPT. 0->Unknow, 1->None, 2->SOC, 3->SSC, 4->SOC/SSC"
   &DENSTYPE [&Type "Integer"] 3 "Type of density (electron/spin ...). 0->Unknow, 1->Electronic, 2->Spin, 3->Trans/Electronic, 4->Tran/Spin"
   &DERITYPE [&Type "Integer"] 0 "Type of derivative (w.r.t. to what perturbation). 0->Unknown, 1->No Derivative, 2->Electric/Dipole, 3->Electric/Quad, 4->Magnetic/Dipole, 5->Magnetic/Quad"
   &DENSLEVEL [&Type "Integer"] 0 "// Source of density: relaxed, unrelaxed, ... 0->Unknown, 1->Linearized, 2->Unrelaxed, 3->Relaxed"
   &REPRESENTATION [&Type "String"] "Length" "Possible values: Unknown,  Length, Velocity"
   &POINTGROUP [&Type "String"] "C1"
   &NTRANS [&Type "Integer"] 3
   &DOHIGHERMOMENTS [&Type "Boolean"] false
   &STATES [&Type "ArrayOfIntegers", &Dim (3,4)] "The initial and Final states. Col1: Initial State  Col2: Initial Irrep Col3: Final State Col4: Final Irrep"
                                                         0                           1                           2                           3

0                                                        0                           0                           1                           0
1                                                        0                           0                           2                           0
2                                                        0                           0                           3                           0
   &MULTIPLICITIES [&Type "ArrayOfDoubles", &Dim (3,2)] "Col1: Multiplicity of the initial state  Col2: Multiplicity of the final state"
                                                         0                           1

0                                      1.0000000000000000e+00         1.0000000000000000e+00
1                                      1.0000000000000000e+00         1.0000000000000000e+00
2                                      1.0000000000000000e+00         1.0000000000000000e+00
   &EXCITATIONENERGIES [&Type "ArrayOfDoubles", &Dim (3,11)] 
                                                         0                           1                           2                           3                           4                           5                           6                           7

0                                      3.3573009309945654e+00         2.7078461001450214e+04         3.6929720634656599e+02         2.3894078235966790e-01         2.9049716002485768e+00        -1.4483812203720094e+00         0.0000000000000000e+00        -8.9242894760418101e-01
1                                      3.8216714655140915e+00         3.0823862342486547e+04         3.2442397675181491e+02         3.3198492062931394e-03         3.5457400144602462e-02        -1.2274408808299929e-01         0.0000000000000000e+00        -1.3719826111955583e-01
2                                      3.9481851754798187e+00         3.1844264335596195e+04         3.1402829390603279e+02         1.2878176704021494e-02         1.3313699391397824e-01         2.8859462773132671e-01         0.0000000000000000e+00         2.0843500783141056e-01
                                                         8                           9                          10

0                                      0.0000000000000000e+00        -1.0360508771464574e-01         0.0000000000000000e+00
1                                      0.0000000000000000e+00        -3.9597046999057334e-02         0.0000000000000000e+00
2                                      0.0000000000000000e+00         8.0031133122772991e-02         0.0000000000000000e+00
$End
$Geometry
   &GeometryIndex 22
   &ListStatus       OUT
   &NATOMS [&Type "Integer"] 35
   &NCORELESSECP [&Type "Integer"] 0
   &NGHOSTATOMS [&Type "Integer"] 0
   &CartesianCoordinates [&Type "Coordinates", &Dim(35,4), &Units "Bohr"] 
              C     -3.138157047759   -3.704455692219   -0.760172469917
              C     -2.290433065719   -5.643970932022   -2.340712087864
              C      0.154527389511   -5.636662493315   -3.222679462150
              C     -1.538874863700   -1.767489947204   -0.090409711029
              C      1.002130060548   -1.696401621818   -0.930829981027
              O     -2.382180699408    0.089494368949    1.561961291792
              C      1.833352846199   -3.694870165852   -2.540647429740
              C      4.370333930874   -3.726087425668   -3.478088501991
              C      6.047201282556   -1.891753479717   -2.882663510911
              C      2.827489581545    0.218009476680   -0.293928736919
              C      5.318732322145    0.138156945934   -1.263445621189
              N      2.250965924344    2.174166753799    1.276987907267
              C      3.852001315524    4.009072145066    1.926890270314
              C      6.294558032572    4.007193195885    0.993784839614
              C      7.015294566080    2.065575632879   -0.590289325937
              C     -4.547097469582    1.478458257620    0.900341443876
              O     -5.330540553323    1.517994707270   -1.256662995886
              N     -5.482209162938    2.722993537102    2.893295586715
              C     -7.567817439325    4.489477195771    2.513937862660
              C     -4.569169845735    2.489907043993    5.489780541065
              H     -3.319117703816    0.879957195498    5.682316545030
              H     -6.191423024208    2.230547650470    6.734701533558
              H     -3.573139969970    4.207237326011    6.054603989500
              H     -7.965194866658    4.674045224696    0.511970728151
              H     -7.050788522322    6.330693321080    3.286024511767
              H     -9.253652923007    3.809784294964    3.490138824215
              H      0.825337339315   -7.129724444691   -4.448262186898
              H     -5.054693240921   -3.708895974842   -0.053284127501
              H     -3.573116453946   -7.150361583940   -2.856266406048
              H      4.916690470446   -5.274396911502   -4.698321873850
              H      7.960298840997   -1.922182998679   -3.603363464625
              H      3.123300191932    5.434115999544    3.192859315797
              H      7.582338505100    5.498687257756    1.522446573796
              H      8.917921535345    2.000500173865   -1.340399984995
              H      0.473977350546    2.198252103980    2.005207736386
$End
$SCF_Energy
   &GeometryIndex 22
   &ListStatus       OUT
   &SCF_ENERGY [&Type "Double"]      -8.7889666586802525e+02
$End
$DFT_Energy
   &GeometryIndex 22
   &ListStatus       OUT
   &NALPHAEL [&Type "Integer"] 70
   &NBETAEL [&Type "Integer"] 70
   &NTOTALEL [&Type "Integer"] 139
   &EEXCHANGE [&Type "Double"]      -9.3725660589419249e+01
   &ECORR [&Type "Double"]      -6.1589243792594681e+00
   &ECNL [&Type "Double"]       0.0000000000000000e+00
   &EXC [&Type "Double"]      -9.9884584968678723e+01
   &EEMBED [&Type "Double"]       0.0000000000000000e+00
   &FINALEN [&Type "Double"]      -8.7889666586802525e+02  "No Van der Waals correction"
$End
$Solvation_Details
   &GeometryIndex 22
   &ListStatus       OUT
   &SOLVENT [&Type "String"] "WATER"
   &EPSILON [&Type "Double"]       8.0150999999999996e+01
   &REFRAC [&Type "Double"]       1.3328000000000000e+00
   &RSOLV [&Type "Double"]       1.3000000000000000e+00
   &SURFACETYPE [&Type "String"] "GAUSSIAN VDW"
   &NPOINTS [&Type "Integer"] 3070
   &SURFACEAREA [&Type "Double"]       1.0853555072690001e+03
   &CPCMDIELENERGY [&Type "Double"]      -8.6903709999999995e-02
$End
$CIS_Absorption_Spectrum
   &GeometryIndex 22
   &ListStatus       OUT
   &TEMPERATURE [&Type "Double"]       2.9814999999999998e+02
   &METHOD [&Type "Integer"] 20
   &RELCORRECTION [&Type "Integer"] 1 "Type of relativistic treatment in QDPT. 0->Unknow, 1->None, 2->SOC, 3->SSC, 4->SOC/SSC"
   &DENSTYPE [&Type "Integer"] 3 "Type of density (electron/spin ...). 0->Unknow, 1->Electronic, 2->Spin, 3->Trans/Electronic, 4->Tran/Spin"
   &DERITYPE [&Type "Integer"] 0 "Type of derivative (w.r.t. to what perturbation). 0->Unknown, 1->No Derivative, 2->Electric/Dipole, 3->Electric/Quad, 4->Magnetic/Dipole, 5->Magnetic/Quad"
   &DENSLEVEL [&Type "Integer"] 0 "// Source of density: relaxed, unrelaxed, ... 0->Unknown, 1->Linearized, 2->Unrelaxed, 3->Relaxed"
   &REPRESENTATION [&Type "String"] "Length" "Possible values: Unknown,  Length, Velocity"
   &POINTGROUP [&Type "String"] "C1"
   &NTRANS [&Type "Integer"] 3
   &DOHIGHERMOMENTS [&Type "Boolean"] false
   &STATES [&Type "ArrayOfIntegers", &Dim (3,4)] "The initial and Final states. Col1: Initial State  Col2: Initial Irrep Col3: Final State Col4: Final Irrep"
                                                         0                           1                           2                           3

0                                                        0                           0                           1                           0
1                                                        0                           0                           2                           0
2                                                        0                           0                           3                           0
   &MULTIPLICITIES [&Type "ArrayOfDoubles", &Dim (3,2)] "Col1: Multiplicity of the initial state  Col2: Multiplicity of the final state"
                                                         0                           1

0                                      1.0000000000000000e+00         1.0000000000000000e+00
1                                      1.0000000000000000e+00         1.0000000000000000e+00
2                                      1.0000000000000000e+00         1.0000000000000000e+00
   &EXCITATIONENERGIES [&Type "ArrayOfDoubles", &Dim (3,11)] 
                                                         0                           1                           2                           3                           4                           5                           6                           7

0                                      3.3573231992361801e+00         2.7078640606950143e+04         3.6929475689534235e+02         2.3883297457663108e-01         2.9036416457815561e+00        -1.4481279490340355e+00         0.0000000000000000e+00        -8.9209726150210811e-01
1                                      3.8222254017216493e+00         3.0828330139774294e+04         3.2437695959075432e+02         3.4060047866660962e-03         3.6372306328582606e-02        -1.2429240111314786e-01         0.0000000000000000e+00        -1.3895106815284378e-01
2                                      3.9481146360774058e+00         3.1843695396887222e+04         3.1403390452533711e+02         1.2883026036010289e-02         1.3318950681470984e-01         2.8821944556904117e-01         0.0000000000000000e+00         2.0889704302743653e-01
                                                         8                           9                          10

0                                      0.0000000000000000e+00        -1.0358361370638418e-01         0.0000000000000000e+00
1                                      0.0000000000000000e+00        -4.0203308486923488e-02         0.0000000000000000e+00
2                                      0.0000000000000000e+00         8.0505176386228047e-02         0.0000000000000000e+00
$End
$Geometry
   &GeometryIndex 23
   &ListStatus       OUT
   &NATOMS [&Type "Integer"] 35
   &NCORELESSECP [&Type "Integer"] 0
   &NGHOSTATOMS [&Type "Integer"] 0
   &CartesianCoordinates [&Type "Coordinates", &Dim(35,4), &Units "Bohr"] 
              C     -3.137694753166   -3.704146968966   -0.760360974556
              C     -2.290290791637   -5.644119491198   -2.340375901553
              C      0.154367743836   -5.636596320890   -3.223086895960
              C     -1.538567771734   -1.767053979082   -0.090860857611
              C      1.002460437340   -1.696280944286   -0.930864897449
              O     -2.382375249154    0.089203732379    1.562092286768
              C      1.833295484996   -3.694973044354   -2.540844887460
              C      4.370293221800   -3.726732222767   -3.477990488170
              C      6.046851031388   -1.891937294860   -2.883057025801
              C      2.827764439409    0.217914932914   -0.293332883820
              C      5.318688849909    0.137995605586   -1.263466286078
              N      2.250933870603    2.174442303736    1.277206228323
              C      3.851846145717    4.009548563661    1.926931386077
              C      6.294533550212    4.007020542836    0.994171938632
              C      7.015031765970    2.065664093891   -0.590436618664
              C     -4.547152419890    1.478371520256    0.900376555857
              O     -5.330537153019    1.518012488637   -1.256647663594
              N     -5.482208324158    2.723042217997    2.893275405616
              C     -7.567850946363    4.489507083532    2.513940801825
              C     -4.569157215959    2.489893689834    5.489735603771
              H     -3.319113932629    0.879932730317    5.682218228720
              H     -6.191386489204    2.230511025049    6.734683856382
              H     -3.573099621741    4.207198358632    6.054589214869
              H     -7.965252371985    4.674084735889    0.511979104828
              H     -7.050834632499    6.330723562510    3.286033833617
              H     -9.253667298573    3.809788701672    3.490159196050
              H      0.825123194658   -7.129650404206   -4.448708099498
              H     -5.054047455486   -3.708550196073   -0.052993514617
              H     -3.572996140946   -7.150791972769   -2.855039051268
              H      4.916731311681   -5.275265503478   -4.697907054241
              H      7.959841417939   -1.922185009138   -3.604052280678
              H      3.122988264363    5.435087770371    3.192262460421
              H      7.582529377583    5.498356675768    1.522756543821
              H      8.917495718730    2.001090319232   -1.341004586248
              H      0.473757035967    2.198734640077    2.004959781333
$End
$SCF_Energy
   &GeometryIndex 23
   &ListStatus       OUT
   &SCF_ENERGY [&Type "Double"]      -8.7889666535360800e+02
$End
$DFT_Energy
   &GeometryIndex 23
   &ListStatus       OUT
   &NALPHAEL [&Type "Integer"] 70
   &NBETAEL [&Type "Integer"] 70
   &NTOTALEL [&Type "Integer"] 139
   &EEXCHANGE [&Type "Double"]      -9.3725616097759485e+01
   &ECORR [&Type "Double"]      -6.1589220426091096e+00
   &ECNL [&Type "Double"]       0.0000000000000000e+00
   &EXC [&Type "Double"]      -9.9884538140368591e+01
   &EEMBED [&Type "Double"]       0.0000000000000000e+00
   &FINALEN [&Type "Double"]      -8.7889666535360800e+02  "No Van der Waals correction"
$End
$Solvation_Details
   &GeometryIndex 23
   &ListStatus       OUT
   &SOLVENT [&Type "String"] "WATER"
   &EPSILON [&Type "Double"]       8.0150999999999996e+01
   &REFRAC [&Type "Double"]       1.3328000000000000e+00
   &RSOLV [&Type "Double"]       1.3000000000000000e+00
   &SURFACETYPE [&Type "String"] "GAUSSIAN VDW"
   &NPOINTS [&Type "Integer"] 3070
   &SURFACEAREA [&Type "Double"]       1.0853441440619999e+03
   &CPCMDIELENERGY [&Type "Double"]      -8.6888631999999993e-02
$End
$CIS_Absorption_Spectrum
   &GeometryIndex 23
   &ListStatus       OUT
   &TEMPERATURE [&Type "Double"]       2.9814999999999998e+02
   &METHOD [&Type "Integer"] 20
   &RELCORRECTION [&Type "Integer"] 1 "Type of relativistic treatment in QDPT. 0->Unknow, 1->None, 2->SOC, 3->SSC, 4->SOC/SSC"
   &DENSTYPE [&Type "Integer"] 3 "Type of density (electron/spin ...). 0->Unknow, 1->Electronic, 2->Spin, 3->Trans/Electronic, 4->Tran/Spin"
   &DERITYPE [&Type "Integer"] 0 "Type of derivative (w.r.t. to what perturbation). 0->Unknown, 1->No Derivative, 2->Electric/Dipole, 3->Electric/Quad, 4->Magnetic/Dipole, 5->Magnetic/Quad"
   &DENSLEVEL [&Type "Integer"] 0 "// Source of density: relaxed, unrelaxed, ... 0->Unknown, 1->Linearized, 2->Unrelaxed, 3->Relaxed"
   &REPRESENTATION [&Type "String"] "Length" "Possible values: Unknown,  Length, Velocity"
   &POINTGROUP [&Type "String"] "C1"
   &NTRANS [&Type "Integer"] 3
   &DOHIGHERMOMENTS [&Type "Boolean"] false
   &STATES [&Type "ArrayOfIntegers", &Dim (3,4)] "The initial and Final states. Col1: Initial State  Col2: Initial Irrep Col3: Final State Col4: Final Irrep"
                                                         0                           1                           2                           3

0                                                        0                           0                           1                           0
1                                                        0                           0                           2                           0
2                                                        0                           0                           3                           0
   &MULTIPLICITIES [&Type "ArrayOfDoubles", &Dim (3,2)] "Col1: Multiplicity of the initial state  Col2: Multiplicity of the final state"
                                                         0                           1

0                                      1.0000000000000000e+00         1.0000000000000000e+00
1                                      1.0000000000000000e+00         1.0000000000000000e+00
2                                      1.0000000000000000e+00         1.0000000000000000e+00
   &EXCITATIONENERGIES [&Type "ArrayOfDoubles", &Dim (3,11)] 
                                                         0                           1                           2                           3                           4                           5                           6                           7

0                                      3.3569521584751443e+00         2.7075647961076520e+04         3.6933557469707927e+02         2.3871558259835898e-01         2.9025352172082841e+00        -1.4480479105841846e+00         0.0000000000000000e+00        -8.9165185257065793e-01
1                                      3.8213609643644375e+00         3.0821357981559533e+04         3.2445033752189033e+02         3.3485584999301101e-03         3.5766933572349079e-02        -1.2304465471863775e-01         0.0000000000000000e+00        -1.3793355084397166e-01
2                                      3.9478988020456680e+00         3.1841954577839027e+04         3.1405107295014096e+02         1.2970681536027732e-02         1.3410305301642914e-01         2.8877595375054010e-01         0.0000000000000000e+00         2.1009663291540293e-01
                                                         8                           9                          10

0                                      0.0000000000000000e+00        -1.0319612235144700e-01         0.0000000000000000e+00
1                                      0.0000000000000000e+00        -4.0016022654604029e-02         0.0000000000000000e+00
2                                      0.0000000000000000e+00         8.1061127487258036e-02         0.0000000000000000e+00
$End
$Geometry
   &GeometryIndex 24
   &ListStatus       OUT
   &NATOMS [&Type "Integer"] 35
   &NCORELESSECP [&Type "Integer"] 0
   &NGHOSTATOMS [&Type "Integer"] 0
   &CartesianCoordinates [&Type "Coordinates", &Dim(35,4), &Units "Bohr"] 
              C     -3.137920690140   -3.704573478983   -0.760469792499
              C     -2.290118788332   -5.644396097320   -2.340656507628
              C      0.154583694537   -5.636366633744   -3.223022297833
              C     -1.539038007340   -1.767140384782   -0.090808538707
              C      1.002077129290   -1.696116565662   -0.930606198628
              O     -2.382210506811    0.089650847358    1.561856263493
              C      1.832981586133   -3.694566700633   -2.540331924958
              C      4.369796882484   -3.726315553042   -3.477589139694
              C      6.046909752162   -1.891947986634   -2.883057916546
              C      2.827903262902    0.217792415319   -0.293578310412
              C      5.319040912250    0.138010922669   -1.263516594004
              N      2.251028705506    2.174118948795    1.276899851432
              C      3.851770024221    4.009200416751    1.926820876055
              C      6.294476772081    4.007063764989    0.994119415952
              C      7.015328587248    2.065783286020   -0.590420166812
              C     -4.547044579458    1.478511081919    0.900421341849
              O     -5.330265775253    1.517756444814   -1.256672552042
              N     -5.482238205065    2.723022531745    2.893391930062
              C     -7.567842336214    4.489502516073    2.513930195349
              C     -4.569122897493    2.489886804825    5.489906033471
              H     -3.319072677020    0.879920834268    5.682351547778
              H     -6.191342568312    2.230492259368    6.734861619469
              H     -3.573060633562    4.207191793047    6.054743549237
              H     -7.965107067388    4.673992458505    0.511928626834
              H     -7.050860984663    6.330754355180    3.285962608861
              H     -9.253737400357    3.809842041329    3.490049155743
              H      0.825889685946   -7.129044636181   -4.448789133772
              H     -5.054401521094   -3.709295668717   -0.053429357621
              H     -3.572561964630   -7.151165542267   -2.855691824502
              H      4.915741785175   -5.274936858485   -4.697599709632
              H      7.959746875927   -1.922662383895   -3.604426442945
              H      3.122736734049    5.434526813369    3.192280884831
              H      7.582199753142    5.498582376694    1.522855615364
              H      8.917850276344    2.001332196303   -1.340859561267
              H      0.473819240881    2.198266306285    2.004592354578
$End
$SCF_Energy
   &GeometryIndex 24
   &ListStatus       OUT
   &SCF_ENERGY [&Type "Double"]      -8.7889666572988358e+02
$End
$DFT_Energy
   &GeometryIndex 24
   &ListStatus       OUT
   &NALPHAEL [&Type "Integer"] 70
   &NBETAEL [&Type "Integer"] 70
   &NTOTALEL [&Type "Integer"] 139
   &EEXCHANGE [&Type "Double"]      -9.3725749117670333e+01
   &ECORR [&Type "Double"]      -6.1589335349848309e+00
   &ECNL [&Type "Double"]       0.0000000000000000e+00
   &EXC [&Type "Double"]      -9.9884682652655158e+01
   &EEMBED [&Type "Double"]       0.0000000000000000e+00
   &FINALEN [&Type "Double"]      -8.7889666572988358e+02  "No Van der Waals correction"
$End
$Solvation_Details
   &GeometryIndex 24
   &ListStatus       OUT
   &SOLVENT [&Type "String"] "WATER"
   &EPSILON [&Type "Double"]       8.0150999999999996e+01
   &REFRAC [&Type "Double"]       1.3328000000000000e+00
   &RSOLV [&Type "Double"]       1.3000000000000000e+00
   &SURFACETYPE [&Type "String"] "GAUSSIAN VDW"
   &NPOINTS [&Type "Integer"] 3070
   &SURFACEAREA [&Type "Double"]       1.0853421613470000e+03
   &CPCMDIELENERGY [&Type "Double"]      -8.6907762000000000e-02
$End
$CIS_Absorption_Spectrum
   &GeometryIndex 24
   &ListStatus       OUT
   &TEMPERATURE [&Type "Double"]       2.9814999999999998e+02
   &METHOD [&Type "Integer"] 20
   &RELCORRECTION [&Type "Integer"] 1 "Type of relativistic treatment in QDPT. 0->Unknow, 1->None, 2->SOC, 3->SSC, 4->SOC/SSC"
   &DENSTYPE [&Type "Integer"] 3 "Type of density (electron/spin ...). 0->Unknow, 1->Electronic, 2->Spin, 3->Trans/Electronic, 4->Tran/Spin"
   &DERITYPE [&Type "Integer"] 0 "Type of derivative (w.r.t. to what perturbation). 0->Unknown, 1->No Derivative, 2->Electric/Dipole, 3->Electric/Quad, 4->Magnetic/Dipole, 5->Magnetic/Quad"
   &DENSLEVEL [&Type "Integer"] 0 "// Source of density: relaxed, unrelaxed, ... 0->Unknown, 1->Linearized, 2->Unrelaxed, 3->Relaxed"
   &REPRESENTATION [&Type "String"] "Length" "Possible values: Unknown,  Length, Velocity"
   &POINTGROUP [&Type "String"] "C1"
   &NTRANS [&Type "Integer"] 3
   &DOHIGHERMOMENTS [&Type "Boolean"] false
   &STATES [&Type "ArrayOfIntegers", &Dim (3,4)] "The initial and Final states. Col1: Initial State  Col2: Initial Irrep Col3: Final State Col4: Final Irrep"
                                                         0                           1                           2                           3

0                                                        0                           0                           1                           0
1                                                        0                           0                           2                           0
2                                                        0                           0                           3                           0
   &MULTIPLICITIES [&Type "ArrayOfDoubles", &Dim (3,2)] "Col1: Multiplicity of the initial state  Col2: Multiplicity of the final state"
                                                         0                           1

0                                      1.0000000000000000e+00         1.0000000000000000e+00
1                                      1.0000000000000000e+00         1.0000000000000000e+00
2                                      1.0000000000000000e+00         1.0000000000000000e+00
   &EXCITATIONENERGIES [&Type "ArrayOfDoubles", &Dim (3,11)] 
                                                         0                           1                           2                           3                           4                           5                           6                           7

0                                      3.3572052550553515e+00         2.7077689322878039e+04         3.6930773083177974e+02         2.3872166888104143e-01         2.9023903951187369e+00        -1.4479337375546686e+00         0.0000000000000000e+00        -8.9174084496360317e-01
1                                      3.8218740272565856e+00         3.0825496113291505e+04         3.2440678207570340e+02         3.3835864918571666e-03         3.6136226092364471e-02        -1.2389829741665775e-01         0.0000000000000000e+00        -1.3850778602087460e-01
2                                      3.9480783327192754e+00         3.1843402590526533e+04         3.1403679212896100e+02         1.2863583052092903e-02         1.3298972088295105e-01         2.8799378562582340e-01         0.0000000000000000e+00         2.0874070480477050e-01
                                                         8                           9                          10

0                                      0.0000000000000000e+00        -1.0332740291570292e-01         0.0000000000000000e+00
1                                      0.0000000000000000e+00        -4.0012887938931742e-02         0.0000000000000000e+00
2                                      0.0000000000000000e+00         8.0477440823289045e-02         0.0000000000000000e+00
$End
$Geometry
   &GeometryIndex 25
   &ListStatus       OUT
   &NATOMS [&Type "Integer"] 35
   &NCORELESSECP [&Type "Integer"] 0
   &NGHOSTATOMS [&Type "Integer"] 0
   &CartesianCoordinates [&Type "Coordinates", &Dim(35,4), &Units "Bohr"] 
              C     -3.138165955945   -3.704166974920   -0.760716950062
              C     -2.290133755430   -5.644422756070   -2.340180171662
              C      0.154424105692   -5.636383943016   -3.223143320051
              C     -1.538819533560   -1.767426563465   -0.090390416742
              C      1.002314236601   -1.696585974398   -0.930325920783
              O     -2.382198833246    0.089501193633    1.562003106871
              C      1.833092292178   -3.694561784272   -2.540940264270
              C      4.370171385243   -3.726291327547   -3.477872948211
              C      6.047099342167   -1.891927085843   -2.882731783624
              C      2.827692066856    0.217873765476   -0.293662458961
              C      5.318633741828    0.138448118851   -1.264011685243
              N      2.251061850138    2.174056625030    1.277178693216
              C      3.851792225965    4.009389314603    1.926581856875
              C      6.294614644503    4.006980565046    0.994182415173
              C      7.015253282163    2.065688566155   -0.590391044478
              C     -4.547087136149    1.478459687981    0.900354719704
              O     -5.330504733316    1.517954716830   -1.256660174886
              N     -5.482209187261    2.722996073560    2.893296878439
              C     -7.567813074721    4.489474913196    2.513939607338
              C     -4.569161103311    2.489897552752    5.489776123915
              H     -3.319107334777    0.879948703208    5.682302934647
              H     -6.191410341282    2.230528014141    6.734699928954
              H     -3.573132984080    4.207226652354    6.054605804203
              H     -7.965187486535    4.674044715791    0.511971484378
              H     -7.050785510931    6.330690797775    3.286027710900
              H     -9.253650378478    3.809781798737    3.490137272765
              H      0.825370004687   -7.129311365104   -4.448811149207
              H     -5.054901704546   -3.708302098572   -0.054380260910
              H     -3.572519079150   -7.151392941221   -2.854776504134
              H      4.916635421530   -5.275137419386   -4.697374204128
              H      7.960385504627   -1.922942566894   -3.602906027256
              H      3.122806436951    5.434848421782    3.191921051833
              H      7.582579430581    5.498150305071    1.523311577273
              H      8.917973055380    2.000622761013   -1.340271114083
              H      0.474033229081    2.198093366320    2.005306223574
$End
$SCF_Energy
   &GeometryIndex 25
   &ListStatus       OUT
   &SCF_ENERGY [&Type "Double"]      -8.7889666600833505e+02
$End
$DFT_Energy
   &GeometryIndex 25
   &ListStatus       OUT
   &NALPHAEL [&Type "Integer"] 70
   &NBETAEL [&Type "Integer"] 70
   &NTOTALEL [&Type "Integer"] 139
   &EEXCHANGE [&Type "Double"]      -9.3725660419567419e+01
   &ECORR [&Type "Double"]      -6.1589267948144686e+00
   &ECNL [&Type "Double"]       0.0000000000000000e+00
   &EXC [&Type "Double"]      -9.9884587214381881e+01
   &EEMBED [&Type "Double"]       0.0000000000000000e+00
   &FINALEN [&Type "Double"]      -8.7889666600833505e+02  "No Van der Waals correction"
$End
$Solvation_Details
   &GeometryIndex 25
   &ListStatus       OUT
   &SOLVENT [&Type "String"] "WATER"
   &EPSILON [&Type "Double"]       8.0150999999999996e+01
   &REFRAC [&Type "Double"]       1.3328000000000000e+00
   &RSOLV [&Type "Double"]       1.3000000000000000e+00
   &SURFACETYPE [&Type "String"] "GAUSSIAN VDW"
   &NPOINTS [&Type "Integer"] 3070
   &SURFACEAREA [&Type "Double"]       1.0853495064350000e+03
   &CPCMDIELENERGY [&Type "Double"]      -8.6889892999999996e-02
$End
$CIS_Absorption_Spectrum
   &GeometryIndex 25
   &ListStatus       OUT
   &TEMPERATURE [&Type "Double"]       2.9814999999999998e+02
   &METHOD [&Type "Integer"] 20
   &RELCORRECTION [&Type "Integer"] 1 "Type of relativistic treatment in QDPT. 0->Unknow, 1->None, 2->SOC, 3->SSC, 4->SOC/SSC"
   &DENSTYPE [&Type "Integer"] 3 "Type of density (electron/spin ...). 0->Unknow, 1->Electronic, 2->Spin, 3->Trans/Electronic, 4->Tran/Spin"
   &DERITYPE [&Type "Integer"] 0 "Type of derivative (w.r.t. to what perturbation). 0->Unknown, 1->No Derivative, 2->Electric/Dipole, 3->Electric/Quad, 4->Magnetic/Dipole, 5->Magnetic/Quad"
   &DENSLEVEL [&Type "Integer"] 0 "// Source of density: relaxed, unrelaxed, ... 0->Unknown, 1->Linearized, 2->Unrelaxed, 3->Relaxed"
   &REPRESENTATION [&Type "String"] "Length" "Possible values: Unknown,  Length, Velocity"
   &POINTGROUP [&Type "String"] "C1"
   &NTRANS [&Type "Integer"] 3
   &DOHIGHERMOMENTS [&Type "Boolean"] false
   &STATES [&Type "ArrayOfIntegers", &Dim (3,4)] "The initial and Final states. Col1: Initial State  Col2: Initial Irrep Col3: Final State Col4: Final Irrep"
                                                         0                           1                           2                           3

0                                                        0                           0                           1                           0
1                                                        0                           0                           2                           0
2                                                        0                           0                           3                           0
   &MULTIPLICITIES [&Type "ArrayOfDoubles", &Dim (3,2)] "Col1: Multiplicity of the initial state  Col2: Multiplicity of the final state"
                                                         0                           1

0                                      1.0000000000000000e+00         1.0000000000000000e+00
1                                      1.0000000000000000e+00         1.0000000000000000e+00
2                                      1.0000000000000000e+00         1.0000000000000000e+00
   &EXCITATIONENERGIES [&Type "ArrayOfDoubles", &Dim (3,11)] 
                                                         0                           1                           2                           3                           4                           5                           6                           7

0                                      3.3571254184544013e+00         2.7077045397197933e+04         3.6931651342708352e+02         2.3890565081875395e-01         2.9046963326657460e+00        -1.4483443236576232e+00         0.0000000000000000e+00        -8.9234175689734296e-01
1                                      3.8217777241498765e+00         3.0824719376271813e+04         3.2441495664345859e+02         3.3488040214557156e-03         3.5765655437050611e-02        -1.2323381110075021e-01         0.0000000000000000e+00        -1.3780952732098362e-01
2                                      3.9480824155566516e+00         3.1843435520834220e+04         3.1403646737354370e+02         1.2867205847799844e-02         1.3302703746693587e-01         2.8830506664666194e-01         0.0000000000000000e+00         2.0853205256505891e-01
                                                         8                           9                          10

0                                      0.0000000000000000e+00        -1.0354342901339138e-01         0.0000000000000000e+00
1                                      0.0000000000000000e+00        -3.9844917093680807e-02         0.0000000000000000e+00
2                                      0.0000000000000000e+00         8.0134942851437657e-02         0.0000000000000000e+00
$End
$Geometry
   &GeometryIndex 26
   &ListStatus       OUT
   &NATOMS [&Type "Integer"] 35
   &NCORELESSECP [&Type "Integer"] 0
   &NGHOSTATOMS [&Type "Integer"] 0
   &CartesianCoordinates [&Type "Coordinates", &Dim(35,4), &Units "Bohr"] 
              C     -3.137772583412   -3.704181045912   -0.760390375645
              C     -2.290243108898   -5.644177197155   -2.340447290899
              C      0.154414827012   -5.636695244556   -3.223111358534
              C     -1.538745074821   -1.767078181783   -0.090682260876
              C      1.002210721811   -1.696356438147   -0.930846337677
              O     -2.382281657857    0.089432647861    1.562097526602
              C      1.833049595417   -3.694808652532   -2.540813050852
              C      4.370136717206   -3.726036726467   -3.477491530821
              C      6.046769886592   -1.891347652682   -2.882582146567
              C      2.827672150473    0.217634059136   -0.293434573834
              C      5.318721635843    0.138393328082   -1.263305231281
              N      2.250804474624    2.173917393316    1.277007298211
              C      3.851864486001    4.008918864268    1.926363118781
              C      6.294776371337    4.006778125897    0.994036018817
              C      7.015520390693    2.065740976158   -0.590615160830
              C     -4.547113472098    1.478430145413    0.900353796436
              O     -5.330498329289    1.517952358228   -1.256674697375
              N     -5.482180778462    2.722989663150    2.893279481070
              C     -7.567770471731    4.489439916697    2.513943806442
              C     -4.569163668016    2.489897251020    5.489758651725
              H     -3.319112126877    0.879954032396    5.682332079794
              H     -6.191435925040    2.230543506976    6.734656180658
              H     -3.573152233123    4.207236790170    6.054585608872
              H     -7.965161789630    4.674023019370    0.511980655391
              H     -7.050744979919    6.330653397810    3.286039588353
              H     -9.253599493036    3.809739044659    3.490152012774
              H      0.825348283013   -7.129755413004   -4.448627378245
              H     -5.054208040029   -3.708680310594   -0.053243450493
              H     -3.572971239061   -7.150836361881   -2.855098077056
              H      4.916907290446   -5.274528915591   -4.697295589269
              H      7.959778449162   -1.921848951938   -3.603492267634
              H      3.122956013636    5.434579699877    3.191505210119
              H      7.582323736866    5.498356699737    1.523024743735
              H      8.917897390768    2.000899635660   -1.341378000770
              H      0.473633441461    2.198405943456    2.004781549201
$End
$SCF_Energy
   &GeometryIndex 26
   &ListStatus       OUT
   &SCF_ENERGY [&Type "Double"]      -8.7889666593331117e+02
$End
$DFT_Energy
   &GeometryIndex 26
   &ListStatus       OUT
   &NALPHAEL [&Type "Integer"] 70
   &NBETAEL [&Type "Integer"] 70
   &NTOTALEL [&Type "Integer"] 139
   &EEXCHANGE [&Type "Double"]      -9.3725896803642087e+01
   &ECORR [&Type "Double"]      -6.1589453558375666e+00
   &ECNL [&Type "Double"]       0.0000000000000000e+00
   &EXC [&Type "Double"]      -9.9884842159479660e+01
   &EEMBED [&Type "Double"]       0.0000000000000000e+00
   &FINALEN [&Type "Double"]      -8.7889666593331117e+02  "No Van der Waals correction"
$End
$Solvation_Details
   &GeometryIndex 26
   &ListStatus       OUT
   &SOLVENT [&Type "String"] "WATER"
   &EPSILON [&Type "Double"]       8.0150999999999996e+01
   &REFRAC [&Type "Double"]       1.3328000000000000e+00
   &RSOLV [&Type "Double"]       1.3000000000000000e+00
   &SURFACETYPE [&Type "String"] "GAUSSIAN VDW"
   &NPOINTS [&Type "Integer"] 3070
   &SURFACEAREA [&Type "Double"]       1.0853188611749999e+03
   &CPCMDIELENERGY [&Type "Double"]      -8.6905303000000003e-02
$End
$CIS_Absorption_Spectrum
   &GeometryIndex 26
   &ListStatus       OUT
   &TEMPERATURE [&Type "Double"]       2.9814999999999998e+02
   &METHOD [&Type "Integer"] 20
   &RELCORRECTION [&Type "Integer"] 1 "Type of relativistic treatment in QDPT. 0->Unknow, 1->None, 2->SOC, 3->SSC, 4->SOC/SSC"
   &DENSTYPE [&Type "Integer"] 3 "Type of density (electron/spin ...). 0->Unknow, 1->Electronic, 2->Spin, 3->Trans/Electronic, 4->Tran/Spin"
   &DERITYPE [&Type "Integer"] 0 "Type of derivative (w.r.t. to what perturbation). 0->Unknown, 1->No Derivative, 2->Electric/Dipole, 3->Electric/Quad, 4->Magnetic/Dipole, 5->Magnetic/Quad"
   &DENSLEVEL [&Type "Integer"] 0 "// Source of density: relaxed, unrelaxed, ... 0->Unknown, 1->Linearized, 2->Unrelaxed, 3->Relaxed"
   &REPRESENTATION [&Type "String"] "Length" "Possible values: Unknown,  Length, Velocity"
   &POINTGROUP [&Type "String"] "C1"
   &NTRANS [&Type "Integer"] 3
   &DOHIGHERMOMENTS [&Type "Boolean"] false
   &STATES [&Type "ArrayOfIntegers", &Dim (3,4)] "The initial and Final states. Col1: Initial State  Col2: Initial Irrep Col3: Final State Col4: Final Irrep"
                                                         0                           1                           2                           3

0                                                        0                           0                           1                           0
1                                                        0                           0                           2                           0
2                                                        0                           0                           3                           0
   &MULTIPLICITIES [&Type "ArrayOfDoubles", &Dim (3,2)] "Col1: Multiplicity of the initial state  Col2: Multiplicity of the final state"
                                                         0                           1

0                                      1.0000000000000000e+00         1.0000000000000000e+00
1                                      1.0000000000000000e+00         1.0000000000000000e+00
2                                      1.0000000000000000e+00         1.0000000000000000e+00
   &EXCITATIONENERGIES [&Type "ArrayOfDoubles", &Dim (3,11)] 
                                                         0                           1                           2                           3                           4                           5                           6                           7

0                                      3.3569256713317701e+00         2.7075434327835523e+04         3.6933848886476659e+02         2.3864315456235013e-01         2.9016774619284273e+00        -1.4477964248099588e+00         0.0000000000000000e+00        -8.9157850633623115e-01
1                                      3.8216858257102504e+00         3.0823978165291726e+04         3.2442275771075367e+02         3.3715382322719346e-03         3.6009325597451264e-02        -1.2374036960489902e-01         0.0000000000000000e+00        -1.3821966773677802e-01
2                                      3.9479720072680600e+00         3.1842545017838416e+04         3.1404524966198306e+02         1.2872919014643472e-02         1.3308982465164793e-01         2.8826317765800519e-01         0.0000000000000000e+00         2.0866958221397591e-01
                                                         8                           9                          10

0                                      0.0000000000000000e+00        -1.0320242863025750e-01         0.0000000000000000e+00
1                                      0.0000000000000000e+00        -3.9912027989428590e-02         0.0000000000000000e+00
2                                      0.0000000000000000e+00         8.0319179009760863e-02         0.0000000000000000e+00
$End
$Geometry
   &GeometryIndex 27
   &ListStatus       OUT
   &NATOMS [&Type "Integer"] 35
   &NCORELESSECP [&Type "Integer"] 0
   &NGHOSTATOMS [&Type "Integer"] 0
   &CartesianCoordinates [&Type "Coordinates", &Dim(35,4), &Units "Bohr"] 
              C     -3.138118255877   -3.704138707568   -0.760532367628
              C     -2.290200944022   -5.644357877213   -2.340028991992
              C      0.154257441835   -5.636243467782   -3.223362885734
              C     -1.538943695545   -1.767070888587   -0.090947029698
              C      1.002322579258   -1.696590077258   -0.930462510635
              O     -2.382410527436    0.089390049917    1.561931900201
              C      1.833352882646   -3.694983634349   -2.540487734485
              C      4.370384679340   -3.726283884099   -3.477687934036
              C      6.047018737535   -1.891544135012   -2.882870699007
              C      2.827602911953    0.217877419470   -0.293693740536
              C      5.318755611270    0.138198664134   -1.263411853623
              N      2.250815686848    2.174267676317    1.276787364669
              C      3.851992749189    4.008954335269    1.926895946826
              C      6.294545483506    4.007137258683    0.993737611963
              C      7.015388678727    2.065558362215   -0.590310368961
              C     -4.547127878552    1.478431773908    0.900413188169
              O     -5.330307363496    1.517802943247   -1.256700241590
              N     -5.482221003202    2.723052478284    2.893377952964
              C     -7.567854398855    4.489511164690    2.513931410483
              C     -4.569113836507    2.489887913536    5.489905529342
              H     -3.319069925686    0.879917323571    5.682346102679
              H     -6.191333460621    2.230492006459    6.734861272521
              H     -3.573043627934    4.207185260492    6.054751206114
              H     -7.965134342116    4.673997862204    0.511932630372
              H     -7.050894248242    6.330770230670    3.285959203027
              H     -9.253735682190    3.809828548262    3.490060718327
              H      0.824847710059   -7.128908823694   -4.449547306176
              H     -5.054615840385   -3.708513328552   -0.053553542092
              H     -3.572626245199   -7.151328914436   -2.854522488406
              H      4.916798663999   -5.274582823197   -4.697907001507
              H      7.959921831456   -1.921685211999   -3.604093016834
              H      3.123405624408    5.433920473258    3.193014795870
              H      7.582287020866    5.498614209900    1.522541178593
              H      8.918015640122    2.000473264633   -1.340420098892
              H      0.473835574115    2.198339237925    2.005032974528
$End
$SCF_Energy
   &GeometryIndex 27
   &ListStatus       OUT
   &SCF_ENERGY [&Type "Double"]      -8.7889666579851553e+02
$End
$DFT_Energy
   &GeometryIndex 27
   &ListStatus       OUT
   &NALPHAEL [&Type "Integer"] 70
   &NBETAEL [&Type "Integer"] 70
   &NTOTALEL [&Type "Integer"] 139
   &EEXCHANGE [&Type "Double"]      -9.3725701400597686e+01
   &ECORR [&Type "Double"]      -6.1589299859433302e+00
   &ECNL [&Type "Double"]       0.0000000000000000e+00
   &EXC [&Type "Double"]      -9.9884631386541017e+01
   &EEMBED [&Type "Double"]       0.0000000000000000e+00
   &FINALEN [&Type "Double"]      -8.7889666579851553e+02  "No Van der Waals correction"
$End
$Solvation_Details
   &GeometryIndex 27
   &ListStatus       OUT
   &SOLVENT [&Type "String"] "WATER"
   &EPSILON [&Type "Double"]       8.0150999999999996e+01
   &REFRAC [&Type "Double"]       1.3328000000000000e+00
   &RSOLV [&Type "Double"]       1.3000000000000000e+00
   &SURFACETYPE [&Type "String"] "GAUSSIAN VDW"
   &NPOINTS [&Type "Integer"] 3071
   &SURFACEAREA [&Type "Double"]       1.0853472117440001e+03
   &CPCMDIELENERGY [&Type "Double"]      -8.6888973999999994e-02
$End
$CIS_Absorption_Spectrum
   &GeometryIndex 27
   &ListStatus       OUT
   &TEMPERATURE [&Type "Double"]       2.9814999999999998e+02
   &METHOD [&Type "Integer"] 20
   &RELCORRECTION [&Type "Integer"] 1 "Type of relativistic treatment in QDPT. 0->Unknow, 1->None, 2->SOC, 3->SSC, 4->SOC/SSC"
   &DENSTYPE [&Type "Integer"] 3 "Type of density (electron/spin ...). 0->Unknow, 1->Electronic, 2->Spin, 3->Trans/Electronic, 4->Tran/Spin"
   &DERITYPE [&Type "Integer"] 0 "Type of derivative (w.r.t. to what perturbation). 0->Unknown, 1->No Derivative, 2->Electric/Dipole, 3->Electric/Quad, 4->Magnetic/Dipole, 5->Magnetic/Quad"
   &DENSLEVEL [&Type "Integer"] 0 "// Source of density: relaxed, unrelaxed, ... 0->Unknown, 1->Linearized, 2->Unrelaxed, 3->Relaxed"
   &REPRESENTATION [&Type "String"] "Length" "Possible values: Unknown,  Length, Velocity"
   &POINTGROUP [&Type "String"] "C1"
   &NTRANS [&Type "Integer"] 3
   &DOHIGHERMOMENTS [&Type "Boolean"] false
   &STATES [&Type "ArrayOfIntegers", &Dim (3,4)] "The initial and Final states. Col1: Initial State  Col2: Initial Irrep Col3: Final State Col4: Final Irrep"
                                                         0                           1                           2                           3

0                                                        0                           0                           1                           0
1                                                        0                           0                           2                           0
2                                                        0                           0                           3                           0
   &MULTIPLICITIES [&Type "ArrayOfDoubles", &Dim (3,2)] "Col1: Multiplicity of the initial state  Col2: Multiplicity of the final state"
                                                         0                           1

0                                      1.0000000000000000e+00         1.0000000000000000e+00
1                                      1.0000000000000000e+00         1.0000000000000000e+00
2                                      1.0000000000000000e+00         1.0000000000000000e+00
   &EXCITATIONENERGIES [&Type "ArrayOfDoubles", &Dim (3,11)] 
                                                         0                           1                           2                           3                           4                           5                           6                           7

0                                      3.3571132683745066e+00         2.7076947400184454e+04         3.6931785005911996e+02         2.3888567152900825e-01         2.9044639294624242e+00        -1.4483221117181302e+00         0.0000000000000000e+00        -8.9223558647081069e-01
1                                      3.8215294443585730e+00         3.0822716864496895e+04         3.2443603346071308e+02         3.3184969158257024e-03         3.5444274289795769e-02        -1.2266553505119750e-01         0.0000000000000000e+00        -1.3721683605556731e-01
2                                      3.9480913383642453e+00         3.1843507488138435e+04         3.1403575764148957e+02         1.2850958530648949e-02         1.3285876503298127e-01         2.8837393384687082e-01         0.0000000000000000e+00         2.0813974937777749e-01
                                                         8                           9                          10

0                                      0.0000000000000000e+00        -1.0364674816822983e-01         0.0000000000000000e+00
1                                      0.0000000000000000e+00        -3.9610361059939467e-02         0.0000000000000000e+00
2                                      0.0000000000000000e+00         7.9856646809253445e-02         0.0000000000000000e+00
$End
$Geometry
   &GeometryIndex 28
   &ListStatus       OUT
   &NATOMS [&Type "Integer"] 35
   &NCORELESSECP [&Type "Integer"] 0
   &NGHOSTATOMS [&Type "Integer"] 0
   &CartesianCoordinates [&Type "Coordinates", &Dim(35,4), &Units "Bohr"] 
              C     -3.138330745262   -3.704321558736   -0.760516390744
              C     -2.290263190132   -5.644314871666   -2.340286116707
              C      0.154396539485   -5.636237136362   -3.223042370430
              C     -1.538934310977   -1.767446220298   -0.090622562959
              C      1.002104952485   -1.696331007139   -0.930799130744
              O     -2.381895599644    0.089354752698    1.562150986080
              C      1.833202801096   -3.694552662157   -2.540812356450
              C      4.370396950887   -3.726386513891   -3.477528622211
              C      6.047045273554   -1.891541935925   -2.883121274230
              C      2.827721007870    0.217671439554   -0.293441288639
              C      5.318833007740    0.138023408748   -1.263339318665
              N      2.250950716338    2.174216643856    1.276849045399
              C      3.851926457434    4.009125862918    1.926817031977
              C      6.294575669013    4.007059016030    0.993983053757
              C      7.015251413135    2.065635459838   -0.590374504995
              C     -4.546874158514    1.478410385591    0.900481548877
              O     -5.330637691052    1.518102337559   -1.256354246289
              N     -5.482252594585    2.722943493193    2.893118226633
              C     -7.567817867596    4.489482539159    2.513977370948
              C     -4.569286582358    2.489901735604    5.489317871108
              H     -3.319240257944    0.879954651116    5.681863156005
              H     -6.191496598519    2.230535455048    6.734297996909
              H     -3.573241565490    4.207220752753    6.054173668927
              H     -7.965441534773    4.674294069351    0.512089037885
              H     -7.050605226511    6.330569422977    3.286254981558
              H     -9.253526144318    3.809740673562    3.490363943770
              H      0.825387652124   -7.129300186242   -4.448519573096
              H     -5.054865266984   -3.708764629483   -0.053624181855
              H     -3.572492144828   -7.151383648990   -2.854984915484
              H      4.916810957852   -5.275138490173   -4.697170122093
              H      7.959965690447   -1.921800611962   -3.604294317865
              H      3.123011360472    5.434447872931    3.192348773127
              H      7.582317582236    5.498620085733    1.522548103599
              H      8.917686916252    2.000991394981   -1.341006874266
              H      0.473779664047    2.198545649480    2.004602267004
$End
$SCF_Energy
   &GeometryIndex 28
   &ListStatus       OUT
   &SCF_ENERGY [&Type "Double"]      -8.7889666550430695e+02
$End
$DFT_Energy
   &GeometryIndex 28
   &ListStatus       OUT
   &NALPHAEL [&Type "Integer"] 70
   &NBETAEL [&Type "Integer"] 70
   &NTOTALEL [&Type "Integer"] 139
   &EEXCHANGE [&Type "Double"]      -9.3725816479558532e+01
   &ECORR [&Type "Double"]      -6.1589381637532181e+00
   &ECNL [&Type "Double"]       0.0000000000000000e+00
   &EXC [&Type "Double"]      -9.9884754643311751e+01
   &EEMBED [&Type "Double"]       0.0000000000000000e+00
   &FINALEN [&Type "Double"]      -8.7889666550430695e+02  "No Van der Waals correction"
$End
$Solvation_Details
   &GeometryIndex 28
   &ListStatus       OUT
   &SOLVENT [&Type "String"] "WATER"
   &EPSILON [&Type "Double"]       8.0150999999999996e+01
   &REFRAC [&Type "Double"]       1.3328000000000000e+00
   &RSOLV [&Type "Double"]       1.3000000000000000e+00
   &SURFACETYPE [&Type "String"] "GAUSSIAN VDW"
   &NPOINTS [&Type "Integer"] 3070
   &SURFACEAREA [&Type "Double"]       1.0853185336990000e+03
   &CPCMDIELENERGY [&Type "Double"]      -8.6906493000000001e-02
$End
$CIS_Absorption_Spectrum
   &GeometryIndex 28
   &ListStatus       OUT
   &TEMPERATURE [&Type "Double"]       2.9814999999999998e+02
   &METHOD [&Type "Integer"] 20
   &RELCORRECTION [&Type "Integer"] 1 "Type of relativistic treatment in QDPT. 0->Unknow, 1->None, 2->SOC, 3->SSC, 4->SOC/SSC"
   &DENSTYPE [&Type "Integer"] 3 "Type of density (electron/spin ...). 0->Unknow, 1->Electronic, 2->Spin, 3->Trans/Electronic, 4->Tran/Spin"
   &DERITYPE [&Type "Integer"] 0 "Type of derivative (w.r.t. to what perturbation). 0->Unknown, 1->No Derivative, 2->Electric/Dipole, 3->Electric/Quad, 4->Magnetic/Dipole, 5->Magnetic/Quad"
   &DENSLEVEL [&Type "Integer"] 0 "// Source of density: relaxed, unrelaxed, ... 0->Unknown, 1->Linearized, 2->Unrelaxed, 3->Relaxed"
   &REPRESENTATION [&Type "String"] "Length" "Possible values: Unknown,  Length, Velocity"
   &POINTGROUP [&Type "String"] "C1"
   &NTRANS [&Type "Integer"] 3
   &DOHIGHERMOMENTS [&Type "Boolean"] false
   &STATES [&Type "ArrayOfIntegers", &Dim (3,4)] "The initial and Final states. Col1: Initial State  Col2: Initial Irrep Col3: Final State Col4: Final Irrep"
                                                         0                           1                           2                           3

0                                                        0                           0                           1                           0
1                                                        0                           0                           2                           0
2                                                        0                           0                           3                           0
   &MULTIPLICITIES [&Type "ArrayOfDoubles", &Dim (3,2)] "Col1: Multiplicity of the initial state  Col2: Multiplicity of the final state"
                                                         0                           1

0                                      1.0000000000000000e+00         1.0000000000000000e+00
1                                      1.0000000000000000e+00         1.0000000000000000e+00
2                                      1.0000000000000000e+00         1.0000000000000000e+00
   &EXCITATIONENERGIES [&Type "ArrayOfDoubles", &Dim (3,11)] 
                                                         0                           1                           2                           3                           4                           5                           6                           7

0                                      3.3573782719091176e+00         2.7079084798059921e+04         3.6928869917776723e+02         2.3887307187392753e-01         2.9040814958576484e+00        -1.4481809165573676e+00         0.0000000000000000e+00        -8.9226404986966146e-01
1                                      3.8227093686988933e+00         3.0832233597101666e+04         3.2433589245185379e+02         3.4228788413215960e-03         3.6547874622228277e-02        -1.2474660565908000e-01         0.0000000000000000e+00        -1.3916432146677757e-01
2                                      3.9482715095586860e+00         3.1844960666975403e+04         3.1402142726998028e+02         1.2802842571992511e-02         1.3235528141602038e-01         2.8769743023675959e-01         0.0000000000000000e+00         2.0782242370436768e-01
                                                         8                           9                          10

0                                      0.0000000000000000e+00        -1.0352967732443361e-01         0.0000000000000000e+00
1                                      0.0000000000000000e+00        -4.0242398405881057e-02         0.0000000000000000e+00
2                                      0.0000000000000000e+00         7.9970683733650114e-02         0.0000000000000000e+00
$End
$Geometry
   &GeometryIndex 29
   &ListStatus       OUT
   &NATOMS [&Type "Integer"] 35
   &NCORELESSECP [&Type "Integer"] 0
   &NGHOSTATOMS [&Type "Integer"] 0
   &CartesianCoordinates [&Type "Coordinates", &Dim(35,4), &Units "Bohr"] 
              C     -3.138166187468   -3.704205377097   -0.760405795047
              C     -2.290061222871   -5.644123010597   -2.340329624833
              C      0.154536666145   -5.636621895428   -3.223242097848
              C     -1.539122866502   -1.767164291714   -0.090338844101
              C      1.001908934679   -1.696469777753   -0.930820408526
              O     -2.382461399825    0.089711487493    1.562171953761
              C      1.833169054737   -3.694788601852   -2.540997214621
              C      4.370440385555   -3.726441792606   -3.477665371727
              C      6.047057200800   -1.891593476558   -2.883082575443
              C      2.827634442653    0.217497441176   -0.293531553735
              C      5.318708660077    0.138015241661   -1.263384558761
              N      2.251185591330    2.174145538675    1.276815218226
              C      3.852027806256    4.009250552201    1.926782659398
              C      6.294725754811    4.007274090820    0.994151743450
              C      7.015043092152    2.065740220019   -0.590268690645
              C     -4.547218262003    1.478549856366    0.900263218056
              O     -5.330412711059    1.517818820631   -1.256881619270
              N     -5.482145695447    2.722978919271    2.893369891674
              C     -7.567668147676    4.489348016711    2.513927780565
              C     -4.569091836015    2.489882810163    5.489992851810
              H     -3.319023238144    0.879963136090    5.682628555055
              H     -6.191421095140    2.230552568106    6.734818437340
              H     -3.573137225122    4.207263288434    6.054781293724
              H     -7.964910803032    4.673799432251    0.511918670562
              H     -7.050750492182    6.330636598074    3.285917187972
              H     -9.253585375769    3.809691801781    3.490016734082
              H      0.825321096916   -7.129798140346   -4.448701759016
              H     -5.054815473714   -3.708902463933   -0.053824471431
              H     -3.572606462843   -7.150935350391   -2.854994510712
              H      4.916998874239   -5.275171583135   -4.697277489151
              H      7.960047913547   -1.921886812053   -3.604071541882
              H      3.122811463651    5.434532750995    3.192190436289
              H      7.582587634810    5.498754222792    1.522663260064
              H      8.917448986439    2.001001148509   -1.340966163639
              H      0.474028458445    2.198698412408    2.004581243176
$End
$SCF_Energy
   &GeometryIndex 29
   &ListStatus       OUT
   &SCF_ENERGY [&Type "Double"]      -8.7889666556310658e+02
$End
$DFT_Energy
   &GeometryIndex 29
   &ListStatus       OUT
   &NALPHAEL [&Type "Integer"] 70
   &NBETAEL [&Type "Integer"] 70
   &NTOTALEL [&Type "Integer"] 139
   &EEXCHANGE [&Type "Double"]      -9.3725564675091917e+01
   &ECORR [&Type "Double"]      -6.1589191888026464e+00
   &ECNL [&Type "Double"]       0.0000000000000000e+00
   &EXC [&Type "Double"]      -9.9884483863894559e+01
   &EEMBED [&Type "Double"]       0.0000000000000000e+00
   &FINALEN [&Type "Double"]      -8.7889666556310658e+02  "No Van der Waals correction"
$End
$Solvation_Details
   &GeometryIndex 29
   &ListStatus       OUT
   &SOLVENT [&Type "String"] "WATER"
   &EPSILON [&Type "Double"]       8.0150999999999996e+01
   &REFRAC [&Type "Double"]       1.3328000000000000e+00
   &RSOLV [&Type "Double"]       1.3000000000000000e+00
   &SURFACETYPE [&Type "String"] "GAUSSIAN VDW"
   &NPOINTS [&Type "Integer"] 3070
   &SURFACEAREA [&Type "Double"]       1.0853400640330001e+03
   &CPCMDIELENERGY [&Type "Double"]      -8.6892330000000004e-02
$End
$CIS_Absorption_Spectrum
   &GeometryIndex 29
   &ListStatus       OUT
   &TEMPERATURE [&Type "Double"]       2.9814999999999998e+02
   &METHOD [&Type "Integer"] 20
   &RELCORRECTION [&Type "Integer"] 1 "Type of relativistic treatment in QDPT. 0->Unknow, 1->None, 2->SOC, 3->SSC, 4->SOC/SSC"
   &DENSTYPE [&Type "Integer"] 3 "Type of density (electron/spin ...). 0->Unknow, 1->Electronic, 2->Spin, 3->Trans/Electronic, 4->Tran/Spin"
   &DERITYPE [&Type "Integer"] 0 "Type of derivative (w.r.t. to what perturbation). 0->Unknown, 1->No Derivative, 2->Electric/Dipole, 3->Electric/Quad, 4->Magnetic/Dipole, 5->Magnetic/Quad"
   &DENSLEVEL [&Type "Integer"] 0 "// Source of density: relaxed, unrelaxed, ... 0->Unknown, 1->Linearized, 2->Unrelaxed, 3->Relaxed"
   &REPRESENTATION [&Type "String"] "Length" "Possible values: Unknown,  Length, Velocity"
   &POINTGROUP [&Type "String"] "C1"
   &NTRANS [&Type "Integer"] 3
   &DOHIGHERMOMENTS [&Type "Boolean"] false
   &STATES [&Type "ArrayOfIntegers", &Dim (3,4)] "The initial and Final states. Col1: Initial State  Col2: Initial Irrep Col3: Final State Col4: Final Irrep"
                                                         0                           1                           2                           3

0                                                        0                           0                           1                           0
1                                                        0                           0                           2                           0
2                                                        0                           0                           3                           0
   &MULTIPLICITIES [&Type "ArrayOfDoubles", &Dim (3,2)] "Col1: Multiplicity of the initial state  Col2: Multiplicity of the final state"
                                                         0                           1

0                                      1.0000000000000000e+00         1.0000000000000000e+00
1                                      1.0000000000000000e+00         1.0000000000000000e+00
2                                      1.0000000000000000e+00         1.0000000000000000e+00
   &EXCITATIONENERGIES [&Type "ArrayOfDoubles", &Dim (3,11)] 
                                                         0                           1                           2                           3                           4                           5                           6                           7

0                                      3.3574235485528030e+00         2.7079449978857087e+04         3.6928371912308904e+02         2.3889312596777815e-01         2.9042861356302918e+00        -1.4482488849809048e+00         0.0000000000000000e+00        -8.9227547037759136e-01
1                                      3.8220707376129948e+00         3.0827082689479961e+04         3.2439008584528159e+02         3.3820883265145833e-03         3.6118366899821903e-02        -1.2373765212520953e-01         0.0000000000000000e+00        -1.3853784825659532e-01
2                                      3.9482015918836577e+00         3.1844396742836496e+04         3.1402698819375604e+02         1.2915071136602053e-02         1.3351786028054013e-01         2.8840833770069035e-01         0.0000000000000000e+00         2.0935163809679222e-01
                                                         8                           9                          10

0                                      0.0000000000000000e+00        -1.0346877666381303e-01         0.0000000000000000e+00
1                                      0.0000000000000000e+00        -4.0182395981264045e-02         0.0000000000000000e+00
2                                      0.0000000000000000e+00         8.0686942261151709e-02         0.0000000000000000e+00
$End
$Geometry
   &GeometryIndex 30
   &ListStatus       OUT
   &NATOMS [&Type "Integer"] 35
   &NCORELESSECP [&Type "Integer"] 0
   &NGHOSTATOMS [&Type "Integer"] 0
   &CartesianCoordinates [&Type "Coordinates", &Dim(35,4), &Units "Bohr"] 
              C     -3.138223908629   -3.704377985871   -0.760440027901
              C     -2.290452489409   -5.644322401467   -2.340391905866
              C      0.154317584320   -5.636384418001   -3.222906030028
              C     -1.538783877018   -1.767561151784   -0.090481069605
              C      1.002302600210   -1.696293646838   -0.930765205618
              O     -2.382278532521    0.089468356237    1.561773517632
              C      1.833197886519   -3.694504699901   -2.541056761521
              C      4.370489577352   -3.726416605691   -3.477664220921
              C      6.047087454954   -1.891540116437   -2.883102751284
              C      2.827797284094    0.217832146669   -0.293291013438
              C      5.318927234333    0.138157085135   -1.263413060002
              N      2.250699098423    2.174309403730    1.277067402818
              C      3.851835720833    4.009140351629    1.926806425401
              C      6.294517123650    4.006844624294    0.993911419125
              C      7.015521271641    2.065603836183   -0.590506568753
              C     -4.547238180799    1.478432279873    0.900319040057
              O     -5.330306877095    1.517806800628   -1.256850851288
              N     -5.482242346592    2.723102135608    2.893454110986
              C     -7.567981048106    4.489618787300    2.513907278261
              C     -4.569043071769    2.489882715665    5.490154285898
              H     -3.318993781272    0.879899912835    5.682494167795
              H     -6.191245133308    2.230461836820    6.735123856340
              H     -3.572946047947    4.207162475061    6.054989347788
              H     -7.965156742568    4.673998351933    0.511873692419
              H     -7.051083859681    6.330926512799    3.285853084543
              H     -9.253907771676    3.809946942545    3.489960462597
              H      0.825314354039   -7.129582345548   -4.448221414067
              H     -5.054839156622   -3.708453925572   -0.053768047397
              H     -3.572843935338   -7.151185760001   -2.855295399419
              H      4.917126084408   -5.275328221005   -4.697009886318
              H      7.960153327685   -1.921989093687   -3.603892517262
              H      3.123211098511    5.434718717329    3.192217233357
              H      7.582146179982    5.498467870318    1.522574330411
              H      8.917989290123    2.001057411525   -1.341074714698
              H      0.473448431601    2.198626007018    2.004679309309
$End
$SCF_Energy
   &GeometryIndex 30
   &ListStatus       OUT
   &SCF_ENERGY [&Type "Double"]      -8.7889666572074793e+02
$End
$DFT_Energy
   &GeometryIndex 30
   &ListStatus       OUT
   &NALPHAEL [&Type "Integer"] 70
   &NBETAEL [&Type "Integer"] 70
   &NTOTALEL [&Type "Integer"] 139
   &EEXCHANGE [&Type "Double"]      -9.3725403239182427e+01
   &ECORR [&Type "Double"]      -6.1589069680165514e+00
   &ECNL [&Type "Double"]       0.0000000000000000e+00
   &EXC [&Type "Double"]      -9.9884310207198979e+01
   &EEMBED [&Type "Double"]       0.0000000000000000e+00
   &FINALEN [&Type "Double"]      -8.7889666572074793e+02  "No Van der Waals correction"
$End
$Solvation_Details
   &GeometryIndex 30
   &ListStatus       OUT
   &SOLVENT [&Type "String"] "WATER"
   &EPSILON [&Type "Double"]       8.0150999999999996e+01
   &REFRAC [&Type "Double"]       1.3328000000000000e+00
   &RSOLV [&Type "Double"]       1.3000000000000000e+00
   &SURFACETYPE [&Type "String"] "GAUSSIAN VDW"
   &NPOINTS [&Type "Integer"] 3070
   &SURFACEAREA [&Type "Double"]       1.0853605191260001e+03
   &CPCMDIELENERGY [&Type "Double"]      -8.6878005999999994e-02
$End
$CIS_Absorption_Spectrum
   &GeometryIndex 30
   &ListStatus       OUT
   &TEMPERATURE [&Type "Double"]       2.9814999999999998e+02
   &METHOD [&Type "Integer"] 20
   &RELCORRECTION [&Type "Integer"] 1 "Type of relativistic treatment in QDPT. 0->Unknow, 1->None, 2->SOC, 3->SSC, 4->SOC/SSC"
   &DENSTYPE [&Type "Integer"] 3 "Type of density (electron/spin ...). 0->Unknow, 1->Electronic, 2->Spin, 3->Trans/Electronic, 4->Tran/Spin"
   &DERITYPE [&Type "Integer"] 0 "Type of derivative (w.r.t. to what perturbation). 0->Unknown, 1->No Derivative, 2->Electric/Dipole, 3->Electric/Quad, 4->Magnetic/Dipole, 5->Magnetic/Quad"
   &DENSLEVEL [&Type "Integer"] 0 "// Source of density: relaxed, unrelaxed, ... 0->Unknown, 1->Linearized, 2->Unrelaxed, 3->Relaxed"
   &REPRESENTATION [&Type "String"] "Length" "Possible values: Unknown,  Length, Velocity"
   &POINTGROUP [&Type "String"] "C1"
   &NTRANS [&Type "Integer"] 3
   &DOHIGHERMOMENTS [&Type "Boolean"] false
   &STATES [&Type "ArrayOfIntegers", &Dim (3,4)] "The initial and Final states. Col1: Initial State  Col2: Initial Irrep Col3: Final State Col4: Final Irrep"
                                                         0                           1                           2                           3

0                                                        0                           0                           1                           0
1                                                        0                           0                           2                           0
2                                                        0                           0                           3                           0
   &MULTIPLICITIES [&Type "ArrayOfDoubles", &Dim (3,2)] "Col1: Multiplicity of the initial state  Col2: Multiplicity of the final state"
                                                         0                           1

0                                      1.0000000000000000e+00         1.0000000000000000e+00
1                                      1.0000000000000000e+00         1.0000000000000000e+00
2                                      1.0000000000000000e+00         1.0000000000000000e+00
   &EXCITATIONENERGIES [&Type "ArrayOfDoubles", &Dim (3,11)] 
                                                         0                           1                           2                           3                           4                           5                           6                           7

0                                      3.3568810532984110e+00         2.7075074459089436e+04         3.6934339793266486e+02         2.3892299517610005e-01         2.9051186748596702e+00        -1.4483475716616883e+00         0.0000000000000000e+00        -8.9256884910391565e-01
1                                      3.8206627644020870e+00         3.0815726618497261e+04         3.2450962859975073e+02         3.2749947722006162e-03         3.4987570432675828e-02        -1.2168157637113437e-01         0.0000000000000000e+00        -1.3646988917987898e-01
2                                      3.9478276717905265e+00         3.1841380873580918e+04         3.1405673138683159e+02         1.2920210538239928e-02         1.3358364338329021e-01         2.8900962069411307e-01         0.0000000000000000e+00         2.0888789229221960e-01
                                                         8                           9                          10

0                                      0.0000000000000000e+00        -1.0358009524359733e-01         0.0000000000000000e+00
1                                      0.0000000000000000e+00        -3.9460534103622692e-02         0.0000000000000000e+00
2                                      0.0000000000000000e+00         8.0143190498314767e-02         0.0000000000000000e+00
$End
$Geometry
   &GeometryIndex 31
   &ListStatus       OUT
   &NATOMS [&Type "Integer"] 35
   &NCORELESSECP [&Type "Integer"] 0
   &NGHOSTATOMS [&Type "Integer"] 0
   &CartesianCoordinates [&Type "Coordinates", &Dim(35,4), &Units "Bohr"] 
              C     -3.138072687427   -3.704274429357   -0.760331284725
              C     -2.290257089628   -5.644019409696   -2.340317197068
              C      0.154454040166   -5.636184223009   -3.222825921598
              C     -1.538760790182   -1.767370471174   -0.090859257090
              C      1.002273630561   -1.696488880470   -0.930696120938
              O     -2.382177732250    0.089214676652    1.561648395562
              C      1.833228631778   -3.694552993256   -2.540797043974
              C      4.370242325830   -3.726267606827   -3.477688923997
              C      6.046873661164   -1.891595927070   -2.882848126956
              C      2.827700056357    0.217499364330   -0.293521020842
              C      5.318527303025    0.138141668506   -1.263482510752
              N      2.251231218444    2.173996574980    1.276745769833
              C      3.852006462454    4.009137791777    1.926641044508
              C      6.294734238877    4.007205087161    0.994138779557
              C      7.014917431646    2.065678520613   -0.590296597480
              C     -4.547224762203    1.478162312024    0.900454054486
              O     -5.330298209336    1.517921741743   -1.256675341833
              N     -5.482216279553    2.723118166975    2.893363722270
              C     -7.568036901379    4.489671772199    2.513921325779
              C     -4.569116583151    2.489903257330    5.489944764947
              H     -3.319086227084    0.879900525928    5.682270766109
              H     -6.191292996901    2.230485208155    6.734952816416
              H     -3.572970902799    4.207147444337    6.054814179015
              H     -7.965369788329    4.674182480243    0.511934777421
              H     -7.051054115220    6.330910005631    3.285974370965
              H     -9.253865684479    3.809938800581    3.490101501540
              H      0.825370922260   -7.129268467814   -4.448305892453
              H     -5.054499427145   -3.708591523152   -0.053174327090
              H     -3.572594296359   -7.150925066327   -2.855194948179
              H      4.916755013269   -5.275026693718   -4.697267799946
              H      7.959981866421   -1.922096705659   -3.603492040703
              H      3.122696916350    5.434355001818    3.192058236727
              H      7.582675140242    5.498552283043    1.522823381582
              H      8.917354355950    2.000678633006   -1.340876268072
              H      0.474097980855    2.198435802495    2.004566857381
$End
$SCF_Energy
   &GeometryIndex 31
   &ListStatus       OUT
   &SCF_ENERGY [&Type "Double"]      -8.7889666541449924e+02
$End
$DFT_Energy
   &GeometryIndex 31
   &ListStatus       OUT
   &NALPHAEL [&Type "Integer"] 70
   &NBETAEL [&Type "Integer"] 70
   &NTOTALEL [&Type "Integer"] 139
   &EEXCHANGE [&Type "Double"]      -9.3725989291710533e+01
   &ECORR [&Type "Double"]      -6.1589483556448510e+00
   &ECNL [&Type "Double"]       0.0000000000000000e+00
   &EXC [&Type "Double"]      -9.9884937647355386e+01
   &EEMBED [&Type "Double"]       0.0000000000000000e+00
   &FINALEN [&Type "Double"]      -8.7889666541449924e+02  "No Van der Waals correction"
$End
$Solvation_Details
   &GeometryIndex 31
   &ListStatus       OUT
   &SOLVENT [&Type "String"] "WATER"
   &EPSILON [&Type "Double"]       8.0150999999999996e+01
   &REFRAC [&Type "Double"]       1.3328000000000000e+00
   &RSOLV [&Type "Double"]       1.3000000000000000e+00
   &SURFACETYPE [&Type "String"] "GAUSSIAN VDW"
   &NPOINTS [&Type "Integer"] 3070
   &SURFACEAREA [&Type "Double"]       1.0853365290990000e+03
   &CPCMDIELENERGY [&Type "Double"]      -8.6891477999999994e-02
$End
$CIS_Absorption_Spectrum
   &GeometryIndex 31
   &ListStatus       OUT
   &TEMPERATURE [&Type "Double"]       2.9814999999999998e+02
   &METHOD [&Type "Integer"] 20
   &RELCORRECTION [&Type "Integer"] 1 "Type of relativistic treatment in QDPT. 0->Unknow, 1->None, 2->SOC, 3->SSC, 4->SOC/SSC"
   &DENSTYPE [&Type "Integer"] 3 "Type of density (electron/spin ...). 0->Unknow, 1->Electronic, 2->Spin, 3->Trans/Electronic, 4->Tran/Spin"
   &DERITYPE [&Type "Integer"] 0 "Type of derivative (w.r.t. to what perturbation). 0->Unknown, 1->No Derivative, 2->Electric/Dipole, 3->Electric/Quad, 4->Magnetic/Dipole, 5->Magnetic/Quad"
   &DENSLEVEL [&Type "Integer"] 0 "// Source of density: relaxed, unrelaxed, ... 0->Unknown, 1->Linearized, 2->Unrelaxed, 3->Relaxed"
   &REPRESENTATION [&Type "String"] "Length" "Possible values: Unknown,  Length, Velocity"
   &POINTGROUP [&Type "String"] "C1"
   &NTRANS [&Type "Integer"] 3
   &DOHIGHERMOMENTS [&Type "Boolean"] false
   &STATES [&Type "ArrayOfIntegers", &Dim (3,4)] "The initial and Final states. Col1: Initial State  Col2: Initial Irrep Col3: Final State Col4: Final Irrep"
                                                         0                           1                           2                           3

0                                                        0                           0                           1                           0
1                                                        0                           0                           2                           0
2                                                        0                           0                           3                           0
   &MULTIPLICITIES [&Type "ArrayOfDoubles", &Dim (3,2)] "Col1: Multiplicity of the initial state  Col2: Multiplicity of the final state"
                                                         0                           1

0                                      1.0000000000000000e+00         1.0000000000000000e+00
1                                      1.0000000000000000e+00         1.0000000000000000e+00
2                                      1.0000000000000000e+00         1.0000000000000000e+00
   &EXCITATIONENERGIES [&Type "ArrayOfDoubles", &Dim (3,11)] 
                                                         0                           1                           2                           3                           4                           5                           6                           7

0                                      3.3571862239985242e+00         2.7077535827036976e+04         3.6930982434579511e+02         2.3902004031698207e-01         2.9060344839624164e+00        -1.4485727294591084e+00         0.0000000000000000e+00        -8.9270114115191324e-01
1                                      3.8221457821474192e+00         3.0827687964532914e+04         3.2438371672585197e+02         3.3454884088954073e-03         3.5726803585012117e-02        -1.2326527425076997e-01         0.0000000000000000e+00        -1.3766576610674772e-01
2                                      3.9483373293913484e+00         3.1845491539783205e+04         3.1401619244932766e+02         1.2803076428028116e-02         1.3235549257247017e-01         2.8810264290195281e-01         0.0000000000000000e+00         2.0741025880456626e-01
                                                         8                           9                          10

0                                      0.0000000000000000e+00        -1.0371212087252391e-01         0.0000000000000000e+00
1                                      0.0000000000000000e+00        -3.9756918783235916e-02         0.0000000000000000e+00
2                                      0.0000000000000000e+00         7.9582311275828641e-02         0.0000000000000000e+00
$End
$Geometry
   &GeometryIndex 32
   &ListStatus       OUT
   &NATOMS [&Type "Integer"] 35
   &NCORELESSECP [&Type "Integer"] 0
   &NGHOSTATOMS [&Type "Integer"] 0
   &CartesianCoordinates [&Type "Coordinates", &Dim(35,4), &Units "Bohr"] 
              C     -3.138345761226   -3.704268008426   -0.760411189941
              C     -2.290068819554   -5.644150983946   -2.340114617076
              C      0.154484365405   -5.636206807312   -3.223076105997
              C     -1.538948582506   -1.767454091438   -0.090559618572
              C      1.002088515001   -1.696303685623   -0.931005834735
              O     -2.382197443592    0.089420492923    1.561894212628
              C      1.833421469666   -3.694884165390   -2.540584580318
              C      4.370335401564   -3.726549496722   -3.477844483260
              C      6.046863079727   -1.891783903543   -2.882830665955
              C      2.827537385598    0.217922804456   -0.293761207172
              C      5.318834126379    0.138131225990   -1.263267224868
              N      2.250951283773    2.173994008698    1.277194882724
              C      3.851868575677    4.009195017804    1.926546260870
              C      6.294779372652    4.006991606720    0.994273044010
              C      7.015415654270    2.065857929281   -0.590508554677
              C     -4.547240379797    1.478253265966    0.900432470972
              O     -5.330347056790    1.517928892050   -1.256692453935
              N     -5.482193832845    2.723076919050    2.893330136281
              C     -7.567896511146    4.489550439663    2.513929989136
              C     -4.569127400250    2.489895157412    5.489862979359
              H     -3.319083449814    0.879923527581    5.682293175079
              H     -6.191346631576    2.230503343839    6.734820535518
              H     -3.573047099566    4.207185818378    6.054708498427
              H     -7.965244048229    4.674079255774    0.511949977008
              H     -7.050911252701    6.330785718406    3.285992995830
              H     -9.253728356564    3.809828058745    3.490115453647
              H      0.825018465545   -7.128876709745   -4.449277179417
              H     -5.055104999585   -3.708472431226   -0.054137917456
              H     -3.572493895569   -7.150828040307   -2.855454034174
              H      4.916614084988   -5.274780757469   -4.698211889686
              H      7.959680954340   -1.921819068103   -3.604283841679
              H      3.122722367459    5.434995740391    3.191404053920
              H      7.582263668510    5.498792189154    1.522812759331
              H      8.917723100303    2.001392742453   -1.341497100118
              H      0.473706877706    2.198553396629    2.004779685267
$End
$SCF_Energy
   &GeometryIndex 32
   &ListStatus       OUT
   &SCF_ENERGY [&Type "Double"]      -8.7889666572236854e+02
$End
$DFT_Energy
   &GeometryIndex 32
   &ListStatus       OUT
   &NALPHAEL [&Type "Integer"] 70
   &NBETAEL [&Type "Integer"] 70
   &NTOTALEL [&Type "Integer"] 139
   &EEXCHANGE [&Type "Double"]      -9.3725606442546621e+01
   &ECORR [&Type "Double"]      -6.1589224657307762e+00
   &ECNL [&Type "Double"]       0.0000000000000000e+00
   &EXC [&Type "Double"]      -9.9884528908277403e+01
   &EEMBED [&Type "Double"]       0.0000000000000000e+00
   &FINALEN [&Type "Double"]      -8.7889666572236854e+02  "No Van der Waals correction"
$End
$Solvation_Details
   &GeometryIndex 32
   &ListStatus       OUT
   &SOLVENT [&Type "String"] "WATER"
   &EPSILON [&Type "Double"]       8.0150999999999996e+01
   &REFRAC [&Type "Double"]       1.3328000000000000e+00
   &RSOLV [&Type "Double"]       1.3000000000000000e+00
   &SURFACETYPE [&Type "String"] "GAUSSIAN VDW"
   &NPOINTS [&Type "Integer"] 3070
   &SURFACEAREA [&Type "Double"]       1.0853534661330000e+03
   &CPCMDIELENERGY [&Type "Double"]      -8.6887621999999998e-02
$End
$CIS_Absorption_Spectrum
   &GeometryIndex 32
   &ListStatus       OUT
   &TEMPERATURE [&Type "Double"]       2.9814999999999998e+02
   &METHOD [&Type "Integer"] 20
   &RELCORRECTION [&Type "Integer"] 1 "Type of relativistic treatment in QDPT. 0->Unknow, 1->None, 2->SOC, 3->SSC, 4->SOC/SSC"
   &DENSTYPE [&Type "Integer"] 3 "Type of density (electron/spin ...). 0->Unknow, 1->Electronic, 2->Spin, 3->Trans/Electronic, 4->Tran/Spin"
   &DERITYPE [&Type "Integer"] 0 "Type of derivative (w.r.t. to what perturbation). 0->Unknown, 1->No Derivative, 2->Electric/Dipole, 3->Electric/Quad, 4->Magnetic/Dipole, 5->Magnetic/Quad"
   &DENSLEVEL [&Type "Integer"] 0 "// Source of density: relaxed, unrelaxed, ... 0->Unknown, 1->Linearized, 2->Unrelaxed, 3->Relaxed"
   &REPRESENTATION [&Type "String"] "Length" "Possible values: Unknown,  Length, Velocity"
   &POINTGROUP [&Type "String"] "C1"
   &NTRANS [&Type "Integer"] 3
   &DOHIGHERMOMENTS [&Type "Boolean"] false
   &STATES [&Type "ArrayOfIntegers", &Dim (3,4)] "The initial and Final states. Col1: Initial State  Col2: Initial Irrep Col3: Final State Col4: Final Irrep"
                                                         0                           1                           2                           3

0                                                        0                           0                           1                           0
1                                                        0                           0                           2                           0
2                                                        0                           0                           3                           0
   &MULTIPLICITIES [&Type "ArrayOfDoubles", &Dim (3,2)] "Col1: Multiplicity of the initial state  Col2: Multiplicity of the final state"
                                                         0                           1

0                                      1.0000000000000000e+00         1.0000000000000000e+00
1                                      1.0000000000000000e+00         1.0000000000000000e+00
2                                      1.0000000000000000e+00         1.0000000000000000e+00
   &EXCITATIONENERGIES [&Type "ArrayOfDoubles", &Dim (3,11)] 
                                                         0                           1                           2                           3                           4                           5                           6                           7

0                                      3.3569628951531785e+00         2.7075734558234002e+04         3.6933439343971185e+02         2.3901603119946005e-01         2.9061790672926522e+00        -1.4484882447501075e+00         0.0000000000000000e+00        -8.9290285028255956e-01
1                                      3.8216539105863405e+00         3.0823720752430647e+04         3.2442546700697824e+02         3.3557768395665070e-03         3.5841287171504123e-02        -1.2327658248172382e-01         0.0000000000000000e+00        -1.3801116685011847e-01
2                                      3.9479090572766142e+00         3.1842037291863464e+04         3.1405025715974779e+02         1.2905555639453448e-02         1.3342937390411408e-01         2.8860306937130442e-01         0.0000000000000000e+00         2.0899383843019764e-01
                                                         8                           9                          10

0                                      0.0000000000000000e+00        -1.0385264594937225e-01         0.0000000000000000e+00
1                                      0.0000000000000000e+00        -3.9963598534161433e-02         0.0000000000000000e+00
2                                      0.0000000000000000e+00         8.0369258748532471e-02         0.0000000000000000e+00
$End
$Geometry
   &GeometryIndex 33
   &ListStatus       OUT
   &NATOMS [&Type "Integer"] 35
   &NCORELESSECP [&Type "Integer"] 0
   &NGHOSTATOMS [&Type "Integer"] 0
   &CartesianCoordinates [&Type "Coordinates", &Dim(35,4), &Units "Bohr"] 
              C     -3.138374089455   -3.704366439646   -0.760227059694
              C     -2.290086800854   -5.643884246493   -2.340401178501
              C      0.154608372880   -5.636347086633   -3.222960464316
              C     -1.539193467941   -1.767178436822   -0.090912733287
              C      1.002163630845   -1.696594799141   -0.930604275172
              O     -2.382314788016    0.089469347835    1.561925217043
              C      1.833332816594   -3.694724503682   -2.540935961748
              C      4.370311141312   -3.726599070704   -3.477995717621
              C      6.046796844507   -1.891799108030   -2.882920604355
              C      2.827681915802    0.217612766101   -0.293249995291
              C      5.318784398561    0.138374189432   -1.263559537144
              N      2.250746999352    2.174207400896    1.276978432503
              C      3.851897572292    4.009096346250    1.926645502902
              C      6.294714798923    4.007167609109    0.994051066273
              C      7.015615056831    2.065864835843   -0.590436492718
              C     -4.547066739321    1.478433559197    0.900464019343
              O     -5.330347687600    1.517861458846   -1.256586834159
              N     -5.482225795122    2.723025095701    2.893321929321
              C     -7.567804451901    4.489468993372    2.513947825722
              C     -4.569170691054    2.489897021413    5.489721901054
              H     -3.319126928186    0.879931949084    5.682191022312
              H     -6.191383942130    2.230509440415    6.734689908496
              H     -3.573104747821    4.207198984355    6.054572702577
              H     -7.965162474694    4.674029509267    0.511974922496
              H     -7.050790218219    6.330689332997    3.286035798546
              H     -9.253646894812    3.809774044039    3.490137210771
              H      0.825393519913   -7.129640404601   -4.448265901422
              H     -5.054749253473   -3.709419806558   -0.052902614479
              H     -3.572253991932   -7.150989613046   -2.855127136356
              H      4.916893069529   -5.275369489423   -4.697546732434
              H      7.959943712865   -1.922458713335   -3.603482254812
              H      3.123150551549    5.434377488908    3.192319058175
              H      7.582338213057    5.498577240078    1.523365963262
              H      8.918229993813    2.000923113821   -1.340618777617
              H      0.473694420370    2.198494554305    2.005039379640
$End
$SCF_Energy
   &GeometryIndex 33
   &ListStatus       OUT
   &SCF_ENERGY [&Type "Double"]      -8.7889666587156728e+02
$End
$DFT_Energy
   &GeometryIndex 33
   &ListStatus       OUT
   &NALPHAEL [&Type "Integer"] 70
   &NBETAEL [&Type "Integer"] 70
   &NTOTALEL [&Type "Integer"] 139
   &EEXCHANGE [&Type "Double"]      -9.3725626371175053e+01
   &ECORR [&Type "Double"]      -6.1589233653441404e+00
   &ECNL [&Type "Double"]       0.0000000000000000e+00
   &EXC [&Type "Double"]      -9.9884549736519190e+01
   &EEMBED [&Type "Double"]       0.0000000000000000e+00
   &FINALEN [&Type "Double"]      -8.7889666587156728e+02  "No Van der Waals correction"
$End
$Solvation_Details
   &GeometryIndex 33
   &ListStatus       OUT
   &SOLVENT [&Type "String"] "WATER"
   &EPSILON [&Type "Double"]       8.0150999999999996e+01
   &REFRAC [&Type "Double"]       1.3328000000000000e+00
   &RSOLV [&Type "Double"]       1.3000000000000000e+00
   &SURFACETYPE [&Type "String"] "GAUSSIAN VDW"
   &NPOINTS [&Type "Integer"] 3069
   &SURFACEAREA [&Type "Double"]       1.0853409189270001e+03
   &CPCMDIELENERGY [&Type "Double"]      -8.6909579000000001e-02
$End
$CIS_Absorption_Spectrum
   &GeometryIndex 33
   &ListStatus       OUT
   &TEMPERATURE [&Type "Double"]       2.9814999999999998e+02
   &METHOD [&Type "Integer"] 20
   &RELCORRECTION [&Type "Integer"] 1 "Type of relativistic treatment in QDPT. 0->Unknow, 1->None, 2->SOC, 3->SSC, 4->SOC/SSC"
   &DENSTYPE [&Type "Integer"] 3 "Type of density (electron/spin ...). 0->Unknow, 1->Electronic, 2->Spin, 3->Trans/Electronic, 4->Tran/Spin"
   &DERITYPE [&Type "Integer"] 0 "Type of derivative (w.r.t. to what perturbation). 0->Unknown, 1->No Derivative, 2->Electric/Dipole, 3->Electric/Quad, 4->Magnetic/Dipole, 5->Magnetic/Quad"
   &DENSLEVEL [&Type "Integer"] 0 "// Source of density: relaxed, unrelaxed, ... 0->Unknown, 1->Linearized, 2->Unrelaxed, 3->Relaxed"
   &REPRESENTATION [&Type "String"] "Length" "Possible values: Unknown,  Length, Velocity"
   &POINTGROUP [&Type "String"] "C1"
   &NTRANS [&Type "Integer"] 3
   &DOHIGHERMOMENTS [&Type "Boolean"] false
   &STATES [&Type "ArrayOfIntegers", &Dim (3,4)] "The initial and Final states. Col1: Initial State  Col2: Initial Irrep Col3: Final State Col4: Final Irrep"
                                                         0                           1                           2                           3

0                                                        0                           0                           1                           0
1                                                        0                           0                           2                           0
2                                                        0                           0                           3                           0
   &MULTIPLICITIES [&Type "ArrayOfDoubles", &Dim (3,2)] "Col1: Multiplicity of the initial state  Col2: Multiplicity of the final state"
                                                         0                           1

0                                      1.0000000000000000e+00         1.0000000000000000e+00
1                                      1.0000000000000000e+00         1.0000000000000000e+00
2                                      1.0000000000000000e+00         1.0000000000000000e+00
   &EXCITATIONENERGIES [&Type "ArrayOfDoubles", &Dim (3,11)] 
                                                         0                           1                           2                           3                           4                           5                           6                           7

0                                      3.3572793744499840e+00         2.7078287136174571e+04         3.6929957754383753e+02         2.3885969277309838e-01         2.9040043829774320e+00        -1.4481241016716015e+00         0.0000000000000000e+00        -8.9230137560295109e-01
1                                      3.8220755466784762e+00         3.0827121477212957e+04         3.2438967768663969e+02         3.4261224698177513e-03         3.6588575093414483e-02        -1.2463646085280251e-01         0.0000000000000000e+00        -1.3936276717064128e-01
2                                      3.9478902710312327e+00         3.1841885770560075e+04         3.1405175158456410e+02         1.2949867039310180e-02         1.3388814257506415e-01         2.8848882167202161e-01         0.0000000000000000e+00         2.0995464481544193e-01
                                                         8                           9                          10

0                                      0.0000000000000000e+00        -1.0363022837150397e-01         0.0000000000000000e+00
1                                      0.0000000000000000e+00        -4.0402312384861548e-02         0.0000000000000000e+00
2                                      0.0000000000000000e+00         8.1125763267745538e-02         0.0000000000000000e+00
$End
$Geometry
   &GeometryIndex 34
   &ListStatus       OUT
   &NATOMS [&Type "Integer"] 35
   &NCORELESSECP [&Type "Integer"] 0
   &NGHOSTATOMS [&Type "Integer"] 0
   &CartesianCoordinates [&Type "Coordinates", &Dim(35,4), &Units "Bohr"] 
              C     -3.138160507196   -3.704319626142   -0.760346786123
              C     -2.290297647257   -5.644216892946   -2.340370630671
              C      0.154399567695   -5.636561513502   -3.223102624601
              C     -1.539076956168   -1.767125829683   -0.090731445981
              C      1.002095488578   -1.696411264048   -0.930661647273
              O     -2.382269080073    0.089665753987    1.561852561760
              C      1.833204361013   -3.694783704070   -2.540752039944
              C      4.370400310333   -3.726189829592   -3.477737246594
              C      6.047280757737   -1.891640924417   -2.882967070951
              C      2.827705775099    0.217732334926   -0.293462837754
              C      5.318813862041    0.138157791086   -1.263588166987
              N      2.250955426422    2.174184772376    1.277082017279
              C      3.851876447129    4.009268948402    1.926763761702
              C      6.294574894690    4.006918532905    0.994047309425
              C      7.015266250324    2.065640600472   -0.590475333439
              C     -4.547586790811    1.477783165417    0.900711857964
              O     -5.330140873732    1.518045312727   -1.256563455581
              N     -5.482090145912    2.723185713873    2.893280304673
              C     -7.567745797369    4.489432842861    2.513956810485
              C     -4.569202011599    2.489922585184    5.489601576306
              H     -3.319173830225    0.879943451516    5.682024296923
              H     -6.191410530187    2.230531887031    6.734580923259
              H     -3.573087236367    4.207181160063    6.054495465553
              H     -7.965178141161    4.673998543139    0.512000722532
              H     -7.050793163165    6.330661157701    3.286059951309
              H     -9.253509370911    3.809641381080    3.490223019941
              H      0.825182411186   -7.129536231116   -4.448810746020
              H     -5.054674630790   -3.708933163860   -0.053395342292
              H     -3.572865678501   -7.150967266856   -2.855166602067
              H      4.916842094720   -5.274864690442   -4.697470274210
              H      7.960358893968   -1.922180127247   -3.603722025654
              H      3.122974056507    5.434855952501    3.192008313581
              H      7.582402921160    5.498367796288    1.522712909117
              H      8.917769159149    2.000969175525   -1.340936742542
              H      0.473690611999    2.198709904348    2.004611388094
$End
$SCF_Energy
   &GeometryIndex 34
   &ListStatus       OUT
   &SCF_ENERGY [&Type "Double"]      -8.7889666559380203e+02
$End
$DFT_Energy
   &GeometryIndex 34
   &ListStatus       OUT
   &NALPHAEL [&Type "Integer"] 70
   &NBETAEL [&Type "Integer"] 70
   &NTOTALEL [&Type "Integer"] 139
   &EEXCHANGE [&Type "Double"]      -9.3725683905937501e+01
   &ECORR [&Type "Double"]      -6.1589303901625643e+00
   &ECNL [&Type "Double"]       0.0000000000000000e+00
   &EXC [&Type "Double"]      -9.9884614296100068e+01
   &EEMBED [&Type "Double"]       0.0000000000000000e+00
   &FINALEN [&Type "Double"]      -8.7889666559380203e+02  "No Van der Waals correction"
$End
$Solvation_Details
   &GeometryIndex 34
   &ListStatus       OUT
   &SOLVENT [&Type "String"] "WATER"
   &EPSILON [&Type "Double"]       8.0150999999999996e+01
   &REFRAC [&Type "Double"]       1.3328000000000000e+00
   &RSOLV [&Type "Double"]       1.3000000000000000e+00
   &SURFACETYPE [&Type "String"] "GAUSSIAN VDW"
   &NPOINTS [&Type "Integer"] 3070
   &SURFACEAREA [&Type "Double"]       1.0853420182310001e+03
   &CPCMDIELENERGY [&Type "Double"]      -8.6891514000000003e-02
$End
$CIS_Absorption_Spectrum
   &GeometryIndex 34
   &ListStatus       OUT
   &TEMPERATURE [&Type "Double"]       2.9814999999999998e+02
   &METHOD [&Type "Integer"] 20
   &RELCORRECTION [&Type "Integer"] 1 "Type of relativistic treatment in QDPT. 0->Unknow, 1->None, 2->SOC, 3->SSC, 4->SOC/SSC"
   &DENSTYPE [&Type "Integer"] 3 "Type of density (electron/spin ...). 0->Unknow, 1->Electronic, 2->Spin, 3->Trans/Electronic, 4->Tran/Spin"
   &DERITYPE [&Type "Integer"] 0 "Type of derivative (w.r.t. to what perturbation). 0->Unknown, 1->No Derivative, 2->Electric/Dipole, 3->Electric/Quad, 4->Magnetic/Dipole, 5->Magnetic/Quad"
   &DENSLEVEL [&Type "Integer"] 0 "// Source of density: relaxed, unrelaxed, ... 0->Unknown, 1->Linearized, 2->Unrelaxed, 3->Relaxed"
   &REPRESENTATION [&Type "String"] "Length" "Possible values: Unknown,  Length, Velocity"
   &POINTGROUP [&Type "String"] "C1"
   &NTRANS [&Type "Integer"] 3
   &DOHIGHERMOMENTS [&Type "Boolean"] false
   &STATES [&Type "ArrayOfIntegers", &Dim (3,4)] "The initial and Final states. Col1: Initial State  Col2: Initial Irrep Col3: Final State Col4: Final Irrep"
                                                         0                           1                           2                           3

0                                                        0                           0                           1                           0
1                                                        0                           0                           2                           0
2                                                        0                           0                           3                           0
   &MULTIPLICITIES [&Type "ArrayOfDoubles", &Dim (3,2)] "Col1: Multiplicity of the initial state  Col2: Multiplicity of the final state"
                                                         0                           1

0                                      1.0000000000000000e+00         1.0000000000000000e+00
1                                      1.0000000000000000e+00         1.0000000000000000e+00
2                                      1.0000000000000000e+00         1.0000000000000000e+00
   &EXCITATIONENERGIES [&Type "ArrayOfDoubles", &Dim (3,11)] 
                                                         0                           1                           2                           3                           4                           5                           6                           7

0                                      3.3571713638700311e+00         2.7077415972005168e+04         3.6931145905276975e+02         2.3886580622863421e-01         2.9041721422337448e+00        -1.4482327848541150e+00         0.0000000000000000e+00        -8.9222887496758974e-01
1                                      3.8220069325760955e+00         3.0826568067097611e+04         3.2439550125183695e+02         3.3665757034660468e-03         3.5953303000837267e-02        -1.2358055931141682e-01         0.0000000000000000e+00        -1.3814417404702589e-01
2                                      3.9480713971080132e+00         3.1843346651043314e+04         3.1403734380011718e+02         1.2829779171831660e-02         1.3264047361368975e-01         2.8801666767972728e-01         0.0000000000000000e+00         2.0804999762192286e-01
                                                         8                           9                          10

0                                      0.0000000000000000e+00        -1.0354505194121455e-01         0.0000000000000000e+00
1                                      0.0000000000000000e+00        -3.9966680347255167e-02         0.0000000000000000e+00
2                                      0.0000000000000000e+00         8.0012944214503071e-02         0.0000000000000000e+00
$End
$Geometry
   &GeometryIndex 35
   &ListStatus       OUT
   &NATOMS [&Type "Integer"] 35
   &NCORELESSECP [&Type "Integer"] 0
   &NGHOSTATOMS [&Type "Integer"] 0
   &CartesianCoordinates [&Type "Coordinates", &Dim(35,4), &Units "Bohr"] 
              C     -3.138261786510   -3.704273374949   -0.760488366178
              C     -2.290337309893   -5.644140135375   -2.340488484507
              C      0.154366118194   -5.636301600682   -3.223164143236
              C     -1.538961423297   -1.767305897253   -0.090661143346
              C      1.002141204076   -1.696402486440   -0.930745968695
              O     -2.382099267686    0.089459910181    1.562027034562
              C      1.833265662249   -3.694741539418   -2.540720589634
              C      4.370418701450   -3.726369499284   -3.477624172186
              C      6.047176648673   -1.891750722421   -2.882787791062
              C      2.827674757496    0.217745461308   -0.293523028554
              C      5.318794044701    0.138116668605   -1.263447102905
              N      2.250975431449    2.174138481199    1.277035619329
              C      3.851827013045    4.009347528655    1.926528685504
              C      6.294632881042    4.006984831257    0.994081725774
              C      7.015201650895    2.065776045944   -0.590589720505
              C     -4.547257395760    1.478308660228    0.900350555578
              O     -5.330417444417    1.517931218035   -1.256781199832
              N     -5.482191764464    2.723052862552    2.893316891146
              C     -7.567901117055    4.489552588398    2.513920499457
              C     -4.569098981147    2.489882619278    5.489935425394
              H     -3.319044591620    0.879926999855    5.682417389823
              H     -6.191348645962    2.230505208371    6.734853856593
              H     -3.573058177593    4.207203096561    6.054751512430
              H     -7.965242729781    4.674083578389    0.511938704504
              H     -7.050905184205    6.330786411769    3.285978135131
              H     -9.253741868819    3.809842360488    3.490096773585
              H      0.825661741390   -7.130095717995   -4.447588015341
              H     -5.054399085229   -3.709422203944   -0.052513571619
              H     -3.572294935220   -7.151798347864   -2.854142722524
              H      4.916430204719   -5.274245965797   -4.698560557762
              H      7.959758156313   -1.921368083805   -3.604889119646
              H      3.123167129101    5.434336517643    3.192583756715
              H      7.582820760981    5.497742809542    1.523827207022
              H      8.917898965399    2.000656092137   -1.340519941662
              H      0.474073606004    2.197999717784    2.005488184990
$End
$SCF_Energy
   &GeometryIndex 35
   &ListStatus       OUT
   &SCF_ENERGY [&Type "Double"]      -8.7889666585404916e+02
$End
$DFT_Energy
   &GeometryIndex 35
   &ListStatus       OUT
   &NALPHAEL [&Type "Integer"] 70
   &NBETAEL [&Type "Integer"] 70
   &NTOTALEL [&Type "Integer"] 139
   &EEXCHANGE [&Type "Double"]      -9.3725583065788868e+01
   &ECORR [&Type "Double"]      -6.1589175962267984e+00
   &ECNL [&Type "Double"]       0.0000000000000000e+00
   &EXC [&Type "Double"]      -9.9884500662015668e+01
   &EEMBED [&Type "Double"]       0.0000000000000000e+00
   &FINALEN [&Type "Double"]      -8.7889666585404916e+02  "No Van der Waals correction"
$End
$Solvation_Details
   &GeometryIndex 35
   &ListStatus       OUT
   &SOLVENT [&Type "String"] "WATER"
   &EPSILON [&Type "Double"]       8.0150999999999996e+01
   &REFRAC [&Type "Double"]       1.3328000000000000e+00
   &RSOLV [&Type "Double"]       1.3000000000000000e+00
   &SURFACETYPE [&Type "String"] "GAUSSIAN VDW"
   &NPOINTS [&Type "Integer"] 3070
   &SURFACEAREA [&Type "Double"]       1.0853595299100000e+03
   &CPCMDIELENERGY [&Type "Double"]      -8.6889725000000001e-02
$End
$CIS_Absorption_Spectrum
   &GeometryIndex 35
   &ListStatus       OUT
   &TEMPERATURE [&Type "Double"]       2.9814999999999998e+02
   &METHOD [&Type "Integer"] 20
   &RELCORRECTION [&Type "Integer"] 1 "Type of relativistic treatment in QDPT. 0->Unknow, 1->None, 2->SOC, 3->SSC, 4->SOC/SSC"
   &DENSTYPE [&Type "Integer"] 3 "Type of density (electron/spin ...). 0->Unknow, 1->Electronic, 2->Spin, 3->Trans/Electronic, 4->Tran/Spin"
   &DERITYPE [&Type "Integer"] 0 "Type of derivative (w.r.t. to what perturbation). 0->Unknown, 1->No Derivative, 2->Electric/Dipole, 3->Electric/Quad, 4->Magnetic/Dipole, 5->Magnetic/Quad"
   &DENSLEVEL [&Type "Integer"] 0 "// Source of density: relaxed, unrelaxed, ... 0->Unknown, 1->Linearized, 2->Unrelaxed, 3->Relaxed"
   &REPRESENTATION [&Type "String"] "Length" "Possible values: Unknown,  Length, Velocity"
   &POINTGROUP [&Type "String"] "C1"
   &NTRANS [&Type "Integer"] 3
   &DOHIGHERMOMENTS [&Type "Boolean"] false
   &STATES [&Type "ArrayOfIntegers", &Dim (3,4)] "The initial and Final states. Col1: Initial State  Col2: Initial Irrep Col3: Final State Col4: Final Irrep"
                                                         0                           1                           2                           3

0                                                        0                           0                           1                           0
1                                                        0                           0                           2                           0
2                                                        0                           0                           3                           0
   &MULTIPLICITIES [&Type "ArrayOfDoubles", &Dim (3,2)] "Col1: Multiplicity of the initial state  Col2: Multiplicity of the final state"
                                                         0                           1

0                                      1.0000000000000000e+00         1.0000000000000000e+00
1                                      1.0000000000000000e+00         1.0000000000000000e+00
2                                      1.0000000000000000e+00         1.0000000000000000e+00
   &EXCITATIONENERGIES [&Type "ArrayOfDoubles", &Dim (3,11)] 
                                                         0                           1                           2                           3                           4                           5                           6                           7

0                                      3.3570860426298323e+00         2.7076727809721593e+04         3.6932084520233690e+02         2.3893114795368620e-01         2.9050404088287984e+00        -1.4484913108888133e+00         0.0000000000000000e+00        -8.9230702163290476e-01
1                                      3.8213548256403707e+00         3.0821308469405674e+04         3.2445085872737542e+02         3.3266432422279653e-03         3.5532907370404196e-02        -1.2285212035718290e-01         0.0000000000000000e+00        -1.3736880351898631e-01
2                                      3.9480403412316920e+00         3.1843096168482138e+04         3.1403981406487298e+02         1.2854436768333078e-02         1.3289644116897881e-01         2.8841096543710704e-01         0.0000000000000000e+00         2.0817115249779325e-01
                                                         8                           9                          10

0                                      0.0000000000000000e+00        -1.0344810415382116e-01         0.0000000000000000e+00
1                                      0.0000000000000000e+00        -3.9624180924160091e-02         0.0000000000000000e+00
2                                      0.0000000000000000e+00         7.9876951947074032e-02         0.0000000000000000e+00
$End
$Geometry
   &GeometryIndex 36
   &ListStatus       OUT
   &NATOMS [&Type "Integer"] 35
   &NCORELESSECP [&Type "Integer"] 0
   &NGHOSTATOMS [&Type "Integer"] 0
   &CartesianCoordinates [&Type "Coordinates", &Dim(35,4), &Units "Bohr"] 
              C     -3.138250763753   -3.704282913796   -0.760478436991
              C     -2.290344593436   -5.644134068997   -2.340497389179
              C      0.154380423845   -5.636314848258   -3.223114462574
              C     -1.538999480609   -1.767225111747   -0.090800104350
              C      1.002222473417   -1.696538848553   -0.930528966714
              O     -2.382178547549    0.089438684477    1.562045134107
              C      1.833298757779   -3.694781866642   -2.540668288577
              C      4.370368111285   -3.726283413081   -3.477814108247
              C      6.047097225361   -1.891654374439   -2.882927596309
              C      2.827607223161    0.217879494787   -0.293705448450
              C      5.318743398376    0.138202512767   -1.263553546876
              N      2.251002078586    2.174085247452    1.277095238625
              C      3.851949960983    4.009109856935    1.926853215592
              C      6.294674442315    4.006918275939    0.994186535483
              C      7.015306893320    2.065614200178   -0.590341709809
              C     -4.547114931661    1.478459795158    0.900344848365
              O     -5.330430488351    1.517880765374   -1.256726508642
              N     -5.482223127775    2.723019439785    2.893324212167
              C     -7.567873193453    4.489526062049    2.513927916539
              C     -4.569117626971    2.489882236814    5.489887727526
              H     -3.319064768647    0.879927113524    5.682376525085
              H     -6.191364242973    2.230509858128    6.734811776520
              H     -3.573078087179    4.207204344843    6.054707868381
              H     -7.965207964447    4.674065068160    0.511946157226
              H     -7.050863796030    6.330755550794    3.285991486527
              H     -9.253727775258    3.809836497876    3.490095410642
              H      0.825553994772   -7.129890941375   -4.447870306974
              H     -5.054325038723   -3.709513677391   -0.052333724632
              H     -3.572325596059   -7.151740347659   -2.854244366116
              H      4.916818675250   -5.274915215336   -4.697595490197
              H      7.960250006976   -1.922260290322   -3.603473363847
              H      3.122533884183    5.435393110062    3.191014235823
              H      7.581930905385    5.499333577969    1.521528066894
              H      8.917488586597    2.001406547830   -1.341657003765
              H      0.473498210539    2.199004627769    2.004029481183
$End
$SCF_Energy
   &GeometryIndex 36
   &ListStatus       OUT
   &SCF_ENERGY [&Type "Double"]      -8.7889666542816190e+02
$End
$DFT_Energy
   &GeometryIndex 36
   &ListStatus       OUT
   &NALPHAEL [&Type "Integer"] 70
   &NBETAEL [&Type "Integer"] 70
   &NTOTALEL [&Type "Integer"] 139
   &EEXCHANGE [&Type "Double"]      -9.3725582938975421e+01
   &ECORR [&Type "Double"]      -6.1589200813229086e+00
   &ECNL [&Type "Double"]       0.0000000000000000e+00
   &EXC [&Type "Double"]      -9.9884503020298325e+01
   &EEMBED [&Type "Double"]       0.0000000000000000e+00
   &FINALEN [&Type "Double"]      -8.7889666542816190e+02  "No Van der Waals correction"
$End
$Solvation_Details
   &GeometryIndex 36
   &ListStatus       OUT
   &SOLVENT [&Type "String"] "WATER"
   &EPSILON [&Type "Double"]       8.0150999999999996e+01
   &REFRAC [&Type "Double"]       1.3328000000000000e+00
   &RSOLV [&Type "Double"]       1.3000000000000000e+00
   &SURFACETYPE [&Type "String"] "GAUSSIAN VDW"
   &NPOINTS [&Type "Integer"] 3070
   &SURFACEAREA [&Type "Double"]       1.0853490832200000e+03
   &CPCMDIELENERGY [&Type "Double"]      -8.6894344999999998e-02
$End
$CIS_Absorption_Spectrum
   &GeometryIndex 36
   &ListStatus       OUT
   &TEMPERATURE [&Type "Double"]       2.9814999999999998e+02
   &METHOD [&Type "Integer"] 20
   &RELCORRECTION [&Type "Integer"] 1 "Type of relativistic treatment in QDPT. 0->Unknow, 1->None, 2->SOC, 3->SSC, 4->SOC/SSC"
   &DENSTYPE [&Type "Integer"] 3 "Type of density (electron/spin ...). 0->Unknow, 1->Electronic, 2->Spin, 3->Trans/Electronic, 4->Tran/Spin"
   &DERITYPE [&Type "Integer"] 0 "Type of derivative (w.r.t. to what perturbation). 0->Unknown, 1->No Derivative, 2->Electric/Dipole, 3->Electric/Quad, 4->Magnetic/Dipole, 5->Magnetic/Quad"
   &DENSLEVEL [&Type "Integer"] 0 "// Source of density: relaxed, unrelaxed, ... 0->Unknown, 1->Linearized, 2->Unrelaxed, 3->Relaxed"
   &REPRESENTATION [&Type "String"] "Length" "Possible values: Unknown,  Length, Velocity"
   &POINTGROUP [&Type "String"] "C1"
   &NTRANS [&Type "Integer"] 3
   &DOHIGHERMOMENTS [&Type "Boolean"] false
   &STATES [&Type "ArrayOfIntegers", &Dim (3,4)] "The initial and Final states. Col1: Initial State  Col2: Initial Irrep Col3: Final State Col4: Final Irrep"
                                                         0                           1                           2                           3

0                                                        0                           0                           1                           0
1                                                        0                           0                           2                           0
2                                                        0                           0                           3                           0
   &MULTIPLICITIES [&Type "ArrayOfDoubles", &Dim (3,2)] "Col1: Multiplicity of the initial state  Col2: Multiplicity of the final state"
                                                         0                           1

0                                      1.0000000000000000e+00         1.0000000000000000e+00
1                                      1.0000000000000000e+00         1.0000000000000000e+00
2                                      1.0000000000000000e+00         1.0000000000000000e+00
   &EXCITATIONENERGIES [&Type "ArrayOfDoubles", &Dim (3,11)] 
                                                         0                           1                           2                           3                           4                           5                           6                           7

0                                      3.3571906580309641e+00         2.7077571589924177e+04         3.6930933657732788e+02         2.3886688427932998e-01         2.9041685586754356e+00        -1.4482050359014982e+00         0.0000000000000000e+00        -8.9224698581054618e-01
1                                      3.8220897859270582e+00         3.0827236324510039e+04         3.2438846916839009e+02         3.3777961069060710e-03         3.6072349183349069e-02        -1.2376814812501490e-01         0.0000000000000000e+00        -1.3836228758001115e-01
2                                      3.9481473338044628e+00         3.1843959121869029e+04         3.1403130376249101e+02         1.2810341244408059e-02         1.3243696762597248e-01         2.8796227977129046e-01         0.0000000000000000e+00         2.0767971862338294e-01
                                                         8                           9                          10

0                                      0.0000000000000000e+00        -1.0375957294134733e-01         0.0000000000000000e+00
1                                      0.0000000000000000e+00        -4.0120718695952226e-02         0.0000000000000000e+00
2                                      0.0000000000000000e+00         7.9898858110776641e-02         0.0000000000000000e+00
$End
$Geometry
   &GeometryIndex 37
   &ListStatus       OUT
   &NATOMS [&Type "Integer"] 35
   &NCORELESSECP [&Type "Integer"] 0
   &NGHOSTATOMS [&Type "Integer"] 0
   &CartesianCoordinates [&Type "Coordinates", &Dim(35,4), &Units "Bohr"] 
              C     -3.138098891974   -3.704304274368   -0.760296200707
              C     -2.290277206550   -5.644063171334   -2.340378278919
              C      0.154387405485   -5.636420651399   -3.223092716610
              C     -1.538939597784   -1.767328648776   -0.090657310775
              C      1.002234729800   -1.696496111846   -0.930560418943
              O     -2.382651556581    0.089470246858    1.561584112552
              C      1.833192811650   -3.694656116182   -2.540926571814
              C      4.370412160600   -3.726350286088   -3.477624915285
              C      6.047121627179   -1.891654093169   -2.882887413170
              C      2.827627382022    0.217874592336   -0.293728376570
              C      5.318818097857    0.138059241619   -1.263372916526
              N      2.251008527576    2.174119285801    1.277039103843
              C      3.851864598836    4.009282459360    1.926642488365
              C      6.294654916239    4.006906843667    0.994169887389
              C      7.015215799005    2.065691704296   -0.590483491755
              C     -4.546853371042    1.478589057829    0.900561465119
              O     -5.330241122234    1.517758246407   -1.256393394557
              N     -5.482286867352    2.723027232753    2.893404365531
              C     -7.567757160601    4.489429502923    2.513978874842
              C     -4.569235748005    2.489922952534    5.489585720890
              H     -3.319208957565    0.879926022702    5.681929803674
              H     -6.191364081471    2.230481270113    6.734659112652
              H     -3.573090114656    4.207164524123    6.054506794371
              H     -7.965043050299    4.673932672878    0.511987339973
              H     -7.050785581578    6.330680385068    3.286033952641
              H     -9.253647543737    3.809767130215    3.490114635560
              H      0.825392219469   -7.129948061354   -4.447999736824
              H     -5.054679175360   -3.708593285290   -0.053549176849
              H     -3.572685664149   -7.151060637880   -2.854824701530
              H      4.916710963108   -5.274641671919   -4.697904790147
              H      7.959916083195   -1.921647264176   -3.604405499468
              H      3.122879560826    5.434793229990    3.191922660580
              H      7.582405852387    5.498479458376    1.522677315128
              H      8.917595161227    2.001141005830   -1.341264440107
              H      0.474023969386    2.198240222327    2.005237655744
$End
$SCF_Energy
   &GeometryIndex 37
   &ListStatus       OUT
   &SCF_ENERGY [&Type "Double"]      -8.7889666601808233e+02
$End
$DFT_Energy
   &GeometryIndex 37
   &ListStatus       OUT
   &NALPHAEL [&Type "Integer"] 70
   &NBETAEL [&Type "Integer"] 70
   &NTOTALEL [&Type "Integer"] 139
   &EEXCHANGE [&Type "Double"]      -9.3725856091934617e+01
   &ECORR [&Type "Double"]      -6.1589449676677575e+00
   &ECNL [&Type "Double"]       0.0000000000000000e+00
   &EXC [&Type "Double"]      -9.9884801059602381e+01
   &EEMBED [&Type "Double"]       0.0000000000000000e+00
   &FINALEN [&Type "Double"]      -8.7889666601808233e+02  "No Van der Waals correction"
$End
$Solvation_Details
   &GeometryIndex 37
   &ListStatus       OUT
   &SOLVENT [&Type "String"] "WATER"
   &EPSILON [&Type "Double"]       8.0150999999999996e+01
   &REFRAC [&Type "Double"]       1.3328000000000000e+00
   &RSOLV [&Type "Double"]       1.3000000000000000e+00
   &SURFACETYPE [&Type "String"] "GAUSSIAN VDW"
   &NPOINTS [&Type "Integer"] 3070
   &SURFACEAREA [&Type "Double"]       1.0853297291520000e+03
   &CPCMDIELENERGY [&Type "Double"]      -8.6896634000000000e-02
$End
$CIS_Absorption_Spectrum
   &GeometryIndex 37
   &ListStatus       OUT
   &TEMPERATURE [&Type "Double"]       2.9814999999999998e+02
   &METHOD [&Type "Integer"] 20
   &RELCORRECTION [&Type "Integer"] 1 "Type of relativistic treatment in QDPT. 0->Unknow, 1->None, 2->SOC, 3->SSC, 4->SOC/SSC"
   &DENSTYPE [&Type "Integer"] 3 "Type of density (electron/spin ...). 0->Unknow, 1->Electronic, 2->Spin, 3->Trans/Electronic, 4->Tran/Spin"
   &DERITYPE [&Type "Integer"] 0 "Type of derivative (w.r.t. to what perturbation). 0->Unknown, 1->No Derivative, 2->Electric/Dipole, 3->Electric/Quad, 4->Magnetic/Dipole, 5->Magnetic/Quad"
   &DENSLEVEL [&Type "Integer"] 0 "// Source of density: relaxed, unrelaxed, ... 0->Unknown, 1->Linearized, 2->Unrelaxed, 3->Relaxed"
   &REPRESENTATION [&Type "String"] "Length" "Possible values: Unknown,  Length, Velocity"
   &POINTGROUP [&Type "String"] "C1"
   &NTRANS [&Type "Integer"] 3
   &DOHIGHERMOMENTS [&Type "Boolean"] false
   &STATES [&Type "ArrayOfIntegers", &Dim (3,4)] "The initial and Final states. Col1: Initial State  Col2: Initial Irrep Col3: Final State Col4: Final Irrep"
                                                         0                           1                           2                           3

0                                                        0                           0                           1                           0
1                                                        0                           0                           2                           0
2                                                        0                           0                           3                           0
   &MULTIPLICITIES [&Type "ArrayOfDoubles", &Dim (3,2)] "Col1: Multiplicity of the initial state  Col2: Multiplicity of the final state"
                                                         0                           1

0                                      1.0000000000000000e+00         1.0000000000000000e+00
1                                      1.0000000000000000e+00         1.0000000000000000e+00
2                                      1.0000000000000000e+00         1.0000000000000000e+00
   &EXCITATIONENERGIES [&Type "ArrayOfDoubles", &Dim (3,11)] 
                                                         0                           1                           2                           3                           4                           5                           6                           7

0                                      3.3571771279951736e+00         2.7077462462814627e+04         3.6931082496127397e+02         2.3886803036152907e-01         2.9041941972475005e+00        -1.4482874775828594e+00         0.0000000000000000e+00        -8.9216543247252222e-01
1                                      3.8213776400265975e+00         3.0821492479859433e+04         3.2444892169107595e+02         3.3327668494688581e-03         3.5598102987961677e-02        -1.2287917381039606e-01         0.0000000000000000e+00        -1.3753911078608874e-01
2                                      3.9480379721407783e+00         3.1843077060473286e+04         3.1404000251008938e+02         1.2934913635902750e-02         1.3372853681100069e-01         2.8882761552616487e-01         0.0000000000000000e+00         2.0929518528784530e-01
                                                         8                           9                          10

0                                      0.0000000000000000e+00        -1.0343316985037750e-01         0.0000000000000000e+00
1                                      0.0000000000000000e+00        -3.9771907620934716e-02         0.0000000000000000e+00
2                                      0.0000000000000000e+00         8.0639138982240399e-02         0.0000000000000000e+00
$End
$Geometry
   &GeometryIndex 38
   &ListStatus       OUT
   &NATOMS [&Type "Integer"] 35
   &NCORELESSECP [&Type "Integer"] 0
   &NGHOSTATOMS [&Type "Integer"] 0
   &CartesianCoordinates [&Type "Coordinates", &Dim(35,4), &Units "Bohr"] 
              C     -3.138029484501   -3.704461113300   -0.760511159790
              C     -2.290574199399   -5.644585152111   -2.340513502832
              C      0.154267703038   -5.636141358128   -3.222821942120
              C     -1.538904966601   -1.767167784741   -0.090741623387
              C      1.002292051582   -1.696265076527   -0.930663581004
              O     -2.382404315440    0.089709655611    1.562092529587
              C      1.833396214064   -3.694615340707   -2.540716082399
              C      4.370578796184   -3.726568085180   -3.477986506621
              C      6.046982488084   -1.891674692969   -2.882836217626
              C      2.827679839618    0.217744215584   -0.293484878251
              C      5.318607479321    0.138212971874   -1.263423933363
              N      2.250980116134    2.174013738499    1.276956336809
              C      3.851929265817    4.009040323806    1.926531521868
              C      6.294757288650    4.007121770602    0.994137562865
              C      7.015178688143    2.065765426091   -0.590404374006
              C     -4.547217416032    1.478469761758    0.900482005047
              O     -5.330324623336    1.517854293809   -1.256641952604
              N     -5.482239064130    2.723077039095    2.893363618911
              C     -7.567687102453    4.489372068279    2.513971203328
              C     -4.569179096199    2.489900002671    5.489699209327
              H     -3.319132960018    0.879940843965    5.682123527487
              H     -6.191382703306    2.230497838623    6.734679159618
              H     -3.573111544302    4.207197814160    6.054562261383
              H     -7.964948984807    4.673840967064    0.511970325735
              H     -7.050754837044    6.330649761313    3.285983231238
              H     -9.253591019302    3.809710311493    3.490085103557
              H      0.825468914898   -7.129050690291   -4.448373378603
              H     -5.054478436338   -3.708731201744   -0.053376499059
              H     -3.572833873901   -7.151573119075   -2.855401349702
              H      4.917023832844   -5.275022754501   -4.698007514028
              H      7.960033090475   -1.921584809985   -3.603684833006
              H      3.122820479084    5.434434275026    3.191857435181
              H      7.582467825022    5.498578519389    1.523088093207
              H      8.917630320113    2.000781647049   -1.340963134241
              H      0.473796772814    2.198488315870    2.004697940230
$End
$SCF_Energy
   &GeometryIndex 38
   &ListStatus       OUT
   &SCF_ENERGY [&Type "Double"]      -8.7889666591164098e+02
$End
$DFT_Energy
   &GeometryIndex 38
   &ListStatus       OUT
   &NALPHAEL [&Type "Integer"] 70
   &NBETAEL [&Type "Integer"] 70
   &NTOTALEL [&Type "Integer"] 139
   &EEXCHANGE [&Type "Double"]      -9.3725750304776383e+01
   &ECORR [&Type "Double"]      -6.1589320675943418e+00
   &ECNL [&Type "Double"]       0.0000000000000000e+00
   &EXC [&Type "Double"]      -9.9884682372370719e+01
   &EEMBED [&Type "Double"]       0.0000000000000000e+00
   &FINALEN [&Type "Double"]      -8.7889666591164098e+02  "No Van der Waals correction"
$End
$Solvation_Details
   &GeometryIndex 38
   &ListStatus       OUT
   &SOLVENT [&Type "String"] "WATER"
   &EPSILON [&Type "Double"]       8.0150999999999996e+01
   &REFRAC [&Type "Double"]       1.3328000000000000e+00
   &RSOLV [&Type "Double"]       1.3000000000000000e+00
   &SURFACETYPE [&Type "String"] "GAUSSIAN VDW"
   &NPOINTS [&Type "Integer"] 3069
   &SURFACEAREA [&Type "Double"]       1.0853385186400001e+03
   &CPCMDIELENERGY [&Type "Double"]      -8.6899087999999999e-02
$End
$CIS_Absorption_Spectrum
   &GeometryIndex 38
   &ListStatus       OUT
   &TEMPERATURE [&Type "Double"]       2.9814999999999998e+02
   &METHOD [&Type "Integer"] 20
   &RELCORRECTION [&Type "Integer"] 1 "Type of relativistic treatment in QDPT. 0->Unknow, 1->None, 2->SOC, 3->SSC, 4->SOC/SSC"
   &DENSTYPE [&Type "Integer"] 3 "Type of density (electron/spin ...). 0->Unknow, 1->Electronic, 2->Spin, 3->Trans/Electronic, 4->Tran/Spin"
   &DERITYPE [&Type "Integer"] 0 "Type of derivative (w.r.t. to what perturbation). 0->Unknown, 1->No Derivative, 2->Electric/Dipole, 3->Electric/Quad, 4->Magnetic/Dipole, 5->Magnetic/Quad"
   &DENSLEVEL [&Type "Integer"] 0 "// Source of density: relaxed, unrelaxed, ... 0->Unknown, 1->Linearized, 2->Unrelaxed, 3->Relaxed"
   &REPRESENTATION [&Type "String"] "Length" "Possible values: Unknown,  Length, Velocity"
   &POINTGROUP [&Type "String"] "C1"
   &NTRANS [&Type "Integer"] 3
   &DOHIGHERMOMENTS [&Type "Boolean"] false
   &STATES [&Type "ArrayOfIntegers", &Dim (3,4)] "The initial and Final states. Col1: Initial State  Col2: Initial Irrep Col3: Final State Col4: Final Irrep"
                                                         0                           1                           2                           3

0                                                        0                           0                           1                           0
1                                                        0                           0                           2                           0
2                                                        0                           0                           3                           0
   &MULTIPLICITIES [&Type "ArrayOfDoubles", &Dim (3,2)] "Col1: Multiplicity of the initial state  Col2: Multiplicity of the final state"
                                                         0                           1

0                                      1.0000000000000000e+00         1.0000000000000000e+00
1                                      1.0000000000000000e+00         1.0000000000000000e+00
2                                      1.0000000000000000e+00         1.0000000000000000e+00
   &EXCITATIONENERGIES [&Type "ArrayOfDoubles", &Dim (3,11)] 
                                                         0                           1                           2                           3                           4                           5                           6                           7

0                                      3.3568073177813482e+00         2.7074479741974628e+04         3.6935151091736793e+02         2.3872180386439937e-01         2.9027361042518280e+00        -1.4481519390923081e+00         0.0000000000000000e+00        -8.9160198106721789e-01
1                                      3.8218676413497024e+00         3.0825444607473568e+04         3.2440732412260223e+02         3.3612603380115185e-03         3.5897845902066912e-02        -1.2371475533838562e-01         0.0000000000000000e+00        -1.3788901540938431e-01
2                                      3.9480137901071832e+00         3.1842882019198434e+04         3.1404192604083028e+02         1.2816647945537447e-02         1.3250665006138698e-01         2.8837782888325819e-01         0.0000000000000000e+00         2.0743755742982928e-01
                                                         8                           9                          10

0                                      0.0000000000000000e+00        -1.0314054931029029e-01         0.0000000000000000e+00
1                                      0.0000000000000000e+00        -3.9738201306310755e-02         0.0000000000000000e+00
2                                      0.0000000000000000e+00         7.9464065070392123e-02         0.0000000000000000e+00
$End
$Geometry
   &GeometryIndex 39
   &ListStatus       OUT
   &NATOMS [&Type "Integer"] 35
   &NCORELESSECP [&Type "Integer"] 0
   &NGHOSTATOMS [&Type "Integer"] 0
   &CartesianCoordinates [&Type "Coordinates", &Dim(35,4), &Units "Bohr"] 
              C     -3.138181894340   -3.704344453454   -0.760320987065
              C     -2.290258129972   -5.644185649745   -2.340306922138
              C      0.154408203534   -5.636395664766   -3.223045293062
              C     -1.538965889315   -1.767291804152   -0.090730908526
              C      1.002128808673   -1.696325436281   -0.930862731903
              O     -2.382327182738    0.089423251552    1.561906683549
              C      1.833261259171   -3.694740695729   -2.540765416336
              C      4.370405448890   -3.726352376998   -3.477641076578
              C      6.047176811232   -1.891802668046   -2.882660657312
              C      2.827792875588    0.217579415757   -0.293279127261
              C      5.318647152561    0.138387549695   -1.263841529448
              N      2.251019726197    2.174111376185    1.277055347836
              C      3.851950651994    4.009124420564    1.926884864588
              C      6.294573530721    4.007030274163    0.993976003539
              C      7.015249102762    2.065661594694   -0.590442826144
              C     -4.547014996878    1.478510384996    0.900407692619
              O     -5.330377135170    1.517843367017   -1.256619023369
              N     -5.482243533900    2.723016878471    2.893347502829
              C     -7.567843020715    4.489500914306    2.513942650373
              C     -4.569154675429    2.489894345637    5.489796287342
              H     -3.319109654780    0.879926651651    5.682241332229
              H     -6.191368501979    2.230505791155    6.734762667812
              H     -3.573082079980    4.207191577764    6.054646964749
              H     -7.965167721010    4.674032830288    0.511959321172
              H     -7.050842047826    6.330734464061    3.286007307171
              H     -9.253705640278    3.809817678303    3.490103707037
              H      0.825237554986   -7.129478334206   -4.448589913934
              H     -5.054818361033   -3.708595610523   -0.053712374370
              H     -3.572757445616   -7.150911326506   -2.855331682618
              H      4.916432191262   -5.274147609602   -4.698672212619
              H      7.959758847272   -1.921421985863   -3.604755641679
              H      3.122714820853    5.435084242292    3.191515096866
              H      7.582425584062    5.498416505397    1.522762341723
              H      8.917961006678    2.000533399673   -1.340333032750
              H      0.473285204696    2.199449967374    2.003395636075
$End
$SCF_Energy
   &GeometryIndex 39
   &ListStatus       OUT
   &SCF_ENERGY [&Type "Double"]      -8.7889666524384575e+02
$End
$DFT_Energy
   &GeometryIndex 39
   &ListStatus       OUT
   &NALPHAEL [&Type "Integer"] 70
   &NBETAEL [&Type "Integer"] 70
   &NTOTALEL [&Type "Integer"] 139
   &EEXCHANGE [&Type "Double"]      -9.3725683785128680e+01
   &ECORR [&Type "Double"]      -6.1589299841856961e+00
   &ECNL [&Type "Double"]       0.0000000000000000e+00
   &EXC [&Type "Double"]      -9.9884613769314370e+01
   &EEMBED [&Type "Double"]       0.0000000000000000e+00
   &FINALEN [&Type "Double"]      -8.7889666524384575e+02  "No Van der Waals correction"
$End
$Solvation_Details
   &GeometryIndex 39
   &ListStatus       OUT
   &SOLVENT [&Type "String"] "WATER"
   &EPSILON [&Type "Double"]       8.0150999999999996e+01
   &REFRAC [&Type "Double"]       1.3328000000000000e+00
   &RSOLV [&Type "Double"]       1.3000000000000000e+00
   &SURFACETYPE [&Type "String"] "GAUSSIAN VDW"
   &NPOINTS [&Type "Integer"] 3070
   &SURFACEAREA [&Type "Double"]       1.0853368385910001e+03
   &CPCMDIELENERGY [&Type "Double"]      -8.6885746999999999e-02
$End
$CIS_Absorption_Spectrum
   &GeometryIndex 39
   &ListStatus       OUT
   &TEMPERATURE [&Type "Double"]       2.9814999999999998e+02
   &METHOD [&Type "Integer"] 20
   &RELCORRECTION [&Type "Integer"] 1 "Type of relativistic treatment in QDPT. 0->Unknow, 1->None, 2->SOC, 3->SSC, 4->SOC/SSC"
   &DENSTYPE [&Type "Integer"] 3 "Type of density (electron/spin ...). 0->Unknow, 1->Electronic, 2->Spin, 3->Trans/Electronic, 4->Tran/Spin"
   &DERITYPE [&Type "Integer"] 0 "Type of derivative (w.r.t. to what perturbation). 0->Unknown, 1->No Derivative, 2->Electric/Dipole, 3->Electric/Quad, 4->Magnetic/Dipole, 5->Magnetic/Quad"
   &DENSLEVEL [&Type "Integer"] 0 "// Source of density: relaxed, unrelaxed, ... 0->Unknown, 1->Linearized, 2->Unrelaxed, 3->Relaxed"
   &REPRESENTATION [&Type "String"] "Length" "Possible values: Unknown,  Length, Velocity"
   &POINTGROUP [&Type "String"] "C1"
   &NTRANS [&Type "Integer"] 3
   &DOHIGHERMOMENTS [&Type "Boolean"] false
   &STATES [&Type "ArrayOfIntegers", &Dim (3,4)] "The initial and Final states. Col1: Initial State  Col2: Initial Irrep Col3: Final State Col4: Final Irrep"
                                                         0                           1                           2                           3

0                                                        0                           0                           1                           0
1                                                        0                           0                           2                           0
2                                                        0                           0                           3                           0
   &MULTIPLICITIES [&Type "ArrayOfDoubles", &Dim (3,2)] "Col1: Multiplicity of the initial state  Col2: Multiplicity of the final state"
                                                         0                           1

0                                      1.0000000000000000e+00         1.0000000000000000e+00
1                                      1.0000000000000000e+00         1.0000000000000000e+00
2                                      1.0000000000000000e+00         1.0000000000000000e+00
   &EXCITATIONENERGIES [&Type "ArrayOfDoubles", &Dim (3,11)] 
                                                         0                           1                           2                           3                           4                           5                           6                           7

0                                      3.3576681149554779e+00         2.7081422540129734e+04         3.6925682117258879e+02         2.3897018234251174e-01         2.9050113189833038e+00        -1.4482598387412098e+00         0.0000000000000000e+00        -8.9262716436406686e-01
1                                      3.8211890343228094e+00         3.0819971272109622e+04         3.2446493579471468e+02         3.2931692226333595e-03         3.5176887159955934e-02        -1.2197151075205444e-01         0.0000000000000000e+00        -1.3687874485576557e-01
2                                      3.9482153263904993e+00         3.1844507519116469e+04         3.1402589579998789e+02         1.2926811272450486e-02         1.3363876660534299e-01         2.8865693056339337e-01         0.0000000000000000e+00         2.0936773357397123e-01
                                                         8                           9                          10

0                                      0.0000000000000000e+00        -1.0378585603035638e-01         0.0000000000000000e+00
1                                      0.0000000000000000e+00        -3.9548033219461563e-02         0.0000000000000000e+00
2                                      0.0000000000000000e+00         8.0505249401277457e-02         0.0000000000000000e+00
$End
$Geometry
   &GeometryIndex 40
   &ListStatus       OUT
   &NATOMS [&Type "Integer"] 35
   &NCORELESSECP [&Type "Integer"] 0
   &NGHOSTATOMS [&Type "Integer"] 0
   &CartesianCoordinates [&Type "Coordinates", &Dim(35,4), &Units "Bohr"] 
              C     -3.138053958249   -3.704397488803   -0.760260318463
              C     -2.290310893133   -5.644259148835   -2.340332086238
              C      0.154437382986   -5.636488187465   -3.222873442505
              C     -1.539052113702   -1.767045789603   -0.091002237132
              C      1.002156902004   -1.696590327152   -0.930444066161
              O     -2.382111015969    0.089394867154    1.562080569697
              C      1.833111735295   -3.694499642270   -2.541012570169
              C      4.370436916406   -3.726399243167   -3.477603832705
              C      6.047338948481   -1.891797762722   -2.882938550772
              C      2.827487836431    0.217773642744   -0.293588690905
              C      5.318736857210    0.138140858615   -1.263521903942
              N      2.250803701343    2.174159099283    1.277051516943
              C      3.851945248259    4.009138717925    1.926604495697
              C      6.294797931728    4.007057830604    0.994218853398
              C      7.015264093856    2.065736540296   -0.590393803169
              C     -4.547122618025    1.478369619012    0.900349782041
              O     -5.330447115536    1.517912633942   -1.256733175848
              N     -5.482195249123    2.723005311640    2.893281249628
              C     -7.567914431284    4.489559095667    2.513909612034
              C     -4.569099338656    2.489872714133    5.489907348230
              H     -3.319042082129    0.879926024390    5.682461964054
              H     -6.191370071138    2.230517080306    6.734801666545
              H     -3.573086915243    4.207214829703    6.054709414143
              H     -7.965320220864    4.674166393484    0.511948412658
              H     -7.050854240633    6.330751561013    3.286023771889
              H     -9.253726867771    3.809850636398    3.490133693921
              H      0.825175361700   -7.129159208159   -4.448969403338
              H     -5.054720016830   -3.708550290116   -0.053733195825
              H     -3.573054735066   -7.150618589036   -2.855825927845
              H      4.916390357825   -5.274668260159   -4.698074010010
              H      7.960000342826   -1.921584886877   -3.604843581247
              H      3.122970741989    5.434764504731    3.191755796704
              H      7.582289142634    5.498937116106    1.522528130124
              H      8.917622452849    2.001080508157   -1.341230662938
              H      0.473876744797    2.198297533147    2.005428721949
$End
$SCF_Energy
   &GeometryIndex 40
   &ListStatus       OUT
   &SCF_ENERGY [&Type "Double"]      -8.7889666593016193e+02
$End
$DFT_Energy
   &GeometryIndex 40
   &ListStatus       OUT
   &NALPHAEL [&Type "Integer"] 70
   &NBETAEL [&Type "Integer"] 70
   &NTOTALEL [&Type "Integer"] 139
   &EEXCHANGE [&Type "Double"]      -9.3725515483834570e+01
   &ECORR [&Type "Double"]      -6.1589132299836491e+00
   &ECNL [&Type "Double"]       0.0000000000000000e+00
   &EXC [&Type "Double"]      -9.9884428713818224e+01
   &EEMBED [&Type "Double"]       0.0000000000000000e+00
   &FINALEN [&Type "Double"]      -8.7889666593016193e+02  "No Van der Waals correction"
$End
$Solvation_Details
   &GeometryIndex 40
   &ListStatus       OUT
   &SOLVENT [&Type "String"] "WATER"
   &EPSILON [&Type "Double"]       8.0150999999999996e+01
   &REFRAC [&Type "Double"]       1.3328000000000000e+00
   &RSOLV [&Type "Double"]       1.3000000000000000e+00
   &SURFACETYPE [&Type "String"] "GAUSSIAN VDW"
   &NPOINTS [&Type "Integer"] 3070
   &SURFACEAREA [&Type "Double"]       1.0853596820210000e+03
   &CPCMDIELENERGY [&Type "Double"]      -8.6890651999999999e-02
$End
$CIS_Absorption_Spectrum
   &GeometryIndex 40
   &ListStatus       OUT
   &TEMPERATURE [&Type "Double"]       2.9814999999999998e+02
   &METHOD [&Type "Integer"] 20
   &RELCORRECTION [&Type "Integer"] 1 "Type of relativistic treatment in QDPT. 0->Unknow, 1->None, 2->SOC, 3->SSC, 4->SOC/SSC"
   &DENSTYPE [&Type "Integer"] 3 "Type of density (electron/spin ...). 0->Unknow, 1->Electronic, 2->Spin, 3->Trans/Electronic, 4->Tran/Spin"
   &DERITYPE [&Type "Integer"] 0 "Type of derivative (w.r.t. to what perturbation). 0->Unknown, 1->No Derivative, 2->Electric/Dipole, 3->Electric/Quad, 4->Magnetic/Dipole, 5->Magnetic/Quad"
   &DENSLEVEL [&Type "Integer"] 0 "// Source of density: relaxed, unrelaxed, ... 0->Unknown, 1->Linearized, 2->Unrelaxed, 3->Relaxed"
   &REPRESENTATION [&Type "String"] "Length" "Possible values: Unknown,  Length, Velocity"
   &POINTGROUP [&Type "String"] "C1"
   &NTRANS [&Type "Integer"] 3
   &DOHIGHERMOMENTS [&Type "Boolean"] false
   &STATES [&Type "ArrayOfIntegers", &Dim (3,4)] "The initial and Final states. Col1: Initial State  Col2: Initial Irrep Col3: Final State Col4: Final Irrep"
                                                         0                           1                           2                           3

0                                                        0                           0                           1                           0
1                                                        0                           0                           2                           0
2                                                        0                           0                           3                           0
   &MULTIPLICITIES [&Type "ArrayOfDoubles", &Dim (3,2)] "Col1: Multiplicity of the initial state  Col2: Multiplicity of the final state"
                                                         0                           1

0                                      1.0000000000000000e+00         1.0000000000000000e+00
1                                      1.0000000000000000e+00         1.0000000000000000e+00
2                                      1.0000000000000000e+00         1.0000000000000000e+00
   &EXCITATIONENERGIES [&Type "ArrayOfDoubles", &Dim (3,11)] 
                                                         0                           1                           2                           3                           4                           5                           6                           7

0                                      3.3572109300598472e+00         2.7077735094880933e+04         3.6930710655672630e+02         2.3885523458960975e-01         2.9040093849862521e+00        -1.4483327065327958e+00         0.0000000000000000e+00        -8.9199229714601891e-01
1                                      3.8219692262599589e+00         3.0826263945116294e+04         3.2439870163326316e+02         3.3482463373983784e-03         3.5757907538315162e-02        -1.2333679474130634e-01         0.0000000000000000e+00        -1.3769744609964490e-01
2                                      3.9481614324963270e+00         3.1844072835499614e+04         3.1403018237202525e+02         1.2857412781287872e-02         1.3292313195859048e-01         2.8848716967289578e-01         0.0000000000000000e+00         2.0806102261747098e-01
                                                         8                           9                          10

0                                      0.0000000000000000e+00        -1.0339970022106876e-01         0.0000000000000000e+00
1                                      0.0000000000000000e+00        -3.9816528463584341e-02         0.0000000000000000e+00
2                                      0.0000000000000000e+00         8.0055579193985843e-02         0.0000000000000000e+00
$End
$Geometry
   &GeometryIndex 41
   &ListStatus       OUT
   &NATOMS [&Type "Integer"] 35
   &NCORELESSECP [&Type "Integer"] 0
   &NGHOSTATOMS [&Type "Integer"] 0
   &CartesianCoordinates [&Type "Coordinates", &Dim(35,4), &Units "Bohr"] 
              C     -3.137974569890   -3.704205965956   -0.760478539108
              C     -2.290330748441   -5.644209631314   -2.340348495924
              C      0.154324510778   -5.636368943189   -3.223099725842
              C     -1.538890463270   -1.767305203292   -0.090596938177
              C      1.001965441381   -1.696309445484   -0.930839130958
              O     -2.382310781746    0.089383216801    1.561787966840
              C      1.833242840556   -3.694800738491   -2.540493391461
              C      4.370342849362   -3.726232856930   -3.477828325514
              C      6.047468877007   -1.891785640548   -2.883153985053
              C      2.827440596254    0.217592992376   -0.293350727830
              C      5.318707395050    0.138128072960   -1.263554818123
              N      2.250670263728    2.174137698646    1.277134382181
              C      3.852000042319    4.009055455309    1.926526100091
              C      6.294870642070    4.007249669327    0.994149255882
              C      7.015233895984    2.065811400653   -0.590390105250
              C     -4.546971203008    1.478457061844    0.900409063882
              O     -5.330369830414    1.517852722762   -1.256587330928
              N     -5.482227335176    2.723001554904    2.893335835717
              C     -7.567896675114    4.489546297522    2.513929897462
              C     -4.569146211016    2.489894232290    5.489810077293
              H     -3.319101339601    0.879923076441    5.682271009571
              H     -6.191355679190    2.230499588491    6.734779953472
              H     -3.573071153463    4.207189430742    6.054663189953
              H     -7.965262546304    4.674113844899    0.511958069625
              H     -7.050867950076    6.330757765151    3.286025730007
              H     -9.253730605217    3.809844264219    3.490124548858
              H      0.825302830839   -7.129471468639   -4.448537726831
              H     -5.054341873469   -3.708736685003   -0.053162092263
              H     -3.572847294237   -7.151147667169   -2.854703718918
              H      4.916395194072   -5.275140034815   -4.697447940790
              H      7.960631539203   -1.922521368635   -3.603711726420
              H      3.123146340738    5.434572672996    3.191864069530
              H      7.582546456785    5.498694157182    1.523259097405
              H      8.917707188422    2.000823704149   -1.340913076395
              H      0.473541464968    2.198894264869    2.004977592538
$End
$SCF_Energy
   &GeometryIndex 41
   &ListStatus       OUT
   &SCF_ENERGY [&Type "Double"]      -8.7889666582085681e+02
$End
$DFT_Energy
   &GeometryIndex 41
   &ListStatus       OUT
   &NALPHAEL [&Type "Integer"] 70
   &NBETAEL [&Type "Integer"] 70
   &NTOTALEL [&Type "Integer"] 139
   &EEXCHANGE [&Type "Double"]      -9.3725474074012155e+01
   &ECORR [&Type "Double"]      -6.1589170746427158e+00
   &ECNL [&Type "Double"]       0.0000000000000000e+00
   &EXC [&Type "Double"]      -9.9884391148654871e+01
   &EEMBED [&Type "Double"]       0.0000000000000000e+00
   &FINALEN [&Type "Double"]      -8.7889666582085681e+02  "No Van der Waals correction"
$End
$Solvation_Details
   &GeometryIndex 41
   &ListStatus       OUT
   &SOLVENT [&Type "String"] "WATER"
   &EPSILON [&Type "Double"]       8.0150999999999996e+01
   &REFRAC [&Type "Double"]       1.3328000000000000e+00
   &RSOLV [&Type "Double"]       1.3000000000000000e+00
   &SURFACETYPE [&Type "String"] "GAUSSIAN VDW"
   &NPOINTS [&Type "Integer"] 3069
   &SURFACEAREA [&Type "Double"]       1.0853489594260000e+03
   &CPCMDIELENERGY [&Type "Double"]      -8.6891540000000003e-02
$End
$CIS_Absorption_Spectrum
   &GeometryIndex 41
   &ListStatus       OUT
   &TEMPERATURE [&Type "Double"]       2.9814999999999998e+02
   &METHOD [&Type "Integer"] 20
   &RELCORRECTION [&Type "Integer"] 1 "Type of relativistic treatment in QDPT. 0->Unknow, 1->None, 2->SOC, 3->SSC, 4->SOC/SSC"
   &DENSTYPE [&Type "Integer"] 3 "Type of density (electron/spin ...). 0->Unknow, 1->Electronic, 2->Spin, 3->Trans/Electronic, 4->Tran/Spin"
   &DERITYPE [&Type "Integer"] 0 "Type of derivative (w.r.t. to what perturbation). 0->Unknown, 1->No Derivative, 2->Electric/Dipole, 3->Electric/Quad, 4->Magnetic/Dipole, 5->Magnetic/Quad"
   &DENSLEVEL [&Type "Integer"] 0 "// Source of density: relaxed, unrelaxed, ... 0->Unknown, 1->Linearized, 2->Unrelaxed, 3->Relaxed"
   &REPRESENTATION [&Type "String"] "Length" "Possible values: Unknown,  Length, Velocity"
   &POINTGROUP [&Type "String"] "C1"
   &NTRANS [&Type "Integer"] 3
   &DOHIGHERMOMENTS [&Type "Boolean"] false
   &STATES [&Type "ArrayOfIntegers", &Dim (3,4)] "The initial and Final states. Col1: Initial State  Col2: Initial Irrep Col3: Final State Col4: Final Irrep"
                                                         0                           1                           2                           3

0                                                        0                           0                           1                           0
1                                                        0                           0                           2                           0
2                                                        0                           0                           3                           0
   &MULTIPLICITIES [&Type "ArrayOfDoubles", &Dim (3,2)] "Col1: Multiplicity of the initial state  Col2: Multiplicity of the final state"
                                                         0                           1

0                                      1.0000000000000000e+00         1.0000000000000000e+00
1                                      1.0000000000000000e+00         1.0000000000000000e+00
2                                      1.0000000000000000e+00         1.0000000000000000e+00
   &EXCITATIONENERGIES [&Type "ArrayOfDoubles", &Dim (3,11)] 
                                                         0                           1                           2                           3                           4                           5                           6                           7

0                                      3.3573191663532196e+00         2.7078608079552032e+04         3.6929520050003367e+02         2.3882154069164233e-01         2.9035061246491263e+00        -1.4481778871273787e+00         0.0000000000000000e+00        -8.9197010081405959e-01
1                                      3.8214684914659975e+00         3.0822225246212311e+04         3.2444120825536049e+02         3.3417505936307983e-03         3.5693211981285160e-02        -1.2307103941281981e-01         0.0000000000000000e+00        -1.3771785937484513e-01
2                                      3.9480597677568565e+00         3.1843252853990787e+04         3.1403826882424607e+02         1.2946809089556871e-02         1.3385077987663088e-01         2.8899324357080863e-01         0.0000000000000000e+00         2.0945102412108804e-01
                                                         8                           9                          10

0                                      0.0000000000000000e+00        -1.0332604288447265e-01         0.0000000000000000e+00
1                                      0.0000000000000000e+00        -3.9755785092784886e-02         0.0000000000000000e+00
2                                      0.0000000000000000e+00         8.0398716044981486e-02         0.0000000000000000e+00
$End
$Geometry
   &GeometryIndex 42
   &ListStatus       OUT
   &NATOMS [&Type "Integer"] 35
   &NCORELESSECP [&Type "Integer"] 0
   &NGHOSTATOMS [&Type "Integer"] 0
   &CartesianCoordinates [&Type "Coordinates", &Dim(35,4), &Units "Bohr"] 
              C     -3.138197697356   -3.704328813221   -0.760384605787
              C     -2.290290495124   -5.644223274529   -2.340341031856
              C      0.154385030774   -5.636349557136   -3.223069908666
              C     -1.538962700913   -1.767288883164   -0.090679140400
              C      1.002112964812   -1.696267968841   -0.930919289306
              O     -2.382286416826    0.089476465958    1.561926275627
              C      1.833318228954   -3.694816367371   -2.540630637354
              C      4.370384352880   -3.726301423797   -3.477775760235
              C      6.047116557900   -1.891717347054   -2.882779619226
              C      2.827814858386    0.217552935234   -0.293248702555
              C      5.318667558708    0.138333975821   -1.263752600976
              N      2.250912821858    2.174296899445    1.276767413536
              C      3.851882077646    4.009239612061    1.926695740403
              C      6.294685341310    4.006857361952    0.994247823922
              C      7.015290916393    2.065585929023   -0.590320727591
              C     -4.547118141429    1.478427955081    0.900418681562
              O     -5.330371043388    1.517868827085   -1.256654739982
              N     -5.482229427520    2.723039621864    2.893342849522
              C     -7.567833647043    4.489494613653    2.513943856809
              C     -4.569147534728    2.489894623023    5.489803188244
              H     -3.319101295855    0.879928283773    5.682248855901
              H     -6.191355809671    2.230492894900    6.734773993369
              H     -3.573079438627    4.207194375478    6.054651986153
              H     -7.965151131404    4.674015728092    0.511957885264
              H     -7.050844639750    6.330735503178    3.285998042572
              H     -9.253698122189    3.809809012097    3.490101084808
              H      0.825282190553   -7.129458023853   -4.448546426271
              H     -5.054721212146   -3.708781739446   -0.053464348357
              H     -3.572680572782   -7.151121338045   -2.855139740065
              H      4.916692869839   -5.274571210099   -4.698079496763
              H      7.960079886696   -1.921963739283   -3.603837748316
              H      3.122901107118    5.434716842725    3.192016238757
              H      7.582016215497    5.499177914450    1.521670115093
              H      8.917490826589    2.001349865570   -1.341584272064
              H      0.474483772002    2.197339248269    2.006396292977
$End
$SCF_Energy
   &GeometryIndex 42
   &ListStatus       OUT
   &SCF_ENERGY [&Type "Double"]      -8.7889666599879331e+02
$End
$DFT_Energy
   &GeometryIndex 42
   &ListStatus       OUT
   &NALPHAEL [&Type "Integer"] 70
   &NBETAEL [&Type "Integer"] 70
   &NTOTALEL [&Type "Integer"] 139
   &EEXCHANGE [&Type "Double"]      -9.3725683022244169e+01
   &ECORR [&Type "Double"]      -6.1589269311669126e+00
   &ECNL [&Type "Double"]       0.0000000000000000e+00
   &EXC [&Type "Double"]      -9.9884609953411086e+01
   &EEMBED [&Type "Double"]       0.0000000000000000e+00
   &FINALEN [&Type "Double"]      -8.7889666599879331e+02  "No Van der Waals correction"
$End
$Solvation_Details
   &GeometryIndex 42
   &ListStatus       OUT
   &SOLVENT [&Type "String"] "WATER"
   &EPSILON [&Type "Double"]       8.0150999999999996e+01
   &REFRAC [&Type "Double"]       1.3328000000000000e+00
   &RSOLV [&Type "Double"]       1.3000000000000000e+00
   &SURFACETYPE [&Type "String"] "GAUSSIAN VDW"
   &NPOINTS [&Type "Integer"] 3070
   &SURFACEAREA [&Type "Double"]       1.0853537601749999e+03
   &CPCMDIELENERGY [&Type "Double"]      -8.6896662999999999e-02
$End
$CIS_Absorption_Spectrum
   &GeometryIndex 42
   &ListStatus       OUT
   &TEMPERATURE [&Type "Double"]       2.9814999999999998e+02
   &METHOD [&Type "Integer"] 20
   &RELCORRECTION [&Type "Integer"] 1 "Type of relativistic treatment in QDPT. 0->Unknow, 1->None, 2->SOC, 3->SSC, 4->SOC/SSC"
   &DENSTYPE [&Type "Integer"] 3 "Type of density (electron/spin ...). 0->Unknow, 1->Electronic, 2->Spin, 3->Trans/Electronic, 4->Tran/Spin"
   &DERITYPE [&Type "Integer"] 0 "Type of derivative (w.r.t. to what perturbation). 0->Unknown, 1->No Derivative, 2->Electric/Dipole, 3->Electric/Quad, 4->Magnetic/Dipole, 5->Magnetic/Quad"
   &DENSLEVEL [&Type "Integer"] 0 "// Source of density: relaxed, unrelaxed, ... 0->Unknown, 1->Linearized, 2->Unrelaxed, 3->Relaxed"
   &REPRESENTATION [&Type "String"] "Length" "Possible values: Unknown,  Length, Velocity"
   &POINTGROUP [&Type "String"] "C1"
   &NTRANS [&Type "Integer"] 3
   &DOHIGHERMOMENTS [&Type "Boolean"] false
   &STATES [&Type "ArrayOfIntegers", &Dim (3,4)] "The initial and Final states. Col1: Initial State  Col2: Initial Irrep Col3: Final State Col4: Final Irrep"
                                                         0                           1                           2                           3

0                                                        0                           0                           1                           0
1                                                        0                           0                           2                           0
2                                                        0                           0                           3                           0
   &MULTIPLICITIES [&Type "ArrayOfDoubles", &Dim (3,2)] "Col1: Multiplicity of the initial state  Col2: Multiplicity of the final state"
                                                         0                           1

0                                      1.0000000000000000e+00         1.0000000000000000e+00
1                                      1.0000000000000000e+00         1.0000000000000000e+00
2                                      1.0000000000000000e+00         1.0000000000000000e+00
   &EXCITATIONENERGIES [&Type "ArrayOfDoubles", &Dim (3,11)] 
                                                         0                           1                           2                           3                           4                           5                           6                           7

0                                      3.3569688064121443e+00         2.7075782235757903e+04         3.6933374308179356e+02         2.3892381211510338e-01         2.9050526664569678e+00        -1.4483481204062898e+00         0.0000000000000000e+00        -8.9251846868975915e-01
1                                      3.8221649749613813e+00         3.0827842765033394e+04         3.2438208784892794e+02         3.3793571823331476e-03         3.6088310369808196e-02        -1.2382111042455299e-01         0.0000000000000000e+00        -1.3839952076026915e-01
2                                      3.9479716919570138e+00         3.1842542474683054e+04         3.1404527474370701e+02         1.2809623157571748e-02         1.3243543551502196e-01         2.8783148843725481e-01         0.0000000000000000e+00         2.0790352130602124e-01
                                                         8                           9                          10

0                                      0.0000000000000000e+00        -1.0368785666712793e-01         0.0000000000000000e+00
1                                      0.0000000000000000e+00        -4.0027685873238801e-02         0.0000000000000000e+00
2                                      0.0000000000000000e+00         7.9778415674749928e-02         0.0000000000000000e+00
$End
$Geometry
   &GeometryIndex 43
   &ListStatus       OUT
   &NATOMS [&Type "Integer"] 35
   &NCORELESSECP [&Type "Integer"] 0
   &NGHOSTATOMS [&Type "Integer"] 0
   &CartesianCoordinates [&Type "Coordinates", &Dim(35,4), &Units "Bohr"] 
              C     -3.138293174466   -3.704113775166   -0.760696719179
              C     -2.290277938729   -5.644224833424   -2.340315983513
              C      0.154502613264   -5.636565439101   -3.222764357737
              C     -1.538931726475   -1.767350983750   -0.090607916279
              C      1.002165834689   -1.696395398087   -0.930722735906
              O     -2.382324851052    0.089466507093    1.561861878205
              C      1.833226788291   -3.694659599420   -2.540863166558
              C      4.370394220673   -3.726326328823   -3.477726864166
              C      6.047130731407   -1.891700435221   -2.882843796263
              C      2.827694490840    0.217720822416   -0.293491180276
              C      5.318754154857    0.138171352941   -1.263519580211
              N      2.250974732167    2.174144307156    1.277000869731
              C      3.851891252100    4.009224232310    1.926685185972
              C      6.294647471040    4.006971776559    0.994111332493
              C      7.015237565862    2.065696307074   -0.590464929120
              C     -4.547080989558    1.478486751160    0.900419651639
              O     -5.330354979210    1.517844565986   -1.256626440222
              N     -5.482246897346    2.723042126780    2.893369550313
              C     -7.567818929091    4.489483924405    2.513955711457
              C     -4.569165010706    2.489903729975    5.489779582178
              H     -3.319123767702    0.879927707491    5.682172258092
              H     -6.191352800470    2.230489801674    6.734775635108
              H     -3.573069835683    4.207184124346    6.054644042696
              H     -7.965098573334    4.673967608768    0.511958875202
              H     -7.050855837028    6.330743552060    3.285984415343
              H     -9.253703950058    3.809804545113    3.490082844221
              H      0.824699219993   -7.128409865689   -4.450163463777
              H     -5.054007072524   -3.709909534496   -0.051581875600
              H     -3.572765983042   -7.150972851236   -2.855308322424
              H      4.916798453536   -5.274858351822   -4.697655739706
              H      7.959966257253   -1.921741134165   -3.604252824152
              H      3.122900455037    5.434747656391    3.191946826868
              H      7.582429960315    5.498456030948    1.522795692951
              H      8.917726280956    2.000931565512   -1.340952906923
              H      0.473870608566    2.198405982762    2.004928215917
$End
$SCF_Energy
   &GeometryIndex 43
   &ListStatus       OUT
   &SCF_ENERGY [&Type "Double"]      -8.7889666572475460e+02
$End
$DFT_Energy
   &GeometryIndex 43
   &ListStatus       OUT
   &NALPHAEL [&Type "Integer"] 70
   &NBETAEL [&Type "Integer"] 70
   &NTOTALEL [&Type "Integer"] 139
   &EEXCHANGE [&Type "Double"]      -9.3725713782749807e+01
   &ECORR [&Type "Double"]      -6.1589294803949928e+00
   &ECNL [&Type "Double"]       0.0000000000000000e+00
   &EXC [&Type "Double"]      -9.9884643263144795e+01
   &EEMBED [&Type "Double"]       0.0000000000000000e+00
   &FINALEN [&Type "Double"]      -8.7889666572475460e+02  "No Van der Waals correction"
$End
$Solvation_Details
   &GeometryIndex 43
   &ListStatus       OUT
   &SOLVENT [&Type "String"] "WATER"
   &EPSILON [&Type "Double"]       8.0150999999999996e+01
   &REFRAC [&Type "Double"]       1.3328000000000000e+00
   &RSOLV [&Type "Double"]       1.3000000000000000e+00
   &SURFACETYPE [&Type "String"] "GAUSSIAN VDW"
   &NPOINTS [&Type "Integer"] 3071
   &SURFACEAREA [&Type "Double"]       1.0853467240909999e+03
   &CPCMDIELENERGY [&Type "Double"]      -8.6896100000000004e-02
$End
$CIS_Absorption_Spectrum
   &GeometryIndex 43
   &ListStatus       OUT
   &TEMPERATURE [&Type "Double"]       2.9814999999999998e+02
   &METHOD [&Type "Integer"] 20
   &RELCORRECTION [&Type "Integer"] 1 "Type of relativistic treatment in QDPT. 0->Unknow, 1->None, 2->SOC, 3->SSC, 4->SOC/SSC"
   &DENSTYPE [&Type "Integer"] 3 "Type of density (electron/spin ...). 0->Unknow, 1->Electronic, 2->Spin, 3->Trans/Electronic, 4->Tran/Spin"
   &DERITYPE [&Type "Integer"] 0 "Type of derivative (w.r.t. to what perturbation). 0->Unknown, 1->No Derivative, 2->Electric/Dipole, 3->Electric/Quad, 4->Magnetic/Dipole, 5->Magnetic/Quad"
   &DENSLEVEL [&Type "Integer"] 0 "// Source of density: relaxed, unrelaxed, ... 0->Unknown, 1->Linearized, 2->Unrelaxed, 3->Relaxed"
   &REPRESENTATION [&Type "String"] "Length" "Possible values: Unknown,  Length, Velocity"
   &POINTGROUP [&Type "String"] "C1"
   &NTRANS [&Type "Integer"] 3
   &DOHIGHERMOMENTS [&Type "Boolean"] false
   &STATES [&Type "ArrayOfIntegers", &Dim (3,4)] "The initial and Final states. Col1: Initial State  Col2: Initial Irrep Col3: Final State Col4: Final Irrep"
                                                         0                           1                           2                           3

0                                                        0                           0                           1                           0
1                                                        0                           0                           2                           0
2                                                        0                           0                           3                           0
   &MULTIPLICITIES [&Type "ArrayOfDoubles", &Dim (3,2)] "Col1: Multiplicity of the initial state  Col2: Multiplicity of the final state"
                                                         0                           1

0                                      1.0000000000000000e+00         1.0000000000000000e+00
1                                      1.0000000000000000e+00         1.0000000000000000e+00
2                                      1.0000000000000000e+00         1.0000000000000000e+00
   &EXCITATIONENERGIES [&Type "ArrayOfDoubles", &Dim (3,11)] 
                                                         0                           1                           2                           3                           4                           5                           6                           7

0                                      3.3571293435714797e+00         2.7077077055405498e+04         3.6931608162645682e+02         2.3890017887666301e-01         2.9046264068689034e+00        -1.4483383097685336e+00         0.0000000000000000e+00        -8.9231183147095894e-01
1                                      3.8218335994656298e+00         3.0825170041133162e+04         3.2441021368758004e+02         3.3641916043051297e-03         3.5929471493188925e-02        -1.2350806146736741e-01         0.0000000000000000e+00        -1.3812958244892642e-01
2                                      3.9480729106562991e+00         3.1843358858634791e+04         3.1403722340956358e+02         1.2845105890961611e-02         1.3279887775215293e-01         2.8818635063640208e-01         0.0000000000000000e+00         2.0820944803296978e-01
                                                         8                           9                          10

0                                      0.0000000000000000e+00        -1.0354777999876655e-01         0.0000000000000000e+00
1                                      0.0000000000000000e+00        -3.9943068212734405e-02         0.0000000000000000e+00
2                                      0.0000000000000000e+00         7.9977064267399117e-02         0.0000000000000000e+00
$End
$Geometry
   &GeometryIndex 44
   &ListStatus       OUT
   &NATOMS [&Type "Integer"] 35
   &NCORELESSECP [&Type "Integer"] 0
   &NGHOSTATOMS [&Type "Integer"] 0
   &CartesianCoordinates [&Type "Coordinates", &Dim(35,4), &Units "Bohr"] 
              C     -3.138129444388   -3.704306087123   -0.760402022907
              C     -2.290332553015   -5.644255714492   -2.340382865285
              C      0.154395144065   -5.636462507170   -3.223041893055
              C     -1.539096295302   -1.767131085774   -0.090640734918
              C      1.002043355271   -1.696255020659   -0.930598870344
              O     -2.382430241587    0.089559661863    1.561904058105
              C      1.833259824729   -3.694721702328   -2.540712366946
              C      4.370509062082   -3.726421239289   -3.477900217393
              C      6.047055034847   -1.891629832482   -2.882856055879
              C      2.827723497423    0.217759815345   -0.293476375737
              C      5.318746601244    0.138187518753   -1.263475898245
              N      2.251091403037    2.174117957987    1.276958396193
              C      3.851857805605    4.009196283253    1.926666512414
              C      6.294560050108    4.006923415399    0.994090836896
              C      7.015289541409    2.065709372344   -0.590480633544
              C     -4.546734908093    1.478158949827    0.900388582368
              O     -5.330416824665    1.517930655144   -1.256525647602
              N     -5.482071584225    2.722837762033    2.893109054850
              C     -7.568125768970    4.489719719450    2.513778015239
              C     -4.569007561609    2.489806705417    5.489980255958
              H     -3.318923416633    0.879922980696    5.683026867900
              H     -6.191455266106    2.230598089581    6.734674398927
              H     -3.573179460450    4.207265094611    6.054756882026
              H     -7.966019557076    4.674789885581    0.511957085953
              H     -7.050797181018    6.330680522965    3.286259986706
              H     -9.253677263100    3.809908662563    3.490372620689
              H      0.825243780433   -7.129356592542   -4.448814085602
              H     -5.054610080691   -3.708992834591   -0.053363549582
              H     -3.572890555460   -7.151064429986   -2.855035364700
              H      4.917063978081   -5.274961365187   -4.697764929162
              H      7.960133447783   -1.921707157634   -3.603624398081
              H      3.122801885086    5.434639306402    3.191974787651
              H      7.582289487818    5.498383022623    1.522953521914
              H      8.917795033620    2.001017426826   -1.340933985067
              H      0.473997825205    2.198523715251    2.004850340173
$End
$SCF_Energy
   &GeometryIndex 44
   &ListStatus       OUT
   &SCF_ENERGY [&Type "Double"]      -8.7889666573224815e+02
$End
$DFT_Energy
   &GeometryIndex 44
   &ListStatus       OUT
   &NALPHAEL [&Type "Integer"] 70
   &NBETAEL [&Type "Integer"] 70
   &NTOTALEL [&Type "Integer"] 139
   &EEXCHANGE [&Type "Double"]      -9.3725564421049100e+01
   &ECORR [&Type "Double"]      -6.1589191026879524e+00
   &ECNL [&Type "Double"]       0.0000000000000000e+00
   &EXC [&Type "Double"]      -9.9884483523737046e+01
   &EEMBED [&Type "Double"]       0.0000000000000000e+00
   &FINALEN [&Type "Double"]      -8.7889666573224815e+02  "No Van der Waals correction"
$End
$Solvation_Details
   &GeometryIndex 44
   &ListStatus       OUT
   &SOLVENT [&Type "String"] "WATER"
   &EPSILON [&Type "Double"]       8.0150999999999996e+01
   &REFRAC [&Type "Double"]       1.3328000000000000e+00
   &RSOLV [&Type "Double"]       1.3000000000000000e+00
   &SURFACETYPE [&Type "String"] "GAUSSIAN VDW"
   &NPOINTS [&Type "Integer"] 3070
   &SURFACEAREA [&Type "Double"]       1.0853688998650000e+03
   &CPCMDIELENERGY [&Type "Double"]      -8.6901934000000000e-02
$End
$CIS_Absorption_Spectrum
   &GeometryIndex 44
   &ListStatus       OUT
   &TEMPERATURE [&Type "Double"]       2.9814999999999998e+02
   &METHOD [&Type "Integer"] 20
   &RELCORRECTION [&Type "Integer"] 1 "Type of relativistic treatment in QDPT. 0->Unknow, 1->None, 2->SOC, 3->SSC, 4->SOC/SSC"
   &DENSTYPE [&Type "Integer"] 3 "Type of density (electron/spin ...). 0->Unknow, 1->Electronic, 2->Spin, 3->Trans/Electronic, 4->Tran/Spin"
   &DERITYPE [&Type "Integer"] 0 "Type of derivative (w.r.t. to what perturbation). 0->Unknown, 1->No Derivative, 2->Electric/Dipole, 3->Electric/Quad, 4->Magnetic/Dipole, 5->Magnetic/Quad"
   &DENSLEVEL [&Type "Integer"] 0 "// Source of density: relaxed, unrelaxed, ... 0->Unknown, 1->Linearized, 2->Unrelaxed, 3->Relaxed"
   &REPRESENTATION [&Type "String"] "Length" "Possible values: Unknown,  Length, Velocity"
   &POINTGROUP [&Type "String"] "C1"
   &NTRANS [&Type "Integer"] 3
   &DOHIGHERMOMENTS [&Type "Boolean"] false
   &STATES [&Type "ArrayOfIntegers", &Dim (3,4)] "The initial and Final states. Col1: Initial State  Col2: Initial Irrep Col3: Final State Col4: Final Irrep"
                                                         0                           1                           2                           3

0                                                        0                           0                           1                           0
1                                                        0                           0                           2                           0
2                                                        0                           0                           3                           0
   &MULTIPLICITIES [&Type "ArrayOfDoubles", &Dim (3,2)] "Col1: Multiplicity of the initial state  Col2: Multiplicity of the final state"
                                                         0                           1

0                                      1.0000000000000000e+00         1.0000000000000000e+00
1                                      1.0000000000000000e+00         1.0000000000000000e+00
2                                      1.0000000000000000e+00         1.0000000000000000e+00
   &EXCITATIONENERGIES [&Type "ArrayOfDoubles", &Dim (3,11)] 
                                                         0                           1                           2                           3                           4                           5                           6                           7

0                                      3.3574187731875900e+00         2.7079411462935117e+04         3.6928424436725578e+02         2.3861414217175658e-01         2.9008985827823288e+00        -1.4475910194279107e+00         0.0000000000000000e+00        -8.9147564631289022e-01
1                                      3.8195508262658522e+00         3.0806758231666019e+04         3.2460409903568109e+02         3.2387649204883920e-03         3.4610590879362975e-02        -1.2088588127669127e-01         0.0000000000000000e+00        -1.3589439709421708e-01
2                                      3.9477937363070481e+00         3.1841107165419264e+04         3.1405943103826507e+02         1.3079327080100839e-02         1.3522993128443872e-01         2.8988903585334846e-01         0.0000000000000000e+00         2.1116225890644136e-01
                                                         8                           9                          10

0                                      0.0000000000000000e+00        -1.0319881435852574e-01         0.0000000000000000e+00
1                                      0.0000000000000000e+00        -3.9114031059453859e-02         0.0000000000000000e+00
2                                      0.0000000000000000e+00         8.1269788913124349e-02         0.0000000000000000e+00
$End
$Geometry
   &GeometryIndex 45
   &ListStatus       OUT
   &NATOMS [&Type "Integer"] 35
   &NCORELESSECP [&Type "Integer"] 0
   &NGHOSTATOMS [&Type "Integer"] 0
   &CartesianCoordinates [&Type "Coordinates", &Dim(35,4), &Units "Bohr"] 
              C     -3.138219980693   -3.704261272727   -0.760472927313
              C     -2.290225298851   -5.644329358362   -2.340169476301
              C      0.154375680253   -5.636336701487   -3.223108197266
              C     -1.538983399409   -1.767247221022   -0.090757829797
              C      1.002163066317   -1.696413622316   -0.930702755414
              O     -2.382281814908    0.089453325599    1.561949501983
              C      1.833258811140   -3.694719592689   -2.540765939193
              C      4.370448090523   -3.726420575013   -3.477591075750
              C      6.047065863945   -1.891578693804   -2.883032758855
              C      2.827692619456    0.217720648024   -0.293489634022
              C      5.318738816902    0.138196921276   -1.263555617451
              N      2.251011910223    2.174083158314    1.277092956690
              C      3.851813237991    4.009356421896    1.926492261285
              C      6.294647933096    4.006965024217    0.994118296605
              C      7.015294024344    2.065609113534   -0.590330807537
              C     -4.547068827257    1.478448167506    0.900400809958
              O     -5.330385031434    1.517865996461   -1.256649371874
              N     -5.482224932721    2.723019757521    2.893329498605
              C     -7.567855381515    4.489511518890    2.513933395687
              C     -4.569138993676    2.489888304897    5.489822326521
              H     -3.319089930402    0.879927784224    5.682301696003
              H     -6.191369559273    2.230508337321    6.734767875348
              H     -3.573085296536    4.207198456402    6.054662720366
              H     -7.965205584538    4.674064229906    0.511956786710
              H     -7.050844311913    6.330735266883    3.286012464450
              H     -9.253701971655    3.809818199528    3.490114270482
              H      0.825433511213   -7.129733728396   -4.448145777132
              H     -5.054458607291   -3.709178970510   -0.052781020157
              H     -3.573108744887   -7.150363840146   -2.856265602578
              H      4.916395661891   -5.274146669455   -4.698747938953
              H      7.960447082511   -1.922582858919   -3.602956843555
              H      3.123348910600    5.433974518925    3.193076918792
              H      7.582413346928    5.498467440246    1.522793030031
              H      8.917446887015    2.001448117882   -1.341721956953
              H      0.473611206614    2.198862079695    2.004274986640
$End
$SCF_Energy
   &GeometryIndex 45
   &ListStatus       OUT
   &SCF_ENERGY [&Type "Double"]      -8.7889666530958016e+02
$End
$DFT_Energy
   &GeometryIndex 45
   &ListStatus       OUT
   &NALPHAEL [&Type "Integer"] 70
   &NBETAEL [&Type "Integer"] 70
   &NTOTALEL [&Type "Integer"] 139
   &EEXCHANGE [&Type "Double"]      -9.3725676841510122e+01
   &ECORR [&Type "Double"]      -6.1589254545882106e+00
   &ECNL [&Type "Double"]       0.0000000000000000e+00
   &EXC [&Type "Double"]      -9.9884602296098336e+01
   &EEMBED [&Type "Double"]       0.0000000000000000e+00
   &FINALEN [&Type "Double"]      -8.7889666530958016e+02  "No Van der Waals correction"
$End
$Solvation_Details
   &GeometryIndex 45
   &ListStatus       OUT
   &SOLVENT [&Type "String"] "WATER"
   &EPSILON [&Type "Double"]       8.0150999999999996e+01
   &REFRAC [&Type "Double"]       1.3328000000000000e+00
   &RSOLV [&Type "Double"]       1.3000000000000000e+00
   &SURFACETYPE [&Type "String"] "GAUSSIAN VDW"
   &NPOINTS [&Type "Integer"] 3070
   &SURFACEAREA [&Type "Double"]       1.0853413979950001e+03
   &CPCMDIELENERGY [&Type "Double"]      -8.6891220000000005e-02
$End
$CIS_Absorption_Spectrum
   &GeometryIndex 45
   &ListStatus       OUT
   &TEMPERATURE [&Type "Double"]       2.9814999999999998e+02
   &METHOD [&Type "Integer"] 20
   &RELCORRECTION [&Type "Integer"] 1 "Type of relativistic treatment in QDPT. 0->Unknow, 1->None, 2->SOC, 3->SSC, 4->SOC/SSC"
   &DENSTYPE [&Type "Integer"] 3 "Type of density (electron/spin ...). 0->Unknow, 1->Electronic, 2->Spin, 3->Trans/Electronic, 4->Tran/Spin"
   &DERITYPE [&Type "Integer"] 0 "Type of derivative (w.r.t. to what perturbation). 0->Unknown, 1->No Derivative, 2->Electric/Dipole, 3->Electric/Quad, 4->Magnetic/Dipole, 5->Magnetic/Quad"
   &DENSLEVEL [&Type "Integer"] 0 "// Source of density: relaxed, unrelaxed, ... 0->Unknown, 1->Linearized, 2->Unrelaxed, 3->Relaxed"
   &REPRESENTATION [&Type "String"] "Length" "Possible values: Unknown,  Length, Velocity"
   &POINTGROUP [&Type "String"] "C1"
   &NTRANS [&Type "Integer"] 3
   &DOHIGHERMOMENTS [&Type "Boolean"] false
   &STATES [&Type "ArrayOfIntegers", &Dim (3,4)] "The initial and Final states. Col1: Initial State  Col2: Initial Irrep Col3: Final State Col4: Final Irrep"
                                                         0                           1                           2                           3

0                                                        0                           0                           1                           0
1                                                        0                           0                           2                           0
2                                                        0                           0                           3                           0
   &MULTIPLICITIES [&Type "ArrayOfDoubles", &Dim (3,2)] "Col1: Multiplicity of the initial state  Col2: Multiplicity of the final state"
                                                         0                           1

0                                      1.0000000000000000e+00         1.0000000000000000e+00
1                                      1.0000000000000000e+00         1.0000000000000000e+00
2                                      1.0000000000000000e+00         1.0000000000000000e+00
   &EXCITATIONENERGIES [&Type "ArrayOfDoubles", &Dim (3,11)] 
                                                         0                           1                           2                           3                           4                           5                           6                           7

0                                      3.3572547807987663e+00         2.7078088774979355e+04         3.6930228285683813e+02         2.3898702770745003e-01         2.9055737782105098e+00        -1.4484820472218423e+00         0.0000000000000000e+00        -8.9260644590399085e-01
1                                      3.8227360564756059e+00         3.0832448848559841e+04         3.2433362815639896e+02         3.3822862825316773e-03         3.6114194431481610e-02        -1.2399042413374324e-01         0.0000000000000000e+00        -1.3834492354945557e-01
2                                      3.9482958981221605e+00         3.1845157374026247e+04         3.1401948756441897e+02         1.2755724139882282e-02         1.3186735837607402e-01         2.8754010719650108e-01         0.0000000000000000e+00         2.0704998496803445e-01
                                                         8                           9                          10

0                                      0.0000000000000000e+00        -1.0357253408687531e-01         0.0000000000000000e+00
1                                      0.0000000000000000e+00        -4.0015637977062979e-02         0.0000000000000000e+00
2                                      0.0000000000000000e+00         7.9488042209098428e-02         0.0000000000000000e+00
$End
$Geometry
   &GeometryIndex 46
   &ListStatus       OUT
   &NATOMS [&Type "Integer"] 35
   &NCORELESSECP [&Type "Integer"] 0
   &NGHOSTATOMS [&Type "Integer"] 0
   &CartesianCoordinates [&Type "Coordinates", &Dim(35,4), &Units "Bohr"] 
              C     -3.138146914485   -3.704399854094   -0.760273026837
              C     -2.290370849148   -5.644058716976   -2.340565332356
              C      0.154455965676   -5.636481336580   -3.222874801488
              C     -1.538978448377   -1.767243103095   -0.090778481954
              C      1.002160839154   -1.696397297091   -0.930740439599
              O     -2.382269423774    0.089440857567    1.561966352102
              C      1.833269076449   -3.694743704065   -2.540737690610
              C      4.370369750556   -3.726283160894   -3.477780793030
              C      6.047139005143   -1.891704431016   -2.882846373324
              C      2.827696084541    0.217713114531   -0.293480075995
              C      5.318728496724    0.138215328413   -1.263585503541
              N      2.251009283107    2.174077458508    1.277104813949
              C      3.851799881085    4.009383510512    1.926450377081
              C      6.294666236548    4.006943050676    0.994154952680
              C      7.015289250571    2.065605860742   -0.590324758316
              C     -4.547081288773    1.478458661604    0.900399850407
              O     -5.330389057357    1.517866659080   -1.256658985438
              N     -5.482230010841    2.723025814187    2.893334745230
              C     -7.567846911950    4.489504743069    2.513938093425
              C     -4.569142365503    2.489890337708    5.489820104973
              H     -3.319093666684    0.879928178022    5.682280992950
              H     -6.191366998676    2.230506674013    6.734772467912
              H     -3.573081998276    4.207196886509    6.054659373353
              H     -7.965180081849    4.674041730900    0.511956639744
              H     -7.050843426405    6.330736016416    3.286004497257
              H     -9.253702935254    3.809816007998    3.490106136642
              H      0.824920483784   -7.128823971925   -4.449519796764
              H     -5.054884441451   -3.708478095674   -0.053936105606
              H     -3.572248569717   -7.151886234884   -2.853917060399
              H      4.916820520526   -5.274921415352   -4.697553427801
              H      7.960044838685   -1.921884280252   -3.604063730443
              H      3.123452874590    5.433811452245    3.193316814414
              H      7.582343737240    5.498610376213    1.522579421926
              H      8.917446955311    2.001429449349   -1.341701326536
              H      0.473561188913    2.198932133340    2.004170639065
$End
$SCF_Energy
   &GeometryIndex 46
   &ListStatus       OUT
   &SCF_ENERGY [&Type "Double"]      -8.7889666543543512e+02
$End
$DFT_Energy
   &GeometryIndex 46
   &ListStatus       OUT
   &NALPHAEL [&Type "Integer"] 70
   &NBETAEL [&Type "Integer"] 70
   &NTOTALEL [&Type "Integer"] 139
   &EEXCHANGE [&Type "Double"]      -9.3725647653336907e+01
   &ECORR [&Type "Double"]      -6.1589261215851803e+00
   &ECNL [&Type "Double"]       0.0000000000000000e+00
   &EXC [&Type "Double"]      -9.9884573774922089e+01
   &EEMBED [&Type "Double"]       0.0000000000000000e+00
   &FINALEN [&Type "Double"]      -8.7889666543543512e+02  "No Van der Waals correction"
$End
$Solvation_Details
   &GeometryIndex 46
   &ListStatus       OUT
   &SOLVENT [&Type "String"] "WATER"
   &EPSILON [&Type "Double"]       8.0150999999999996e+01
   &REFRAC [&Type "Double"]       1.3328000000000000e+00
   &RSOLV [&Type "Double"]       1.3000000000000000e+00
   &SURFACETYPE [&Type "String"] "GAUSSIAN VDW"
   &NPOINTS [&Type "Integer"] 3071
   &SURFACEAREA [&Type "Double"]       1.0853441544200000e+03
   &CPCMDIELENERGY [&Type "Double"]      -8.6891561000000006e-02
$End
$CIS_Absorption_Spectrum
   &GeometryIndex 46
   &ListStatus       OUT
   &TEMPERATURE [&Type "Double"]       2.9814999999999998e+02
   &METHOD [&Type "Integer"] 20
   &RELCORRECTION [&Type "Integer"] 1 "Type of relativistic treatment in QDPT. 0->Unknow, 1->None, 2->SOC, 3->SSC, 4->SOC/SSC"
   &DENSTYPE [&Type "Integer"] 3 "Type of density (electron/spin ...). 0->Unknow, 1->Electronic, 2->Spin, 3->Trans/Electronic, 4->Tran/Spin"
   &DERITYPE [&Type "Integer"] 0 "Type of derivative (w.r.t. to what perturbation). 0->Unknown, 1->No Derivative, 2->Electric/Dipole, 3->Electric/Quad, 4->Magnetic/Dipole, 5->Magnetic/Quad"
   &DENSLEVEL [&Type "Integer"] 0 "// Source of density: relaxed, unrelaxed, ... 0->Unknown, 1->Linearized, 2->Unrelaxed, 3->Relaxed"
   &REPRESENTATION [&Type "String"] "Length" "Possible values: Unknown,  Length, Velocity"
   &POINTGROUP [&Type "String"] "C1"
   &NTRANS [&Type "Integer"] 3
   &DOHIGHERMOMENTS [&Type "Boolean"] false
   &STATES [&Type "ArrayOfIntegers", &Dim (3,4)] "The initial and Final states. Col1: Initial State  Col2: Initial Irrep Col3: Final State Col4: Final Irrep"
                                                         0                           1                           2                           3

0                                                        0                           0                           1                           0
1                                                        0                           0                           2                           0
2                                                        0                           0                           3                           0
   &MULTIPLICITIES [&Type "ArrayOfDoubles", &Dim (3,2)] "Col1: Multiplicity of the initial state  Col2: Multiplicity of the final state"
                                                         0                           1

0                                      1.0000000000000000e+00         1.0000000000000000e+00
1                                      1.0000000000000000e+00         1.0000000000000000e+00
2                                      1.0000000000000000e+00         1.0000000000000000e+00
   &EXCITATIONENERGIES [&Type "ArrayOfDoubles", &Dim (3,11)] 
                                                         0                           1                           2                           3                           4                           5                           6                           7

0                                      3.3572617898499555e+00         2.7078145306795592e+04         3.6930151185392958e+02         2.3886639791518099e-01         2.9041011136060888e+00        -1.4482067735774520e+00         0.0000000000000000e+00        -8.9223673009548166e-01
1                                      3.8216636370270902e+00         3.0823799201474074e+04         3.2442464131812062e+02         3.3407885077191336e-03         3.5681113871880554e-02        -1.2311000054696612e-01         0.0000000000000000e+00        -1.3762476282683453e-01
2                                      3.9481230073749369e+00         3.1843762915962332e+04         3.1403323867190636e+02         1.2872821686114156e-02         1.3308372827532122e-01         2.8844588750524447e-01         0.0000000000000000e+00         2.0842639361129803e-01
                                                         8                           9                          10

0                                      0.0000000000000000e+00        -1.0349817408533470e-01         0.0000000000000000e+00
1                                      0.0000000000000000e+00        -3.9805355092802495e-02         0.0000000000000000e+00
2                                      0.0000000000000000e+00         8.0256692573400665e-02         0.0000000000000000e+00
$End
$Geometry
   &GeometryIndex 47
   &ListStatus       OUT
   &NATOMS [&Type "Integer"] 35
   &NCORELESSECP [&Type "Integer"] 0
   &NGHOSTATOMS [&Type "Integer"] 0
   &CartesianCoordinates [&Type "Coordinates", &Dim(35,4), &Units "Bohr"] 
              C     -3.138208394466   -3.704287846914   -0.760435113874
              C     -2.290237416707   -5.644306538510   -2.340203407436
              C      0.154359615440   -5.636304632840   -3.223149300436
              C     -1.538984397980   -1.767241232669   -0.090770196818
              C      1.002167230761   -1.696415327660   -0.930706267567
              O     -2.382274531541    0.089451558796    1.561956979190
              C      1.833291783672   -3.694779492841   -2.540680248834
              C      4.370289501024   -3.726135804048   -3.478015686075
              C      6.047190888979   -1.891805040978   -2.882687511850
              C      2.827689487283    0.217722854123   -0.293495446138
              C      5.318743900387    0.138188355643   -1.263544166861
              N      2.250997941414    2.174107126822    1.277058976587
              C      3.851839740909    4.009312843759    1.926557603702
              C      6.294667206903    4.006931626145    0.994166583014
              C      7.015252641226    2.065678004344   -0.590433965976
              C     -4.547079555573    1.478449225259    0.900401224954
              O     -5.330386131214    1.517866703635   -1.256655013216
              N     -5.482227004032    2.723023686440    2.893331631348
              C     -7.567850780946    4.489507749764    2.513935707069
              C     -4.569140143544    2.489889228187    5.489821000155
              H     -3.319091520731    0.879927825712    5.682293391049
              H     -6.191367552825    2.230506199387    6.734769980288
              H     -3.573084170576    4.207198056681    6.054661171378
              H     -7.965192410859    4.674052974762    0.511956696017
              H     -7.050843540522    6.330735346489    3.286008287825
              H     -9.253702249119    3.809817188695    3.490110290587
              H      0.825481161576   -7.129819410189   -4.448008113509
              H     -5.054537695505   -3.709051665090   -0.052989130911
              H     -3.573017733222   -7.150516786767   -2.856041713859
              H      4.917316636766   -5.275793315292   -4.696235770501
              H      7.959683432816   -1.921236126731   -3.605030482748
              H      3.123198549261    5.434239240476    3.192693257768
              H      7.582316569366    5.498650513407    1.522513316783
              H      8.917673696996    2.001040288818   -1.341104210971
              H      0.473702372908    2.198699793811    2.004506748866
$End
$SCF_Energy
   &GeometryIndex 47
   &ListStatus       OUT
   &SCF_ENERGY [&Type "Double"]      -8.7889666552228300e+02
$End
$DFT_Energy
   &GeometryIndex 47
   &ListStatus       OUT
   &NALPHAEL [&Type "Integer"] 70
   &NBETAEL [&Type "Integer"] 70
   &NTOTALEL [&Type "Integer"] 139
   &EEXCHANGE [&Type "Double"]      -9.3725692603357430e+01
   &ECORR [&Type "Double"]      -6.1589260739305720e+00
   &ECNL [&Type "Double"]       0.0000000000000000e+00
   &EXC [&Type "Double"]      -9.9884618677288003e+01
   &EEMBED [&Type "Double"]       0.0000000000000000e+00
   &FINALEN [&Type "Double"]      -8.7889666552228300e+02  "No Van der Waals correction"
$End
$Solvation_Details
   &GeometryIndex 47
   &ListStatus       OUT
   &SOLVENT [&Type "String"] "WATER"
   &EPSILON [&Type "Double"]       8.0150999999999996e+01
   &REFRAC [&Type "Double"]       1.3328000000000000e+00
   &RSOLV [&Type "Double"]       1.3000000000000000e+00
   &SURFACETYPE [&Type "String"] "GAUSSIAN VDW"
   &NPOINTS [&Type "Integer"] 3070
   &SURFACEAREA [&Type "Double"]       1.0853452146720001e+03
   &CPCMDIELENERGY [&Type "Double"]      -8.6892802000000005e-02
$End
$CIS_Absorption_Spectrum
   &GeometryIndex 47
   &ListStatus       OUT
   &TEMPERATURE [&Type "Double"]       2.9814999999999998e+02
   &METHOD [&Type "Integer"] 20
   &RELCORRECTION [&Type "Integer"] 1 "Type of relativistic treatment in QDPT. 0->Unknow, 1->None, 2->SOC, 3->SSC, 4->SOC/SSC"
   &DENSTYPE [&Type "Integer"] 3 "Type of density (electron/spin ...). 0->Unknow, 1->Electronic, 2->Spin, 3->Trans/Electronic, 4->Tran/Spin"
   &DERITYPE [&Type "Integer"] 0 "Type of derivative (w.r.t. to what perturbation). 0->Unknown, 1->No Derivative, 2->Electric/Dipole, 3->Electric/Quad, 4->Magnetic/Dipole, 5->Magnetic/Quad"
   &DENSLEVEL [&Type "Integer"] 0 "// Source of density: relaxed, unrelaxed, ... 0->Unknown, 1->Linearized, 2->Unrelaxed, 3->Relaxed"
   &REPRESENTATION [&Type "String"] "Length" "Possible values: Unknown,  Length, Velocity"
   &POINTGROUP [&Type "String"] "C1"
   &NTRANS [&Type "Integer"] 3
   &DOHIGHERMOMENTS [&Type "Boolean"] false
   &STATES [&Type "ArrayOfIntegers", &Dim (3,4)] "The initial and Final states. Col1: Initial State  Col2: Initial Irrep Col3: Final State Col4: Final Irrep"
                                                         0                           1                           2                           3

0                                                        0                           0                           1                           0
1                                                        0                           0                           2                           0
2                                                        0                           0                           3                           0
   &MULTIPLICITIES [&Type "ArrayOfDoubles", &Dim (3,2)] "Col1: Multiplicity of the initial state  Col2: Multiplicity of the final state"
                                                         0                           1

0                                      1.0000000000000000e+00         1.0000000000000000e+00
1                                      1.0000000000000000e+00         1.0000000000000000e+00
2                                      1.0000000000000000e+00         1.0000000000000000e+00
   &EXCITATIONENERGIES [&Type "ArrayOfDoubles", &Dim (3,11)] 
                                                         0                           1                           2                           3                           4                           5                           6                           7

0                                      3.3571734255901067e+00         2.7077432600900760e+04         3.6931123224981599e+02         2.3893836532580759e-01         2.9050525443321220e+00        -1.4483959005450056e+00         0.0000000000000000e+00        -8.9244506478549557e-01
1                                      3.8223517220623835e+00         3.0829348982139207e+04         3.2436623964370568e+02         3.3762103086904340e-03         3.6052943251610722e-02        -1.2377714902667750e-01         0.0000000000000000e+00        -1.3833473463105314e-01
2                                      3.9481703665885317e+00         3.1844144893820365e+04         3.1402947177082427e+02         1.2802592837921699e-02         1.3235609024432771e-01         2.8779821743658512e-01         0.0000000000000000e+00         2.0781441606962009e-01
                                                         8                           9                          10

0                                      0.0000000000000000e+00        -1.0365165679600385e-01         0.0000000000000000e+00
1                                      0.0000000000000000e+00        -3.9945736005167085e-02         0.0000000000000000e+00
2                                      0.0000000000000000e+00         7.9633188798983831e-02         0.0000000000000000e+00
$End
$Geometry
   &GeometryIndex 48
   &ListStatus       OUT
   &NATOMS [&Type "Integer"] 35
   &NCORELESSECP [&Type "Integer"] 0
   &NGHOSTATOMS [&Type "Integer"] 0
   &CartesianCoordinates [&Type "Coordinates", &Dim(35,4), &Units "Bohr"] 
              C     -3.138192015326   -3.704328031661   -0.760375800417
              C     -2.290289401681   -5.644212608220   -2.340343285414
              C      0.154404983113   -5.636388890511   -3.223028846158
              C     -1.538983305712   -1.767240098870   -0.090768841241
              C      1.002167500974   -1.696402066913   -0.930719325558
              O     -2.382268886440    0.089450627421    1.561957690953
              C      1.833273231325   -3.694747893486   -2.540727378740
              C      4.370365058220   -3.726272096060   -3.477806448662
              C      6.047139311639   -1.891711433851   -2.882831608565
              C      2.827689984476    0.217739573840   -0.293512567022
              C      5.318731819670    0.138211475296   -1.263578130969
              N      2.250970641168    2.174144979861    1.277003441880
              C      3.851921040183    4.009166469918    1.926769786916
              C      6.294546403991    4.007160562175    0.993836615683
              C      7.015351219729    2.065492730099   -0.590164566705
              C     -4.547089340870    1.478446270881    0.900402431000
              O     -5.330386625393    1.517868069591   -1.256659463351
              N     -5.482228103382    2.723027220853    2.893333370454
              C     -7.567847771212    4.489505251179    2.513937591236
              C     -4.569141161510    2.489890452427    5.489819680360
              H     -3.319093586217    0.879927416428    5.682285053316
              H     -6.191363841241    2.230502352440    6.734773749229
              H     -3.573082360251    4.207197376128    6.054660603385
              H     -7.965182503524    4.674044657795    0.511956654703
              H     -7.050843230711    6.330735828166    3.286005001186
              H     -9.253703195801    3.809817131349    3.490107237913
              H      0.825244837421   -7.129395054532   -4.448661474213
              H     -5.054668681362   -3.708849722296   -0.053329072164
              H     -3.572726229352   -7.151039174827   -2.855234208273
              H      4.916868426081   -5.274990744422   -4.697453536362
              H      7.960023450997   -1.921840134351   -3.604107854169
              H      3.122695577333    5.435093271009    3.191442219213
              H      7.582992051407    5.497451864679    1.524270922063
              H      8.917101775454    2.002035347438   -1.342633904345
              H      0.473915684144    2.198301400336    2.005059734457
$End
$SCF_Energy
   &GeometryIndex 48
   &ListStatus       OUT
   &SCF_ENERGY [&Type "Double"]      -8.7889666574159196e+02
$End
$DFT_Energy
   &GeometryIndex 48
   &ListStatus       OUT
   &NALPHAEL [&Type "Integer"] 70
   &NBETAEL [&Type "Integer"] 70
   &NTOTALEL [&Type "Integer"] 139
   &EEXCHANGE [&Type "Double"]      -9.3725660984631418e+01
   &ECORR [&Type "Double"]      -6.1589255629518691e+00
   &ECNL [&Type "Double"]       0.0000000000000000e+00
   &EXC [&Type "Double"]      -9.9884586547583282e+01
   &EEMBED [&Type "Double"]       0.0000000000000000e+00
   &FINALEN [&Type "Double"]      -8.7889666574159196e+02  "No Van der Waals correction"
$End
$Solvation_Details
   &GeometryIndex 48
   &ListStatus       OUT
   &SOLVENT [&Type "String"] "WATER"
   &EPSILON [&Type "Double"]       8.0150999999999996e+01
   &REFRAC [&Type "Double"]       1.3328000000000000e+00
   &RSOLV [&Type "Double"]       1.3000000000000000e+00
   &SURFACETYPE [&Type "String"] "GAUSSIAN VDW"
   &NPOINTS [&Type "Integer"] 3071
   &SURFACEAREA [&Type "Double"]       1.0853522169309999e+03
   &CPCMDIELENERGY [&Type "Double"]      -8.6893296999999994e-02
$End
$CIS_Absorption_Spectrum
   &GeometryIndex 48
   &ListStatus       OUT
   &TEMPERATURE [&Type "Double"]       2.9814999999999998e+02
   &METHOD [&Type "Integer"] 20
   &RELCORRECTION [&Type "Integer"] 1 "Type of relativistic treatment in QDPT. 0->Unknow, 1->None, 2->SOC, 3->SSC, 4->SOC/SSC"
   &DENSTYPE [&Type "Integer"] 3 "Type of density (electron/spin ...). 0->Unknow, 1->Electronic, 2->Spin, 3->Trans/Electronic, 4->Tran/Spin"
   &DERITYPE [&Type "Integer"] 0 "Type of derivative (w.r.t. to what perturbation). 0->Unknown, 1->No Derivative, 2->Electric/Dipole, 3->Electric/Quad, 4->Magnetic/Dipole, 5->Magnetic/Quad"
   &DENSLEVEL [&Type "Integer"] 0 "// Source of density: relaxed, unrelaxed, ... 0->Unknown, 1->Linearized, 2->Unrelaxed, 3->Relaxed"
   &REPRESENTATION [&Type "String"] "Length" "Possible values: Unknown,  Length, Velocity"
   &POINTGROUP [&Type "String"] "C1"
   &NTRANS [&Type "Integer"] 3
   &DOHIGHERMOMENTS [&Type "Boolean"] false
   &STATES [&Type "ArrayOfIntegers", &Dim (3,4)] "The initial and Final states. Col1: Initial State  Col2: Initial Irrep Col3: Final State Col4: Final Irrep"
                                                         0                           1                           2                           3

0                                                        0                           0                           1                           0
1                                                        0                           0                           2                           0
2                                                        0                           0                           3                           0
   &MULTIPLICITIES [&Type "ArrayOfDoubles", &Dim (3,2)] "Col1: Multiplicity of the initial state  Col2: Multiplicity of the final state"
                                                         0                           1

0                                      1.0000000000000000e+00         1.0000000000000000e+00
1                                      1.0000000000000000e+00         1.0000000000000000e+00
2                                      1.0000000000000000e+00         1.0000000000000000e+00
   &EXCITATIONENERGIES [&Type "ArrayOfDoubles", &Dim (3,11)] 
                                                         0                           1                           2                           3                           4                           5                           6                           7

0                                      3.3571943730064384e+00         2.7077601553225224e+04         3.6930892791015663e+02         2.3889809035172915e-01         2.9045447512771743e+00        -1.4483538745009079e+00         0.0000000000000000e+00        -8.9222238253661157e-01
1                                      3.8219699178309856e+00         3.0826269523013380e+04         3.2439864293454292e+02         3.3563099165221885e-03         3.5844016794173802e-02        -1.2337910696829266e-01         0.0000000000000000e+00        -1.3796768159147904e-01
2                                      3.9481189041716376e+00         3.1843729821392379e+04         3.1403356504055233e+02         1.2844952007065249e-02         1.3279573980771003e-01         2.8815512035874191e-01         0.0000000000000000e+00         2.0825764517046200e-01
                                                         8                           9                          10

0                                      0.0000000000000000e+00        -1.0370643951112835e-01         0.0000000000000000e+00
1                                      0.0000000000000000e+00        -3.9831289134958335e-02         0.0000000000000000e+00
2                                      0.0000000000000000e+00         7.9944478526055476e-02         0.0000000000000000e+00
$End
$Geometry
   &GeometryIndex 49
   &ListStatus       OUT
   &NATOMS [&Type "Integer"] 35
   &NCORELESSECP [&Type "Integer"] 0
   &NGHOSTATOMS [&Type "Integer"] 0
   &CartesianCoordinates [&Type "Coordinates", &Dim(35,4), &Units "Bohr"] 
              C     -3.137825017205   -3.704334930784   -0.760496422448
              C     -2.290325936165   -5.644169352022   -2.340308685134
              C      0.154317329946   -5.636283893871   -3.222920078788
              C     -1.539111054491   -1.767150170710   -0.090659041851
              C      1.001775577243   -1.696470117840   -0.930629171586
              O     -2.382088656408    0.089250177774    1.561837616020
              C      1.833194641338   -3.694720039850   -2.540689076312
              C      4.370526148549   -3.726414018269   -3.477897903076
              C      6.047097763578   -1.891622509207   -2.882871308809
              C      2.827508360413    0.217604940202   -0.293509900092
              C      5.318737138918    0.138189170423   -1.263471038040
              N      2.251166665815    2.174134489496    1.276947844894
              C      3.851802501475    4.009388255685    1.926810024934
              C      6.294510101235    4.006891142967    0.994084580555
              C      7.015532478002    2.065703696010   -0.590563347994
              C     -4.547188424049    1.478554117899    0.900388686589
              O     -5.330383482372    1.517850385885   -1.256687878744
              N     -5.482249758975    2.723052860137    2.893412381709
              C     -7.567814793627    4.489487933554    2.513986403715
              C     -4.569184967964    2.489916614669    5.489771170982
              H     -3.319149312029    0.879928514705    5.682092564399
              H     -6.191362701638    2.230495752560    6.734776192059
              H     -3.573068468158    4.207190418367    6.054608814276
              H     -7.964945766872    4.673822856520    0.511946633296
              H     -7.050900652894    6.330802024470    3.285909359547
              H     -9.253753364982    3.809803034626    3.490010235839
              H      0.825150066113   -7.129262451113   -4.448574340758
              H     -5.054338731416   -3.708981628087   -0.053605010158
              H     -3.573085245022   -7.150804556397   -2.854913839345
              H      4.917008392735   -5.274973836516   -4.697775407637
              H      7.960200051636   -1.921657065294   -3.603588746222
              H      3.122674066564    5.434770752608    3.192170856820
              H      7.582220790297    5.498362180359    1.522978209339
              H      8.918057457359    2.001133929712   -1.341018598756
              H      0.474044804777    2.198501551905    2.004778388573
$End
$SCF_Energy
   &GeometryIndex 49
   &ListStatus       OUT
   &SCF_ENERGY [&Type "Double"]      -8.7889666550285961e+02
$End
$DFT_Energy
   &GeometryIndex 49
   &ListStatus       OUT
   &NALPHAEL [&Type "Integer"] 70
   &NBETAEL [&Type "Integer"] 70
   &NTOTALEL [&Type "Integer"] 139
   &EEXCHANGE [&Type "Double"]      -9.3725663192970046e+01
   &ECORR [&Type "Double"]      -6.1589299912126636e+00
   &ECNL [&Type "Double"]       0.0000000000000000e+00
   &EXC [&Type "Double"]      -9.9884593184182705e+01
   &EEMBED [&Type "Double"]       0.0000000000000000e+00
   &FINALEN [&Type "Double"]      -8.7889666550285961e+02  "No Van der Waals correction"
$End
$Solvation_Details
   &GeometryIndex 49
   &ListStatus       OUT
   &SOLVENT [&Type "String"] "WATER"
   &EPSILON [&Type "Double"]       8.0150999999999996e+01
   &REFRAC [&Type "Double"]       1.3328000000000000e+00
   &RSOLV [&Type "Double"]       1.3000000000000000e+00
   &SURFACETYPE [&Type "String"] "GAUSSIAN VDW"
   &NPOINTS [&Type "Integer"] 3070
   &SURFACEAREA [&Type "Double"]       1.0853456002290000e+03
   &CPCMDIELENERGY [&Type "Double"]      -8.6885298000000000e-02
$End
$CIS_Absorption_Spectrum
   &GeometryIndex 49
   &ListStatus       OUT
   &TEMPERATURE [&Type "Double"]       2.9814999999999998e+02
   &METHOD [&Type "Integer"] 20
   &RELCORRECTION [&Type "Integer"] 1 "Type of relativistic treatment in QDPT. 0->Unknow, 1->None, 2->SOC, 3->SSC, 4->SOC/SSC"
   &DENSTYPE [&Type "Integer"] 3 "Type of density (electron/spin ...). 0->Unknow, 1->Electronic, 2->Spin, 3->Trans/Electronic, 4->Tran/Spin"
   &DERITYPE [&Type "Integer"] 0 "Type of derivative (w.r.t. to what perturbation). 0->Unknown, 1->No Derivative, 2->Electric/Dipole, 3->Electric/Quad, 4->Magnetic/Dipole, 5->Magnetic/Quad"
   &DENSLEVEL [&Type "Integer"] 0 "// Source of density: relaxed, unrelaxed, ... 0->Unknown, 1->Linearized, 2->Unrelaxed, 3->Relaxed"
   &REPRESENTATION [&Type "String"] "Length" "Possible values: Unknown,  Length, Velocity"
   &POINTGROUP [&Type "String"] "C1"
   &NTRANS [&Type "Integer"] 3
   &DOHIGHERMOMENTS [&Type "Boolean"] false
   &STATES [&Type "ArrayOfIntegers", &Dim (3,4)] "The initial and Final states. Col1: Initial State  Col2: Initial Irrep Col3: Final State Col4: Final Irrep"
                                                         0                           1                           2                           3

0                                                        0                           0                           1                           0
1                                                        0                           0                           2                           0
2                                                        0                           0                           3                           0
   &MULTIPLICITIES [&Type "ArrayOfDoubles", &Dim (3,2)] "Col1: Multiplicity of the initial state  Col2: Multiplicity of the final state"
                                                         0                           1

0                                      1.0000000000000000e+00         1.0000000000000000e+00
1                                      1.0000000000000000e+00         1.0000000000000000e+00
2                                      1.0000000000000000e+00         1.0000000000000000e+00
   &EXCITATIONENERGIES [&Type "ArrayOfDoubles", &Dim (3,11)] 
                                                         0                           1                           2                           3                           4                           5                           6                           7

0                                      3.3574045189890831e+00         2.7079296495058745e+04         3.6928581220065058e+02         2.3885294734719520e-01         2.9038141321923061e+00        -1.4481287540596666e+00         0.0000000000000000e+00        -8.9219816552733056e-01
1                                      3.8218941438578939e+00         3.0825658364640192e+04         3.2440507455538727e+02         3.3403658858267220e-03         3.5674448347132688e-02        -1.2323781288056904e-01         0.0000000000000000e+00        -1.3752266063500407e-01
2                                      3.9481928224794909e+00         3.1844326012814490e+04         3.1402768568491274e+02         1.2841677635661923e-02         1.3275940260071376e-01         2.8847897911099085e-01         0.0000000000000000e+00         2.0782127613725787e-01
                                                         8                           9                          10

0                                      0.0000000000000000e+00        -1.0353587439902003e-01         0.0000000000000000e+00
1                                      0.0000000000000000e+00        -3.9678805871851131e-02         0.0000000000000000e+00
2                                      0.0000000000000000e+00         7.9684367328076752e-02         0.0000000000000000e+00
$End
$Geometry
   &GeometryIndex 50
   &ListStatus       OUT
   &NATOMS [&Type "Integer"] 35
   &NCORELESSECP [&Type "Integer"] 0
   &NGHOSTATOMS [&Type "Integer"] 0
   &CartesianCoordinates [&Type "Coordinates", &Dim(35,4), &Units "Bohr"] 
              C     -3.138334876436   -3.704313533458   -0.760296597371
              C     -2.290292924582   -5.644160397109   -2.340312734319
              C      0.154471997861   -5.636681454944   -3.223240074976
              C     -1.539074136824   -1.767193570063   -0.090717204291
              C      1.002175057227   -1.696023693455   -0.930475262212
              O     -2.382098488293    0.089249910245    1.561850792338
              C      1.833201477677   -3.694661514219   -2.540650834846
              C      4.370479073619   -3.726429201854   -3.477891016049
              C      6.047132153935   -1.891665161825   -2.882912951097
              C      2.827829997265    0.217971851096   -0.293378385887
              C      5.318731598852    0.138197233993   -1.263464997924
              N      2.251064591322    2.174120904639    1.276977636393
              C      3.851961830833    4.008980081248    1.926466845368
              C      6.294570278061    4.006957045231    0.994116102346
              C      7.015081861790    2.065723213575   -0.590388129920
              C     -4.547165857204    1.478527280736    0.900381150989
              O     -5.330390238630    1.517852800080   -1.256701396276
              N     -5.482251808976    2.723055962030    2.893414061410
              C     -7.567816291155    4.489491775137    2.513997239109
              C     -4.569188412595    2.489921705275    5.489774112829
              H     -3.319154119816    0.879928287083    5.682063263019
              H     -6.191346371376    2.230481184316    6.734801934147
              H     -3.573050931345    4.207179058502    6.054628493144
              H     -7.964917010706    4.673794612916    0.511947840246
              H     -7.050927169513    6.330825605112    3.285891917582
              H     -9.253776795860    3.809815429980    3.489991265127
              H      0.825333148304   -7.129672911372   -4.448910483592
              H     -5.054863803602   -3.708903151930   -0.053365814609
              H     -3.573084236276   -7.150796150855   -2.854919584140
              H      4.916851639130   -5.275033971492   -4.697762590792
              H      7.960250004927   -1.921650806366   -3.603596722910
              H      3.123054542644    5.434438519284    3.191802772233
              H      7.582104333488    5.498532940441    1.523099080868
              H      8.917555104277    2.001010383624   -1.340886604902
              H      0.473919253757    2.198450172604    2.004788727077
$End
$SCF_Energy
   &GeometryIndex 50
   &ListStatus       OUT
   &SCF_ENERGY [&Type "Double"]      -8.7889666587418014e+02
$End
$DFT_Energy
   &GeometryIndex 50
   &ListStatus       OUT
   &NALPHAEL [&Type "Integer"] 70
   &NBETAEL [&Type "Integer"] 70
   &NTOTALEL [&Type "Integer"] 139
   &EEXCHANGE [&Type "Double"]      -9.3725685665207024e+01
   &ECORR [&Type "Double"]      -6.1589281690602400e+00
   &ECNL [&Type "Double"]       0.0000000000000000e+00
   &EXC [&Type "Double"]      -9.9884613834267270e+01
   &EEMBED [&Type "Double"]       0.0000000000000000e+00
   &FINALEN [&Type "Double"]      -8.7889666587418014e+02  "No Van der Waals correction"
$End
$Solvation_Details
   &GeometryIndex 50
   &ListStatus       OUT
   &SOLVENT [&Type "String"] "WATER"
   &EPSILON [&Type "Double"]       8.0150999999999996e+01
   &REFRAC [&Type "Double"]       1.3328000000000000e+00
   &RSOLV [&Type "Double"]       1.3000000000000000e+00
   &SURFACETYPE [&Type "String"] "GAUSSIAN VDW"
   &NPOINTS [&Type "Integer"] 3070
   &SURFACEAREA [&Type "Double"]       1.0853379902770000e+03
   &CPCMDIELENERGY [&Type "Double"]      -8.6889021999999996e-02
$End
$CIS_Absorption_Spectrum
   &GeometryIndex 50
   &ListStatus       OUT
   &TEMPERATURE [&Type "Double"]       2.9814999999999998e+02
   &METHOD [&Type "Integer"] 20
   &RELCORRECTION [&Type "Integer"] 1 "Type of relativistic treatment in QDPT. 0->Unknow, 1->None, 2->SOC, 3->SSC, 4->SOC/SSC"
   &DENSTYPE [&Type "Integer"] 3 "Type of density (electron/spin ...). 0->Unknow, 1->Electronic, 2->Spin, 3->Trans/Electronic, 4->Tran/Spin"
   &DERITYPE [&Type "Integer"] 0 "Type of derivative (w.r.t. to what perturbation). 0->Unknown, 1->No Derivative, 2->Electric/Dipole, 3->Electric/Quad, 4->Magnetic/Dipole, 5->Magnetic/Quad"
   &DENSLEVEL [&Type "Integer"] 0 "// Source of density: relaxed, unrelaxed, ... 0->Unknown, 1->Linearized, 2->Unrelaxed, 3->Relaxed"
   &REPRESENTATION [&Type "String"] "Length" "Possible values: Unknown,  Length, Velocity"
   &POINTGROUP [&Type "String"] "C1"
   &NTRANS [&Type "Integer"] 3
   &DOHIGHERMOMENTS [&Type "Boolean"] false
   &STATES [&Type "ArrayOfIntegers", &Dim (3,4)] "The initial and Final states. Col1: Initial State  Col2: Initial Irrep Col3: Final State Col4: Final Irrep"
                                                         0                           1                           2                           3

0                                                        0                           0                           1                           0
1                                                        0                           0                           2                           0
2                                                        0                           0                           3                           0
   &MULTIPLICITIES [&Type "ArrayOfDoubles", &Dim (3,2)] "Col1: Multiplicity of the initial state  Col2: Multiplicity of the final state"
                                                         0                           1

0                                      1.0000000000000000e+00         1.0000000000000000e+00
1                                      1.0000000000000000e+00         1.0000000000000000e+00
2                                      1.0000000000000000e+00         1.0000000000000000e+00
   &EXCITATIONENERGIES [&Type "ArrayOfDoubles", &Dim (3,11)] 
                                                         0                           1                           2                           3                           4                           5                           6                           7

0                                      3.3577173850650373e+00         2.7081819930404738e+04         3.6925140281185492e+02         2.3896231986622618e-01         2.9048731139297632e+00        -1.4485157594596607e+00         0.0000000000000000e+00        -8.9218046922720950e-01
1                                      3.8227571337194206e+00         3.0832618848013684e+04         3.2433183990286392e+02         3.3660772458202108e-03         3.5940925078168720e-02        -1.2365516002033587e-01         0.0000000000000000e+00        -1.3804470923641921e-01
2                                      3.9485777010426104e+00         3.1847430268100485e+04         3.1399707655585490e+02         1.2746803701820108e-02         1.3176573525316954e-01         2.8756999084035278e-01         0.0000000000000000e+00         2.0680548990150530e-01
                                                         8                           9                          10

0                                      0.0000000000000000e+00        -1.0338867856918321e-01         0.0000000000000000e+00
1                                      0.0000000000000000e+00        -3.9924738325333109e-02         0.0000000000000000e+00
2                                      0.0000000000000000e+00         7.9377106068735895e-02         0.0000000000000000e+00
$End
$Geometry
   &GeometryIndex 51
   &ListStatus       OUT
   &NATOMS [&Type "Integer"] 35
   &NCORELESSECP [&Type "Integer"] 0
   &NGHOSTATOMS [&Type "Integer"] 0
   &CartesianCoordinates [&Type "Coordinates", &Dim(35,4), &Units "Bohr"] 
              C     -3.138169570858   -3.704331714643   -0.760384129575
              C     -2.290287529413   -5.644195086281   -2.340340592706
              C      0.154400521860   -5.636394368452   -3.223021175413
              C     -1.538983595186   -1.767255541014   -0.090773790864
              C      1.002140201414   -1.696394632067   -0.930713388114
              O     -2.382258084564    0.089437975373    1.561954161071
              C      1.833263755942   -3.694742632197   -2.540726781224
              C      4.370386059961   -3.726308033491   -3.477776739840
              C      6.047118282084   -1.891662464769   -2.882907108258
              C      2.827677831192    0.217731054215   -0.293487011800
              C      5.318758255583    0.138164400179   -1.263495313615
              N      2.251010240772    2.174145648983    1.277013195643
              C      3.851900400231    4.009213111240    1.926653950256
              C      6.294606454775    4.006956352162    0.994098380740
              C      7.015242109063    2.065710716301   -0.590456633000
              C     -4.547056747894    1.478439580172    0.900393799601
              O     -5.330399159470    1.517874672350   -1.256657919551
              N     -5.482399827349    2.723139876284    2.893195243366
              C     -7.567680010404    4.489291808507    2.513733317757
              C     -4.569253177370    2.490063225307    5.490092673789
              H     -3.319270938141    0.879857761397    5.680915421148
              H     -6.190848289328    2.229970725701    6.735704735474
              H     -3.572385891755    4.206837088599    6.055092152371
              H     -7.966014085403    4.674886552548    0.512055469868
              H     -7.050200447135    6.330086741690    3.286553784385
              H     -9.253129272993    3.809648323018    3.490658662856
              H      0.825204728426   -7.129384332772   -4.448692177891
              H     -5.054651860054   -3.708859641224   -0.053359247804
              H     -3.572752084758   -7.151018737180   -2.855164886069
              H      4.916790865615   -5.274886901180   -4.697647307954
              H      7.960147937491   -1.922012703019   -3.603791754141
              H      3.122978913958    5.434700414645    3.191990322354
              H      7.582360318998    5.498407262298    1.522933246215
              H      8.917736109064    2.001033895163   -1.340936510034
              H      0.473888756973    2.198531319285    2.004881095056
$End
$SCF_Energy
   &GeometryIndex 51
   &ListStatus       OUT
   &SCF_ENERGY [&Type "Double"]      -8.7889666564099957e+02
$End
$DFT_Energy
   &GeometryIndex 51
   &ListStatus       OUT
   &NALPHAEL [&Type "Integer"] 70
   &NBETAEL [&Type "Integer"] 70
   &NTOTALEL [&Type "Integer"] 139
   &EEXCHANGE [&Type "Double"]      -9.3725697195753639e+01
   &ECORR [&Type "Double"]      -6.1589282357562247e+00
   &ECNL [&Type "Double"]       0.0000000000000000e+00
   &EXC [&Type "Double"]      -9.9884625431509861e+01
   &EEMBED [&Type "Double"]       0.0000000000000000e+00
   &FINALEN [&Type "Double"]      -8.7889666564099957e+02  "No Van der Waals correction"
$End
$Solvation_Details
   &GeometryIndex 51
   &ListStatus       OUT
   &SOLVENT [&Type "String"] "WATER"
   &EPSILON [&Type "Double"]       8.0150999999999996e+01
   &REFRAC [&Type "Double"]       1.3328000000000000e+00
   &RSOLV [&Type "Double"]       1.3000000000000000e+00
   &SURFACETYPE [&Type "String"] "GAUSSIAN VDW"
   &NPOINTS [&Type "Integer"] 3070
   &SURFACEAREA [&Type "Double"]       1.0853457371600000e+03
   &CPCMDIELENERGY [&Type "Double"]      -8.6905408000000003e-02
$End
$CIS_Absorption_Spectrum
   &GeometryIndex 51
   &ListStatus       OUT
   &TEMPERATURE [&Type "Double"]       2.9814999999999998e+02
   &METHOD [&Type "Integer"] 20
   &RELCORRECTION [&Type "Integer"] 1 "Type of relativistic treatment in QDPT. 0->Unknow, 1->None, 2->SOC, 3->SSC, 4->SOC/SSC"
   &DENSTYPE [&Type "Integer"] 3 "Type of density (electron/spin ...). 0->Unknow, 1->Electronic, 2->Spin, 3->Trans/Electronic, 4->Tran/Spin"
   &DERITYPE [&Type "Integer"] 0 "Type of derivative (w.r.t. to what perturbation). 0->Unknown, 1->No Derivative, 2->Electric/Dipole, 3->Electric/Quad, 4->Magnetic/Dipole, 5->Magnetic/Quad"
   &DENSLEVEL [&Type "Integer"] 0 "// Source of density: relaxed, unrelaxed, ... 0->Unknown, 1->Linearized, 2->Unrelaxed, 3->Relaxed"
   &REPRESENTATION [&Type "String"] "Length" "Possible values: Unknown,  Length, Velocity"
   &POINTGROUP [&Type "String"] "C1"
   &NTRANS [&Type "Integer"] 3
   &DOHIGHERMOMENTS [&Type "Boolean"] false
   &STATES [&Type "ArrayOfIntegers", &Dim (3,4)] "The initial and Final states. Col1: Initial State  Col2: Initial Irrep Col3: Final State Col4: Final Irrep"
                                                         0                           1                           2                           3

0                                                        0                           0                           1                           0
1                                                        0                           0                           2                           0
2                                                        0                           0                           3                           0
   &MULTIPLICITIES [&Type "ArrayOfDoubles", &Dim (3,2)] "Col1: Multiplicity of the initial state  Col2: Multiplicity of the final state"
                                                         0                           1

0                                      1.0000000000000000e+00         1.0000000000000000e+00
1                                      1.0000000000000000e+00         1.0000000000000000e+00
2                                      1.0000000000000000e+00         1.0000000000000000e+00
   &EXCITATIONENERGIES [&Type "ArrayOfDoubles", &Dim (3,11)] 
                                                         0                           1                           2                           3                           4                           5                           6                           7

0                                      3.3570506858990865e+00         2.7076442638426463e+04         3.6932473491950367e+02         2.3880939634350004e-01         2.9035906744219226e+00        -1.4481038848998571e+00         0.0000000000000000e+00        -8.9211786836696039e-01
1                                      3.8216473120372170e+00         3.0823667531537205e+04         3.2442602716787383e+02         3.3658870971444159e-03         3.5949331585239358e-02        -1.2354949278947307e-01         0.0000000000000000e+00        -1.3816639096908598e-01
2                                      3.9479022735053708e+00         3.1841982577052717e+04         3.1405079679952502e+02         1.2887584127995028e-02         1.3324379702612854e-01         2.8837725554656640e-01         0.0000000000000000e+00         2.0885162309888841e-01
                                                         8                           9                          10

0                                      0.0000000000000000e+00        -1.0349648255015526e-01         0.0000000000000000e+00
1                                      0.0000000000000000e+00        -3.9936234465469865e-02         0.0000000000000000e+00
2                                      0.0000000000000000e+00         8.0394993864784478e-02         0.0000000000000000e+00
$End
$Geometry
   &GeometryIndex 52
   &ListStatus       OUT
   &NATOMS [&Type "Integer"] 35
   &NCORELESSECP [&Type "Integer"] 0
   &NGHOSTATOMS [&Type "Integer"] 0
   &CartesianCoordinates [&Type "Coordinates", &Dim(35,4), &Units "Bohr"] 
              C     -3.138277277026   -3.704275416697   -0.760304050569
              C     -2.290331216040   -5.644249486238   -2.340360724016
              C      0.154481293094   -5.636506690247   -3.223124600250
              C     -1.539002335779   -1.767213303219   -0.090739616920
              C      1.002181510136   -1.696278070477   -0.930648541611
              O     -2.382232853424    0.089388300203    1.561909156204
              C      1.833255508193   -3.694671061378   -2.540676957673
              C      4.370430172048   -3.726316918639   -3.477798986204
              C      6.047096793031   -1.891648921995   -2.882889909786
              C      2.827767352928    0.217740203826   -0.293512306325
              C      5.318700417927    0.138108329469   -1.263510753689
              N      2.250826012695    2.173993399335    1.276979833762
              C      3.851641821908    4.009418988475    1.926889542865
              C      6.294962281852    4.007211283079    0.994136206215
              C      7.015383069717    2.065537774029   -0.590631380510
              C     -4.547137988624    1.478502551892    0.900414912254
              O     -5.330372534228    1.517859543459   -1.256637227792
              N     -5.482232534688    2.723022889599    2.893316741177
              C     -7.567839552193    4.489489092293    2.513892376679
              C     -4.569136515654    2.489889092318    5.489840796069
              H     -3.319095493109    0.879916993940    5.682270728806
              H     -6.191370494804    2.230499132878    6.734776293199
              H     -3.573079201036    4.207202324401    6.054652480985
              H     -7.965333775500    4.674186386425    0.511959798126
              H     -7.050742179469    6.330635614398    3.286094634075
              H     -9.253599044837    3.809767109209    3.490200316688
              H      0.825562374403   -7.129372301026   -4.448815740585
              H     -5.054736143922   -3.708600410747   -0.053184406728
              H     -3.572913376387   -7.151017846974   -2.855101827906
              H      4.916819044732   -5.274905150314   -4.697666030268
              H      7.960184582823   -1.921741742984   -3.603631072666
              H      3.121882028574    5.434479866447    3.192292168068
              H      7.583187716413    5.498436155679    1.522625230169
              H      8.917666703565    1.999926758273   -1.341625431469
              H      0.473498603507    2.197772745672    2.004475754093
$End
$SCF_Energy
   &GeometryIndex 52
   &ListStatus       OUT
   &SCF_ENERGY [&Type "Double"]      -8.7889666535040533e+02
$End
$DFT_Energy
   &GeometryIndex 52
   &ListStatus       OUT
   &NALPHAEL [&Type "Integer"] 70
   &NBETAEL [&Type "Integer"] 70
   &NTOTALEL [&Type "Integer"] 139
   &EEXCHANGE [&Type "Double"]      -9.3725344254317349e+01
   &ECORR [&Type "Double"]      -6.1589053319017291e+00
   &ECNL [&Type "Double"]       0.0000000000000000e+00
   &EXC [&Type "Double"]      -9.9884249586219084e+01
   &EEMBED [&Type "Double"]       0.0000000000000000e+00
   &FINALEN [&Type "Double"]      -8.7889666535040533e+02  "No Van der Waals correction"
$End
$Solvation_Details
   &GeometryIndex 52
   &ListStatus       OUT
   &SOLVENT [&Type "String"] "WATER"
   &EPSILON [&Type "Double"]       8.0150999999999996e+01
   &REFRAC [&Type "Double"]       1.3328000000000000e+00
   &RSOLV [&Type "Double"]       1.3000000000000000e+00
   &SURFACETYPE [&Type "String"] "GAUSSIAN VDW"
   &NPOINTS [&Type "Integer"] 3070
   &SURFACEAREA [&Type "Double"]       1.0853612426530001e+03
   &CPCMDIELENERGY [&Type "Double"]      -8.6887383999999998e-02
$End
$CIS_Absorption_Spectrum
   &GeometryIndex 52
   &ListStatus       OUT
   &TEMPERATURE [&Type "Double"]       2.9814999999999998e+02
   &METHOD [&Type "Integer"] 20
   &RELCORRECTION [&Type "Integer"] 1 "Type of relativistic treatment in QDPT. 0->Unknow, 1->None, 2->SOC, 3->SSC, 4->SOC/SSC"
   &DENSTYPE [&Type "Integer"] 3 "Type of density (electron/spin ...). 0->Unknow, 1->Electronic, 2->Spin, 3->Trans/Electronic, 4->Tran/Spin"
   &DERITYPE [&Type "Integer"] 0 "Type of derivative (w.r.t. to what perturbation). 0->Unknown, 1->No Derivative, 2->Electric/Dipole, 3->Electric/Quad, 4->Magnetic/Dipole, 5->Magnetic/Quad"
   &DENSLEVEL [&Type "Integer"] 0 "// Source of density: relaxed, unrelaxed, ... 0->Unknown, 1->Linearized, 2->Unrelaxed, 3->Relaxed"
   &REPRESENTATION [&Type "String"] "Length" "Possible values: Unknown,  Length, Velocity"
   &POINTGROUP [&Type "String"] "C1"
   &NTRANS [&Type "Integer"] 3
   &DOHIGHERMOMENTS [&Type "Boolean"] false
   &STATES [&Type "ArrayOfIntegers", &Dim (3,4)] "The initial and Final states. Col1: Initial State  Col2: Initial Irrep Col3: Final State Col4: Final Irrep"
                                                         0                           1                           2                           3

0                                                        0                           0                           1                           0
1                                                        0                           0                           2                           0
2                                                        0                           0                           3                           0
   &MULTIPLICITIES [&Type "ArrayOfDoubles", &Dim (3,2)] "Col1: Multiplicity of the initial state  Col2: Multiplicity of the final state"
                                                         0                           1

0                                      1.0000000000000000e+00         1.0000000000000000e+00
1                                      1.0000000000000000e+00         1.0000000000000000e+00
2                                      1.0000000000000000e+00         1.0000000000000000e+00
   &EXCITATIONENERGIES [&Type "ArrayOfDoubles", &Dim (3,11)] 
                                                         0                           1                           2                           3                           4                           5                           6                           7

0                                      3.3571589393039352e+00         2.7077315761110938e+04         3.6931282584377249e+02         2.3887935776811473e-01         2.9043476529242076e+00        -1.4481720611909776e+00         0.0000000000000000e+00        -8.9241226668725016e-01
1                                      3.8220524873095614e+00         3.0826935490840358e+04         3.2439163480817973e+02         3.3685760404728745e-03         3.5974236795693101e-02        -1.2361971236967140e-01         0.0000000000000000e+00        -1.3816708323463348e-01
2                                      3.9478666881982858e+00         3.1841695562164885e+04         3.1405362759269184e+02         1.2806867130309409e-02         1.3241046335638210e-01         2.8785778079767688e-01         0.0000000000000000e+00         2.0777324741153536e-01
                                                         8                           9                          10

0                                      0.0000000000000000e+00        -1.0366137359791973e-01         0.0000000000000000e+00
1                                      0.0000000000000000e+00        -4.0028247772875086e-02         0.0000000000000000e+00
2                                      0.0000000000000000e+00         7.9866382481514869e-02         0.0000000000000000e+00
$End
$Geometry
   &GeometryIndex 53
   &ListStatus       OUT
   &NATOMS [&Type "Integer"] 35
   &NCORELESSECP [&Type "Integer"] 0
   &NGHOSTATOMS [&Type "Integer"] 0
   &CartesianCoordinates [&Type "Coordinates", &Dim(35,4), &Units "Bohr"] 
              C     -3.138344368415   -3.704106129755   -0.760167687199
              C     -2.290421744289   -5.644425792657   -2.340446576572
              C      0.154640346399   -5.636464892566   -3.223154845379
              C     -1.538900206596   -1.767223776498   -0.090783597575
              C      1.002098033828   -1.696483419303   -0.930758362253
              O     -2.382308157003    0.089450206623    1.561963002559
              C      1.833342752124   -3.694666835577   -2.540703679714
              C      4.370369860480   -3.726307037501   -3.477770975251
              C      6.047104983033   -1.891682864857   -2.882915979558
              C      2.827512085798    0.217623092942   -0.293499510324
              C      5.318694675220    0.138136011839   -1.263490908721
              N      2.251111316911    2.174174254774    1.276994495776
              C      3.851882305964    4.009267022395    1.926698312880
              C      6.294529355300    4.006929423664    0.994108247095
              C      7.015390257744    2.065727979883   -0.590499954404
              C     -4.546993423536    1.478347939954    0.900367086175
              O     -5.330409598837    1.517877453639   -1.256694407515
              N     -5.482231787926    2.723036695254    2.893371422350
              C     -7.567858733604    4.489511044527    2.514008822622
              C     -4.569178972887    2.489948191213    5.489801743675
              H     -3.319183198398    0.879912525708    5.682009134142
              H     -6.191296071179    2.230380540923    6.734861143475
              H     -3.572952086640    4.207102440553    6.054827038615
              H     -7.964947397772    4.673865112359    0.511959131022
              H     -7.050922584387    6.330845504416    3.285880664760
              H     -9.253878815694    3.809937406070    3.489979858553
              H      0.826365175830   -7.129022269135   -4.448883202860
              H     -5.054615837946   -3.707386693569   -0.052503141823
              H     -3.572753964769   -7.151369497551   -2.855365850833
              H      4.916530786834   -5.274987355277   -4.697616964045
              H      7.960139835565   -1.922007495125   -3.603783893411
              H      3.122896111509    5.434725552672    3.192037561056
              H      7.582041488237    5.498520183153    1.523134586218
              H      8.917919404347    2.001150154554   -1.340926360042
              H      0.474068657610    2.198786335123    2.004993463079
$End
$SCF_Energy
   &GeometryIndex 53
   &ListStatus       OUT
   &SCF_ENERGY [&Type "Double"]      -8.7889666562348759e+02
$End
$DFT_Energy
   &GeometryIndex 53
   &ListStatus       OUT
   &NALPHAEL [&Type "Integer"] 70
   &NBETAEL [&Type "Integer"] 70
   &NTOTALEL [&Type "Integer"] 139
   &EEXCHANGE [&Type "Double"]      -9.3725476987535842e+01
   &ECORR [&Type "Double"]      -6.1589146197720126e+00
   &ECNL [&Type "Double"]       0.0000000000000000e+00
   &EXC [&Type "Double"]      -9.9884391607307862e+01
   &EEMBED [&Type "Double"]       0.0000000000000000e+00
   &FINALEN [&Type "Double"]      -8.7889666562348759e+02  "No Van der Waals correction"
$End
$Solvation_Details
   &GeometryIndex 53
   &ListStatus       OUT
   &SOLVENT [&Type "String"] "WATER"
   &EPSILON [&Type "Double"]       8.0150999999999996e+01
   &REFRAC [&Type "Double"]       1.3328000000000000e+00
   &RSOLV [&Type "Double"]       1.3000000000000000e+00
   &SURFACETYPE [&Type "String"] "GAUSSIAN VDW"
   &NPOINTS [&Type "Integer"] 3070
   &SURFACEAREA [&Type "Double"]       1.0853455767060000e+03
   &CPCMDIELENERGY [&Type "Double"]      -8.6893766999999997e-02
$End
$CIS_Absorption_Spectrum
   &GeometryIndex 53
   &ListStatus       OUT
   &TEMPERATURE [&Type "Double"]       2.9814999999999998e+02
   &METHOD [&Type "Integer"] 20
   &RELCORRECTION [&Type "Integer"] 1 "Type of relativistic treatment in QDPT. 0->Unknow, 1->None, 2->SOC, 3->SSC, 4->SOC/SSC"
   &DENSTYPE [&Type "Integer"] 3 "Type of density (electron/spin ...). 0->Unknow, 1->Electronic, 2->Spin, 3->Trans/Electronic, 4->Tran/Spin"
   &DERITYPE [&Type "Integer"] 0 "Type of derivative (w.r.t. to what perturbation). 0->Unknown, 1->No Derivative, 2->Electric/Dipole, 3->Electric/Quad, 4->Magnetic/Dipole, 5->Magnetic/Quad"
   &DENSLEVEL [&Type "Integer"] 0 "// Source of density: relaxed, unrelaxed, ... 0->Unknown, 1->Linearized, 2->Unrelaxed, 3->Relaxed"
   &REPRESENTATION [&Type "String"] "Length" "Possible values: Unknown,  Length, Velocity"
   &POINTGROUP [&Type "String"] "C1"
   &NTRANS [&Type "Integer"] 3
   &DOHIGHERMOMENTS [&Type "Boolean"] false
   &STATES [&Type "ArrayOfIntegers", &Dim (3,4)] "The initial and Final states. Col1: Initial State  Col2: Initial Irrep Col3: Final State Col4: Final Irrep"
                                                         0                           1                           2                           3

0                                                        0                           0                           1                           0
1                                                        0                           0                           2                           0
2                                                        0                           0                           3                           0
   &MULTIPLICITIES [&Type "ArrayOfDoubles", &Dim (3,2)] "Col1: Multiplicity of the initial state  Col2: Multiplicity of the final state"
                                                         0                           1

0                                      1.0000000000000000e+00         1.0000000000000000e+00
1                                      1.0000000000000000e+00         1.0000000000000000e+00
2                                      1.0000000000000000e+00         1.0000000000000000e+00
   &EXCITATIONENERGIES [&Type "ArrayOfDoubles", &Dim (3,11)] 
                                                         0                           1                           2                           3                           4                           5                           6                           7

0                                      3.3573646857335535e+00         2.7078975218152507e+04         3.6929019357041460e+02         2.3887814129480611e-01         2.9041548790962395e+00        -1.4483118458620492e+00         0.0000000000000000e+00        -8.9210739083820723e-01
1                                      3.8216769772352737e+00         3.0823906797520562e+04         3.2442350885918160e+02         3.3407280139642228e-03         3.5680343222858651e-02        -1.2295359426923343e-01         0.0000000000000000e+00        -1.3774491097024641e-01
2                                      3.9481211209565643e+00         3.1843747700970474e+04         3.1403338871747303e+02         1.2910511043605428e-02         1.3347343779527873e-01         2.8844919107416123e-01         0.0000000000000000e+00         2.0922615775734715e-01
                                                         8                           9                          10

0                                      0.0000000000000000e+00        -1.0340251178646308e-01         0.0000000000000000e+00
1                                      0.0000000000000000e+00        -3.9863471762181857e-02         0.0000000000000000e+00
2                                      0.0000000000000000e+00         8.0591047108462599e-02         0.0000000000000000e+00
$End
$Geometry
   &GeometryIndex 54
   &ListStatus       OUT
   &NATOMS [&Type "Integer"] 35
   &NCORELESSECP [&Type "Integer"] 0
   &NGHOSTATOMS [&Type "Integer"] 0
   &CartesianCoordinates [&Type "Coordinates", &Dim(35,4), &Units "Bohr"] 
              C     -3.138165677855   -3.704372822655   -0.760413949123
              C     -2.290258853391   -5.644159489603   -2.340327611888
              C      0.154361181296   -5.636393200702   -3.223005955385
              C     -1.538972616777   -1.767279359428   -0.090805194564
              C      1.002163133561   -1.696372509774   -0.930706769010
              O     -2.382298215790    0.089505872542    1.562006403958
              C      1.833252357688   -3.694750558875   -2.540727712330
              C      4.370383157866   -3.726299547148   -3.477770001138
              C      6.047131783749   -1.891659074569   -2.882909816588
              C      2.827704305375    0.217748983547   -0.293484435181
              C      5.318743281829    0.138153326179   -1.263497207423
              N      2.250979269329    2.174124489061    1.277010534522
              C      3.851851196216    4.009234218274    1.926686427618
              C      6.294669220825    4.007002597939    0.994105758130
              C      7.015259215311    2.065678276685   -0.590486140790
              C     -4.546940555077    1.478286030841    0.900340858088
              O     -5.330421339599    1.517898202966   -1.256714796194
              N     -5.482220656218    2.723025048392    2.893385616222
              C     -7.568021271512    4.489355305796    2.514075196393
              C     -4.569030177236    2.490146284971    5.489748248381
              H     -3.319704928974    0.879572773279    5.681845709577
              H     -6.191683390492    2.229980258579    6.733993256110
              H     -3.572828630428    4.206870296172    6.056125298173
              H     -7.964447199587    4.674112532191    0.511928548112
              H     -7.050030404283    6.330495820341    3.285714543449
              H     -9.254591498197    3.810928458574    3.489890387071
              H      0.824983597064   -7.129468490701   -4.448667733398
              H     -5.054690233562   -3.709133925698   -0.053512903853
              H     -3.572732776509   -7.150971032791   -2.855143311378
              H      4.916769291747   -5.274885932344   -4.697638825693
              H      7.960171952280   -1.921965465196   -3.603770297022
              H      3.122753278473    5.434630453704    3.192034179762
              H      7.582477062874    5.498430504484    1.522902824112
              H      8.917706203736    2.000798960896   -1.341077389275
              H      0.473840397994    2.198451598074    2.004841292613
$End
$SCF_Energy
   &GeometryIndex 54
   &ListStatus       OUT
   &SCF_ENERGY [&Type "Double"]      -8.7889666541919291e+02
$End
$DFT_Energy
   &GeometryIndex 54
   &ListStatus       OUT
   &NALPHAEL [&Type "Integer"] 70
   &NBETAEL [&Type "Integer"] 70
   &NTOTALEL [&Type "Integer"] 139
   &EEXCHANGE [&Type "Double"]      -9.3725630571884750e+01
   &ECORR [&Type "Double"]      -6.1589238120168259e+00
   &ECNL [&Type "Double"]       0.0000000000000000e+00
   &EXC [&Type "Double"]      -9.9884554383901573e+01
   &EEMBED [&Type "Double"]       0.0000000000000000e+00
   &FINALEN [&Type "Double"]      -8.7889666541919291e+02  "No Van der Waals correction"
$End
$Solvation_Details
   &GeometryIndex 54
   &ListStatus       OUT
   &SOLVENT [&Type "String"] "WATER"
   &EPSILON [&Type "Double"]       8.0150999999999996e+01
   &REFRAC [&Type "Double"]       1.3328000000000000e+00
   &RSOLV [&Type "Double"]       1.3000000000000000e+00
   &SURFACETYPE [&Type "String"] "GAUSSIAN VDW"
   &NPOINTS [&Type "Integer"] 3070
   &SURFACEAREA [&Type "Double"]       1.0853326184640000e+03
   &CPCMDIELENERGY [&Type "Double"]      -8.6899650999999994e-02
$End
$CIS_Absorption_Spectrum
   &GeometryIndex 54
   &ListStatus       OUT
   &TEMPERATURE [&Type "Double"]       2.9814999999999998e+02
   &METHOD [&Type "Integer"] 20
   &RELCORRECTION [&Type "Integer"] 1 "Type of relativistic treatment in QDPT. 0->Unknow, 1->None, 2->SOC, 3->SSC, 4->SOC/SSC"
   &DENSTYPE [&Type "Integer"] 3 "Type of density (electron/spin ...). 0->Unknow, 1->Electronic, 2->Spin, 3->Trans/Electronic, 4->Tran/Spin"
   &DERITYPE [&Type "Integer"] 0 "Type of derivative (w.r.t. to what perturbation). 0->Unknown, 1->No Derivative, 2->Electric/Dipole, 3->Electric/Quad, 4->Magnetic/Dipole, 5->Magnetic/Quad"
   &DENSLEVEL [&Type "Integer"] 0 "// Source of density: relaxed, unrelaxed, ... 0->Unknown, 1->Linearized, 2->Unrelaxed, 3->Relaxed"
   &REPRESENTATION [&Type "String"] "Length" "Possible values: Unknown,  Length, Velocity"
   &POINTGROUP [&Type "String"] "C1"
   &NTRANS [&Type "Integer"] 3
   &DOHIGHERMOMENTS [&Type "Boolean"] false
   &STATES [&Type "ArrayOfIntegers", &Dim (3,4)] "The initial and Final states. Col1: Initial State  Col2: Initial Irrep Col3: Final State Col4: Final Irrep"
                                                         0                           1                           2                           3

0                                                        0                           0                           1                           0
1                                                        0                           0                           2                           0
2                                                        0                           0                           3                           0
   &MULTIPLICITIES [&Type "ArrayOfDoubles", &Dim (3,2)] "Col1: Multiplicity of the initial state  Col2: Multiplicity of the final state"
                                                         0                           1

0                                      1.0000000000000000e+00         1.0000000000000000e+00
1                                      1.0000000000000000e+00         1.0000000000000000e+00
2                                      1.0000000000000000e+00         1.0000000000000000e+00
   &EXCITATIONENERGIES [&Type "ArrayOfDoubles", &Dim (3,11)] 
                                                         0                           1                           2                           3                           4                           5                           6                           7

0                                      3.3572838550699791e+00         2.7078323274815786e+04         3.6929908467783548e+02         2.3880077029176838e-01         2.9032841414994950e+00        -1.4479239662690837e+00         0.0000000000000000e+00        -8.9222485788764161e-01
1                                      3.8213246562790837e+00         3.0821065137071208e+04         3.2445342026717043e+02         3.3530063196580383e-03         3.5814782325645306e-02        -1.2320174919313416e-01         0.0000000000000000e+00        -1.3800261943046113e-01
2                                      3.9480406822921781e+00         3.1843098919320761e+04         3.1403978693582843e+02         1.2947020575189311e-02         1.3385361339081517e-01         2.8871264047114042e-01         0.0000000000000000e+00         2.0968836325818407e-01
                                                         8                           9                          10

0                                      0.0000000000000000e+00        -1.0361048388304223e-01         0.0000000000000000e+00
1                                      0.0000000000000000e+00        -3.9892209160795888e-02         0.0000000000000000e+00
2                                      0.0000000000000000e+00         8.0804795260560058e-02         0.0000000000000000e+00
$End
$Geometry
   &GeometryIndex 55
   &ListStatus       OUT
   &NATOMS [&Type "Integer"] 35
   &NCORELESSECP [&Type "Integer"] 0
   &NGHOSTATOMS [&Type "Integer"] 0
   &CartesianCoordinates [&Type "Coordinates", &Dim(35,4), &Units "Bohr"] 
              C     -3.138163927751   -3.704388965376   -0.760426598009
              C     -2.290239140644   -5.644133703752   -2.340317795469
              C      0.154343634915   -5.636407374851   -3.223009309239
              C     -1.538946340294   -1.767327326576   -0.090859649115
              C      1.002167629003   -1.696354230876   -0.930696795114
              O     -2.382332837681    0.089576927067    1.562055374158
              C      1.833246885250   -3.694745228402   -2.540721161789
              C      4.370378809518   -3.726298139167   -3.477767673713
              C      6.047156590060   -1.891659716441   -2.882919212195
              C      2.827688450053    0.217763394140   -0.293468135490
              C      5.318707935887    0.138141832968   -1.263491950238
              N      2.251010786905    2.174124966203    1.276998286274
              C      3.851814792117    4.009233587137    1.926699939138
              C      6.294671455619    4.007020392861    0.994116673247
              C      7.015304870512    2.065659729898   -0.590516365295
              C     -4.546766842738    1.478145877313    0.900290588453
              O     -5.330473520961    1.517908467191   -1.256759111744
              N     -5.482237709955    2.723033533232    2.893391667294
              C     -7.567765660613    4.489660848610    2.514107883391
              C     -4.569359588164    2.489928197939    5.489829907109
              H     -3.318985734992    0.880129251133    5.681578034319
              H     -6.190842953651    2.230370750494    6.735721497146
              H     -3.572734776777    4.207051695389    6.054277998843
              H     -7.964884407137    4.673310212448    0.511994188458
              H     -7.051812458007    6.331370793691    3.285745998517
              H     -9.253701761650    3.809413535425    3.489771358506
              H      0.824850396715   -7.129538769513   -4.448664988966
              H     -5.054699653325   -3.709218295868   -0.053564833400
              H     -3.572743959891   -7.150922587140   -2.855109382924
              H      4.916659069154   -5.274929635109   -4.697626822115
              H      7.960218349362   -1.921879602531   -3.603730871897
              H      3.122546269891    5.434541441635    3.192052796620
              H      7.582370148978    5.498515960993    1.523001755527
              H      8.917721090990    2.000640005127   -1.341185733716
              H      0.473900673226    2.198521572849    2.004875429836
$End
$SCF_Energy
   &GeometryIndex 55
   &ListStatus       OUT
   &SCF_ENERGY [&Type "Double"]      -8.7889666565960340e+02
$End
$DFT_Energy
   &GeometryIndex 55
   &ListStatus       OUT
   &NALPHAEL [&Type "Integer"] 70
   &NBETAEL [&Type "Integer"] 70
   &NTOTALEL [&Type "Integer"] 139
   &EEXCHANGE [&Type "Double"]      -9.3725573274122311e+01
   &ECORR [&Type "Double"]      -6.1589208777840589e+00
   &ECNL [&Type "Double"]       0.0000000000000000e+00
   &EXC [&Type "Double"]      -9.9884494151906367e+01
   &EEMBED [&Type "Double"]       0.0000000000000000e+00
   &FINALEN [&Type "Double"]      -8.7889666565960340e+02  "No Van der Waals correction"
$End
$Solvation_Details
   &GeometryIndex 55
   &ListStatus       OUT
   &SOLVENT [&Type "String"] "WATER"
   &EPSILON [&Type "Double"]       8.0150999999999996e+01
   &REFRAC [&Type "Double"]       1.3328000000000000e+00
   &RSOLV [&Type "Double"]       1.3000000000000000e+00
   &SURFACETYPE [&Type "String"] "GAUSSIAN VDW"
   &NPOINTS [&Type "Integer"] 3070
   &SURFACEAREA [&Type "Double"]       1.0853414726550000e+03
   &CPCMDIELENERGY [&Type "Double"]      -8.6896826999999996e-02
$End
$CIS_Absorption_Spectrum
   &GeometryIndex 55
   &ListStatus       OUT
   &TEMPERATURE [&Type "Double"]       2.9814999999999998e+02
   &METHOD [&Type "Integer"] 20
   &RELCORRECTION [&Type "Integer"] 1 "Type of relativistic treatment in QDPT. 0->Unknow, 1->None, 2->SOC, 3->SSC, 4->SOC/SSC"
   &DENSTYPE [&Type "Integer"] 3 "Type of density (electron/spin ...). 0->Unknow, 1->Electronic, 2->Spin, 3->Trans/Electronic, 4->Tran/Spin"
   &DERITYPE [&Type "Integer"] 0 "Type of derivative (w.r.t. to what perturbation). 0->Unknown, 1->No Derivative, 2->Electric/Dipole, 3->Electric/Quad, 4->Magnetic/Dipole, 5->Magnetic/Quad"
   &DENSLEVEL [&Type "Integer"] 0 "// Source of density: relaxed, unrelaxed, ... 0->Unknown, 1->Linearized, 2->Unrelaxed, 3->Relaxed"
   &REPRESENTATION [&Type "String"] "Length" "Possible values: Unknown,  Length, Velocity"
   &POINTGROUP [&Type "String"] "C1"
   &NTRANS [&Type "Integer"] 3
   &DOHIGHERMOMENTS [&Type "Boolean"] false
   &STATES [&Type "ArrayOfIntegers", &Dim (3,4)] "The initial and Final states. Col1: Initial State  Col2: Initial Irrep Col3: Final State Col4: Final Irrep"
                                                         0                           1                           2                           3

0                                                        0                           0                           1                           0
1                                                        0                           0                           2                           0
2                                                        0                           0                           3                           0
   &MULTIPLICITIES [&Type "ArrayOfDoubles", &Dim (3,2)] "Col1: Multiplicity of the initial state  Col2: Multiplicity of the final state"
                                                         0                           1

0                                      1.0000000000000000e+00         1.0000000000000000e+00
1                                      1.0000000000000000e+00         1.0000000000000000e+00
2                                      1.0000000000000000e+00         1.0000000000000000e+00
   &EXCITATIONENERGIES [&Type "ArrayOfDoubles", &Dim (3,11)] 
                                                         0                           1                           2                           3                           4                           5                           6                           7

0                                      3.3574978495052377e+00         2.7080049256516202e+04         3.6927554692662625e+02         2.3874743512475785e-01         2.9024507017497099e+00        -1.4478689723140323e+00         0.0000000000000000e+00        -8.9187162142003606e-01
1                                      3.8212319681818592e+00         3.0820317557072402e+04         3.2446129023434668e+02         3.2976854353268708e-03         3.5224732544555937e-02        -1.2225449277737367e-01         0.0000000000000000e+00        -1.3683404498598681e-01
2                                      3.9481568581253965e+00         3.1844035940706028e+04         3.1403054621028934e+02         1.2886459248852438e-02         1.3322357592024370e-01         2.8844467712434635e-01         0.0000000000000000e+00         2.0876266493565709e-01
                                                         8                           9                          10

0                                      0.0000000000000000e+00        -1.0339802544349547e-01         0.0000000000000000e+00
1                                      0.0000000000000000e+00        -3.9433687033752760e-02         0.0000000000000000e+00
2                                      0.0000000000000000e+00         8.0258294822640242e-02         0.0000000000000000e+00
$End
$Geometry
   &GeometryIndex 56
   &ListStatus       OUT
   &NATOMS [&Type "Integer"] 35
   &NCORELESSECP [&Type "Integer"] 0
   &NGHOSTATOMS [&Type "Integer"] 0
   &CartesianCoordinates [&Type "Coordinates", &Dim(35,4), &Units "Bohr"] 
              C     -3.138212064331   -3.704381448858   -0.760404127100
              C     -2.290239917401   -5.644149803489   -2.340329157599
              C      0.154355307365   -5.636416004295   -3.223018184784
              C     -1.538879404880   -1.767338598444   -0.090853075912
              C      1.002254779498   -1.696398437104   -0.930760004644
              O     -2.382303274456    0.089497250683    1.561995381559
              C      1.833289887292   -3.694758006369   -2.540746868156
              C      4.370322350317   -3.726245591960   -3.477712703149
              C      6.047226822676   -1.891693345887   -2.882967226236
              C      2.827604483774    0.217822806558   -0.293394935385
              C      5.318581957369    0.138124629917   -1.263456642335
              N      2.251194217580    2.174195815254    1.276975378847
              C      3.851852899640    4.009204480717    1.926666536517
              C      6.294524754835    4.007043918137    0.994187968569
              C      7.015402122608    2.065591273088   -0.590599811009
              C     -4.547188797734    1.478543153410    0.900454402657
              O     -5.330360052334    1.517855203683   -1.256628708425
              N     -5.482242066963    2.723075502768    2.893286981532
              C     -7.567851552446    4.489439595957    2.513883405421
              C     -4.569082263763    2.489803217499    5.489834376494
              H     -3.318959988665    0.879950245728    5.682696593503
              H     -6.191469802025    2.230705621491    6.734629322900
              H     -3.573285343344    4.207331085053    6.054456799676
              H     -7.965274084625    4.674271041067    0.511948742738
              H     -7.050552884904    6.330533399276    3.286086351199
              H     -9.253681689289    3.809932608618    3.490220848271
              H      0.824674334214   -7.129636980669   -4.448671036412
              H     -5.054684802599   -3.708902827720   -0.053358886378
              H     -3.572446640371   -7.151122851818   -2.855339510060
              H      4.916227963986   -5.275031516472   -4.697537312119
              H      7.960297721129   -1.921887509593   -3.603767235952
              H      3.122637845764    5.434536304341    3.192007657850
              H      7.581149741947    5.499171264250    1.523909517704
              H      8.917689055169    2.000033882227   -1.341577623826
              H      0.474095080318    2.198598926986    2.004878758026
$End
$SCF_Energy
   &GeometryIndex 56
   &ListStatus       OUT
   &SCF_ENERGY [&Type "Double"]      -8.7889666552192398e+02
$End
$DFT_Energy
   &GeometryIndex 56
   &ListStatus       OUT
   &NALPHAEL [&Type "Integer"] 70
   &NBETAEL [&Type "Integer"] 70
   &NTOTALEL [&Type "Integer"] 139
   &EEXCHANGE [&Type "Double"]      -9.3725668528524778e+01
   &ECORR [&Type "Double"]      -6.1589266193762615e+00
   &ECNL [&Type "Double"]       0.0000000000000000e+00
   &EXC [&Type "Double"]      -9.9884595147901038e+01
   &EEMBED [&Type "Double"]       0.0000000000000000e+00
   &FINALEN [&Type "Double"]      -8.7889666552192398e+02  "No Van der Waals correction"
$End
$Solvation_Details
   &GeometryIndex 56
   &ListStatus       OUT
   &SOLVENT [&Type "String"] "WATER"
   &EPSILON [&Type "Double"]       8.0150999999999996e+01
   &REFRAC [&Type "Double"]       1.3328000000000000e+00
   &RSOLV [&Type "Double"]       1.3000000000000000e+00
   &SURFACETYPE [&Type "String"] "GAUSSIAN VDW"
   &NPOINTS [&Type "Integer"] 3070
   &SURFACEAREA [&Type "Double"]       1.0853474250239999e+03
   &CPCMDIELENERGY [&Type "Double"]      -8.6893767999999996e-02
$End
$CIS_Absorption_Spectrum
   &GeometryIndex 56
   &ListStatus       OUT
   &TEMPERATURE [&Type "Double"]       2.9814999999999998e+02
   &METHOD [&Type "Integer"] 20
   &RELCORRECTION [&Type "Integer"] 1 "Type of relativistic treatment in QDPT. 0->Unknow, 1->None, 2->SOC, 3->SSC, 4->SOC/SSC"
   &DENSTYPE [&Type "Integer"] 3 "Type of density (electron/spin ...). 0->Unknow, 1->Electronic, 2->Spin, 3->Trans/Electronic, 4->Tran/Spin"
   &DERITYPE [&Type "Integer"] 0 "Type of derivative (w.r.t. to what perturbation). 0->Unknown, 1->No Derivative, 2->Electric/Dipole, 3->Electric/Quad, 4->Magnetic/Dipole, 5->Magnetic/Quad"
   &DENSLEVEL [&Type "Integer"] 0 "// Source of density: relaxed, unrelaxed, ... 0->Unknown, 1->Linearized, 2->Unrelaxed, 3->Relaxed"
   &REPRESENTATION [&Type "String"] "Length" "Possible values: Unknown,  Length, Velocity"
   &POINTGROUP [&Type "String"] "C1"
   &NTRANS [&Type "Integer"] 3
   &DOHIGHERMOMENTS [&Type "Boolean"] false
   &STATES [&Type "ArrayOfIntegers", &Dim (3,4)] "The initial and Final states. Col1: Initial State  Col2: Initial Irrep Col3: Final State Col4: Final Irrep"
                                                         0                           1                           2                           3

0                                                        0                           0                           1                           0
1                                                        0                           0                           2                           0
2                                                        0                           0                           3                           0
   &MULTIPLICITIES [&Type "ArrayOfDoubles", &Dim (3,2)] "Col1: Multiplicity of the initial state  Col2: Multiplicity of the final state"
                                                         0                           1

0                                      1.0000000000000000e+00         1.0000000000000000e+00
1                                      1.0000000000000000e+00         1.0000000000000000e+00
2                                      1.0000000000000000e+00         1.0000000000000000e+00
   &EXCITATIONENERGIES [&Type "ArrayOfDoubles", &Dim (3,11)] 
                                                         0                           1                           2                           3                           4                           5                           6                           7

0                                      3.3569146659452231e+00         2.7075345563397499e+04         3.6933969971259597e+02         2.3879865817643794e-01         2.9035777594967156e+00        -1.4483933241368796e+00         0.0000000000000000e+00        -8.9168698569052951e-01
1                                      3.8216477939362674e+00         3.0823671418315575e+04         3.2442598625866322e+02         3.3421039444551572e-03         3.5695311302438491e-02        -1.2302176023922357e-01         0.0000000000000000e+00        -1.3773624935580764e-01
2                                      3.9481248033155336e+00         3.1843777401201642e+04         3.1403309582306792e+02         1.2886243254656022e-02         1.3322242453948260e-01         2.8835879979331569e-01         0.0000000000000000e+00         2.0883021631883236e-01
                                                         8                           9                          10

0                                      0.0000000000000000e+00        -1.0309635125732196e-01         0.0000000000000000e+00
1                                      0.0000000000000000e+00        -3.9870834246053408e-02         0.0000000000000000e+00
2                                      0.0000000000000000e+00         8.0383878193769409e-02         0.0000000000000000e+00
$End
$Geometry
   &GeometryIndex 57
   &ListStatus       OUT
   &NATOMS [&Type "Integer"] 35
   &NCORELESSECP [&Type "Integer"] 0
   &NGHOSTATOMS [&Type "Integer"] 0
   &CartesianCoordinates [&Type "Coordinates", &Dim(35,4), &Units "Bohr"] 
              C     -3.138189699424   -3.704332389877   -0.760374661537
              C     -2.290290897370   -5.644214259032   -2.340352058113
              C      0.154400698650   -5.636383426942   -3.223013565599
              C     -1.538981432238   -1.767221777527   -0.090757631976
              C      1.002174301423   -1.696405617440   -0.930730684475
              O     -2.382261873019    0.089444949167    1.561957693704
              C      1.833279131631   -3.694757740716   -2.540743107905
              C      4.370376994433   -3.726280621896   -3.477755340980
              C      6.047114254744   -1.891671252319   -2.882911617355
              C      2.827687036069    0.217737518475   -0.293487042679
              C      5.318748326494    0.138151988164   -1.263499426736
              N      2.250999738427    2.174144630815    1.277016175159
              C      3.851891547292    4.009230709342    1.926669518561
              C      6.294624138263    4.006994212030    0.994117327978
              C      7.015249619041    2.065675612211   -0.590483974450
              C     -4.547149537660    1.478462700093    0.900415154160
              O     -5.330376230611    1.517864026617   -1.256669358480
              N     -5.482351896079    2.722806464587    2.893425943238
              C     -7.567683017839    4.489721920419    2.513849890588
              C     -4.568972451939    2.490089622605    5.489751385812
              H     -3.319655832440    0.879550411015    5.682156164200
              H     -6.191781947200    2.230069951944    6.733833681098
              H     -3.573033762359    4.207021375023    6.055916980882
              H     -7.965832038878    4.673760804051    0.511987592387
              H     -7.051888563748    6.331125551022    3.286271829882
              H     -9.252910746071    3.808688947068    3.490181761103
              H      0.825167895703   -7.129390128395   -4.448684100964
              H     -5.054674034543   -3.708837181832   -0.053346020115
              H     -3.572633874755   -7.151112164068   -2.855268402192
              H      4.916844163844   -5.274831185924   -4.697629860633
              H      7.960118815699   -1.922124096308   -3.603854738890
              H      3.122956955821    5.434713773645    3.192007268849
              H      7.582235961819    5.498534305889    1.523065485342
              H      8.917690290855    2.000780119020   -1.341087303413
              H      0.473856522033    2.198458806433    2.004848028565
$End
$SCF_Energy
   &GeometryIndex 57
   &ListStatus       OUT
   &SCF_ENERGY [&Type "Double"]      -8.7889666563420519e+02
$End
$DFT_Energy
   &GeometryIndex 57
   &ListStatus       OUT
   &NALPHAEL [&Type "Integer"] 70
   &NBETAEL [&Type "Integer"] 70
   &NTOTALEL [&Type "Integer"] 139
   &EEXCHANGE [&Type "Double"]      -9.3725669112328973e+01
   &ECORR [&Type "Double"]      -6.1589265466777752e+00
   &ECNL [&Type "Double"]       0.0000000000000000e+00
   &EXC [&Type "Double"]      -9.9884595659006749e+01
   &EEMBED [&Type "Double"]       0.0000000000000000e+00
   &FINALEN [&Type "Double"]      -8.7889666563420519e+02  "No Van der Waals correction"
$End
$Solvation_Details
   &GeometryIndex 57
   &ListStatus       OUT
   &SOLVENT [&Type "String"] "WATER"
   &EPSILON [&Type "Double"]       8.0150999999999996e+01
   &REFRAC [&Type "Double"]       1.3328000000000000e+00
   &RSOLV [&Type "Double"]       1.3000000000000000e+00
   &SURFACETYPE [&Type "String"] "GAUSSIAN VDW"
   &NPOINTS [&Type "Integer"] 3070
   &SURFACEAREA [&Type "Double"]       1.0853435555480000e+03
   &CPCMDIELENERGY [&Type "Double"]      -8.6893380000000006e-02
$End
$CIS_Absorption_Spectrum
   &GeometryIndex 57
   &ListStatus       OUT
   &TEMPERATURE [&Type "Double"]       2.9814999999999998e+02
   &METHOD [&Type "Integer"] 20
   &RELCORRECTION [&Type "Integer"] 1 "Type of relativistic treatment in QDPT. 0->Unknow, 1->None, 2->SOC, 3->SSC, 4->SOC/SSC"
   &DENSTYPE [&Type "Integer"] 3 "Type of density (electron/spin ...). 0->Unknow, 1->Electronic, 2->Spin, 3->Trans/Electronic, 4->Tran/Spin"
   &DERITYPE [&Type "Integer"] 0 "Type of derivative (w.r.t. to what perturbation). 0->Unknown, 1->No Derivative, 2->Electric/Dipole, 3->Electric/Quad, 4->Magnetic/Dipole, 5->Magnetic/Quad"
   &DENSLEVEL [&Type "Integer"] 0 "// Source of density: relaxed, unrelaxed, ... 0->Unknown, 1->Linearized, 2->Unrelaxed, 3->Relaxed"
   &REPRESENTATION [&Type "String"] "Length" "Possible values: Unknown,  Length, Velocity"
   &POINTGROUP [&Type "String"] "C1"
   &NTRANS [&Type "Integer"] 3
   &DOHIGHERMOMENTS [&Type "Boolean"] false
   &STATES [&Type "ArrayOfIntegers", &Dim (3,4)] "The initial and Final states. Col1: Initial State  Col2: Initial Irrep Col3: Final State Col4: Final Irrep"
                                                         0                           1                           2                           3

0                                                        0                           0                           1                           0
1                                                        0                           0                           2                           0
2                                                        0                           0                           3                           0
   &MULTIPLICITIES [&Type "ArrayOfDoubles", &Dim (3,2)] "Col1: Multiplicity of the initial state  Col2: Multiplicity of the final state"
                                                         0                           1

0                                      1.0000000000000000e+00         1.0000000000000000e+00
1                                      1.0000000000000000e+00         1.0000000000000000e+00
2                                      1.0000000000000000e+00         1.0000000000000000e+00
   &EXCITATIONENERGIES [&Type "ArrayOfDoubles", &Dim (3,11)] 
                                                         0                           1                           2                           3                           4                           5                           6                           7

0                                      3.3573097479444272e+00         2.7078532114954152e+04         3.6929623650011246e+02         2.3888125465420890e-01         2.9042402528312872e+00        -1.4482344487576395e+00         0.0000000000000000e+00        -8.9226525183882177e-01
1                                      3.8219840653829764e+00         3.0826383630727498e+04         3.2439744213239715e+02         3.3739159177760044e-03         3.6031908307589774e-02        -1.2367234952706896e-01         0.0000000000000000e+00        -1.3831987509991517e-01
2                                      3.9481717235118330e+00         3.1844155838146016e+04         3.1402936384393115e+02         1.2859492816227367e-02         1.3294428935349975e-01         2.8812820250052457e-01         0.0000000000000000e+00         2.0852850824487768e-01
                                                         8                           9                          10

0                                      0.0000000000000000e+00        -1.0353721371539186e-01         0.0000000000000000e+00
1                                      0.0000000000000000e+00        -4.0058337738704618e-02         0.0000000000000000e+00
2                                      0.0000000000000000e+00         8.0263874355044854e-02         0.0000000000000000e+00
$End
$Geometry
   &GeometryIndex 58
   &ListStatus       OUT
   &NATOMS [&Type "Integer"] 35
   &NCORELESSECP [&Type "Integer"] 0
   &NGHOSTATOMS [&Type "Integer"] 0
   &CartesianCoordinates [&Type "Coordinates", &Dim(35,4), &Units "Bohr"] 
              C     -3.138172066762   -3.704367144225   -0.760403802401
              C     -2.290418173417   -5.644215298762   -2.340306200241
              C      0.154505545054   -5.636326065611   -3.223013955985
              C     -1.539003955867   -1.767183308409   -0.090722060150
              C      1.002108309313   -1.696398681333   -0.930703591484
              O     -2.382260307446    0.089431305702    1.561941429342
              C      1.833318394426   -3.694802399318   -2.540787671864
              C      4.370473442807   -3.726164503795   -3.477713442134
              C      6.046974751326   -1.891756934643   -2.882917789780
              C      2.827702849330    0.217772923046   -0.293469008478
              C      5.318838154622    0.138134155164   -1.263543911785
              N      2.250960951214    2.174130414892    1.277021757110
              C      3.851937399641    4.009232465853    1.926652589660
              C      6.294599811444    4.007073279632    0.994180007404
              C      7.015192366184    2.065586880335   -0.590523169892
              C     -4.547055585775    1.478428224755    0.900386004550
              O     -5.330394297785    1.517870938455   -1.256663081129
              N     -5.482204402057    2.723029487732    2.893339852970
              C     -7.567868414326    4.489503086317    2.513957793516
              C     -4.569176420799    2.489895860890    5.489820553193
              H     -3.319075799074    0.879960000782    5.682179214487
              H     -6.191294955463    2.230488071788    6.734904724970
              H     -3.573027803458    4.207176420858    6.054587989139
              H     -7.965101027954    4.674024035192    0.511954258164
              H     -7.050805295002    6.330745128123    3.285960000974
              H     -9.253788452719    3.809902006883    3.490074044428
              H      0.825911086343   -7.129028147973   -4.448708930319
              H     -5.054705010285   -3.709122020210   -0.053508864567
              H     -3.573355696653   -7.150763321111   -2.854787273316
              H      4.918265469197   -5.274146135570   -4.697699299745
              H      7.959688266506   -1.923405284676   -3.604536126255
              H      3.123117161846    5.434769081281    3.191990314015
              H      7.581872271476    5.498819524527    1.523396118690
              H      8.917525850313    2.000288071921   -1.341358304503
              H      0.473829131527    2.198490606874    2.004866309639
$End
$SCF_Energy
   &GeometryIndex 58
   &ListStatus       OUT
   &SCF_ENERGY [&Type "Double"]      -8.7889666577365438e+02
$End
$DFT_Energy
   &GeometryIndex 58
   &ListStatus       OUT
   &NALPHAEL [&Type "Integer"] 70
   &NBETAEL [&Type "Integer"] 70
   &NTOTALEL [&Type "Integer"] 139
   &EEXCHANGE [&Type "Double"]      -9.3725671949298942e+01
   &ECORR [&Type "Double"]      -6.1589273760343337e+00
   &ECNL [&Type "Double"]       0.0000000000000000e+00
   &EXC [&Type "Double"]      -9.9884599325333269e+01
   &EEMBED [&Type "Double"]       0.0000000000000000e+00
   &FINALEN [&Type "Double"]      -8.7889666577365438e+02  "No Van der Waals correction"
$End
$Solvation_Details
   &GeometryIndex 58
   &ListStatus       OUT
   &SOLVENT [&Type "String"] "WATER"
   &EPSILON [&Type "Double"]       8.0150999999999996e+01
   &REFRAC [&Type "Double"]       1.3328000000000000e+00
   &RSOLV [&Type "Double"]       1.3000000000000000e+00
   &SURFACETYPE [&Type "String"] "GAUSSIAN VDW"
   &NPOINTS [&Type "Integer"] 3070
   &SURFACEAREA [&Type "Double"]       1.0853446120230001e+03
   &CPCMDIELENERGY [&Type "Double"]      -8.6888385999999998e-02
$End
$CIS_Absorption_Spectrum
   &GeometryIndex 58
   &ListStatus       OUT
   &TEMPERATURE [&Type "Double"]       2.9814999999999998e+02
   &METHOD [&Type "Integer"] 20
   &RELCORRECTION [&Type "Integer"] 1 "Type of relativistic treatment in QDPT. 0->Unknow, 1->None, 2->SOC, 3->SSC, 4->SOC/SSC"
   &DENSTYPE [&Type "Integer"] 3 "Type of density (electron/spin ...). 0->Unknow, 1->Electronic, 2->Spin, 3->Trans/Electronic, 4->Tran/Spin"
   &DERITYPE [&Type "Integer"] 0 "Type of derivative (w.r.t. to what perturbation). 0->Unknown, 1->No Derivative, 2->Electric/Dipole, 3->Electric/Quad, 4->Magnetic/Dipole, 5->Magnetic/Quad"
   &DENSLEVEL [&Type "Integer"] 0 "// Source of density: relaxed, unrelaxed, ... 0->Unknown, 1->Linearized, 2->Unrelaxed, 3->Relaxed"
   &REPRESENTATION [&Type "String"] "Length" "Possible values: Unknown,  Length, Velocity"
   &POINTGROUP [&Type "String"] "C1"
   &NTRANS [&Type "Integer"] 3
   &DOHIGHERMOMENTS [&Type "Boolean"] false
   &STATES [&Type "ArrayOfIntegers", &Dim (3,4)] "The initial and Final states. Col1: Initial State  Col2: Initial Irrep Col3: Final State Col4: Final Irrep"
                                                         0                           1                           2                           3

0                                                        0                           0                           1                           0
1                                                        0                           0                           2                           0
2                                                        0                           0                           3                           0
   &MULTIPLICITIES [&Type "ArrayOfDoubles", &Dim (3,2)] "Col1: Multiplicity of the initial state  Col2: Multiplicity of the final state"
                                                         0                           1

0                                      1.0000000000000000e+00         1.0000000000000000e+00
1                                      1.0000000000000000e+00         1.0000000000000000e+00
2                                      1.0000000000000000e+00         1.0000000000000000e+00
   &EXCITATIONENERGIES [&Type "ArrayOfDoubles", &Dim (3,11)] 
                                                         0                           1                           2                           3                           4                           5                           6                           7

0                                      3.3573192066457991e+00         2.7078608404533636e+04         3.6929519606796890e+02         2.3885908470481002e-01         2.9039625363636383e+00        -1.4484237154347224e+00         0.0000000000000000e+00        -8.9183991078321101e-01
1                                      3.8215922086812357e+00         3.0823223092951968e+04         3.2443070505130260e+02         3.3484548977546612e-03         3.5763662779126994e-02        -1.2328127864929117e-01         0.0000000000000000e+00        -1.3777910469298008e-01
2                                      3.9481195164852467e+00         3.1843734760035211e+04         3.1403351633710633e+02         1.2978999805680595e-02         1.3418155341532451e-01         2.8926548734803414e-01         0.0000000000000000e+00         2.0975707459343268e-01
                                                         8                           9                          10

0                                      0.0000000000000000e+00        -1.0321264682250381e-01         0.0000000000000000e+00
1                                      0.0000000000000000e+00        -3.9778228011358822e-02         0.0000000000000000e+00
2                                      0.0000000000000000e+00         8.0678379400145994e-02         0.0000000000000000e+00
$End
$Geometry
   &GeometryIndex 59
   &ListStatus       OUT
   &NATOMS [&Type "Integer"] 35
   &NCORELESSECP [&Type "Integer"] 0
   &NGHOSTATOMS [&Type "Integer"] 0
   &CartesianCoordinates [&Type "Coordinates", &Dim(35,4), &Units "Bohr"] 
              C     -3.138202071888   -3.704405515195   -0.760423650431
              C     -2.290400408316   -5.644113947784   -2.340247510703
              C      0.154520417332   -5.636393425635   -3.223063335386
              C     -1.538909984904   -1.767421827188   -0.090904499707
              C      1.002232179317   -1.696528916015   -0.930836248711
              O     -2.382324869034    0.089541137050    1.562029080965
              C      1.833266998201   -3.694675317694   -2.540685110821
              C      4.370355069656   -3.726329274009   -3.477779637097
              C      6.047155069308   -1.891663952457   -2.882921355811
              C      2.827700750295    0.217730127802   -0.293494900728
              C      5.318710902288    0.138228094997   -1.263434674072
              N      2.250995682706    2.174119777824    1.276999270295
              C      3.851907870200    4.009259306010    1.926683493247
              C      6.294619305847    4.006935590797    0.994079672788
              C      7.015254970768    2.065727222794   -0.590450862987
              C     -4.547107391672    1.478461138273    0.900426962704
              O     -5.330380724780    1.517868429010   -1.256651214081
              N     -5.482282153867    2.723048000426    2.893301075110
              C     -7.567810772054    4.489492613461    2.513920219610
              C     -4.569083425441    2.489864339396    5.489827970159
              H     -3.319082564959    0.879893857173    5.682509657837
              H     -6.191455911891    2.230559303253    6.734606413191
              H     -3.573186275478    4.207244400034    6.054727192351
              H     -7.965259168275    4.674062767937    0.511964667229
              H     -7.050880611653    6.330719923763    3.286049443276
              H     -9.253616924937    3.809739989857    3.490137648066
              H      0.826389607247   -7.128870700003   -4.448784090623
              H     -5.054792861538   -3.709544357859   -0.053716550954
              H     -3.574170337906   -7.150162924486   -2.854094623308
              H      4.916054038637   -5.275208348585   -4.697587725925
              H      7.960277763785   -1.921628191357   -3.603590645624
              H      3.123081139284    5.434802602658    3.192016207520
              H      7.582511973004    5.498304069873    1.522805237732
              H      8.917755246248    2.001072215691   -1.340914181763
              H      0.473821659716    2.198335196793    2.004790520774
$End
$SCF_Energy
   &GeometryIndex 59
   &ListStatus       OUT
   &SCF_ENERGY [&Type "Double"]      -8.7889666532825413e+02
$End
$DFT_Energy
   &GeometryIndex 59
   &ListStatus       OUT
   &NALPHAEL [&Type "Integer"] 70
   &NBETAEL [&Type "Integer"] 70
   &NTOTALEL [&Type "Integer"] 139
   &EEXCHANGE [&Type "Double"]      -9.3725717700525749e+01
   &ECORR [&Type "Double"]      -6.1589264869449840e+00
   &ECNL [&Type "Double"]       0.0000000000000000e+00
   &EXC [&Type "Double"]      -9.9884644187470727e+01
   &EEMBED [&Type "Double"]       0.0000000000000000e+00
   &FINALEN [&Type "Double"]      -8.7889666532825413e+02  "No Van der Waals correction"
$End
$Solvation_Details
   &GeometryIndex 59
   &ListStatus       OUT
   &SOLVENT [&Type "String"] "WATER"
   &EPSILON [&Type "Double"]       8.0150999999999996e+01
   &REFRAC [&Type "Double"]       1.3328000000000000e+00
   &RSOLV [&Type "Double"]       1.3000000000000000e+00
   &SURFACETYPE [&Type "String"] "GAUSSIAN VDW"
   &NPOINTS [&Type "Integer"] 3070
   &SURFACEAREA [&Type "Double"]       1.0853438257319999e+03
   &CPCMDIELENERGY [&Type "Double"]      -8.6899039999999997e-02
$End
$CIS_Absorption_Spectrum
   &GeometryIndex 59
   &ListStatus       OUT
   &TEMPERATURE [&Type "Double"]       2.9814999999999998e+02
   &METHOD [&Type "Integer"] 20
   &RELCORRECTION [&Type "Integer"] 1 "Type of relativistic treatment in QDPT. 0->Unknow, 1->None, 2->SOC, 3->SSC, 4->SOC/SSC"
   &DENSTYPE [&Type "Integer"] 3 "Type of density (electron/spin ...). 0->Unknow, 1->Electronic, 2->Spin, 3->Trans/Electronic, 4->Tran/Spin"
   &DERITYPE [&Type "Integer"] 0 "Type of derivative (w.r.t. to what perturbation). 0->Unknown, 1->No Derivative, 2->Electric/Dipole, 3->Electric/Quad, 4->Magnetic/Dipole, 5->Magnetic/Quad"
   &DENSLEVEL [&Type "Integer"] 0 "// Source of density: relaxed, unrelaxed, ... 0->Unknown, 1->Linearized, 2->Unrelaxed, 3->Relaxed"
   &REPRESENTATION [&Type "String"] "Length" "Possible values: Unknown,  Length, Velocity"
   &POINTGROUP [&Type "String"] "C1"
   &NTRANS [&Type "Integer"] 3
   &DOHIGHERMOMENTS [&Type "Boolean"] false
   &STATES [&Type "ArrayOfIntegers", &Dim (3,4)] "The initial and Final states. Col1: Initial State  Col2: Initial Irrep Col3: Final State Col4: Final Irrep"
                                                         0                           1                           2                           3

0                                                        0                           0                           1                           0
1                                                        0                           0                           2                           0
2                                                        0                           0                           3                           0
   &MULTIPLICITIES [&Type "ArrayOfDoubles", &Dim (3,2)] "Col1: Multiplicity of the initial state  Col2: Multiplicity of the final state"
                                                         0                           1

0                                      1.0000000000000000e+00         1.0000000000000000e+00
1                                      1.0000000000000000e+00         1.0000000000000000e+00
2                                      1.0000000000000000e+00         1.0000000000000000e+00
   &EXCITATIONENERGIES [&Type "ArrayOfDoubles", &Dim (3,11)] 
                                                         0                           1                           2                           3                           4                           5                           6                           7

0                                      3.3570241292939613e+00         2.7076228444938599e+04         3.6932765655806520e+02         2.3889395803602501e-01         2.9046418049260403e+00        -1.4483188903118092e+00         0.0000000000000000e+00        -8.9234667298216275e-01
1                                      3.8221171037331674e+00         3.0827456657498522e+04         3.2438615066765755e+02         3.3452964981920846e-03         3.5725022204344772e-02        -1.2360881976149278e-01         0.0000000000000000e+00        -1.3743869319199695e-01
2                                      3.9483187677611098e+00         3.1845341830123311e+04         3.1401766868587191e+02         1.2745213988271702e-02         1.3175794233550403e-01         2.8803345225201060e-01         0.0000000000000000e+00         2.0633459593712569e-01
                                                         8                           9                          10

0                                      0.0000000000000000e+00        -1.0359349453355927e-01         0.0000000000000000e+00
1                                      0.0000000000000000e+00        -3.9452344609562713e-02         0.0000000000000000e+00
2                                      0.0000000000000000e+00         7.8871460229641033e-02         0.0000000000000000e+00
$End
$Geometry
   &GeometryIndex 60
   &ListStatus       OUT
   &NATOMS [&Type "Integer"] 35
   &NCORELESSECP [&Type "Integer"] 0
   &NGHOSTATOMS [&Type "Integer"] 0
   &CartesianCoordinates [&Type "Coordinates", &Dim(35,4), &Units "Bohr"] 
              C     -3.138204110933   -3.704284962928   -0.760338742719
              C     -2.290256958514   -5.644231400711   -2.340374777655
              C      0.154382756172   -5.636337760542   -3.222976029543
              C     -1.539025804942   -1.767099313965   -0.090664522744
              C      1.002173775858   -1.696521264283   -0.930804840000
              O     -2.382260942189    0.089401367393    1.561917567022
              C      1.833050040324   -3.694806723490   -2.540693778839
              C      4.370385409259   -3.726371131628   -3.477817928016
              C      6.047133888565   -1.891607157315   -2.882875558234
              C      2.827938151449    0.217630323831   -0.293655434585
              C      5.318800704922    0.138174715739   -1.263502979165
              N      2.250851162624    2.174118581360    1.277055928550
              C      3.851962410014    4.009322720356    1.926707767527
              C      6.294619251854    4.007020344473    0.994136700430
              C      7.015167461030    2.065662087565   -0.590463551153
              C     -4.547053388706    1.478425703219    0.900375000524
              O     -5.330392349564    1.517868159065   -1.256663289010
              N     -5.482157346754    2.722986448126    2.893374148509
              C     -7.567890256412    4.489530796554    2.513949314944
              C     -4.569202921113    2.489923038069    5.489803937352
              H     -3.319115660970    0.879961859111    5.682051162661
              H     -6.191268770159    2.230423080512    6.734938319645
              H     -3.572961625890    4.207134935783    6.054618483504
              H     -7.965136778321    4.674033728582    0.511947551253
              H     -7.050833560852    6.330763755197    3.285970158568
              H     -9.253773221940    3.809870950843    3.490082802542
              H      0.825752714522   -7.129042388088   -4.448668854824
              H     -5.054744098362   -3.709039349233   -0.053447179633
              H     -3.572400545785   -7.151245312797   -2.855443097362
              H      4.916612709153   -5.275035526109   -4.697675827481
              H      7.960359167283   -1.921132662835   -3.603296931917
              H      3.124269373493    5.435475550467    3.192015011108
              H      7.581808282481    5.498813038498    1.523417841184
              H      8.917463188225    2.000215991823   -1.341375631750
              H      0.473588911914    2.198073964006    2.004656796561
$End
$SCF_Energy
   &GeometryIndex 60
   &ListStatus       OUT
   &SCF_ENERGY [&Type "Double"]      -8.7889666549825779e+02
$End
$DFT_Energy
   &GeometryIndex 60
   &ListStatus       OUT
   &NALPHAEL [&Type "Integer"] 70
   &NBETAEL [&Type "Integer"] 70
   &NTOTALEL [&Type "Integer"] 139
   &EEXCHANGE [&Type "Double"]      -9.3725612967066056e+01
   &ECORR [&Type "Double"]      -6.1589237156309693e+00
   &ECNL [&Type "Double"]       0.0000000000000000e+00
   &EXC [&Type "Double"]      -9.9884536682697018e+01
   &EEMBED [&Type "Double"]       0.0000000000000000e+00
   &FINALEN [&Type "Double"]      -8.7889666549825779e+02  "No Van der Waals correction"
$End
$Solvation_Details
   &GeometryIndex 60
   &ListStatus       OUT
   &SOLVENT [&Type "String"] "WATER"
   &EPSILON [&Type "Double"]       8.0150999999999996e+01
   &REFRAC [&Type "Double"]       1.3328000000000000e+00
   &RSOLV [&Type "Double"]       1.3000000000000000e+00
   &SURFACETYPE [&Type "String"] "GAUSSIAN VDW"
   &NPOINTS [&Type "Integer"] 3070
   &SURFACEAREA [&Type "Double"]       1.0853453405420000e+03
   &CPCMDIELENERGY [&Type "Double"]      -8.6890503999999993e-02
$End
$CIS_Absorption_Spectrum
   &GeometryIndex 60
   &ListStatus       OUT
   &TEMPERATURE [&Type "Double"]       2.9814999999999998e+02
   &METHOD [&Type "Integer"] 20
   &RELCORRECTION [&Type "Integer"] 1 "Type of relativistic treatment in QDPT. 0->Unknow, 1->None, 2->SOC, 3->SSC, 4->SOC/SSC"
   &DENSTYPE [&Type "Integer"] 3 "Type of density (electron/spin ...). 0->Unknow, 1->Electronic, 2->Spin, 3->Trans/Electronic, 4->Tran/Spin"
   &DERITYPE [&Type "Integer"] 0 "Type of derivative (w.r.t. to what perturbation). 0->Unknown, 1->No Derivative, 2->Electric/Dipole, 3->Electric/Quad, 4->Magnetic/Dipole, 5->Magnetic/Quad"
   &DENSLEVEL [&Type "Integer"] 0 "// Source of density: relaxed, unrelaxed, ... 0->Unknown, 1->Linearized, 2->Unrelaxed, 3->Relaxed"
   &REPRESENTATION [&Type "String"] "Length" "Possible values: Unknown,  Length, Velocity"
   &POINTGROUP [&Type "String"] "C1"
   &NTRANS [&Type "Integer"] 3
   &DOHIGHERMOMENTS [&Type "Boolean"] false
   &STATES [&Type "ArrayOfIntegers", &Dim (3,4)] "The initial and Final states. Col1: Initial State  Col2: Initial Irrep Col3: Final State Col4: Final Irrep"
                                                         0                           1                           2                           3

0                                                        0                           0                           1                           0
1                                                        0                           0                           2                           0
2                                                        0                           0                           3                           0
   &MULTIPLICITIES [&Type "ArrayOfDoubles", &Dim (3,2)] "Col1: Multiplicity of the initial state  Col2: Multiplicity of the final state"
                                                         0                           1

0                                      1.0000000000000000e+00         1.0000000000000000e+00
1                                      1.0000000000000000e+00         1.0000000000000000e+00
2                                      1.0000000000000000e+00         1.0000000000000000e+00
   &EXCITATIONENERGIES [&Type "ArrayOfDoubles", &Dim (3,11)] 
                                                         0                           1                           2                           3                           4                           5                           6                           7

0                                      3.3567154089757918e+00         2.7073738447387666e+04         3.6936162397494445e+02         2.3880677578709941e-01         2.9038488266317000e+00        -1.4481975991801379e+00         0.0000000000000000e+00        -8.9211259332902892e-01
1                                      3.8215485703881629e+00         3.0822871126345031e+04         3.2443440972806599e+02         3.3700647134978744e-03         3.5994880601172327e-02        -1.2352951293019367e-01         0.0000000000000000e+00        -1.3831244204298263e-01
2                                      3.9480041752858308e+00         3.1842804470426254e+04         3.1404269084676315e+02         1.3017383545639071e-02         1.3458230999702184e-01         2.8921508974385673e-01         0.0000000000000000e+00         2.1056244833932034e-01
                                                         8                           9                          10

0                                      0.0000000000000000e+00        -1.0347782943384277e-01         0.0000000000000000e+00
1                                      0.0000000000000000e+00        -4.0062556240310195e-02         0.0000000000000000e+00
2                                      0.0000000000000000e+00         8.1242828673217679e-02         0.0000000000000000e+00
$End
$Geometry
   &GeometryIndex 61
   &ListStatus       OUT
   &NATOMS [&Type "Integer"] 35
   &NCORELESSECP [&Type "Integer"] 0
   &NGHOSTATOMS [&Type "Integer"] 0
   &CartesianCoordinates [&Type "Coordinates", &Dim(35,4), &Units "Bohr"] 
              C     -3.138171920033   -3.704275943572   -0.760344725667
              C     -2.290335582040   -5.644312436045   -2.340399448126
              C      0.154357440509   -5.636453702707   -3.223045514136
              C     -1.539156260434   -1.767171050334   -0.090676151982
              C      1.002342528363   -1.696328902081   -0.930734046294
              O     -2.382234714515    0.089400123776    1.561927268271
              C      1.833664581553   -3.694569805837   -2.540755680551
              C      4.370296131912   -3.726215024102   -3.477683602243
              C      6.046959491189   -1.891604701664   -2.882809964815
              C      2.827688513870    0.217515679599   -0.293642554395
              C      5.318727299984    0.137823831530   -1.263713167155
              N      2.250943339842    2.174239283612    1.277105446997
              C      3.851831748719    4.009221788872    1.926686960791
              C      6.294714658163    4.007041859817    0.994115173965
              C      7.015298212485    2.065717795622   -0.590472746385
              C     -4.547096719382    1.478461564969    0.900392636160
              O     -5.330387390528    1.517862424280   -1.256672639133
              N     -5.482159769463    2.722985129960    2.893389209235
              C     -7.567885529834    4.489525809017    2.513922821277
              C     -4.569181287964    2.489911615164    5.489794893149
              H     -3.319111700939    0.879949254234    5.682134443088
              H     -6.191321316219    2.230461408196    6.734843710559
              H     -3.573016795514    4.207163253607    6.054624437268
              H     -7.965204482224    4.674089884598    0.511942377340
              H     -7.050807805483    6.330720357428    3.286020432982
              H     -9.253713169132    3.809840230579    3.490133713562
              H      0.824777596009   -7.129640598412   -4.448712774479
              H     -5.054766638184   -3.709305255588   -0.053603028220
              H     -3.573291073311   -7.150860346692   -2.854861524786
              H      4.916504850922   -5.274853422389   -4.697523033035
              H      7.960014291807   -1.921740772210   -3.603561300661
              H      3.123101672917    5.434828347864    3.192023315320
              H      7.582119093034    5.498715194565    1.523234474173
              H      8.917880502868    2.001321886354   -1.340795741529
              H      0.473844216657    2.198721710405    2.005010172755
$End
$SCF_Energy
   &GeometryIndex 61
   &ListStatus       OUT
   &SCF_ENERGY [&Type "Double"]      -8.7889666555160954e+02
$End
$DFT_Energy
   &GeometryIndex 61
   &ListStatus       OUT
   &NALPHAEL [&Type "Integer"] 70
   &NBETAEL [&Type "Integer"] 70
   &NTOTALEL [&Type "Integer"] 139
   &EEXCHANGE [&Type "Double"]      -9.3725561553779741e+01
   &ECORR [&Type "Double"]      -6.1589224025981428e+00
   &ECNL [&Type "Double"]       0.0000000000000000e+00
   &EXC [&Type "Double"]      -9.9884483956377878e+01
   &EEMBED [&Type "Double"]       0.0000000000000000e+00
   &FINALEN [&Type "Double"]      -8.7889666555160954e+02  "No Van der Waals correction"
$End
$Solvation_Details
   &GeometryIndex 61
   &ListStatus       OUT
   &SOLVENT [&Type "String"] "WATER"
   &EPSILON [&Type "Double"]       8.0150999999999996e+01
   &REFRAC [&Type "Double"]       1.3328000000000000e+00
   &RSOLV [&Type "Double"]       1.3000000000000000e+00
   &SURFACETYPE [&Type "String"] "GAUSSIAN VDW"
   &NPOINTS [&Type "Integer"] 3070
   &SURFACEAREA [&Type "Double"]       1.0853465419180000e+03
   &CPCMDIELENERGY [&Type "Double"]      -8.6888903000000003e-02
$End
$CIS_Absorption_Spectrum
   &GeometryIndex 61
   &ListStatus       OUT
   &TEMPERATURE [&Type "Double"]       2.9814999999999998e+02
   &METHOD [&Type "Integer"] 20
   &RELCORRECTION [&Type "Integer"] 1 "Type of relativistic treatment in QDPT. 0->Unknow, 1->None, 2->SOC, 3->SSC, 4->SOC/SSC"
   &DENSTYPE [&Type "Integer"] 3 "Type of density (electron/spin ...). 0->Unknow, 1->Electronic, 2->Spin, 3->Trans/Electronic, 4->Tran/Spin"
   &DERITYPE [&Type "Integer"] 0 "Type of derivative (w.r.t. to what perturbation). 0->Unknown, 1->No Derivative, 2->Electric/Dipole, 3->Electric/Quad, 4->Magnetic/Dipole, 5->Magnetic/Quad"
   &DENSLEVEL [&Type "Integer"] 0 "// Source of density: relaxed, unrelaxed, ... 0->Unknown, 1->Linearized, 2->Unrelaxed, 3->Relaxed"
   &REPRESENTATION [&Type "String"] "Length" "Possible values: Unknown,  Length, Velocity"
   &POINTGROUP [&Type "String"] "C1"
   &NTRANS [&Type "Integer"] 3
   &DOHIGHERMOMENTS [&Type "Boolean"] false
   &STATES [&Type "ArrayOfIntegers", &Dim (3,4)] "The initial and Final states. Col1: Initial State  Col2: Initial Irrep Col3: Final State Col4: Final Irrep"
                                                         0                           1                           2                           3

0                                                        0                           0                           1                           0
1                                                        0                           0                           2                           0
2                                                        0                           0                           3                           0
   &MULTIPLICITIES [&Type "ArrayOfDoubles", &Dim (3,2)] "Col1: Multiplicity of the initial state  Col2: Multiplicity of the final state"
                                                         0                           1

0                                      1.0000000000000000e+00         1.0000000000000000e+00
1                                      1.0000000000000000e+00         1.0000000000000000e+00
2                                      1.0000000000000000e+00         1.0000000000000000e+00
   &EXCITATIONENERGIES [&Type "ArrayOfDoubles", &Dim (3,11)] 
                                                         0                           1                           2                           3                           4                           5                           6                           7

0                                      3.3569096823950635e+00         2.7075305368350517e+04         3.6934024802133632e+02         2.3918213306104083e-01         2.9082447880353053e+00        -1.4488285020545246e+00         0.0000000000000000e+00        -8.9347677399525460e-01
1                                      3.8212467336862654e+00         3.0820436648909399e+04         3.2446003649834262e+02         3.2929745384518926e-03         3.5174276461524642e-02        -1.2191831573609910e-01         0.0000000000000000e+00        -1.3688192473048946e-01
2                                      3.9477219521427389e+00         3.1840528187027478e+04         3.1406514179856526e+02         1.2825878049138779e-02         1.3261187943365324e-01         2.8781539676464535e-01         0.0000000000000000e+00         2.0820769116379539e-01
                                                         8                           9                          10

0                                      0.0000000000000000e+00        -1.0411538791542932e-01         0.0000000000000000e+00
1                                      0.0000000000000000e+00        -3.9667863966618033e-02         0.0000000000000000e+00
2                                      0.0000000000000000e+00         8.0148201221890217e-02         0.0000000000000000e+00
$End
$Geometry
   &GeometryIndex 62
   &ListStatus       OUT
   &NATOMS [&Type "Integer"] 35
   &NCORELESSECP [&Type "Integer"] 0
   &NGHOSTATOMS [&Type "Integer"] 0
   &CartesianCoordinates [&Type "Coordinates", &Dim(35,4), &Units "Bohr"] 
              C     -3.138250514659   -3.704304175814   -0.760334321149
              C     -2.290348051123   -5.644272710332   -2.340367978157
              C      0.154397111460   -5.636346399683   -3.222987507943
              C     -1.538985835884   -1.766983896453   -0.090602939349
              C      1.002310461092   -1.696498887945   -0.930839638766
              O     -2.382266019460    0.089378094633    1.561913067642
              C      1.833303149736   -3.694829682468   -2.540799650545
              C      4.370333830930   -3.726298156064   -3.477751385885
              C      6.047208851189   -1.891673762532   -2.882948626069
              C      2.827645189334    0.217796785401   -0.293432979865
              C      5.318733257081    0.138330451292   -1.263374026053
              N      2.251056219041    2.174168600826    1.277012602009
              C      3.851845232295    4.009182404836    1.926652591671
              C      6.294611308227    4.006923202627    0.994073978983
              C      7.015236210125    2.065694429429   -0.590465853523
              C     -4.547129639253    1.478504727609    0.900391782434
              O     -5.330386476788    1.517847377621   -1.256711062680
              N     -5.481966461013    2.722877065100    2.893578521022
              C     -7.567985043211    4.489577440472    2.513845061904
              C     -4.569275951720    2.489949450855    5.489703280810
              H     -3.319141108165    0.880013189168    5.681840737445
              H     -6.191230441765    2.230390968532    6.734975909752
              H     -3.572898562772    4.207092550570    6.054516096588
              H     -7.965371716713    4.674306140244    0.511898516129
              H     -7.050691336672    6.330623371568    3.286137727033
              H     -9.253665767169    3.809883576730    3.490283439890
              H      0.825649794845   -7.129117573390   -4.448680596545
              H     -5.054913808775   -3.709629820670   -0.053753759768
              H     -3.572637223643   -7.151210629121   -2.855338339264
              H      4.916220483205   -5.275098351188   -4.697578178776
              H      7.960174753941   -1.922340237777   -3.604018221235
              H      3.122200584368    5.434279455152    3.192011264457
              H      7.582671788328    5.498188073844    1.522663195814
              H      8.917649639886    2.000725206468   -1.341110489511
              H      0.474030653379    2.198862441547    2.005044980418
$End
$SCF_Energy
   &GeometryIndex 62
   &ListStatus       OUT
   &SCF_ENERGY [&Type "Double"]      -8.7889666575065462e+02
$End
$DFT_Energy
   &GeometryIndex 62
   &ListStatus       OUT
   &NALPHAEL [&Type "Integer"] 70
   &NBETAEL [&Type "Integer"] 70
   &NTOTALEL [&Type "Integer"] 139
   &EEXCHANGE [&Type "Double"]      -9.3725615200911221e+01
   &ECORR [&Type "Double"]      -6.1589236298684442e+00
   &ECNL [&Type "Double"]       0.0000000000000000e+00
   &EXC [&Type "Double"]      -9.9884538830779661e+01
   &EEMBED [&Type "Double"]       0.0000000000000000e+00
   &FINALEN [&Type "Double"]      -8.7889666575065462e+02  "No Van der Waals correction"
$End
$Solvation_Details
   &GeometryIndex 62
   &ListStatus       OUT
   &SOLVENT [&Type "String"] "WATER"
   &EPSILON [&Type "Double"]       8.0150999999999996e+01
   &REFRAC [&Type "Double"]       1.3328000000000000e+00
   &RSOLV [&Type "Double"]       1.3000000000000000e+00
   &SURFACETYPE [&Type "String"] "GAUSSIAN VDW"
   &NPOINTS [&Type "Integer"] 3070
   &SURFACEAREA [&Type "Double"]       1.0853482321829999e+03
   &CPCMDIELENERGY [&Type "Double"]      -8.6900542999999997e-02
$End
$CIS_Absorption_Spectrum
   &GeometryIndex 62
   &ListStatus       OUT
   &TEMPERATURE [&Type "Double"]       2.9814999999999998e+02
   &METHOD [&Type "Integer"] 20
   &RELCORRECTION [&Type "Integer"] 1 "Type of relativistic treatment in QDPT. 0->Unknow, 1->None, 2->SOC, 3->SSC, 4->SOC/SSC"
   &DENSTYPE [&Type "Integer"] 3 "Type of density (electron/spin ...). 0->Unknow, 1->Electronic, 2->Spin, 3->Trans/Electronic, 4->Tran/Spin"
   &DERITYPE [&Type "Integer"] 0 "Type of derivative (w.r.t. to what perturbation). 0->Unknown, 1->No Derivative, 2->Electric/Dipole, 3->Electric/Quad, 4->Magnetic/Dipole, 5->Magnetic/Quad"
   &DENSLEVEL [&Type "Integer"] 0 "// Source of density: relaxed, unrelaxed, ... 0->Unknown, 1->Linearized, 2->Unrelaxed, 3->Relaxed"
   &REPRESENTATION [&Type "String"] "Length" "Possible values: Unknown,  Length, Velocity"
   &POINTGROUP [&Type "String"] "C1"
   &NTRANS [&Type "Integer"] 3
   &DOHIGHERMOMENTS [&Type "Boolean"] false
   &STATES [&Type "ArrayOfIntegers", &Dim (3,4)] "The initial and Final states. Col1: Initial State  Col2: Initial Irrep Col3: Final State Col4: Final Irrep"
                                                         0                           1                           2                           3

0                                                        0                           0                           1                           0
1                                                        0                           0                           2                           0
2                                                        0                           0                           3                           0
   &MULTIPLICITIES [&Type "ArrayOfDoubles", &Dim (3,2)] "Col1: Multiplicity of the initial state  Col2: Multiplicity of the final state"
                                                         0                           1

0                                      1.0000000000000000e+00         1.0000000000000000e+00
1                                      1.0000000000000000e+00         1.0000000000000000e+00
2                                      1.0000000000000000e+00         1.0000000000000000e+00
   &EXCITATIONENERGIES [&Type "ArrayOfDoubles", &Dim (3,11)] 
                                                         0                           1                           2                           3                           4                           5                           6                           7

0                                      3.3565689947988373e+00         2.7072557537286903e+04         3.6937773559912273e+02         2.3872045839843462e-01         2.9029258428633287e+00        -1.4481745311967373e+00         0.0000000000000000e+00        -8.9166754681984539e-01
1                                      3.8221013842900287e+00         3.0827329871625960e+04         3.2438748479491835e+02         3.4195354404683354e-03         3.6517983393743583e-02        -1.2465851900538651e-01         0.0000000000000000e+00        -1.3912013490917888e-01
2                                      3.9478317564515013e+00         3.1841413818596924e+04         3.1405640644510311e+02         1.2897003848069558e-02         1.3334356859847887e-01         2.8858584530012416e-01         0.0000000000000000e+00         2.0881849335559244e-01
                                                         8                           9                          10

0                                      0.0000000000000000e+00        -1.0317633451871354e-01         0.0000000000000000e+00
1                                      0.0000000000000000e+00        -4.0296713215585520e-02         0.0000000000000000e+00
2                                      0.0000000000000000e+00         8.0353066671982554e-02         0.0000000000000000e+00
$End
$Geometry
   &GeometryIndex 63
   &ListStatus       OUT
   &NATOMS [&Type "Integer"] 35
   &NCORELESSECP [&Type "Integer"] 0
   &NGHOSTATOMS [&Type "Integer"] 0
   &CartesianCoordinates [&Type "Coordinates", &Dim(35,4), &Units "Bohr"] 
              C     -3.138100887853   -3.704339099174   -0.760412434835
              C     -2.290299430544   -5.644233352803   -2.340362542310
              C      0.154439163383   -5.636443816975   -3.223068060259
              C     -1.539081695821   -1.767382865298   -0.090830515111
              C      1.002049693142   -1.696411420661   -0.930690198300
              O     -2.382278613507    0.089505252064    1.562005848328
              C      1.833512869804   -3.694580365824   -2.540709397290
              C      4.370411925332   -3.726314372012   -3.477791476033
              C      6.047070761265   -1.891670384342   -2.882896056096
              C      2.827679979059    0.217752414110   -0.293471234282
              C      5.318828506209    0.138378036866   -1.263376955683
              N      2.250958662954    2.173999132790    1.276930330040
              C      3.851963088422    4.009327395330    1.926709467675
              C      6.294576487005    4.006953223503    0.994107776692
              C      7.015182586258    2.065696235454   -0.590445148337
              C     -4.547106692657    1.478466987505    0.900412376954
              O     -5.330394425643    1.517859386132   -1.256712414626
              N     -5.482072740224    2.722942037168    2.893490628499
              C     -7.567926606453    4.489545122634    2.513871987989
              C     -4.569213320799    2.489916530238    5.489742541037
              H     -3.319111609286    0.879981011809    5.682076032226
              H     -6.191295858143    2.230453375194    6.734868943071
              H     -3.572998677067    4.207141180276    6.054583542463
              H     -7.965316944537    4.674220318175    0.511919038261
              H     -7.050752075501    6.330652107662    3.286109728697
              H     -9.253658476106    3.809855497209    3.490238815709
              H      0.824359412763   -7.129872704955   -4.448710992481
              H     -5.054436607513   -3.708165944249   -0.053007394229
              H     -3.573060415724   -7.150886776798   -2.854961397317
              H      4.916093983286   -5.275195701125   -4.697592261888
              H      7.959945189475   -1.922688636991   -3.604160738258
              H      3.123716020111    5.435177770357    3.192029371835
              H      7.582507839285    5.498297106569    1.522801790931
              H      8.917526006783    2.000480156488   -1.341228775303
              H      0.473674547445    2.197846578015    2.004502267270
$End
$SCF_Energy
   &GeometryIndex 63
   &ListStatus       OUT
   &SCF_ENERGY [&Type "Double"]      -8.7889666530885154e+02
$End
$DFT_Energy
   &GeometryIndex 63
   &ListStatus       OUT
   &NALPHAEL [&Type "Integer"] 70
   &NBETAEL [&Type "Integer"] 70
   &NTOTALEL [&Type "Integer"] 139
   &EEXCHANGE [&Type "Double"]      -9.3725695548531235e+01
   &ECORR [&Type "Double"]      -6.1589277767923978e+00
   &ECNL [&Type "Double"]       0.0000000000000000e+00
   &EXC [&Type "Double"]      -9.9884623325323631e+01
   &EEMBED [&Type "Double"]       0.0000000000000000e+00
   &FINALEN [&Type "Double"]      -8.7889666530885154e+02  "No Van der Waals correction"
$End
$Solvation_Details
   &GeometryIndex 63
   &ListStatus       OUT
   &SOLVENT [&Type "String"] "WATER"
   &EPSILON [&Type "Double"]       8.0150999999999996e+01
   &REFRAC [&Type "Double"]       1.3328000000000000e+00
   &RSOLV [&Type "Double"]       1.3000000000000000e+00
   &SURFACETYPE [&Type "String"] "GAUSSIAN VDW"
   &NPOINTS [&Type "Integer"] 3070
   &SURFACEAREA [&Type "Double"]       1.0853447183070000e+03
   &CPCMDIELENERGY [&Type "Double"]      -8.6883067999999994e-02
$End
$CIS_Absorption_Spectrum
   &GeometryIndex 63
   &ListStatus       OUT
   &TEMPERATURE [&Type "Double"]       2.9814999999999998e+02
   &METHOD [&Type "Integer"] 20
   &RELCORRECTION [&Type "Integer"] 1 "Type of relativistic treatment in QDPT. 0->Unknow, 1->None, 2->SOC, 3->SSC, 4->SOC/SSC"
   &DENSTYPE [&Type "Integer"] 3 "Type of density (electron/spin ...). 0->Unknow, 1->Electronic, 2->Spin, 3->Trans/Electronic, 4->Tran/Spin"
   &DERITYPE [&Type "Integer"] 0 "Type of derivative (w.r.t. to what perturbation). 0->Unknown, 1->No Derivative, 2->Electric/Dipole, 3->Electric/Quad, 4->Magnetic/Dipole, 5->Magnetic/Quad"
   &DENSLEVEL [&Type "Integer"] 0 "// Source of density: relaxed, unrelaxed, ... 0->Unknown, 1->Linearized, 2->Unrelaxed, 3->Relaxed"
   &REPRESENTATION [&Type "String"] "Length" "Possible values: Unknown,  Length, Velocity"
   &POINTGROUP [&Type "String"] "C1"
   &NTRANS [&Type "Integer"] 3
   &DOHIGHERMOMENTS [&Type "Boolean"] false
   &STATES [&Type "ArrayOfIntegers", &Dim (3,4)] "The initial and Final states. Col1: Initial State  Col2: Initial Irrep Col3: Final State Col4: Final Irrep"
                                                         0                           1                           2                           3

0                                                        0                           0                           1                           0
1                                                        0                           0                           2                           0
2                                                        0                           0                           3                           0
   &MULTIPLICITIES [&Type "ArrayOfDoubles", &Dim (3,2)] "Col1: Multiplicity of the initial state  Col2: Multiplicity of the final state"
                                                         0                           1

0                                      1.0000000000000000e+00         1.0000000000000000e+00
1                                      1.0000000000000000e+00         1.0000000000000000e+00
2                                      1.0000000000000000e+00         1.0000000000000000e+00
   &EXCITATIONENERGIES [&Type "ArrayOfDoubles", &Dim (3,11)] 
                                                         0                           1                           2                           3                           4                           5                           6                           7

0                                      3.3574035677594423e+00         2.7079288822873477e+04         3.6928591682781365e+02         2.3884278839198447e-01         2.9036914491024168e+00        -1.4483255997205653e+00         0.0000000000000000e+00        -8.9184681189199766e-01
1                                      3.8216604950231647e+00         3.0823773859500707e+04         3.2442490804602539e+02         3.3237401648477101e-03         3.5499059138860804e-02        -1.2258637044992340e-01         0.0000000000000000e+00        -1.3743993287404743e-01
2                                      3.9483148800303707e+00         3.1845310473456942e+04         3.1401797788515825e+02         1.2865780478321081e-02         1.3300446999802257e-01         2.8807248670589164e-01         0.0000000000000000e+00         2.0870828582381257e-01
                                                         8                           9                          10

0                                      0.0000000000000000e+00        -1.0321661888747223e-01         0.0000000000000000e+00
1                                      0.0000000000000000e+00        -3.9773179032512394e-02         0.0000000000000000e+00
2                                      0.0000000000000000e+00         8.0371411768067128e-02         0.0000000000000000e+00
$End
$Geometry
   &GeometryIndex 64
   &ListStatus       OUT
   &NATOMS [&Type "Integer"] 35
   &NCORELESSECP [&Type "Integer"] 0
   &NGHOSTATOMS [&Type "Integer"] 0
   &CartesianCoordinates [&Type "Coordinates", &Dim(35,4), &Units "Bohr"] 
              C     -3.138198648939   -3.704410334479   -0.760425766868
              C     -2.290253053007   -5.644099088802   -2.340291613460
              C      0.154432091863   -5.636381324937   -3.223023457447
              C     -1.538842556972   -1.767438953954   -0.090939333791
              C      1.002086054778   -1.696337281919   -0.930659015026
              O     -2.382312925333    0.089548073605    1.562048514797
              C      1.833079229350   -3.694798462389   -2.540697869954
              C      4.370396215399   -3.726280251383   -3.477761190511
              C      6.047097330941   -1.891679245496   -2.882909549824
              C      2.827678750486    0.217741357962   -0.293478934538
              C      5.318705515860    0.137948628596   -1.263620798651
              N      2.250968666721    2.174150663885    1.277031135573
              C      3.851894570594    4.009222799994    1.926662830060
              C      6.294691018317    4.007022468438    0.994111424082
              C      7.015291715353    2.065695890552   -0.590485153929
              C     -4.547156479445    1.478518684607    0.900441376444
              O     -5.330394276613    1.517846324469   -1.256759875689
              N     -5.481978664449    2.722903562923    2.893644159604
              C     -7.567970552227    4.489557960602    2.513786498340
              C     -4.569238851443    2.489910965616    5.489665324958
              H     -3.319106160915    0.880009637668    5.682055351906
              H     -6.191296143291    2.230496458474    6.734842149610
              H     -3.573034616756    4.207147407515    6.054516059339
              H     -7.965505832613    4.674435026764    0.511886247398
              H     -7.050656766054    6.330523550353    3.286266065084
              H     -9.253545585725    3.809869273171    3.490418118116
              H      0.825389907155   -7.129289995959   -4.448694975783
              H     -5.054575631619   -3.708469276977   -0.053138235076
              H     -3.572660766586   -7.150945415631   -2.855148040167
              H      4.917571039038   -5.274532700374   -4.697700692975
              H      7.960240241907   -1.921515808910   -3.603499729568
              H      3.122894782752    5.434673883797    3.192000799182
              H      7.582365916357    5.498533751876    1.523017417375
              H      8.917941844813    2.001571237558   -1.340651135055
              H      0.473770167731    2.198303072145    2.004789769533
$End
$SCF_Energy
   &GeometryIndex 64
   &ListStatus       OUT
   &SCF_ENERGY [&Type "Double"]      -8.7889666571081807e+02
$End
$DFT_Energy
   &GeometryIndex 64
   &ListStatus       OUT
   &NALPHAEL [&Type "Integer"] 70
   &NBETAEL [&Type "Integer"] 70
   &NTOTALEL [&Type "Integer"] 139
   &EEXCHANGE [&Type "Double"]      -9.3725645631329598e+01
   &ECORR [&Type "Double"]      -6.1589243399015228e+00
   &ECNL [&Type "Double"]       0.0000000000000000e+00
   &EXC [&Type "Double"]      -9.9884569971231116e+01
   &EEMBED [&Type "Double"]       0.0000000000000000e+00
   &FINALEN [&Type "Double"]      -8.7889666571081807e+02  "No Van der Waals correction"
$End
$Solvation_Details
   &GeometryIndex 64
   &ListStatus       OUT
   &SOLVENT [&Type "String"] "WATER"
   &EPSILON [&Type "Double"]       8.0150999999999996e+01
   &REFRAC [&Type "Double"]       1.3328000000000000e+00
   &RSOLV [&Type "Double"]       1.3000000000000000e+00
   &SURFACETYPE [&Type "String"] "GAUSSIAN VDW"
   &NPOINTS [&Type "Integer"] 3070
   &SURFACEAREA [&Type "Double"]       1.0853458399230001e+03
   &CPCMDIELENERGY [&Type "Double"]      -8.6891415000000000e-02
$End
$CIS_Absorption_Spectrum
   &GeometryIndex 64
   &ListStatus       OUT
   &TEMPERATURE [&Type "Double"]       2.9814999999999998e+02
   &METHOD [&Type "Integer"] 20
   &RELCORRECTION [&Type "Integer"] 1 "Type of relativistic treatment in QDPT. 0->Unknow, 1->None, 2->SOC, 3->SSC, 4->SOC/SSC"
   &DENSTYPE [&Type "Integer"] 3 "Type of density (electron/spin ...). 0->Unknow, 1->Electronic, 2->Spin, 3->Trans/Electronic, 4->Tran/Spin"
   &DERITYPE [&Type "Integer"] 0 "Type of derivative (w.r.t. to what perturbation). 0->Unknown, 1->No Derivative, 2->Electric/Dipole, 3->Electric/Quad, 4->Magnetic/Dipole, 5->Magnetic/Quad"
   &DENSLEVEL [&Type "Integer"] 0 "// Source of density: relaxed, unrelaxed, ... 0->Unknown, 1->Linearized, 2->Unrelaxed, 3->Relaxed"
   &REPRESENTATION [&Type "String"] "Length" "Possible values: Unknown,  Length, Velocity"
   &POINTGROUP [&Type "String"] "C1"
   &NTRANS [&Type "Integer"] 3
   &DOHIGHERMOMENTS [&Type "Boolean"] false
   &STATES [&Type "ArrayOfIntegers", &Dim (3,4)] "The initial and Final states. Col1: Initial State  Col2: Initial Irrep Col3: Final State Col4: Final Irrep"
                                                         0                           1                           2                           3

0                                                        0                           0                           1                           0
1                                                        0                           0                           2                           0
2                                                        0                           0                           3                           0
   &MULTIPLICITIES [&Type "ArrayOfDoubles", &Dim (3,2)] "Col1: Multiplicity of the initial state  Col2: Multiplicity of the final state"
                                                         0                           1

0                                      1.0000000000000000e+00         1.0000000000000000e+00
1                                      1.0000000000000000e+00         1.0000000000000000e+00
2                                      1.0000000000000000e+00         1.0000000000000000e+00
   &EXCITATIONENERGIES [&Type "ArrayOfDoubles", &Dim (3,11)] 
                                                         0                           1                           2                           3                           4                           5                           6                           7

0                                      3.3576722356637867e+00         2.7081455775887123e+04         3.6925636800159879e+02         2.3897320622296012e-01         2.9050445131854929e+00        -1.4482293744260473e+00         0.0000000000000000e+00        -8.9269002682515952e-01
1                                      3.8220491399968117e+00         3.0826908492939481e+04         3.2439191890715784e+02         3.3206247981252043e-03         3.5462179265469060e-02        -1.2293311739121499e-01         0.0000000000000000e+00        -1.3709172740254391e-01
2                                      3.9483948836165581e+00         3.1845955745963955e+04         3.1401161515673351e+02         1.2768896014460412e-02         1.3200021855183211e-01         2.8799542300203290e-01         0.0000000000000000e+00         2.0684927215204579e-01
                                                         8                           9                          10

0                                      0.0000000000000000e+00        -1.0383018945339842e-01         0.0000000000000000e+00
1                                      0.0000000000000000e+00        -3.9439652530586643e-02         0.0000000000000000e+00
2                                      0.0000000000000000e+00         7.9197433619285579e-02         0.0000000000000000e+00
$End
$Geometry
   &GeometryIndex 65
   &ListStatus       OUT
   &NATOMS [&Type "Integer"] 35
   &NCORELESSECP [&Type "Integer"] 0
   &NGHOSTATOMS [&Type "Integer"] 0
   &CartesianCoordinates [&Type "Coordinates", &Dim(35,4), &Units "Bohr"] 
              C     -3.138314925400   -3.704368402519   -0.760354960040
              C     -2.290397239927   -5.644214520345   -2.340312945135
              C      0.154462473939   -5.636420040819   -3.223060234259
              C     -1.538722186676   -1.767062862404   -0.090732198775
              C      1.002232930868   -1.696245911356   -0.930649756714
              O     -2.382291714254    0.089424374083    1.561930782346
              C      1.833299453833   -3.694784948844   -2.540768301887
              C      4.370382722153   -3.726253135396   -3.477739280713
              C      6.047134024731   -1.891690409002   -2.882931459190
              C      2.827413644933    0.217728622954   -0.293389660041
              C      5.318635848845    0.138116517251   -1.263481527934
              N      2.250951693197    2.173881856054    1.276853075664
              C      3.852024804348    4.009413577044    1.926744374285
              C      6.294595897117    4.007029700891    0.994151871532
              C      7.015344639633    2.065646043925   -0.590537424812
              C     -4.547082279097    1.478445647358    0.900384379191
              O     -5.330379310034    1.517869121170   -1.256627223230
              N     -5.482235354992    2.723023094307    2.893293429023
              C     -7.567843648706    4.489508866956    2.513960784993
              C     -4.569145933245    2.489898289085    5.489839653876
              H     -3.319100281538    0.879926665944    5.682256794390
              H     -6.191353908261    2.230467076562    6.734801216253
              H     -3.573044974742    4.207183632367    6.054662184575
              H     -7.965141711288    4.673993523718    0.511965796240
              H     -7.050861142349    6.330776207572    3.285952646134
              H     -9.253739661635    3.809805567106    3.490048571003
              H      0.825133079105   -7.129484399184   -4.448730806697
              H     -5.054961753778   -3.709622935309   -0.053730276220
              H     -3.572472075969   -7.151283960921   -2.855444676010
              H      4.916717823538   -5.274856376573   -4.697601842274
              H      7.960133094114   -1.922159105342   -3.603882100298
              H      3.123599757428    5.435171824859    3.192077017423
              H      7.582466401036    5.498427201892    1.522907346869
              H      8.918050606373    2.001740611961   -1.340584976481
              H      0.473688852772    2.197808408797    2.004454035222
$End
$SCF_Energy
   &GeometryIndex 65
   &ListStatus       OUT
   &SCF_ENERGY [&Type "Double"]      -8.7889666536465847e+02
$End
$DFT_Energy
   &GeometryIndex 65
   &ListStatus       OUT
   &NALPHAEL [&Type "Integer"] 70
   &NBETAEL [&Type "Integer"] 70
   &NTOTALEL [&Type "Integer"] 139
   &EEXCHANGE [&Type "Double"]      -9.3725501220501783e+01
   &ECORR [&Type "Double"]      -6.1589179869848927e+00
   &ECNL [&Type "Double"]       0.0000000000000000e+00
   &EXC [&Type "Double"]      -9.9884419207486673e+01
   &EEMBED [&Type "Double"]       0.0000000000000000e+00
   &FINALEN [&Type "Double"]      -8.7889666536465847e+02  "No Van der Waals correction"
$End
$Solvation_Details
   &GeometryIndex 65
   &ListStatus       OUT
   &SOLVENT [&Type "String"] "WATER"
   &EPSILON [&Type "Double"]       8.0150999999999996e+01
   &REFRAC [&Type "Double"]       1.3328000000000000e+00
   &RSOLV [&Type "Double"]       1.3000000000000000e+00
   &SURFACETYPE [&Type "String"] "GAUSSIAN VDW"
   &NPOINTS [&Type "Integer"] 3070
   &SURFACEAREA [&Type "Double"]       1.0853541145120000e+03
   &CPCMDIELENERGY [&Type "Double"]      -8.6885212000000003e-02
$End
$CIS_Absorption_Spectrum
   &GeometryIndex 65
   &ListStatus       OUT
   &TEMPERATURE [&Type "Double"]       2.9814999999999998e+02
   &METHOD [&Type "Integer"] 20
   &RELCORRECTION [&Type "Integer"] 1 "Type of relativistic treatment in QDPT. 0->Unknow, 1->None, 2->SOC, 3->SSC, 4->SOC/SSC"
   &DENSTYPE [&Type "Integer"] 3 "Type of density (electron/spin ...). 0->Unknow, 1->Electronic, 2->Spin, 3->Trans/Electronic, 4->Tran/Spin"
   &DERITYPE [&Type "Integer"] 0 "Type of derivative (w.r.t. to what perturbation). 0->Unknown, 1->No Derivative, 2->Electric/Dipole, 3->Electric/Quad, 4->Magnetic/Dipole, 5->Magnetic/Quad"
   &DENSLEVEL [&Type "Integer"] 0 "// Source of density: relaxed, unrelaxed, ... 0->Unknown, 1->Linearized, 2->Unrelaxed, 3->Relaxed"
   &REPRESENTATION [&Type "String"] "Length" "Possible values: Unknown,  Length, Velocity"
   &POINTGROUP [&Type "String"] "C1"
   &NTRANS [&Type "Integer"] 3
   &DOHIGHERMOMENTS [&Type "Boolean"] false
   &STATES [&Type "ArrayOfIntegers", &Dim (3,4)] "The initial and Final states. Col1: Initial State  Col2: Initial Irrep Col3: Final State Col4: Final Irrep"
                                                         0                           1                           2                           3

0                                                        0                           0                           1                           0
1                                                        0                           0                           2                           0
2                                                        0                           0                           3                           0
   &MULTIPLICITIES [&Type "ArrayOfDoubles", &Dim (3,2)] "Col1: Multiplicity of the initial state  Col2: Multiplicity of the final state"
                                                         0                           1

0                                      1.0000000000000000e+00         1.0000000000000000e+00
1                                      1.0000000000000000e+00         1.0000000000000000e+00
2                                      1.0000000000000000e+00         1.0000000000000000e+00
   &EXCITATIONENERGIES [&Type "ArrayOfDoubles", &Dim (3,11)] 
                                                         0                           1                           2                           3                           4                           5                           6                           7

0                                      3.3565219031271964e+00         2.7072177717300481e+04         3.6938291793236482e+02         2.3896572754442474e-01         2.9059491726895779e+00        -1.4487596065976944e+00         0.0000000000000000e+00        -8.9238349510379877e-01
1                                      3.8210723424322230e+00         3.0819030088440544e+04         3.2447484464317233e+02         3.3261654829694807e-03         3.5530430765666983e-02        -1.2293369327325128e-01         0.0000000000000000e+00        -1.3729846218245054e-01
2                                      3.9475731274785795e+00         3.1839327835034219e+04         3.1407698214648104e+02         1.2822907740690894e-02         1.3258616657633826e-01         2.8821422459370066e-01         0.0000000000000000e+00         2.0776040786651243e-01
                                                         8                           9                          10

0                                      0.0000000000000000e+00        -1.0342375281723293e-01         0.0000000000000000e+00
1                                      0.0000000000000000e+00        -3.9583710111602180e-02         0.0000000000000000e+00
2                                      0.0000000000000000e+00         7.9714115696848303e-02         0.0000000000000000e+00
$End
$Geometry
   &GeometryIndex 66
   &ListStatus       OUT
   &NATOMS [&Type "Integer"] 35
   &NCORELESSECP [&Type "Integer"] 0
   &NGHOSTATOMS [&Type "Integer"] 0
   &CartesianCoordinates [&Type "Coordinates", &Dim(35,4), &Units "Bohr"] 
              C     -3.138245437081   -3.704262575502   -0.760312922383
              C     -2.290186239597   -5.644198443760   -2.340379805893
              C      0.154277255835   -5.636507485080   -3.223050662687
              C     -1.538923139146   -1.767318194854   -0.090840067068
              C      1.002344630690   -1.696242833797   -0.930683299514
              O     -2.382272888308    0.089458110275    1.561972504356
              C      1.833133663759   -3.694577326254   -2.540569950685
              C      4.370436393556   -3.726381562455   -3.477843055914
              C      6.047199572119   -1.891656233293   -2.882933880636
              C      2.827622576144    0.217407939177   -0.293688187550
              C      5.318540134553    0.138238213727   -1.263365854127
              N      2.251040855178    2.174201685414    1.277040589172
              C      3.851727782109    4.009239226339    1.926739698381
              C      6.294664668178    4.006863137509    0.994012909424
              C      7.015344863264    2.065892894067   -0.590373280151
              C     -4.547084749898    1.478447950889    0.900415779016
              O     -5.330392884428    1.517864492842   -1.256689799512
              N     -5.482244823027    2.723056034049    2.893395662315
              C     -7.567838476805    4.489489904027    2.513904132448
              C     -4.569129180350    2.489870327498    5.489788333756
              H     -3.319080911739    0.879924353873    5.682371504261
              H     -6.191373076397    2.230587964114    6.734744074912
              H     -3.573173454775    4.207228256667    6.054673729760
              H     -7.965248774255    4.674121915862    0.511949363030
              H     -7.050852144008    6.330680626390    3.286089211144
              H     -9.253645912193    3.809851716405    3.490198782467
              H      0.825291506025   -7.129391255496   -4.448734729329
              H     -5.054818814327   -3.709233051175   -0.053530535880
              H     -3.572593838743   -7.151055361036   -2.855241439657
              H      4.917395739564   -5.274737872820   -4.697771720136
              H      7.960075957309   -1.922722720837   -3.604230874831
              H      3.123389903193    5.435062592956    3.192067351301
              H      7.582555082523    5.498227219468    1.522737505706
              H      8.917674373877    2.000573910051   -1.341212584727
              H      0.473947161767    2.198679506217    2.004961567192
$End
$SCF_Energy
   &GeometryIndex 66
   &ListStatus       OUT
   &SCF_ENERGY [&Type "Double"]      -8.7889666544036129e+02
$End
$DFT_Energy
   &GeometryIndex 66
   &ListStatus       OUT
   &NALPHAEL [&Type "Integer"] 70
   &NBETAEL [&Type "Integer"] 70
   &NTOTALEL [&Type "Integer"] 139
   &EEXCHANGE [&Type "Double"]      -9.3725606676610838e+01
   &ECORR [&Type "Double"]      -6.1589194628238912e+00
   &ECNL [&Type "Double"]       0.0000000000000000e+00
   &EXC [&Type "Double"]      -9.9884526139434726e+01
   &EEMBED [&Type "Double"]       0.0000000000000000e+00
   &FINALEN [&Type "Double"]      -8.7889666544036129e+02  "No Van der Waals correction"
$End
$Solvation_Details
   &GeometryIndex 66
   &ListStatus       OUT
   &SOLVENT [&Type "String"] "WATER"
   &EPSILON [&Type "Double"]       8.0150999999999996e+01
   &REFRAC [&Type "Double"]       1.3328000000000000e+00
   &RSOLV [&Type "Double"]       1.3000000000000000e+00
   &SURFACETYPE [&Type "String"] "GAUSSIAN VDW"
   &NPOINTS [&Type "Integer"] 3070
   &SURFACEAREA [&Type "Double"]       1.0853519672760001e+03
   &CPCMDIELENERGY [&Type "Double"]      -8.6895054999999999e-02
$End
$CIS_Absorption_Spectrum
   &GeometryIndex 66
   &ListStatus       OUT
   &TEMPERATURE [&Type "Double"]       2.9814999999999998e+02
   &METHOD [&Type "Integer"] 20
   &RELCORRECTION [&Type "Integer"] 1 "Type of relativistic treatment in QDPT. 0->Unknow, 1->None, 2->SOC, 3->SSC, 4->SOC/SSC"
   &DENSTYPE [&Type "Integer"] 3 "Type of density (electron/spin ...). 0->Unknow, 1->Electronic, 2->Spin, 3->Trans/Electronic, 4->Tran/Spin"
   &DERITYPE [&Type "Integer"] 0 "Type of derivative (w.r.t. to what perturbation). 0->Unknown, 1->No Derivative, 2->Electric/Dipole, 3->Electric/Quad, 4->Magnetic/Dipole, 5->Magnetic/Quad"
   &DENSLEVEL [&Type "Integer"] 0 "// Source of density: relaxed, unrelaxed, ... 0->Unknown, 1->Linearized, 2->Unrelaxed, 3->Relaxed"
   &REPRESENTATION [&Type "String"] "Length" "Possible values: Unknown,  Length, Velocity"
   &POINTGROUP [&Type "String"] "C1"
   &NTRANS [&Type "Integer"] 3
   &DOHIGHERMOMENTS [&Type "Boolean"] false
   &STATES [&Type "ArrayOfIntegers", &Dim (3,4)] "The initial and Final states. Col1: Initial State  Col2: Initial Irrep Col3: Final State Col4: Final Irrep"
                                                         0                           1                           2                           3

0                                                        0                           0                           1                           0
1                                                        0                           0                           2                           0
2                                                        0                           0                           3                           0
   &MULTIPLICITIES [&Type "ArrayOfDoubles", &Dim (3,2)] "Col1: Multiplicity of the initial state  Col2: Multiplicity of the final state"
                                                         0                           1

0                                      1.0000000000000000e+00         1.0000000000000000e+00
1                                      1.0000000000000000e+00         1.0000000000000000e+00
2                                      1.0000000000000000e+00         1.0000000000000000e+00
   &EXCITATIONENERGIES [&Type "ArrayOfDoubles", &Dim (3,11)] 
                                                         0                           1                           2                           3                           4                           5                           6                           7

0                                      3.3568851551302279e+00         2.7075107542597638e+04         3.6934294662604248e+02         2.3865114190126893e-01         2.9018096037029766e+00        -1.4476613249823329e+00         0.0000000000000000e+00        -8.9184028516996627e-01
1                                      3.8216974784134008e+00         3.0824072150690805e+04         3.2442176851626294e+02         3.3650565042800604e-03         3.5939988663876411e-02        -1.2348335088905431e-01         0.0000000000000000e+00        -1.3817631075760861e-01
2                                      3.9481131924148247e+00         3.1843683752962028e+04         3.1403401935461761e+02         1.3017001706802566e-02         1.3457464625486443e-01         2.8953665682893032e-01         0.0000000000000000e+00         2.1023485310784054e-01
                                                         8                           9                          10

0                                      0.0000000000000000e+00        -1.0347558939830370e-01         0.0000000000000000e+00
1                                      0.0000000000000000e+00        -3.9989471895786229e-02         0.0000000000000000e+00
2                                      0.0000000000000000e+00         8.0897942779253537e-02         0.0000000000000000e+00
$End
$Geometry
   &GeometryIndex 67
   &ListStatus       OUT
   &NATOMS [&Type "Integer"] 35
   &NCORELESSECP [&Type "Integer"] 0
   &NGHOSTATOMS [&Type "Integer"] 0
   &CartesianCoordinates [&Type "Coordinates", &Dim(35,4), &Units "Bohr"] 
              C     -3.138268030462   -3.704548596987   -0.760487894851
              C     -2.290494210473   -5.644146701092   -2.340234143433
              C      0.154667756769   -5.636277298540   -3.223041015316
              C     -1.538733995582   -1.767117517154   -0.090758943192
              C      1.001925712018   -1.696229890682   -0.930531251281
              O     -2.382271534591    0.089442795482    1.561946117540
              C      1.833361325964   -3.694980172509   -2.540920465117
              C      4.370337557781   -3.726272721622   -3.477734982366
              C      6.047122407704   -1.891635054764   -2.882890343059
              C      2.827820012267    0.217572775716   -0.293647112728
              C      5.318696176533    0.138139909175   -1.263489192250
              N      2.250997252624    2.174254356633    1.277092953065
              C      3.851725507291    4.009153454976    1.926680891408
              C      6.294707603937    4.006918142920    0.994034169292
              C      7.015261272130    2.065836349625   -0.590380429926
              C     -4.547087631889    1.478452494407    0.900401327034
              O     -5.330386852652    1.517868350016   -1.256656059065
              N     -5.482237018553    2.723035512012    2.893340041175
              C     -7.567843288240    4.489501877773    2.513934971228
              C     -4.569137893881    2.489886983508    5.489816622528
              H     -3.319094174661    0.879923336168    5.682299624596
              H     -6.191367464995    2.230516171256    6.734765997694
              H     -3.573100065506    4.207205765367    6.054659694357
              H     -7.965189947662    4.674050027356    0.511957476247
              H     -7.050846628513    6.330730913239    3.286012829462
              H     -9.253695432128    3.809817936681    3.490114388094
              H      0.825005483443   -7.129508056769   -4.448690611379
              H     -5.054686229991   -3.708703726944   -0.053254420986
              H     -3.572763237550   -7.151095065054   -2.855217562968
              H      4.916295215760   -5.275035369211   -4.697568615027
              H      7.960124360053   -1.922088155685   -3.603835921185
              H      3.123143942943    5.434835031250    3.192009821271
              H      7.582538128593    5.498323769118    1.522808373752
              H      8.917598926042    2.000553908000   -1.341197806076
              H      0.473863407288    2.198612981213    2.004942916874
$End
$SCF_Energy
   &GeometryIndex 67
   &ListStatus       OUT
   &SCF_ENERGY [&Type "Double"]      -8.7889666573865725e+02
$End
$DFT_Energy
   &GeometryIndex 67
   &ListStatus       OUT
   &NALPHAEL [&Type "Integer"] 70
   &NBETAEL [&Type "Integer"] 70
   &NTOTALEL [&Type "Integer"] 139
   &EEXCHANGE [&Type "Double"]      -9.3725543035518044e+01
   &ECORR [&Type "Double"]      -6.1589227468575567e+00
   &ECNL [&Type "Double"]       0.0000000000000000e+00
   &EXC [&Type "Double"]      -9.9884465782375599e+01
   &EEMBED [&Type "Double"]       0.0000000000000000e+00
   &FINALEN [&Type "Double"]      -8.7889666573865725e+02  "No Van der Waals correction"
$End
$Solvation_Details
   &GeometryIndex 67
   &ListStatus       OUT
   &SOLVENT [&Type "String"] "WATER"
   &EPSILON [&Type "Double"]       8.0150999999999996e+01
   &REFRAC [&Type "Double"]       1.3328000000000000e+00
   &RSOLV [&Type "Double"]       1.3000000000000000e+00
   &SURFACETYPE [&Type "String"] "GAUSSIAN VDW"
   &NPOINTS [&Type "Integer"] 3070
   &SURFACEAREA [&Type "Double"]       1.0853439515120001e+03
   &CPCMDIELENERGY [&Type "Double"]      -8.6893798999999994e-02
$End
$CIS_Absorption_Spectrum
   &GeometryIndex 67
   &ListStatus       OUT
   &TEMPERATURE [&Type "Double"]       2.9814999999999998e+02
   &METHOD [&Type "Integer"] 20
   &RELCORRECTION [&Type "Integer"] 1 "Type of relativistic treatment in QDPT. 0->Unknow, 1->None, 2->SOC, 3->SSC, 4->SOC/SSC"
   &DENSTYPE [&Type "Integer"] 3 "Type of density (electron/spin ...). 0->Unknow, 1->Electronic, 2->Spin, 3->Trans/Electronic, 4->Tran/Spin"
   &DERITYPE [&Type "Integer"] 0 "Type of derivative (w.r.t. to what perturbation). 0->Unknown, 1->No Derivative, 2->Electric/Dipole, 3->Electric/Quad, 4->Magnetic/Dipole, 5->Magnetic/Quad"
   &DENSLEVEL [&Type "Integer"] 0 "// Source of density: relaxed, unrelaxed, ... 0->Unknown, 1->Linearized, 2->Unrelaxed, 3->Relaxed"
   &REPRESENTATION [&Type "String"] "Length" "Possible values: Unknown,  Length, Velocity"
   &POINTGROUP [&Type "String"] "C1"
   &NTRANS [&Type "Integer"] 3
   &DOHIGHERMOMENTS [&Type "Boolean"] false
   &STATES [&Type "ArrayOfIntegers", &Dim (3,4)] "The initial and Final states. Col1: Initial State  Col2: Initial Irrep Col3: Final State Col4: Final Irrep"
                                                         0                           1                           2                           3

0                                                        0                           0                           1                           0
1                                                        0                           0                           2                           0
2                                                        0                           0                           3                           0
   &MULTIPLICITIES [&Type "ArrayOfDoubles", &Dim (3,2)] "Col1: Multiplicity of the initial state  Col2: Multiplicity of the final state"
                                                         0                           1

0                                      1.0000000000000000e+00         1.0000000000000000e+00
1                                      1.0000000000000000e+00         1.0000000000000000e+00
2                                      1.0000000000000000e+00         1.0000000000000000e+00
   &EXCITATIONENERGIES [&Type "ArrayOfDoubles", &Dim (3,11)] 
                                                         0                           1                           2                           3                           4                           5                           6                           7

0                                      3.3572483498375112e+00         2.7078036905773370e+04         3.6930299027208571e+02         2.3881607404614974e-01         2.9035009071940241e+00        -1.4477046182136717e+00         0.0000000000000000e+00        -8.9265873851536182e-01
1                                      3.8212914800186528e+00         3.0820797552457043e+04         3.2445623715544622e+02         3.3220141571176165e-03         3.5484050887861371e-02        -1.2300618773797906e-01         0.0000000000000000e+00        -1.3710155244448186e-01
2                                      3.9477596448555889e+00         3.1840832199290879e+04         3.1406214314406981e+02         1.2772711752075361e-02         1.3206091092564062e-01         2.8805716371668516e-01         0.0000000000000000e+00         2.0689759605350014e-01
                                                         8                           9                          10

0                                      0.0000000000000000e+00        -1.0398375906358756e-01         0.0000000000000000e+00
1                                      0.0000000000000000e+00        -3.9454948781406547e-02         0.0000000000000000e+00
2                                      0.0000000000000000e+00         7.9229830899870901e-02         0.0000000000000000e+00
$End
$Geometry
   &GeometryIndex 68
   &ListStatus       OUT
   &NATOMS [&Type "Integer"] 35
   &NCORELESSECP [&Type "Integer"] 0
   &NGHOSTATOMS [&Type "Integer"] 0
   &CartesianCoordinates [&Type "Coordinates", &Dim(35,4), &Units "Bohr"] 
              C     -3.138137851751   -3.704300274416   -0.760374210203
              C     -2.290284456531   -5.644225767426   -2.340361971714
              C      0.154393417179   -5.636371482364   -3.223002822704
              C     -1.539091380466   -1.767219919239   -0.090716031718
              C      1.002118514336   -1.696550843409   -0.930806730867
              O     -2.382274531047    0.089437246774    1.561941357914
              C      1.833283335772   -3.694749849323   -2.540740036386
              C      4.370431662269   -3.726208832497   -3.477727763704
              C      6.047152204806   -1.891761038862   -2.882984670523
              C      2.827923090422    0.217898619115   -0.293462337726
              C      5.318340896040    0.138090494380   -1.263391446254
              N      2.251059231514    2.174234705423    1.277055401921
              C      3.851756245921    4.009155973995    1.926669813017
              C      6.294822969899    4.006901524548    0.993979100970
              C      7.015296043791    2.065803738160   -0.590414684745
              C     -4.547123430611    1.478472146434    0.900385517486
              O     -5.330368345044    1.517867802477   -1.256603300361
              N     -5.482177614194    2.722958919171    2.893231012939
              C     -7.567873319143    4.489538805120    2.513989452327
              C     -4.569167496743    2.489926678023    5.489876983762
              H     -3.319106569435    0.879942626146    5.682101720878
              H     -6.191381732881    2.230342666274    6.734786654363
              H     -3.572901167684    4.207143489458    6.054591258499
              H     -7.965088050868    4.673925100723    0.511965680406
              H     -7.050785366224    6.330820148468    3.285856644993
              H     -9.253790980253    3.809721965916    3.489945096653
              H      0.825254240213   -7.129331060046   -4.448678280902
              H     -5.054596871265   -3.708698338023   -0.053282514850
              H     -3.572722160978   -7.151066517684   -2.855203874794
              H      4.916797590709   -5.274797640970   -4.697590815482
              H      7.960103201147   -1.922420886726   -3.604047290601
              H      3.123011284654    5.434744915849    3.192001278486
              H      7.582244644009    5.498557832628    1.523080315714
              H      8.917899988129    2.001538686032   -1.340652093868
              H      0.473574821349    2.197411685356    2.004229962843
$End
$SCF_Energy
   &GeometryIndex 68
   &ListStatus       OUT
   &SCF_ENERGY [&Type "Double"]      -8.7889666548900402e+02
$End
$DFT_Energy
   &GeometryIndex 68
   &ListStatus       OUT
   &NALPHAEL [&Type "Integer"] 70
   &NBETAEL [&Type "Integer"] 70
   &NTOTALEL [&Type "Integer"] 139
   &EEXCHANGE [&Type "Double"]      -9.3725716956217909e+01
   &ECORR [&Type "Double"]      -6.1589304208422710e+00
   &ECNL [&Type "Double"]       0.0000000000000000e+00
   &EXC [&Type "Double"]      -9.9884647377060176e+01
   &EEMBED [&Type "Double"]       0.0000000000000000e+00
   &FINALEN [&Type "Double"]      -8.7889666548900402e+02  "No Van der Waals correction"
$End
$Solvation_Details
   &GeometryIndex 68
   &ListStatus       OUT
   &SOLVENT [&Type "String"] "WATER"
   &EPSILON [&Type "Double"]       8.0150999999999996e+01
   &REFRAC [&Type "Double"]       1.3328000000000000e+00
   &RSOLV [&Type "Double"]       1.3000000000000000e+00
   &SURFACETYPE [&Type "String"] "GAUSSIAN VDW"
   &NPOINTS [&Type "Integer"] 3070
   &SURFACEAREA [&Type "Double"]       1.0853446686750001e+03
   &CPCMDIELENERGY [&Type "Double"]      -8.6893221000000007e-02
$End
$CIS_Absorption_Spectrum
   &GeometryIndex 68
   &ListStatus       OUT
   &TEMPERATURE [&Type "Double"]       2.9814999999999998e+02
   &METHOD [&Type "Integer"] 20
   &RELCORRECTION [&Type "Integer"] 1 "Type of relativistic treatment in QDPT. 0->Unknow, 1->None, 2->SOC, 3->SSC, 4->SOC/SSC"
   &DENSTYPE [&Type "Integer"] 3 "Type of density (electron/spin ...). 0->Unknow, 1->Electronic, 2->Spin, 3->Trans/Electronic, 4->Tran/Spin"
   &DERITYPE [&Type "Integer"] 0 "Type of derivative (w.r.t. to what perturbation). 0->Unknown, 1->No Derivative, 2->Electric/Dipole, 3->Electric/Quad, 4->Magnetic/Dipole, 5->Magnetic/Quad"
   &DENSLEVEL [&Type "Integer"] 0 "// Source of density: relaxed, unrelaxed, ... 0->Unknown, 1->Linearized, 2->Unrelaxed, 3->Relaxed"
   &REPRESENTATION [&Type "String"] "Length" "Possible values: Unknown,  Length, Velocity"
   &POINTGROUP [&Type "String"] "C1"
   &NTRANS [&Type "Integer"] 3
   &DOHIGHERMOMENTS [&Type "Boolean"] false
   &STATES [&Type "ArrayOfIntegers", &Dim (3,4)] "The initial and Final states. Col1: Initial State  Col2: Initial Irrep Col3: Final State Col4: Final Irrep"
                                                         0                           1                           2                           3

0                                                        0                           0                           1                           0
1                                                        0                           0                           2                           0
2                                                        0                           0                           3                           0
   &MULTIPLICITIES [&Type "ArrayOfDoubles", &Dim (3,2)] "Col1: Multiplicity of the initial state  Col2: Multiplicity of the final state"
                                                         0                           1

0                                      1.0000000000000000e+00         1.0000000000000000e+00
1                                      1.0000000000000000e+00         1.0000000000000000e+00
2                                      1.0000000000000000e+00         1.0000000000000000e+00
   &EXCITATIONENERGIES [&Type "ArrayOfDoubles", &Dim (3,11)] 
                                                         0                           1                           2                           3                           4                           5                           6                           7

0                                      3.3578952902013750e+00         2.7083254832248596e+04         3.6923183944984299e+02         2.3881099130711553e-01         2.9028797280642462e+00        -1.4473227609363508e+00         0.0000000000000000e+00        -8.9289691786686842e-01
1                                      3.8231262711947109e+00         3.0835596142850900e+04         3.2430052442227412e+02         3.4133684602741209e-03         3.6442352908067063e-02        -1.2422362521131829e-01         0.0000000000000000e+00        -1.3917117475691598e-01
2                                      3.9487233316922081e+00         3.1848604858626266e+04         3.1398549620585584e+02         1.2876134171480707e-02         1.3309773598389210e-01         2.8805697878695352e-01         0.0000000000000000e+00         2.0889096905009427e-01
                                                         8                           9                          10

0                                      0.0000000000000000e+00        -1.0426719428310843e-01         0.0000000000000000e+00
1                                      0.0000000000000000e+00        -4.0524411953845083e-02         0.0000000000000000e+00
2                                      0.0000000000000000e+00         8.0532453118834321e-02         0.0000000000000000e+00
$End
$Geometry
   &GeometryIndex 69
   &ListStatus       OUT
   &NATOMS [&Type "Integer"] 35
   &NCORELESSECP [&Type "Integer"] 0
   &NGHOSTATOMS [&Type "Integer"] 0
   &CartesianCoordinates [&Type "Coordinates", &Dim(35,4), &Units "Bohr"] 
              C     -3.138159563836   -3.704251228668   -0.760335817794
              C     -2.290331894800   -5.644245301166   -2.340357417062
              C      0.154407501123   -5.636395150758   -3.223023789396
              C     -1.538987644358   -1.767184528679   -0.090727944999
              C      1.002060911599   -1.696487846755   -0.930746106051
              O     -2.382246852153    0.089412750662    1.561931273048
              C      1.833310448902   -3.694729954107   -2.540735806891
              C      4.370438671747   -3.726254771688   -3.477760819498
              C      6.047079310390   -1.891684609359   -2.882907416048
              C      2.827797038278    0.217816991454   -0.293472755309
              C      5.318694055346    0.138135961645   -1.263490524087
              N      2.250970703625    2.174136761030    1.277022680142
              C      3.851869899473    4.009220752453    1.926670368549
              C      6.294695360094    4.006980487698    0.994080835084
              C      7.015229829795    2.065684370252   -0.590470373055
              C     -4.546897638182    1.478288910955    0.900381686681
              O     -5.330443622303    1.517878567243   -1.256789854799
              N     -5.482414288966    2.723253543836    2.893609813091
              C     -7.567738418917    4.489381521666    2.513814379959
              C     -4.569088514698    2.489794495193    5.489608359802
              H     -3.319120143474    0.879885272870    5.683028058286
              H     -6.191034430031    2.230979335806    6.735105306681
              H     -3.573663908926    4.207270625354    6.055178112303
              H     -7.965420144903    4.674398591025    0.511961167765
              H     -7.051296366524    6.330588088713    3.286405331944
              H     -9.253544602361    3.810322826763    3.490570768329
              H      0.825232144862   -7.129378551926   -4.448701023105
              H     -5.054710550056   -3.709092155701   -0.053490401133
              H     -3.572602593774   -7.151192778165   -2.855331405503
              H      4.916611259399   -5.274926630921   -4.697606792702
              H      7.960073106136   -1.922151800814   -3.603857124906
              H      3.122932246192    5.434701109798    3.192010848672
              H      7.582388636273    5.498475994847    1.522968966556
              H      8.917762841867    2.001154241507   -1.340863317824
              H      0.473758382649    2.198216060867    2.004699880259
$End
$SCF_Energy
   &GeometryIndex 69
   &ListStatus       OUT
   &SCF_ENERGY [&Type "Double"]      -8.7889666569001895e+02
$End
$DFT_Energy
   &GeometryIndex 69
   &ListStatus       OUT
   &NALPHAEL [&Type "Integer"] 70
   &NBETAEL [&Type "Integer"] 70
   &NTOTALEL [&Type "Integer"] 139
   &EEXCHANGE [&Type "Double"]      -9.3725586701182095e+01
   &ECORR [&Type "Double"]      -6.1589238062049665e+00
   &ECNL [&Type "Double"]       0.0000000000000000e+00
   &EXC [&Type "Double"]      -9.9884510507387063e+01
   &EEMBED [&Type "Double"]       0.0000000000000000e+00
   &FINALEN [&Type "Double"]      -8.7889666569001895e+02  "No Van der Waals correction"
$End
$Solvation_Details
   &GeometryIndex 69
   &ListStatus       OUT
   &SOLVENT [&Type "String"] "WATER"
   &EPSILON [&Type "Double"]       8.0150999999999996e+01
   &REFRAC [&Type "Double"]       1.3328000000000000e+00
   &RSOLV [&Type "Double"]       1.3000000000000000e+00
   &SURFACETYPE [&Type "String"] "GAUSSIAN VDW"
   &NPOINTS [&Type "Integer"] 3070
   &SURFACEAREA [&Type "Double"]       1.0853428067150001e+03
   &CPCMDIELENERGY [&Type "Double"]      -8.6891675000000002e-02
$End
$CIS_Absorption_Spectrum
   &GeometryIndex 69
   &ListStatus       OUT
   &TEMPERATURE [&Type "Double"]       2.9814999999999998e+02
   &METHOD [&Type "Integer"] 20
   &RELCORRECTION [&Type "Integer"] 1 "Type of relativistic treatment in QDPT. 0->Unknow, 1->None, 2->SOC, 3->SSC, 4->SOC/SSC"
   &DENSTYPE [&Type "Integer"] 3 "Type of density (electron/spin ...). 0->Unknow, 1->Electronic, 2->Spin, 3->Trans/Electronic, 4->Tran/Spin"
   &DERITYPE [&Type "Integer"] 0 "Type of derivative (w.r.t. to what perturbation). 0->Unknown, 1->No Derivative, 2->Electric/Dipole, 3->Electric/Quad, 4->Magnetic/Dipole, 5->Magnetic/Quad"
   &DENSLEVEL [&Type "Integer"] 0 "// Source of density: relaxed, unrelaxed, ... 0->Unknown, 1->Linearized, 2->Unrelaxed, 3->Relaxed"
   &REPRESENTATION [&Type "String"] "Length" "Possible values: Unknown,  Length, Velocity"
   &POINTGROUP [&Type "String"] "C1"
   &NTRANS [&Type "Integer"] 3
   &DOHIGHERMOMENTS [&Type "Boolean"] false
   &STATES [&Type "ArrayOfIntegers", &Dim (3,4)] "The initial and Final states. Col1: Initial State  Col2: Initial Irrep Col3: Final State Col4: Final Irrep"
                                                         0                           1                           2                           3

0                                                        0                           0                           1                           0
1                                                        0                           0                           2                           0
2                                                        0                           0                           3                           0
   &MULTIPLICITIES [&Type "ArrayOfDoubles", &Dim (3,2)] "Col1: Multiplicity of the initial state  Col2: Multiplicity of the final state"
                                                         0                           1

0                                      1.0000000000000000e+00         1.0000000000000000e+00
1                                      1.0000000000000000e+00         1.0000000000000000e+00
2                                      1.0000000000000000e+00         1.0000000000000000e+00
   &EXCITATIONENERGIES [&Type "ArrayOfDoubles", &Dim (3,11)] 
                                                         0                           1                           2                           3                           4                           5                           6                           7

0                                      3.3578254700705674e+00         2.7082691694856971e+04         3.6923951698268638e+02         2.3876269718045368e-01         2.9023530343547979e+00        -1.4477142953057236e+00         0.0000000000000000e+00        -8.9205037316659053e-01
1                                      3.8203705826202112e+00         3.0813370013251420e+04         3.2453444708253124e+02         3.2313952140256416e-03         3.4524425910065486e-02        -1.2084682228617886e-01         0.0000000000000000e+00        -1.3564273279475875e-01
2                                      3.9482657883481238e+00         3.1844914522295414e+04         3.1402188230082237e+02         1.2951351741700574e-02         1.3389075736683856e-01         2.8897667757941220e-01         0.0000000000000000e+00         2.0951801509440376e-01
                                                         8                           9                          10

0                                      0.0000000000000000e+00        -1.0354943387386120e-01         0.0000000000000000e+00
1                                      0.0000000000000000e+00        -3.9006672421111062e-02         0.0000000000000000e+00
2                                      0.0000000000000000e+00         8.0532220464260132e-02         0.0000000000000000e+00
$End
$Geometry
   &GeometryIndex 70
   &ListStatus       OUT
   &NATOMS [&Type "Integer"] 35
   &NCORELESSECP [&Type "Integer"] 0
   &NGHOSTATOMS [&Type "Integer"] 0
   &CartesianCoordinates [&Type "Coordinates", &Dim(35,4), &Units "Bohr"] 
              C     -3.138224111840   -3.704338013826   -0.760367208845
              C     -2.290318355537   -5.644241206130   -2.340359718069
              C      0.154490453709   -5.636384132800   -3.223046527968
              C     -1.538894661508   -1.767191785702   -0.090764552458
              C      1.002122792890   -1.696495277977   -0.930772666305
              O     -2.382278667638    0.089446744497    1.561958661693
              C      1.833224177069   -3.694639182930   -2.540645288530
              C      4.370425093571   -3.726274983629   -3.477769332318
              C      6.047070880736   -1.891738172638   -2.882939748458
              C      2.827744480317    0.217725154256   -0.293516752747
              C      5.318749443661    0.138181848052   -1.263479820536
              N      2.250959889175    2.174138458829    1.277027333085
              C      3.851902401278    4.009234522065    1.926667672609
              C      6.294623966947    4.006984997097    0.994111189875
              C      7.015245742073    2.065689549856   -0.590472889923
              C     -4.547117336237    1.478459580546    0.900361149937
              O     -5.330372082797    1.517865458050   -1.256625427483
              N     -5.482171949369    2.722983575188    2.893384991831
              C     -7.567675213767    4.489349255604    2.513986729937
              C     -4.569112755490    2.489884183971    5.489910304520
              H     -3.319148805470    0.879787710177    5.681670022569
              H     -6.191753633043    2.230529360984    6.734294915523
              H     -3.573170591313    4.207443292488    6.054114006479
              H     -7.966138038326    4.675059689216    0.512323462740
              H     -7.051843936419    6.331229256480    3.285368543756
              H     -9.254276186328    3.810619730018    3.489591604823
              H      0.824816514260   -7.129607577762   -4.448701781949
              H     -5.054731168287   -3.708933009711   -0.053382416200
              H     -3.572827848904   -7.151050076958   -2.855157605987
              H      4.916957589296   -5.274794880256   -4.697645689514
              H      7.960140663129   -1.921897016917   -3.603714434011
              H      3.122861139799    5.434659775631    3.192009424259
              H      7.582490984115    5.498372690358    1.522859273824
              H      8.917730020531    2.000964761665   -1.340978437336
              H      0.473869370295    2.198639550020    2.004965910806
$End
$SCF_Energy
   &GeometryIndex 70
   &ListStatus       OUT
   &SCF_ENERGY [&Type "Double"]      -8.7889666542887198e+02
$End
$DFT_Energy
   &GeometryIndex 70
   &ListStatus       OUT
   &NALPHAEL [&Type "Integer"] 70
   &NBETAEL [&Type "Integer"] 70
   &NTOTALEL [&Type "Integer"] 139
   &EEXCHANGE [&Type "Double"]      -9.3725682128220811e+01
   &ECORR [&Type "Double"]      -6.1589249193987792e+00
   &ECNL [&Type "Double"]       0.0000000000000000e+00
   &EXC [&Type "Double"]      -9.9884607047619596e+01
   &EEMBED [&Type "Double"]       0.0000000000000000e+00
   &FINALEN [&Type "Double"]      -8.7889666542887198e+02  "No Van der Waals correction"
$End
$Solvation_Details
   &GeometryIndex 70
   &ListStatus       OUT
   &SOLVENT [&Type "String"] "WATER"
   &EPSILON [&Type "Double"]       8.0150999999999996e+01
   &REFRAC [&Type "Double"]       1.3328000000000000e+00
   &RSOLV [&Type "Double"]       1.3000000000000000e+00
   &SURFACETYPE [&Type "String"] "GAUSSIAN VDW"
   &NPOINTS [&Type "Integer"] 3070
   &SURFACEAREA [&Type "Double"]       1.0853458639569999e+03
   &CPCMDIELENERGY [&Type "Double"]      -8.6891538000000004e-02
$End
$CIS_Absorption_Spectrum
   &GeometryIndex 70
   &ListStatus       OUT
   &TEMPERATURE [&Type "Double"]       2.9814999999999998e+02
   &METHOD [&Type "Integer"] 20
   &RELCORRECTION [&Type "Integer"] 1 "Type of relativistic treatment in QDPT. 0->Unknow, 1->None, 2->SOC, 3->SSC, 4->SOC/SSC"
   &DENSTYPE [&Type "Integer"] 3 "Type of density (electron/spin ...). 0->Unknow, 1->Electronic, 2->Spin, 3->Trans/Electronic, 4->Tran/Spin"
   &DERITYPE [&Type "Integer"] 0 "Type of derivative (w.r.t. to what perturbation). 0->Unknown, 1->No Derivative, 2->Electric/Dipole, 3->Electric/Quad, 4->Magnetic/Dipole, 5->Magnetic/Quad"
   &DENSLEVEL [&Type "Integer"] 0 "// Source of density: relaxed, unrelaxed, ... 0->Unknown, 1->Linearized, 2->Unrelaxed, 3->Relaxed"
   &REPRESENTATION [&Type "String"] "Length" "Possible values: Unknown,  Length, Velocity"
   &POINTGROUP [&Type "String"] "C1"
   &NTRANS [&Type "Integer"] 3
   &DOHIGHERMOMENTS [&Type "Boolean"] false
   &STATES [&Type "ArrayOfIntegers", &Dim (3,4)] "The initial and Final states. Col1: Initial State  Col2: Initial Irrep Col3: Final State Col4: Final Irrep"
                                                         0                           1                           2                           3

0                                                        0                           0                           1                           0
1                                                        0                           0                           2                           0
2                                                        0                           0                           3                           0
   &MULTIPLICITIES [&Type "ArrayOfDoubles", &Dim (3,2)] "Col1: Multiplicity of the initial state  Col2: Multiplicity of the final state"
                                                         0                           1

0                                      1.0000000000000000e+00         1.0000000000000000e+00
1                                      1.0000000000000000e+00         1.0000000000000000e+00
2                                      1.0000000000000000e+00         1.0000000000000000e+00
   &EXCITATIONENERGIES [&Type "ArrayOfDoubles", &Dim (3,11)] 
                                                         0                           1                           2                           3                           4                           5                           6                           7

0                                      3.3571388290888193e+00         2.7077153561270370e+04         3.6931503813249537e+02         2.3884668128907507e-01         2.9039677606088103e+00        -1.4482368484785724e+00         0.0000000000000000e+00        -8.9211707486228520e-01
1                                      3.8224998818628659e+00         3.0830543971644707e+04         3.2435366723328474e+02         3.3588126729443418e-03         3.5865771970040670e-02        -1.2365272658951179e-01         0.0000000000000000e+00        -1.3781470599274007e-01
2                                      3.9484386455194356e+00         3.1846308709551307e+04         3.1400813485805378e+02         1.2778369086493060e-02         1.3209668364754087e-01         2.8802661308441119e-01         0.0000000000000000e+00         2.0699429123474172e-01
                                                         8                           9                          10

0                                      0.0000000000000000e+00        -1.0346456425667100e-01         0.0000000000000000e+00
1                                      0.0000000000000000e+00        -3.9785449465284811e-02         0.0000000000000000e+00
2                                      0.0000000000000000e+00         7.9314041624990284e-02         0.0000000000000000e+00
$End
$Geometry
   &GeometryIndex 71
   &ListStatus       OUT
   &NATOMS [&Type "Integer"] 35
   &NCORELESSECP [&Type "Integer"] 0
   &NGHOSTATOMS [&Type "Integer"] 0
   &CartesianCoordinates [&Type "Coordinates", &Dim(35,4), &Units "Bohr"] 
              C     -3.138094940842   -3.704309493379   -0.760395264061
              C     -2.290223364210   -5.644131741110   -2.340322806037
              C      0.154201297319   -5.636405179084   -3.222955996666
              C     -1.539193285344   -1.767363505660   -0.090781179463
              C      1.002248356938   -1.696183243614   -0.930609628497
              O     -2.382244370819    0.089459497118    1.561966161509
              C      1.833384815690   -3.694994133353   -2.540935810992
              C      4.370272289130   -3.726355533928   -3.477766082472
              C      6.047209409625   -1.891479910614   -2.882820281329
              C      2.827562625078    0.217729431660   -0.293445356409
              C      5.318793897976    0.138102347110   -1.263550358320
              N      2.251026314481    2.174128281793    1.276995016420
              C      3.851843902395    4.009228404445    1.926686184165
              C      6.294688270443    4.006964994658    0.994073267976
              C      7.015225885465    2.065716930150   -0.590446633502
              C     -4.547075122472    1.478433325442    0.900391494935
              O     -5.330391176423    1.517869800818   -1.256668304731
              N     -5.482216291689    2.723022981521    2.893373508425
              C     -7.567767530812    4.489429469236    2.513950487926
              C     -4.569127636660    2.489881982395    5.489840374855
              H     -3.319123958901    0.879865013981    5.682083236026
              H     -6.191489499987    2.230547343871    6.734616444904
              H     -3.573164019359    4.207301203803    6.054483943210
              H     -7.965590851122    4.674499049852    0.512110906715
              H     -7.051317126082    6.330938064579    3.285766065196
              H     -9.253937883239    3.810211405516    3.489931326720
              H      0.826211438990   -7.128803563081   -4.448672280621
              H     -5.054517407890   -3.708606061012   -0.053252054358
              H     -3.572462634577   -7.151066508696   -2.855298243882
              H      4.916437298255   -5.275044869303   -4.697626335403
              H      7.960121119781   -1.922370480854   -3.604014892805
              H      3.123091055840    5.434812136699    3.192020327408
              H      7.582397364530    5.498448338981    1.522946136240
              H      8.917685793322    2.000913060312   -1.340998424705
              H      0.473758771626    2.198012789209    2.004573170844
$End
$SCF_Energy
   &GeometryIndex 71
   &ListStatus       OUT
   &SCF_ENERGY [&Type "Double"]      -8.7889666545364480e+02
$End
$DFT_Energy
   &GeometryIndex 71
   &ListStatus       OUT
   &NALPHAEL [&Type "Integer"] 70
   &NBETAEL [&Type "Integer"] 70
   &NTOTALEL [&Type "Integer"] 139
   &EEXCHANGE [&Type "Double"]      -9.3725700016141744e+01
   &ECORR [&Type "Double"]      -6.1589304721134175e+00
   &ECNL [&Type "Double"]       0.0000000000000000e+00
   &EXC [&Type "Double"]      -9.9884630488255155e+01
   &EEMBED [&Type "Double"]       0.0000000000000000e+00
   &FINALEN [&Type "Double"]      -8.7889666545364480e+02  "No Van der Waals correction"
$End
$Solvation_Details
   &GeometryIndex 71
   &ListStatus       OUT
   &SOLVENT [&Type "String"] "WATER"
   &EPSILON [&Type "Double"]       8.0150999999999996e+01
   &REFRAC [&Type "Double"]       1.3328000000000000e+00
   &RSOLV [&Type "Double"]       1.3000000000000000e+00
   &SURFACETYPE [&Type "String"] "GAUSSIAN VDW"
   &NPOINTS [&Type "Integer"] 3070
   &SURFACEAREA [&Type "Double"]       1.0853391509769999e+03
   &CPCMDIELENERGY [&Type "Double"]      -8.6891467000000000e-02
$End
$CIS_Absorption_Spectrum
   &GeometryIndex 71
   &ListStatus       OUT
   &TEMPERATURE [&Type "Double"]       2.9814999999999998e+02
   &METHOD [&Type "Integer"] 20
   &RELCORRECTION [&Type "Integer"] 1 "Type of relativistic treatment in QDPT. 0->Unknow, 1->None, 2->SOC, 3->SSC, 4->SOC/SSC"
   &DENSTYPE [&Type "Integer"] 3 "Type of density (electron/spin ...). 0->Unknow, 1->Electronic, 2->Spin, 3->Trans/Electronic, 4->Tran/Spin"
   &DERITYPE [&Type "Integer"] 0 "Type of derivative (w.r.t. to what perturbation). 0->Unknown, 1->No Derivative, 2->Electric/Dipole, 3->Electric/Quad, 4->Magnetic/Dipole, 5->Magnetic/Quad"
   &DENSLEVEL [&Type "Integer"] 0 "// Source of density: relaxed, unrelaxed, ... 0->Unknown, 1->Linearized, 2->Unrelaxed, 3->Relaxed"
   &REPRESENTATION [&Type "String"] "Length" "Possible values: Unknown,  Length, Velocity"
   &POINTGROUP [&Type "String"] "C1"
   &NTRANS [&Type "Integer"] 3
   &DOHIGHERMOMENTS [&Type "Boolean"] false
   &STATES [&Type "ArrayOfIntegers", &Dim (3,4)] "The initial and Final states. Col1: Initial State  Col2: Initial Irrep Col3: Final State Col4: Final Irrep"
                                                         0                           1                           2                           3

0                                                        0                           0                           1                           0
1                                                        0                           0                           2                           0
2                                                        0                           0                           3                           0
   &MULTIPLICITIES [&Type "ArrayOfDoubles", &Dim (3,2)] "Col1: Multiplicity of the initial state  Col2: Multiplicity of the final state"
                                                         0                           1

0                                      1.0000000000000000e+00         1.0000000000000000e+00
1                                      1.0000000000000000e+00         1.0000000000000000e+00
2                                      1.0000000000000000e+00         1.0000000000000000e+00
   &EXCITATIONENERGIES [&Type "ArrayOfDoubles", &Dim (3,11)] 
                                                         0                           1                           2                           3                           4                           5                           6                           7

0                                      3.3571818314794255e+00         2.7077500398977485e+04         3.6931030754883216e+02         2.3897178408918843e-01         2.9054515803962246e+00        -1.4485018590775760e+00         0.0000000000000000e+00        -8.9250409226278238e-01
1                                      3.8214237610519883e+00         3.0821864471055058e+04         3.2444500589479395e+02         3.3779502650319784e-03         3.6080282709583383e-02        -1.2351877685725329e-01         0.0000000000000000e+00        -1.3857410697404118e-01
2                                      3.9475446722589900e+00         3.1839098328186370e+04         3.1407924611819942e+02         1.2905110565777710e-02         1.3343708833463797e-01         2.8806957557398588e-01         0.0000000000000000e+00         2.0952773815100201e-01
                                                         8                           9                          10

0                                      0.0000000000000000e+00        -1.0358759548912051e-01         0.0000000000000000e+00
1                                      0.0000000000000000e+00        -4.0256817430324006e-02         0.0000000000000000e+00
2                                      0.0000000000000000e+00         8.0939081466166490e-02         0.0000000000000000e+00
$End
$Geometry
   &GeometryIndex 72
   &ListStatus       OUT
   &NATOMS [&Type "Integer"] 35
   &NCORELESSECP [&Type "Integer"] 0
   &NGHOSTATOMS [&Type "Integer"] 0
   &CartesianCoordinates [&Type "Coordinates", &Dim(35,4), &Units "Bohr"] 
              C     -3.138172237789   -3.704287423253   -0.760354964827
              C     -2.290344366560   -5.644152153456   -2.340292242128
              C      0.154351579588   -5.636480787170   -3.223060054989
              C     -1.538847708023   -1.767291240932   -0.090840780207
              C      1.002032753916   -1.696420449609   -0.930692272658
              O     -2.382286876203    0.089466188312    1.561969864432
              C      1.833193594494   -3.694661333321   -2.540648432133
              C      4.370636974228   -3.726307606549   -3.477867705605
              C      6.047024963749   -1.891482591844   -2.882753994684
              C      2.827769871548    0.217639078906   -0.293584376989
              C      5.318848606817    0.138159400127   -1.263531330669
              N      2.250903927251    2.174185632015    1.277081355436
              C      3.851962265592    4.009300391102    1.926689142590
              C      6.294765037543    4.006941992572    0.994028588865
              C      7.015125179993    2.065569823913   -0.590508416860
              C     -4.547088366541    1.478457514079    0.900430076281
              O     -5.330389872022    1.517867068975   -1.256669968816
              N     -5.482217346856    2.723017615450    2.893330891902
              C     -7.567878922986    4.489535939645    2.513930066585
              C     -4.569113966170    2.489882466787    5.489901201162
              H     -3.319115708100    0.879828458472    5.681834061243
              H     -6.191634732720    2.230560362757    6.734465158589
              H     -3.573152873742    4.207369937223    6.054328753079
              H     -7.965051065201    4.673861107092    0.511899154430
              H     -7.050719037325    6.330665219754    3.286128096601
              H     -9.253644074473    3.809733711308    3.490175281799
              H      0.825473736281   -7.129325453318   -4.448752618514
              H     -5.054722660797   -3.709178388150   -0.053535948207
              H     -3.572338245472   -7.151257253042   -2.855469746063
              H      4.915999180316   -5.275335444701   -4.697652082229
              H      7.959817538738   -1.922783402252   -3.604176334531
              H      3.122368274466    5.434442760421    3.192053215272
              H      7.581936758116    5.498745137746    1.523322848234
              H      8.917744356953    2.001425195925   -1.340677383462
              H      0.473737295642    2.198464959734    2.004896122353
$End
$SCF_Energy
   &GeometryIndex 72
   &ListStatus       OUT
   &SCF_ENERGY [&Type "Double"]      -8.7889666562411878e+02
$End
$DFT_Energy
   &GeometryIndex 72
   &ListStatus       OUT
   &NALPHAEL [&Type "Integer"] 70
   &NBETAEL [&Type "Integer"] 70
   &NTOTALEL [&Type "Integer"] 139
   &EEXCHANGE [&Type "Double"]      -9.3725661478104044e+01
   &ECORR [&Type "Double"]      -6.1589247897321346e+00
   &ECNL [&Type "Double"]       0.0000000000000000e+00
   &EXC [&Type "Double"]      -9.9884586267836184e+01
   &EEMBED [&Type "Double"]       0.0000000000000000e+00
   &FINALEN [&Type "Double"]      -8.7889666562411878e+02  "No Van der Waals correction"
$End
$Solvation_Details
   &GeometryIndex 72
   &ListStatus       OUT
   &SOLVENT [&Type "String"] "WATER"
   &EPSILON [&Type "Double"]       8.0150999999999996e+01
   &REFRAC [&Type "Double"]       1.3328000000000000e+00
   &RSOLV [&Type "Double"]       1.3000000000000000e+00
   &SURFACETYPE [&Type "String"] "GAUSSIAN VDW"
   &NPOINTS [&Type "Integer"] 3070
   &SURFACEAREA [&Type "Double"]       1.0853376037190001e+03
   &CPCMDIELENERGY [&Type "Double"]      -8.6889211999999993e-02
$End
$CIS_Absorption_Spectrum
   &GeometryIndex 72
   &ListStatus       OUT
   &TEMPERATURE [&Type "Double"]       2.9814999999999998e+02
   &METHOD [&Type "Integer"] 20
   &RELCORRECTION [&Type "Integer"] 1 "Type of relativistic treatment in QDPT. 0->Unknow, 1->None, 2->SOC, 3->SSC, 4->SOC/SSC"
   &DENSTYPE [&Type "Integer"] 3 "Type of density (electron/spin ...). 0->Unknow, 1->Electronic, 2->Spin, 3->Trans/Electronic, 4->Tran/Spin"
   &DERITYPE [&Type "Integer"] 0 "Type of derivative (w.r.t. to what perturbation). 0->Unknown, 1->No Derivative, 2->Electric/Dipole, 3->Electric/Quad, 4->Magnetic/Dipole, 5->Magnetic/Quad"
   &DENSLEVEL [&Type "Integer"] 0 "// Source of density: relaxed, unrelaxed, ... 0->Unknown, 1->Linearized, 2->Unrelaxed, 3->Relaxed"
   &REPRESENTATION [&Type "String"] "Length" "Possible values: Unknown,  Length, Velocity"
   &POINTGROUP [&Type "String"] "C1"
   &NTRANS [&Type "Integer"] 3
   &DOHIGHERMOMENTS [&Type "Boolean"] false
   &STATES [&Type "ArrayOfIntegers", &Dim (3,4)] "The initial and Final states. Col1: Initial State  Col2: Initial Irrep Col3: Final State Col4: Final Irrep"
                                                         0                           1                           2                           3

0                                                        0                           0                           1                           0
1                                                        0                           0                           2                           0
2                                                        0                           0                           3                           0
   &MULTIPLICITIES [&Type "ArrayOfDoubles", &Dim (3,2)] "Col1: Multiplicity of the initial state  Col2: Multiplicity of the final state"
                                                         0                           1

0                                      1.0000000000000000e+00         1.0000000000000000e+00
1                                      1.0000000000000000e+00         1.0000000000000000e+00
2                                      1.0000000000000000e+00         1.0000000000000000e+00
   &EXCITATIONENERGIES [&Type "ArrayOfDoubles", &Dim (3,11)] 
                                                         0                           1                           2                           3                           4                           5                           6                           7

0                                      3.3573485574081672e+00         2.7078845134421867e+04         3.6929196759902737e+02         2.3884404222800737e-01         2.9037542698081351e+00        -1.4480850857081788e+00         0.0000000000000000e+00        -8.9223085831036797e-01
1                                      3.8215970396694332e+00         3.0823262057503609e+04         3.2443029492933249e+02         3.2687627126974455e-03         3.4912454595106203e-02        -1.2199040230599478e-01         0.0000000000000000e+00        -1.3603713194157160e-01
2                                      3.9483550005047650e+00         3.1845634066939791e+04         3.1401478704992701e+02         1.2721535959611608e-02         1.3151195588654893e-01         2.8789836728404755e-01         0.0000000000000000e+00         2.0600877923402269e-01
                                                         8                           9                          10

0                                      0.0000000000000000e+00        -1.0357581685130861e-01         0.0000000000000000e+00
1                                      0.0000000000000000e+00        -3.9047343999806014e-02         0.0000000000000000e+00
2                                      0.0000000000000000e+00         7.8656651849899353e-02         0.0000000000000000e+00
$End
$Geometry
   &GeometryIndex 73
   &ListStatus       OUT
   &NATOMS [&Type "Integer"] 35
   &NCORELESSECP [&Type "Integer"] 0
   &NGHOSTATOMS [&Type "Integer"] 0
   &CartesianCoordinates [&Type "Coordinates", &Dim(35,4), &Units "Bohr"] 
              C     -3.138206071934   -3.704376288675   -0.760397816305
              C     -2.290278600713   -5.644186161020   -2.340338196101
              C      0.154410004323   -5.636396568480   -3.223025559646
              C     -1.538959001546   -1.767244321968   -0.090777409641
              C      1.002184720753   -1.696381402542   -0.930718638922
              O     -2.382261893999    0.089448991495    1.561963501361
              C      1.833207519818   -3.694731259285   -2.540699930533
              C      4.370441605688   -3.726319710150   -3.477804512522
              C      6.047106874291   -1.891596517443   -2.882859494947
              C      2.827690948244    0.217657007369   -0.293543637072
              C      5.318789311341    0.138184181067   -1.263493016774
              N      2.250947947315    2.174149916734    1.277040208487
              C      3.851932889215    4.009278328610    1.926685804974
              C      6.294686314118    4.006952873320    0.994065763328
              C      7.015196022973    2.065644598623   -0.590484365283
              C     -4.547196855214    1.478519604277    0.900340253332
              O     -5.330348518555    1.517859684117   -1.256576852950
              N     -5.482192207460    2.722972166990    2.893265279202
              C     -7.567790698857    4.489456762716    2.514011001070
              C     -4.569261997135    2.489945914741    5.489628737220
              H     -3.318853837949    0.880398018889    5.683534511789
              H     -6.190727750713    2.230118865225    6.735492006971
              H     -3.572459728878    4.206515290551    6.055485636835
              H     -7.965654055399    4.674595411398    0.512173522510
              H     -7.050860260303    6.331011300373    3.285324512243
              H     -9.253943778920    3.809681415658    3.489573130851
              H      0.825205055300   -7.129389062568   -4.448697127919
              H     -5.054660371762   -3.708739786697   -0.053286019453
              H     -3.572729915049   -7.151016592066   -2.855171465531
              H      4.916614482962   -5.275001243881   -4.697658009253
              H      7.960060198970   -1.922267456044   -3.603926957363
              H      3.122655416246    5.434584661999    3.192038326860
              H      7.582221989742    5.498536900273    1.523072643051
              H      8.917733308981    2.001153275139   -1.340854875304
              H      0.473805035528    2.198506006499    2.004890025879
$End
$SCF_Energy
   &GeometryIndex 73
   &ListStatus       OUT
   &SCF_ENERGY [&Type "Double"]      -8.7889666545312184e+02
$End
$DFT_Energy
   &GeometryIndex 73
   &ListStatus       OUT
   &NALPHAEL [&Type "Integer"] 70
   &NBETAEL [&Type "Integer"] 70
   &NTOTALEL [&Type "Integer"] 139
   &EEXCHANGE [&Type "Double"]      -9.3725666185761781e+01
   &ECORR [&Type "Double"]      -6.1589254043641608e+00
   &ECNL [&Type "Double"]       0.0000000000000000e+00
   &EXC [&Type "Double"]      -9.9884591590125936e+01
   &EEMBED [&Type "Double"]       0.0000000000000000e+00
   &FINALEN [&Type "Double"]      -8.7889666545312184e+02  "No Van der Waals correction"
$End
$Solvation_Details
   &GeometryIndex 73
   &ListStatus       OUT
   &SOLVENT [&Type "String"] "WATER"
   &EPSILON [&Type "Double"]       8.0150999999999996e+01
   &REFRAC [&Type "Double"]       1.3328000000000000e+00
   &RSOLV [&Type "Double"]       1.3000000000000000e+00
   &SURFACETYPE [&Type "String"] "GAUSSIAN VDW"
   &NPOINTS [&Type "Integer"] 3070
   &SURFACEAREA [&Type "Double"]       1.0853521571440001e+03
   &CPCMDIELENERGY [&Type "Double"]      -8.6886271000000001e-02
$End
$CIS_Absorption_Spectrum
   &GeometryIndex 73
   &ListStatus       OUT
   &TEMPERATURE [&Type "Double"]       2.9814999999999998e+02
   &METHOD [&Type "Integer"] 20
   &RELCORRECTION [&Type "Integer"] 1 "Type of relativistic treatment in QDPT. 0->Unknow, 1->None, 2->SOC, 3->SSC, 4->SOC/SSC"
   &DENSTYPE [&Type "Integer"] 3 "Type of density (electron/spin ...). 0->Unknow, 1->Electronic, 2->Spin, 3->Trans/Electronic, 4->Tran/Spin"
   &DERITYPE [&Type "Integer"] 0 "Type of derivative (w.r.t. to what perturbation). 0->Unknown, 1->No Derivative, 2->Electric/Dipole, 3->Electric/Quad, 4->Magnetic/Dipole, 5->Magnetic/Quad"
   &DENSLEVEL [&Type "Integer"] 0 "// Source of density: relaxed, unrelaxed, ... 0->Unknown, 1->Linearized, 2->Unrelaxed, 3->Relaxed"
   &REPRESENTATION [&Type "String"] "Length" "Possible values: Unknown,  Length, Velocity"
   &POINTGROUP [&Type "String"] "C1"
   &NTRANS [&Type "Integer"] 3
   &DOHIGHERMOMENTS [&Type "Boolean"] false
   &STATES [&Type "ArrayOfIntegers", &Dim (3,4)] "The initial and Final states. Col1: Initial State  Col2: Initial Irrep Col3: Final State Col4: Final Irrep"
                                                         0                           1                           2                           3

0                                                        0                           0                           1                           0
1                                                        0                           0                           2                           0
2                                                        0                           0                           3                           0
   &MULTIPLICITIES [&Type "ArrayOfDoubles", &Dim (3,2)] "Col1: Multiplicity of the initial state  Col2: Multiplicity of the final state"
                                                         0                           1

0                                      1.0000000000000000e+00         1.0000000000000000e+00
1                                      1.0000000000000000e+00         1.0000000000000000e+00
2                                      1.0000000000000000e+00         1.0000000000000000e+00
   &EXCITATIONENERGIES [&Type "ArrayOfDoubles", &Dim (3,11)] 
                                                         0                           1                           2                           3                           4                           5                           6                           7

0                                      3.3569355056045698e+00         2.7075513646603173e+04         3.6933740687333460e+02         2.3886023405611181e-01         2.9043084371428924e+00        -1.4483174104440011e+00         0.0000000000000000e+00        -8.9217598439502510e-01
1                                      3.8231862751672678e+00         3.0836080107578578e+04         3.2429543460494193e+02         3.4429531006541581e-03         3.6757632289059802e-02        -1.2523916212398381e-01         0.0000000000000000e+00        -1.3942584134186972e-01
2                                      3.9481920089277009e+00         3.1844319451076095e+04         3.1402775039245108e+02         1.2768824023128851e-02         1.3200625701896515e-01         2.8768345851813287e-01         0.0000000000000000e+00         2.0715366245568476e-01
                                                         8                           9                          10

0                                      0.0000000000000000e+00        -1.0347525605884370e-01         0.0000000000000000e+00
1                                      0.0000000000000000e+00        -4.0413108339424728e-02         0.0000000000000000e+00
2                                      0.0000000000000000e+00         7.9572890139840369e-02         0.0000000000000000e+00
$End
$Geometry
   &GeometryIndex 74
   &ListStatus       OUT
   &NATOMS [&Type "Integer"] 35
   &NCORELESSECP [&Type "Integer"] 0
   &NGHOSTATOMS [&Type "Integer"] 0
   &CartesianCoordinates [&Type "Coordinates", &Dim(35,4), &Units "Bohr"] 
              C     -3.138269543248   -3.704498942582   -0.760453775299
              C     -2.290175606218   -5.644243852722   -2.340413272765
              C      0.154499258694   -5.636270349463   -3.222974274323
              C     -1.539097275497   -1.767133559932   -0.090664361726
              C      1.002369566726   -1.696315155147   -0.930739552226
              O     -2.382249389602    0.089433472867    1.561942610529
              C      1.833130129068   -3.694851266915   -2.540751169872
              C      4.370336303837   -3.726345845000   -3.477783300173
              C      6.047198975160   -1.891625379226   -2.882912569606
              C      2.827690569619    0.217615952675   -0.293572770237
              C      5.318696144621    0.138273911011   -1.263398390945
              N      2.250906714142    2.174081203915    1.277009272619
              C      3.851975169733    4.009359526460    1.926725371244
              C      6.294729775248    4.006921084178    0.994027500372
              C      7.015184023898    2.065594175736   -0.590513561492
              C     -4.547041339600    1.478414591380    0.900397349212
              O     -5.330399019099    1.517870844885   -1.256676121644
              N     -5.482242489947    2.723050334021    2.893350373111
              C     -7.567873799726    4.489480976381    2.513920120488
              C     -4.569083889397    2.489909032909    5.489828160595
              H     -3.319684522240    0.879442769623    5.682273058625
              H     -6.191159247099    2.230233336147    6.734948897246
              H     -3.573549623784    4.207588846759    6.054375645222
              H     -7.964752733759    4.674271938593    0.511877494308
              H     -7.051059175219    6.330814892290    3.285920963119
              H     -9.253487843943    3.809862433890    3.490536686188
              H      0.824811793915   -7.129481310431   -4.448614685079
              H     -5.054600640840   -3.708193369068   -0.052958253911
              H     -3.573241412680   -7.150705059082   -2.854784924180
              H      4.916852472068   -5.274886064883   -4.697669993769
              H      7.960196299800   -1.922160672510   -3.603907144305
              H      3.122547906055    5.434596212743    3.192090415470
              H      7.582020696309    5.498651647711    1.523226908737
              H      8.917808115243    2.001452036127   -1.340683882165
              H      0.473819339212    2.198592558141    2.004934202471
$End
$SCF_Energy
   &GeometryIndex 74
   &ListStatus       OUT
   &SCF_ENERGY [&Type "Double"]      -8.7889666563826415e+02
$End
$DFT_Energy
   &GeometryIndex 74
   &ListStatus       OUT
   &NALPHAEL [&Type "Integer"] 70
   &NBETAEL [&Type "Integer"] 70
   &NTOTALEL [&Type "Integer"] 139
   &EEXCHANGE [&Type "Double"]      -9.3725585815802162e+01
   &ECORR [&Type "Double"]      -6.1589221823212084e+00
   &ECNL [&Type "Double"]       0.0000000000000000e+00
   &EXC [&Type "Double"]      -9.9884507998123368e+01
   &EEMBED [&Type "Double"]       0.0000000000000000e+00
   &FINALEN [&Type "Double"]      -8.7889666563826415e+02  "No Van der Waals correction"
$End
$Solvation_Details
   &GeometryIndex 74
   &ListStatus       OUT
   &SOLVENT [&Type "String"] "WATER"
   &EPSILON [&Type "Double"]       8.0150999999999996e+01
   &REFRAC [&Type "Double"]       1.3328000000000000e+00
   &RSOLV [&Type "Double"]       1.3000000000000000e+00
   &SURFACETYPE [&Type "String"] "GAUSSIAN VDW"
   &NPOINTS [&Type "Integer"] 3070
   &SURFACEAREA [&Type "Double"]       1.0853437019260000e+03
   &CPCMDIELENERGY [&Type "Double"]      -8.6892333000000002e-02
$End
$CIS_Absorption_Spectrum
   &GeometryIndex 74
   &ListStatus       OUT
   &TEMPERATURE [&Type "Double"]       2.9814999999999998e+02
   &METHOD [&Type "Integer"] 20
   &RELCORRECTION [&Type "Integer"] 1 "Type of relativistic treatment in QDPT. 0->Unknow, 1->None, 2->SOC, 3->SSC, 4->SOC/SSC"
   &DENSTYPE [&Type "Integer"] 3 "Type of density (electron/spin ...). 0->Unknow, 1->Electronic, 2->Spin, 3->Trans/Electronic, 4->Tran/Spin"
   &DERITYPE [&Type "Integer"] 0 "Type of derivative (w.r.t. to what perturbation). 0->Unknown, 1->No Derivative, 2->Electric/Dipole, 3->Electric/Quad, 4->Magnetic/Dipole, 5->Magnetic/Quad"
   &DENSLEVEL [&Type "Integer"] 0 "// Source of density: relaxed, unrelaxed, ... 0->Unknown, 1->Linearized, 2->Unrelaxed, 3->Relaxed"
   &REPRESENTATION [&Type "String"] "Length" "Possible values: Unknown,  Length, Velocity"
   &POINTGROUP [&Type "String"] "C1"
   &NTRANS [&Type "Integer"] 3
   &DOHIGHERMOMENTS [&Type "Boolean"] false
   &STATES [&Type "ArrayOfIntegers", &Dim (3,4)] "The initial and Final states. Col1: Initial State  Col2: Initial Irrep Col3: Final State Col4: Final Irrep"
                                                         0                           1                           2                           3

0                                                        0                           0                           1                           0
1                                                        0                           0                           2                           0
2                                                        0                           0                           3                           0
   &MULTIPLICITIES [&Type "ArrayOfDoubles", &Dim (3,2)] "Col1: Multiplicity of the initial state  Col2: Multiplicity of the final state"
                                                         0                           1

0                                      1.0000000000000000e+00         1.0000000000000000e+00
1                                      1.0000000000000000e+00         1.0000000000000000e+00
2                                      1.0000000000000000e+00         1.0000000000000000e+00
   &EXCITATIONENERGIES [&Type "ArrayOfDoubles", &Dim (3,11)] 
                                                         0                           1                           2                           3                           4                           5                           6                           7

0                                      3.3567831145244806e+00         2.7074284529522523e+04         3.6935417403535564e+02         2.3879334098942315e-01         2.9036268951579034e+00        -1.4483548769227566e+00         0.0000000000000000e+00        -8.9176688668189952e-01
1                                      3.8205961416286942e+00         3.0815189269535047e+04         3.2451528733222295e+02         3.3297153565839872e-03         3.5572784124043716e-02        -1.2281574208638964e-01         0.0000000000000000e+00        -1.3752739102701170e-01
2                                      3.9476650063221537e+00         3.1840068887961472e+04         3.1406967224813184e+02         1.3068378729750533e-02         1.3512114001396106e-01         2.8988117190926427e-01         0.0000000000000000e+00         2.1093183592815376e-01
                                                         8                           9                          10

0                                      0.0000000000000000e+00        -1.0318364923592524e-01         0.0000000000000000e+00
1                                      0.0000000000000000e+00        -3.9689977791837611e-02         0.0000000000000000e+00
2                                      0.0000000000000000e+00         8.1226884579251507e-02         0.0000000000000000e+00
$End
$Geometry
   &GeometryIndex 75
   &ListStatus       OUT
   &NATOMS [&Type "Integer"] 35
   &NCORELESSECP [&Type "Integer"] 0
   &NGHOSTATOMS [&Type "Integer"] 0
   &CartesianCoordinates [&Type "Coordinates", &Dim(35,4), &Units "Bohr"] 
              C     -3.138221788655   -3.704400062551   -0.760407975384
              C     -2.290239533884   -5.644228252045   -2.340379827462
              C      0.154447848194   -5.636334112178   -3.222997992284
              C     -1.539038460595   -1.767190383592   -0.090717824261
              C      1.002252079320   -1.696363714240   -0.930730694087
              O     -2.382257472362    0.089436932250    1.561949072577
              C      1.833212965787   -3.694796954415   -2.540745005887
              C      4.370355803267   -3.726318308074   -3.477772358688
              C      6.047152298392   -1.891649201421   -2.882911055206
              C      2.827693116962    0.217682476347   -0.293527277290
              C      5.318729010337    0.138209710422   -1.263453690590
              N      2.250946942738    2.174108296643    1.277011821610
              C      3.851921995643    4.009287973613    1.926696869969
              C      6.294682130014    4.006954415678    0.994068319399
              C      7.015216440954    2.065652636180   -0.590486525972
              C     -4.547066292155    1.478430840768    0.900397772393
              O     -5.330390508222    1.517869994258   -1.256669153426
              N     -5.482240846033    2.723047950273    2.893353509803
              C     -7.567758962821    4.489553824923    2.513899600258
              C     -4.569193906735    2.489827349075    5.489829047874
              H     -3.318204910821    0.880566227935    5.681984691527
              H     -6.191800287971    2.231216490965    6.734392791296
              H     -3.572643579100    4.206774681812    6.055040557412
              H     -7.966022215930    4.672989952513    0.512007539057
              H     -7.050817431236    6.330320707598    3.287046061772
              H     -9.254195064918    3.810405400131    3.489557056286
              H      0.825043531552   -7.129416883974   -4.448656554775
              H     -5.054639190872   -3.708558827359   -0.053176412687
              H     -3.572954506868   -7.150901995829   -2.855015840406
              H      4.916831971258   -5.274869994023   -4.697651486886
              H      7.960167286125   -1.922081628155   -3.603844547526
              H      3.122776165286    5.434666237246    3.192046870818
              H      7.582274313050    5.498506244354    1.523032255907
              H      8.917758682358    2.001172395000   -1.340851578788
              H      0.473832206698    2.198509176036    2.004886620617
$End
$SCF_Energy
   &GeometryIndex 75
   &ListStatus       OUT
   &SCF_ENERGY [&Type "Double"]      -8.7889666558136935e+02
$End
$DFT_Energy
   &GeometryIndex 75
   &ListStatus       OUT
   &NALPHAEL [&Type "Integer"] 70
   &NBETAEL [&Type "Integer"] 70
   &NTOTALEL [&Type "Integer"] 139
   &EEXCHANGE [&Type "Double"]      -9.3725621136044381e+01
   &ECORR [&Type "Double"]      -6.1589242361586214e+00
   &ECNL [&Type "Double"]       0.0000000000000000e+00
   &EXC [&Type "Double"]      -9.9884545372203007e+01
   &EEMBED [&Type "Double"]       0.0000000000000000e+00
   &FINALEN [&Type "Double"]      -8.7889666558136935e+02  "No Van der Waals correction"
$End
$Solvation_Details
   &GeometryIndex 75
   &ListStatus       OUT
   &SOLVENT [&Type "String"] "WATER"
   &EPSILON [&Type "Double"]       8.0150999999999996e+01
   &REFRAC [&Type "Double"]       1.3328000000000000e+00
   &RSOLV [&Type "Double"]       1.3000000000000000e+00
   &SURFACETYPE [&Type "String"] "GAUSSIAN VDW"
   &NPOINTS [&Type "Integer"] 3070
   &SURFACEAREA [&Type "Double"]       1.0853352247870000e+03
   &CPCMDIELENERGY [&Type "Double"]      -8.6894162999999996e-02
$End
$CIS_Absorption_Spectrum
   &GeometryIndex 75
   &ListStatus       OUT
   &TEMPERATURE [&Type "Double"]       2.9814999999999998e+02
   &METHOD [&Type "Integer"] 20
   &RELCORRECTION [&Type "Integer"] 1 "Type of relativistic treatment in QDPT. 0->Unknow, 1->None, 2->SOC, 3->SSC, 4->SOC/SSC"
   &DENSTYPE [&Type "Integer"] 3 "Type of density (electron/spin ...). 0->Unknow, 1->Electronic, 2->Spin, 3->Trans/Electronic, 4->Tran/Spin"
   &DERITYPE [&Type "Integer"] 0 "Type of derivative (w.r.t. to what perturbation). 0->Unknown, 1->No Derivative, 2->Electric/Dipole, 3->Electric/Quad, 4->Magnetic/Dipole, 5->Magnetic/Quad"
   &DENSLEVEL [&Type "Integer"] 0 "// Source of density: relaxed, unrelaxed, ... 0->Unknown, 1->Linearized, 2->Unrelaxed, 3->Relaxed"
   &REPRESENTATION [&Type "String"] "Length" "Possible values: Unknown,  Length, Velocity"
   &POINTGROUP [&Type "String"] "C1"
   &NTRANS [&Type "Integer"] 3
   &DOHIGHERMOMENTS [&Type "Boolean"] false
   &STATES [&Type "ArrayOfIntegers", &Dim (3,4)] "The initial and Final states. Col1: Initial State  Col2: Initial Irrep Col3: Final State Col4: Final Irrep"
                                                         0                           1                           2                           3

0                                                        0                           0                           1                           0
1                                                        0                           0                           2                           0
2                                                        0                           0                           3                           0
   &MULTIPLICITIES [&Type "ArrayOfDoubles", &Dim (3,2)] "Col1: Multiplicity of the initial state  Col2: Multiplicity of the final state"
                                                         0                           1

0                                      1.0000000000000000e+00         1.0000000000000000e+00
1                                      1.0000000000000000e+00         1.0000000000000000e+00
2                                      1.0000000000000000e+00         1.0000000000000000e+00
   &EXCITATIONENERGIES [&Type "ArrayOfDoubles", &Dim (3,11)] 
                                                         0                           1                           2                           3                           4                           5                           6                           7

0                                      3.3569434549153021e+00         2.7075577762124860e+04         3.6933653227480420e+02         2.3889640797739456e-01         2.9047413983860442e+00        -1.4484081796523927e+00         0.0000000000000000e+00        -8.9226805738669024e-01
1                                      3.8215679925825703e+00         3.0823027776923765e+04         3.2443276086869980e+02         3.3561710909428290e-03         3.5846303855734042e-02        -1.2336728951256652e-01         0.0000000000000000e+00        -1.3796762200814194e-01
2                                      3.9479036222631487e+00         3.1841993455518972e+04         3.1405068950753025e+02         1.2964803991497352e-02         1.3404212179687658e-01         2.8903546439802369e-01         0.0000000000000000e+00         2.0971799729472021e-01
                                                         8                           9                          10

0                                      0.0000000000000000e+00        -1.0350293362735342e-01         0.0000000000000000e+00
1                                      0.0000000000000000e+00        -3.9896754397759013e-02         0.0000000000000000e+00
2                                      0.0000000000000000e+00         8.0740223728864427e-02         0.0000000000000000e+00
$End
$Geometry
   &GeometryIndex 76
   &ListStatus       OUT
   &NATOMS [&Type "Integer"] 35
   &NCORELESSECP [&Type "Integer"] 0
   &NGHOSTATOMS [&Type "Integer"] 0
   &CartesianCoordinates [&Type "Coordinates", &Dim(35,4), &Units "Bohr"] 
              C     -3.138195261511   -3.704344671083   -0.760382136422
              C     -2.290276120307   -5.644218951367   -2.340360496440
              C      0.154419472948   -5.636370538890   -3.223011888232
              C     -1.539002973772   -1.767223330075   -0.090750511740
              C      1.002185609128   -1.696391544036   -0.930725979963
              O     -2.382266258722    0.089446343584    1.561954478530
              C      1.833257769117   -3.694765039562   -2.540739922335
              C      4.370369844559   -3.726302309349   -3.477766996536
              C      6.047124950800   -1.891662253489   -2.882909559302
              C      2.827695998596    0.217718515764   -0.293503147567
              C      5.318746994861    0.138174142410   -1.263484278508
              N      2.250968976034    2.174123204048    1.277013308964
              C      3.851893209234    4.009248823180    1.926681119109
              C      6.294655436122    4.006973162592    0.994091226834
              C      7.015234340499    2.065684058735   -0.590472175040
              C     -4.547065371072    1.478427317132    0.900405770063
              O     -5.330393594064    1.517870126416   -1.256670107760
              N     -5.482282014463    2.722998602818    2.893354310585
              C     -7.567921777259    4.489463422580    2.513962633443
              C     -4.569170791350    2.489789723671    5.489837075922
              H     -3.318101028729    0.880558764755    5.681571695966
              H     -6.191831097812    2.231773682357    6.734477895027
              H     -3.572978305791    4.206850114303    6.055381833015
              H     -7.964413465496    4.674969212676    0.511901628771
              H     -7.050855749903    6.331075814451    3.285129901125
              H     -9.253220980727    3.809249762032    3.490641409901
              H      0.825171834468   -7.129382515177   -4.448680646730
              H     -5.054661817008   -3.708767866359   -0.053301136398
              H     -3.572791539972   -7.151013698740   -2.855146681911
              H      4.916814599284   -5.274864251646   -4.697641078917
              H      7.960148362033   -1.922042508933   -3.603811920970
              H      3.122899935210    5.434703598115    3.192023094232
              H      7.582413400485    5.498426687746    1.522925550466
              H      8.917732239851    2.001020293125   -1.340942929707
              H      0.473839568731    2.198470791571    2.004863972952
$End
$SCF_Energy
   &GeometryIndex 76
   &ListStatus       OUT
   &SCF_ENERGY [&Type "Double"]      -8.7889666566587186e+02
$End
$DFT_Energy
   &GeometryIndex 76
   &ListStatus       OUT
   &NALPHAEL [&Type "Integer"] 70
   &NBETAEL [&Type "Integer"] 70
   &NTOTALEL [&Type "Integer"] 139
   &EEXCHANGE [&Type "Double"]      -9.3725638815516646e+01
   &ECORR [&Type "Double"]      -6.1589253611485617e+00
   &ECNL [&Type "Double"]       0.0000000000000000e+00
   &EXC [&Type "Double"]      -9.9884564176665208e+01
   &EEMBED [&Type "Double"]       0.0000000000000000e+00
   &FINALEN [&Type "Double"]      -8.7889666566587186e+02  "No Van der Waals correction"
$End
$Solvation_Details
   &GeometryIndex 76
   &ListStatus       OUT
   &SOLVENT [&Type "String"] "WATER"
   &EPSILON [&Type "Double"]       8.0150999999999996e+01
   &REFRAC [&Type "Double"]       1.3328000000000000e+00
   &RSOLV [&Type "Double"]       1.3000000000000000e+00
   &SURFACETYPE [&Type "String"] "GAUSSIAN VDW"
   &NPOINTS [&Type "Integer"] 3070
   &SURFACEAREA [&Type "Double"]       1.0853364502909999e+03
   &CPCMDIELENERGY [&Type "Double"]      -8.6895664999999997e-02
$End
$CIS_Absorption_Spectrum
   &GeometryIndex 76
   &ListStatus       OUT
   &TEMPERATURE [&Type "Double"]       2.9814999999999998e+02
   &METHOD [&Type "Integer"] 20
   &RELCORRECTION [&Type "Integer"] 1 "Type of relativistic treatment in QDPT. 0->Unknow, 1->None, 2->SOC, 3->SSC, 4->SOC/SSC"
   &DENSTYPE [&Type "Integer"] 3 "Type of density (electron/spin ...). 0->Unknow, 1->Electronic, 2->Spin, 3->Trans/Electronic, 4->Tran/Spin"
   &DERITYPE [&Type "Integer"] 0 "Type of derivative (w.r.t. to what perturbation). 0->Unknown, 1->No Derivative, 2->Electric/Dipole, 3->Electric/Quad, 4->Magnetic/Dipole, 5->Magnetic/Quad"
   &DENSLEVEL [&Type "Integer"] 0 "// Source of density: relaxed, unrelaxed, ... 0->Unknown, 1->Linearized, 2->Unrelaxed, 3->Relaxed"
   &REPRESENTATION [&Type "String"] "Length" "Possible values: Unknown,  Length, Velocity"
   &POINTGROUP [&Type "String"] "C1"
   &NTRANS [&Type "Integer"] 3
   &DOHIGHERMOMENTS [&Type "Boolean"] false
   &STATES [&Type "ArrayOfIntegers", &Dim (3,4)] "The initial and Final states. Col1: Initial State  Col2: Initial Irrep Col3: Final State Col4: Final Irrep"
                                                         0                           1                           2                           3

0                                                        0                           0                           1                           0
1                                                        0                           0                           2                           0
2                                                        0                           0                           3                           0
   &MULTIPLICITIES [&Type "ArrayOfDoubles", &Dim (3,2)] "Col1: Multiplicity of the initial state  Col2: Multiplicity of the final state"
                                                         0                           1

0                                      1.0000000000000000e+00         1.0000000000000000e+00
1                                      1.0000000000000000e+00         1.0000000000000000e+00
2                                      1.0000000000000000e+00         1.0000000000000000e+00
   &EXCITATIONENERGIES [&Type "ArrayOfDoubles", &Dim (3,11)] 
                                                         0                           1                           2                           3                           4                           5                           6                           7

0                                      3.3571360220781119e+00         2.7077130921199809e+04         3.6931534692882047e+02         2.3885679034034182e-01         2.9040930976135000e+00        -1.4482615081400785e+00         0.0000000000000000e+00        -8.9214758493827107e-01
1                                      3.8216478216942669e+00         3.0823671642198962e+04         3.2442598390224089e+02         3.3525160536599053e-03         3.5806517481646490e-02        -1.2329275413410688e-01         0.0000000000000000e+00        -1.3789985676986541e-01
2                                      3.9480400948679262e+00         3.1843094181424152e+04         3.1403983366143967e+02         1.2891883435138089e-02         1.3328359431721543e-01         2.8852262407368717e-01         0.0000000000000000e+00         2.0878295488708545e-01
                                                         8                           9                          10

0                                      0.0000000000000000e+00        -1.0346201400579762e-01         0.0000000000000000e+00
1                                      0.0000000000000000e+00        -3.9862811773929890e-02         0.0000000000000000e+00
2                                      0.0000000000000000e+00         8.0299237004260851e-02         0.0000000000000000e+00
$End
$Geometry
   &GeometryIndex 77
   &ListStatus       OUT
   &NATOMS [&Type "Integer"] 35
   &NCORELESSECP [&Type "Integer"] 0
   &NGHOSTATOMS [&Type "Integer"] 0
   &CartesianCoordinates [&Type "Coordinates", &Dim(35,4), &Units "Bohr"] 
              C     -3.138187731851   -3.704331038421   -0.760376352829
              C     -2.290286857889   -5.644212011405   -2.340352195286
              C      0.154407471510   -5.636385477883   -3.223017418200
              C     -1.538987994976   -1.767238605183   -0.090764110326
              C      1.002166088337   -1.696399716199   -0.930724785978
              O     -2.382272007863    0.089451386792    1.561959492506
              C      1.833269610516   -3.694750386553   -2.540734530068
              C      4.370376782464   -3.726299402134   -3.477767616498
              C      6.047115413016   -1.891662077566   -2.882905891900
              C      2.827692103082    0.217725188741   -0.293496962154
              C      5.318757758668    0.138161891702   -1.263496515794
              N      2.250977635572    2.174131747768    1.277016101302
              C      3.851886701256    4.009236652243    1.926675243331
              C      6.294645902459    4.006977636145    0.994097892385
              C      7.015239008384    2.065694793029   -0.590466676298
              C     -4.547074470902    1.478440549828    0.900407244353
              O     -5.330391780482    1.517867867909   -1.256675653912
              N     -5.482199285813    2.723033524958    2.893369109426
              C     -7.567848432168    4.489569108042    2.514020341782
              C     -4.569065632662    2.489828763923    5.489777882478
              H     -3.319500984367    0.879466114812    5.681704929128
              H     -6.191018362301    2.231370504649    6.735336913583
              H     -3.574225962615    4.207678801920    6.055192516474
              H     -7.966018053694    4.673947755426    0.512165918689
              H     -7.049808408014    6.330685529510    3.285552538591
              H     -9.254004886248    3.808996134652    3.489020342478
              H      0.825219216673   -7.129370372477   -4.448689835089
              H     -5.054666748765   -3.708826574326   -0.053335566284
              H     -3.572735261795   -7.151046924190   -2.855188490331
              H      4.916805314142   -5.274867559901   -4.697639785992
              H      7.960138488485   -1.922038723342   -3.603805750072
              H      3.122925152320    5.434706195129    3.192015508600
              H      7.582451973684    5.498402227135    1.522894130987
              H      8.917721008111    2.000966327177   -1.340974520098
              H      0.473836374333    2.198459268896    2.004850356335
$End
$SCF_Energy
   &GeometryIndex 77
   &ListStatus       OUT
   &SCF_ENERGY [&Type "Double"]      -8.7889666543094881e+02
$End
$DFT_Energy
   &GeometryIndex 77
   &ListStatus       OUT
   &NALPHAEL [&Type "Integer"] 70
   &NBETAEL [&Type "Integer"] 70
   &NTOTALEL [&Type "Integer"] 139
   &EEXCHANGE [&Type "Double"]      -9.3725642070727929e+01
   &ECORR [&Type "Double"]      -6.1589250853022586e+00
   &ECNL [&Type "Double"]       0.0000000000000000e+00
   &EXC [&Type "Double"]      -9.9884567156030187e+01
   &EEMBED [&Type "Double"]       0.0000000000000000e+00
   &FINALEN [&Type "Double"]      -8.7889666543094881e+02  "No Van der Waals correction"
$End
$Solvation_Details
   &GeometryIndex 77
   &ListStatus       OUT
   &SOLVENT [&Type "String"] "WATER"
   &EPSILON [&Type "Double"]       8.0150999999999996e+01
   &REFRAC [&Type "Double"]       1.3328000000000000e+00
   &RSOLV [&Type "Double"]       1.3000000000000000e+00
   &SURFACETYPE [&Type "String"] "GAUSSIAN VDW"
   &NPOINTS [&Type "Integer"] 3070
   &SURFACEAREA [&Type "Double"]       1.0853519391689999e+03
   &CPCMDIELENERGY [&Type "Double"]      -8.6889319000000007e-02
$End
$CIS_Absorption_Spectrum
   &GeometryIndex 77
   &ListStatus       OUT
   &TEMPERATURE [&Type "Double"]       2.9814999999999998e+02
   &METHOD [&Type "Integer"] 20
   &RELCORRECTION [&Type "Integer"] 1 "Type of relativistic treatment in QDPT. 0->Unknow, 1->None, 2->SOC, 3->SSC, 4->SOC/SSC"
   &DENSTYPE [&Type "Integer"] 3 "Type of density (electron/spin ...). 0->Unknow, 1->Electronic, 2->Spin, 3->Trans/Electronic, 4->Tran/Spin"
   &DERITYPE [&Type "Integer"] 0 "Type of derivative (w.r.t. to what perturbation). 0->Unknown, 1->No Derivative, 2->Electric/Dipole, 3->Electric/Quad, 4->Magnetic/Dipole, 5->Magnetic/Quad"
   &DENSLEVEL [&Type "Integer"] 0 "// Source of density: relaxed, unrelaxed, ... 0->Unknown, 1->Linearized, 2->Unrelaxed, 3->Relaxed"
   &REPRESENTATION [&Type "String"] "Length" "Possible values: Unknown,  Length, Velocity"
   &POINTGROUP [&Type "String"] "C1"
   &NTRANS [&Type "Integer"] 3
   &DOHIGHERMOMENTS [&Type "Boolean"] false
   &STATES [&Type "ArrayOfIntegers", &Dim (3,4)] "The initial and Final states. Col1: Initial State  Col2: Initial Irrep Col3: Final State Col4: Final Irrep"
                                                         0                           1                           2                           3

0                                                        0                           0                           1                           0
1                                                        0                           0                           2                           0
2                                                        0                           0                           3                           0
   &MULTIPLICITIES [&Type "ArrayOfDoubles", &Dim (3,2)] "Col1: Multiplicity of the initial state  Col2: Multiplicity of the final state"
                                                         0                           1

0                                      1.0000000000000000e+00         1.0000000000000000e+00
1                                      1.0000000000000000e+00         1.0000000000000000e+00
2                                      1.0000000000000000e+00         1.0000000000000000e+00
   &EXCITATIONENERGIES [&Type "ArrayOfDoubles", &Dim (3,11)] 
                                                         0                           1                           2                           3                           4                           5                           6                           7

0                                      3.3571403429439872e+00         2.7077165771337019e+04         3.6931487159507901e+02         2.3886158229176443e-01         2.9041476217696656e+00        -1.4482643813878537e+00         0.0000000000000000e+00        -8.9217263085631504e-01
1                                      3.8219012012406579e+00         3.0825715286276911e+04         3.2440447552085942e+02         3.3550945426837867e-03         3.5831681329666347e-02        -1.2338237519869111e-01         0.0000000000000000e+00        -1.3790981456435106e-01
2                                      3.9480997809156251e+00         3.1843575581914654e+04         3.1403508611261083e+02         1.2853188124129458e-02         1.3288153138200337e-01         2.8827685698149741e-01         0.0000000000000000e+00         2.0825859527615642e-01
                                                         8                           9                          10

0                                      0.0000000000000000e+00        -1.0346931972253560e-01         0.0000000000000000e+00
1                                      0.0000000000000000e+00        -3.9866701228243942e-02         0.0000000000000000e+00
2                                      0.0000000000000000e+00         8.0039631461387567e-02         0.0000000000000000e+00
$End
$Geometry
   &GeometryIndex 78
   &ListStatus       OUT
   &NATOMS [&Type "Integer"] 35
   &NCORELESSECP [&Type "Integer"] 0
   &NGHOSTATOMS [&Type "Integer"] 0
   &CartesianCoordinates [&Type "Coordinates", &Dim(35,4), &Units "Bohr"] 
              C     -3.138186289792   -3.704174330223   -0.760275821812
              C     -2.290314075927   -5.644298735558   -2.340399329351
              C      0.154451787165   -5.636366038080   -3.223021035464
              C     -1.538877198928   -1.767284641600   -0.090827489183
              C      1.002037827771   -1.696396412585   -0.930677515968
              O     -2.382286881871    0.089451673806    1.561959313316
              C      1.833408259183   -3.694712381889   -2.540759092868
              C      4.370114008536   -3.726423466146   -3.477753670424
              C      6.047195032370   -1.891681869016   -2.882948620796
              C      2.827576352157    0.217675455629   -0.293486456252
              C      5.318935101324    0.138287749032   -1.263477654475
              N      2.250985162806    2.174193082188    1.277055179888
              C      3.851965424075    4.009321525336    1.926702396562
              C      6.294795015199    4.006780646222    0.993907811442
              C      7.015106732696    2.065787976721   -0.590354305929
              C     -4.547090966522    1.478448873787    0.900398705460
              O     -5.330384219309    1.517867225114   -1.256653847633
              N     -5.482228151159    2.723027911335    2.893336319197
              C     -7.567849324092    4.489506916210    2.513938019927
              C     -4.569142859958    2.489890811535    5.489822061030
              H     -3.319091964262    0.879930059499    5.682281278492
              H     -6.191376756557    2.230488064006    6.734758114673
              H     -3.573069460642    4.207196802614    6.054637512529
              H     -7.965181513129    4.674043705040    0.511955983866
              H     -7.050824653811    6.330734502092    3.285997884375
              H     -9.253698468191    3.809796554637    3.490102005868
              H      0.825053293804   -7.129457534780   -4.448686962227
              H     -5.054793624075   -3.709289034796   -0.053584801085
              H     -3.572810906531   -7.151122292799   -2.855205674170
              H      4.917465291759   -5.274605778231   -4.697708665613
              H      7.960340681888   -1.921622214405   -3.603605204951
              H      3.122329407206    5.434440859474    3.192064697560
              H      7.581867438025    5.498617214603    1.523262310434
              H      8.917496124148    2.000809658333   -1.340995109100
              H      0.473598889647    2.197725490764    2.004438371456
$End
$SCF_Energy
   &GeometryIndex 78
   &ListStatus       OUT
   &SCF_ENERGY [&Type "Double"]      -8.7889666539726363e+02
$End
$DFT_Energy
   &GeometryIndex 78
   &ListStatus       OUT
   &NALPHAEL [&Type "Integer"] 70
   &NBETAEL [&Type "Integer"] 70
   &NTOTALEL [&Type "Integer"] 139
   &EEXCHANGE [&Type "Double"]      -9.3725662298579792e+01
   &ECORR [&Type "Double"]      -6.1589269425114548e+00
   &ECNL [&Type "Double"]       0.0000000000000000e+00
   &EXC [&Type "Double"]      -9.9884589241091248e+01
   &EEMBED [&Type "Double"]       0.0000000000000000e+00
   &FINALEN [&Type "Double"]      -8.7889666539726363e+02  "No Van der Waals correction"
$End
$Solvation_Details
   &GeometryIndex 78
   &ListStatus       OUT
   &SOLVENT [&Type "String"] "WATER"
   &EPSILON [&Type "Double"]       8.0150999999999996e+01
   &REFRAC [&Type "Double"]       1.3328000000000000e+00
   &RSOLV [&Type "Double"]       1.3000000000000000e+00
   &SURFACETYPE [&Type "String"] "GAUSSIAN VDW"
   &NPOINTS [&Type "Integer"] 3070
   &SURFACEAREA [&Type "Double"]       1.0853437196780001e+03
   &CPCMDIELENERGY [&Type "Double"]      -8.6891973999999997e-02
$End
$CIS_Absorption_Spectrum
   &GeometryIndex 78
   &ListStatus       OUT
   &TEMPERATURE [&Type "Double"]       2.9814999999999998e+02
   &METHOD [&Type "Integer"] 20
   &RELCORRECTION [&Type "Integer"] 1 "Type of relativistic treatment in QDPT. 0->Unknow, 1->None, 2->SOC, 3->SSC, 4->SOC/SSC"
   &DENSTYPE [&Type "Integer"] 3 "Type of density (electron/spin ...). 0->Unknow, 1->Electronic, 2->Spin, 3->Trans/Electronic, 4->Tran/Spin"
   &DERITYPE [&Type "Integer"] 0 "Type of derivative (w.r.t. to what perturbation). 0->Unknown, 1->No Derivative, 2->Electric/Dipole, 3->Electric/Quad, 4->Magnetic/Dipole, 5->Magnetic/Quad"
   &DENSLEVEL [&Type "Integer"] 0 "// Source of density: relaxed, unrelaxed, ... 0->Unknown, 1->Linearized, 2->Unrelaxed, 3->Relaxed"
   &REPRESENTATION [&Type "String"] "Length" "Possible values: Unknown,  Length, Velocity"
   &POINTGROUP [&Type "String"] "C1"
   &NTRANS [&Type "Integer"] 3
   &DOHIGHERMOMENTS [&Type "Boolean"] false
   &STATES [&Type "ArrayOfIntegers", &Dim (3,4)] "The initial and Final states. Col1: Initial State  Col2: Initial Irrep Col3: Final State Col4: Final Irrep"
                                                         0                           1                           2                           3

0                                                        0                           0                           1                           0
1                                                        0                           0                           2                           0
2                                                        0                           0                           3                           0
   &MULTIPLICITIES [&Type "ArrayOfDoubles", &Dim (3,2)] "Col1: Multiplicity of the initial state  Col2: Multiplicity of the final state"
                                                         0                           1

0                                      1.0000000000000000e+00         1.0000000000000000e+00
1                                      1.0000000000000000e+00         1.0000000000000000e+00
2                                      1.0000000000000000e+00         1.0000000000000000e+00
   &EXCITATIONENERGIES [&Type "ArrayOfDoubles", &Dim (3,11)] 
                                                         0                           1                           2                           3                           4                           5                           6                           7

0                                      3.3573975294511147e+00         2.7079240120627266e+04         3.6928658099171059e+02         2.3889633183510314e-01         2.9043476180856307e+00        -1.4481298790167174e+00         0.0000000000000000e+00        -8.9247815615705162e-01
1                                      3.8212362675937657e+00         3.0820352234171660e+04         3.2446092517114812e+02         3.3140702357336805e-03         3.5399709472504391e-02        -1.2246175649845087e-01         0.0000000000000000e+00        -1.3722695706549021e-01
2                                      3.9478952495939494e+00         3.1841925925380612e+04         3.1405135554408105e+02         1.2797512961048911e-02         1.3231279317202815e-01         2.8766428187833343e-01         0.0000000000000000e+00         2.0779507824365234e-01
                                                         8                           9                          10

0                                      0.0000000000000000e+00        -1.0368323088700190e-01         0.0000000000000000e+00
1                                      0.0000000000000000e+00        -3.9643283445807323e-02         0.0000000000000000e+00
2                                      0.0000000000000000e+00         7.9895303749127081e-02         0.0000000000000000e+00
$End
$Geometry
   &GeometryIndex 79
   &ListStatus       OUT
   &NATOMS [&Type "Integer"] 35
   &NCORELESSECP [&Type "Integer"] 0
   &NGHOSTATOMS [&Type "Integer"] 0
   &CartesianCoordinates [&Type "Coordinates", &Dim(35,4), &Units "Bohr"] 
              C     -3.138183713708   -3.704347441983   -0.760387059007
              C     -2.290309562617   -5.644179348944   -2.340322359756
              C      0.154392565530   -5.636418948777   -3.223034228269
              C     -1.538950780158   -1.767260449683   -0.090792431739
              C      1.002154537853   -1.696414450676   -0.930729835525
              O     -2.382279904168    0.089462814624    1.561973596506
              C      1.833272758461   -3.694706971038   -2.540707209751
              C      4.370394385127   -3.726301450026   -3.477775415816
              C      6.047097420916   -1.891652969361   -2.882893245258
              C      2.827661926032    0.217713880030   -0.293493490845
              C      5.318791821799    0.138140586190   -1.263523331117
              N      2.250993369182    2.174164287655    1.277032141174
              C      3.851893419551    4.009220506240    1.926661562088
              C      6.294625751968    4.006975844067    0.994104449991
              C      7.015243773816    2.065719199596   -0.590452025970
              C     -4.547238974889    1.478544098726    0.900307359577
              O     -5.330328496345    1.517859513317   -1.256515964476
              N     -5.482097596727    2.722869837838    2.893135785938
              C     -7.567844460148    4.489499385520    2.513914479849
              C     -4.569139489871    2.489883285434    5.489793645751
              H     -3.319308253995    0.879731617086    5.681818057621
              H     -6.190864630581    2.231226118797    6.735595435631
              H     -3.573786843241    4.207326135479    6.055538134816
              H     -7.964738128917    4.673735747769    0.511833319503
              H     -7.051788899867    6.330793848403    3.286520445799
              H     -9.253781402969    3.810734915410    3.490622751662
              H      0.825289727117   -7.129365612101   -4.448712425736
              H     -5.054663582163   -3.708847759701   -0.053355210975
              H     -3.572638040915   -7.151084242134   -2.855248142871
              H      4.916797264038   -5.274880369859   -4.697645073691
              H      7.960115994455   -1.922042354317   -3.603799678160
              H      3.122892551846    5.434665749215    3.191999434840
              H      7.582487982540    5.498363934825    1.522854175724
              H      8.917692232667    2.000859798138   -1.341035120683
              H      0.473813557645    2.198383121188    2.004812944314
$End
$SCF_Energy
   &GeometryIndex 79
   &ListStatus       OUT
   &SCF_ENERGY [&Type "Double"]      -8.7889666536603022e+02
$End
$DFT_Energy
   &GeometryIndex 79
   &ListStatus       OUT
   &NALPHAEL [&Type "Integer"] 70
   &NBETAEL [&Type "Integer"] 70
   &NTOTALEL [&Type "Integer"] 139
   &EEXCHANGE [&Type "Double"]      -9.3725704141684048e+01
   &ECORR [&Type "Double"]      -6.1589296072980391e+00
   &ECNL [&Type "Double"]       0.0000000000000000e+00
   &EXC [&Type "Double"]      -9.9884633748982083e+01
   &EEMBED [&Type "Double"]       0.0000000000000000e+00
   &FINALEN [&Type "Double"]      -8.7889666536603022e+02  "No Van der Waals correction"
$End
$Solvation_Details
   &GeometryIndex 79
   &ListStatus       OUT
   &SOLVENT [&Type "String"] "WATER"
   &EPSILON [&Type "Double"]       8.0150999999999996e+01
   &REFRAC [&Type "Double"]       1.3328000000000000e+00
   &RSOLV [&Type "Double"]       1.3000000000000000e+00
   &SURFACETYPE [&Type "String"] "GAUSSIAN VDW"
   &NPOINTS [&Type "Integer"] 3070
   &SURFACEAREA [&Type "Double"]       1.0853324284460000e+03
   &CPCMDIELENERGY [&Type "Double"]      -8.6875854000000002e-02
$End
$CIS_Absorption_Spectrum
   &GeometryIndex 79
   &ListStatus       OUT
   &TEMPERATURE [&Type "Double"]       2.9814999999999998e+02
   &METHOD [&Type "Integer"] 20
   &RELCORRECTION [&Type "Integer"] 1 "Type of relativistic treatment in QDPT. 0->Unknow, 1->None, 2->SOC, 3->SSC, 4->SOC/SSC"
   &DENSTYPE [&Type "Integer"] 3 "Type of density (electron/spin ...). 0->Unknow, 1->Electronic, 2->Spin, 3->Trans/Electronic, 4->Tran/Spin"
   &DERITYPE [&Type "Integer"] 0 "Type of derivative (w.r.t. to what perturbation). 0->Unknown, 1->No Derivative, 2->Electric/Dipole, 3->Electric/Quad, 4->Magnetic/Dipole, 5->Magnetic/Quad"
   &DENSLEVEL [&Type "Integer"] 0 "// Source of density: relaxed, unrelaxed, ... 0->Unknown, 1->Linearized, 2->Unrelaxed, 3->Relaxed"
   &REPRESENTATION [&Type "String"] "Length" "Possible values: Unknown,  Length, Velocity"
   &POINTGROUP [&Type "String"] "C1"
   &NTRANS [&Type "Integer"] 3
   &DOHIGHERMOMENTS [&Type "Boolean"] false
   &STATES [&Type "ArrayOfIntegers", &Dim (3,4)] "The initial and Final states. Col1: Initial State  Col2: Initial Irrep Col3: Final State Col4: Final Irrep"
                                                         0                           1                           2                           3

0                                                        0                           0                           1                           0
1                                                        0                           0                           2                           0
2                                                        0                           0                           3                           0
   &MULTIPLICITIES [&Type "ArrayOfDoubles", &Dim (3,2)] "Col1: Multiplicity of the initial state  Col2: Multiplicity of the final state"
                                                         0                           1

0                                      1.0000000000000000e+00         1.0000000000000000e+00
1                                      1.0000000000000000e+00         1.0000000000000000e+00
2                                      1.0000000000000000e+00         1.0000000000000000e+00
   &EXCITATIONENERGIES [&Type "ArrayOfDoubles", &Dim (3,11)] 
                                                         0                           1                           2                           3                           4                           5                           6                           7

0                                      3.3571229402587246e+00         2.7077025409199727e+04         3.6931678605296082e+02         2.3898756206851340e-01         2.9056943825133339e+00        -1.4485125462997810e+00         0.0000000000000000e+00        -8.9261311677981969e-01
1                                      3.8228724796353437e+00         3.0833549175663840e+04         3.2432205397530925e+02         3.3755434117883291e-03         3.6040911559628325e-02        -1.2394249136800092e-01         0.0000000000000000e+00        -1.3813140576741870e-01
2                                      3.9483168333891503e+00         3.1845326228359649e+04         3.1401782253040841e+02         1.2700008603499431e-02         1.3129068076705450e-01         2.8739860196410072e-01         0.0000000000000000e+00         2.0606775838830305e-01
                                                         8                           9                          10

0                                      0.0000000000000000e+00        -1.0367067800528272e-01         0.0000000000000000e+00
1                                      0.0000000000000000e+00        -3.9986061744538864e-02         0.0000000000000000e+00
2                                      0.0000000000000000e+00         7.8922768001096183e-02         0.0000000000000000e+00
$End
$Geometry
   &GeometryIndex 80
   &ListStatus       OUT
   &NATOMS [&Type "Integer"] 35
   &NCORELESSECP [&Type "Integer"] 0
   &NGHOSTATOMS [&Type "Integer"] 0
   &CartesianCoordinates [&Type "Coordinates", &Dim(35,4), &Units "Bohr"] 
              C     -3.138312394455   -3.704210935915   -0.760253285313
              C     -2.290064952458   -5.644412596668   -2.340564339247
              C      0.154449160996   -5.636234717944   -3.222932986780
              C     -1.538829075014   -1.767199217297   -0.090789236279
              C      1.002098363468   -1.696446312484   -0.930732823301
              O     -2.382286685439    0.089432953517    1.561947769488
              C      1.833088486240   -3.694845176779   -2.540732120788
              C      4.370435944772   -3.726371758808   -3.477836397172
              C      6.047150095071   -1.891431987258   -2.882766357724
              C      2.827598581118    0.217812709926   -0.293401860047
              C      5.318831285810    0.137989363641   -1.263639572499
              N      2.251060799687    2.174210237996    1.277038024821
              C      3.851809043541    4.009134569582    1.926634921473
              C      6.294619826168    4.007026197921    0.994140823382
              C      7.015264320343    2.065737427170   -0.590447424345
              C     -4.547098084612    1.478452666434    0.900392174801
              O     -5.330381131192    1.517865847629   -1.256647706475
              N     -5.482227394547    2.723026404567    2.893333499061
              C     -7.567848951662    4.489506769250    2.513937146019
              C     -4.569142457623    2.489890895291    5.489820877501
              H     -3.319096498156    0.879926658085    5.682282441203
              H     -6.191365821633    2.230498744296    6.734773962558
              H     -3.573080863940    4.207198376811    6.054654914599
              H     -7.965173296577    4.674036680654    0.511953137966
              H     -7.050839628860    6.330734069680    3.286009256445
              H     -9.253697749664    3.809810550072    3.490112495768
              H      0.824707895792   -7.129465540296   -4.448567917362
              H     -5.054870131017   -3.708972997938   -0.053354788195
              H     -3.573365389194   -7.150753225249   -2.854762724338
              H      4.916570683542   -5.275078891305   -4.697693722772
              H      7.960026831761   -1.922443027802   -3.604029578973
              H      3.123150618805    5.434751965003    3.191956628941
              H      7.582664937197    5.498312908943    1.522752782938
              H      8.917686284049    2.000750722874   -1.341105840469
              H      0.473773448310    2.198053818138    2.004599066521
$End
$SCF_Energy
   &GeometryIndex 80
   &ListStatus       OUT
   &SCF_ENERGY [&Type "Double"]      -8.7889666533036825e+02
$End
$DFT_Energy
   &GeometryIndex 80
   &ListStatus       OUT
   &NALPHAEL [&Type "Integer"] 70
   &NBETAEL [&Type "Integer"] 70
   &NTOTALEL [&Type "Integer"] 139
   &EEXCHANGE [&Type "Double"]      -9.3725654894499144e+01
   &ECORR [&Type "Double"]      -6.1589260175617824e+00
   &ECNL [&Type "Double"]       0.0000000000000000e+00
   &EXC [&Type "Double"]      -9.9884580912060926e+01
   &EEMBED [&Type "Double"]       0.0000000000000000e+00
   &FINALEN [&Type "Double"]      -8.7889666533036825e+02  "No Van der Waals correction"
$End
$Solvation_Details
   &GeometryIndex 80
   &ListStatus       OUT
   &SOLVENT [&Type "String"] "WATER"
   &EPSILON [&Type "Double"]       8.0150999999999996e+01
   &REFRAC [&Type "Double"]       1.3328000000000000e+00
   &RSOLV [&Type "Double"]       1.3000000000000000e+00
   &SURFACETYPE [&Type "String"] "GAUSSIAN VDW"
   &NPOINTS [&Type "Integer"] 3070
   &SURFACEAREA [&Type "Double"]       1.0853464740310001e+03
   &CPCMDIELENERGY [&Type "Double"]      -8.6898685000000003e-02
$End
$CIS_Absorption_Spectrum
   &GeometryIndex 80
   &ListStatus       OUT
   &TEMPERATURE [&Type "Double"]       2.9814999999999998e+02
   &METHOD [&Type "Integer"] 20
   &RELCORRECTION [&Type "Integer"] 1 "Type of relativistic treatment in QDPT. 0->Unknow, 1->None, 2->SOC, 3->SSC, 4->SOC/SSC"
   &DENSTYPE [&Type "Integer"] 3 "Type of density (electron/spin ...). 0->Unknow, 1->Electronic, 2->Spin, 3->Trans/Electronic, 4->Tran/Spin"
   &DERITYPE [&Type "Integer"] 0 "Type of derivative (w.r.t. to what perturbation). 0->Unknown, 1->No Derivative, 2->Electric/Dipole, 3->Electric/Quad, 4->Magnetic/Dipole, 5->Magnetic/Quad"
   &DENSLEVEL [&Type "Integer"] 0 "// Source of density: relaxed, unrelaxed, ... 0->Unknown, 1->Linearized, 2->Unrelaxed, 3->Relaxed"
   &REPRESENTATION [&Type "String"] "Length" "Possible values: Unknown,  Length, Velocity"
   &POINTGROUP [&Type "String"] "C1"
   &NTRANS [&Type "Integer"] 3
   &DOHIGHERMOMENTS [&Type "Boolean"] false
   &STATES [&Type "ArrayOfIntegers", &Dim (3,4)] "The initial and Final states. Col1: Initial State  Col2: Initial Irrep Col3: Final State Col4: Final Irrep"
                                                         0                           1                           2                           3

0                                                        0                           0                           1                           0
1                                                        0                           0                           2                           0
2                                                        0                           0                           3                           0
   &MULTIPLICITIES [&Type "ArrayOfDoubles", &Dim (3,2)] "Col1: Multiplicity of the initial state  Col2: Multiplicity of the final state"
                                                         0                           1

0                                      1.0000000000000000e+00         1.0000000000000000e+00
1                                      1.0000000000000000e+00         1.0000000000000000e+00
2                                      1.0000000000000000e+00         1.0000000000000000e+00
   &EXCITATIONENERGIES [&Type "ArrayOfDoubles", &Dim (3,11)] 
                                                         0                           1                           2                           3                           4                           5                           6                           7

0                                      3.3576270588215129e+00         2.7081091400042715e+04         3.6926133634275266e+02         2.3889606386531814e-01         2.9041458175845132e+00        -1.4480667271341043e+00         0.0000000000000000e+00        -8.9246418872742128e-01
1                                      3.8215803384782796e+00         3.0823127353298467e+04         3.2443171276485907e+02         3.3292656279787225e-03         3.5558819422638846e-02        -1.2289009757472585e-01         0.0000000000000000e+00        -1.3742235600893091e-01
2                                      3.9479145976273027e+00         3.1842081977810041e+04         3.1404981643376055e+02         1.2757233433505480e-02         1.3189569891825234e-01         2.8747796948894727e-01         0.0000000000000000e+00         2.0717480679321679e-01
                                                         8                           9                          10

0                                      0.0000000000000000e+00        -1.0371230973583834e-01         0.0000000000000000e+00
1                                      0.0000000000000000e+00        -3.9647691101347346e-02         0.0000000000000000e+00
2                                      0.0000000000000000e+00         7.9565792944943009e-02         0.0000000000000000e+00
$End
$Geometry
   &GeometryIndex 81
   &ListStatus       OUT
   &NATOMS [&Type "Integer"] 35
   &NCORELESSECP [&Type "Integer"] 0
   &NGHOSTATOMS [&Type "Integer"] 0
   &CartesianCoordinates [&Type "Coordinates", &Dim(35,4), &Units "Bohr"] 
              C     -3.138213787386   -3.704510940000   -0.760483324903
              C     -2.290320434760   -5.644120361054   -2.340279533934
              C      0.154395477430   -5.636435900839   -3.223046017925
              C     -1.539005703945   -1.767116536515   -0.090681034182
              C      1.002294060019   -1.696437141801   -0.930794850287
              O     -2.382271726445    0.089441909167    1.561947104201
              C      1.833206226703   -3.694679279027   -2.540664814944
              C      4.370491519604   -3.726248777349   -3.477776044590
              C      6.047039217193   -1.891664190994   -2.882879235712
              C      2.827574514523    0.217683618593   -0.293482370050
              C      5.318765113564    0.137989902884   -1.263614867955
              N      2.250944414691    2.174207646899    1.277081567038
              C      3.852167608790    4.009306370190    1.926614372805
              C      6.294485250793    4.006875865847    0.994089906423
              C      7.015327013814    2.065959519508   -0.590320567216
              C     -4.547035939280    1.478404542390    0.900385773770
              O     -5.330396182508    1.517872065534   -1.256669950166
              N     -5.482256807311    2.723059262823    2.893372270392
              C     -7.567845241887    4.489502817943    2.513935444549
              C     -4.569138403045    2.489883838204    5.489819450666
              H     -3.319067999983    0.879936718390    5.682286977972
              H     -6.191416107951    2.230503118798    6.734701870477
              H     -3.573068488300    4.207204292945    6.054600878209
              H     -7.965204334943    4.674060172304    0.511960814157
              H     -7.050785373865    6.330722061819    3.285994111795
              H     -9.253685916894    3.809763432521    3.490096485217
              H      0.825299731568   -7.129377416772   -4.448724628331
              H     -5.054601770121   -3.708539620116   -0.053176393622
              H     -3.572617718176   -7.151034119619   -2.855226296277
              H      4.916663729923   -5.274919073554   -4.697621849490
              H      7.960047580531   -1.922054595060   -3.603783072325
              H      3.122349520959    5.434296561607    3.191962087311
              H      7.582444909723    5.498168735115    1.522737543260
              H      8.917586047522    2.000366031289   -1.341324936869
              H      0.473538929874    2.197657283356    2.004402746193
$End
$SCF_Energy
   &GeometryIndex 81
   &ListStatus       OUT
   &SCF_ENERGY [&Type "Double"]      -8.7889666543440603e+02
$End
$DFT_Energy
   &GeometryIndex 81
   &ListStatus       OUT
   &NALPHAEL [&Type "Integer"] 70
   &NBETAEL [&Type "Integer"] 70
   &NTOTALEL [&Type "Integer"] 139
   &EEXCHANGE [&Type "Double"]      -9.3725718893186709e+01
   &ECORR [&Type "Double"]      -6.1589325694960868e+00
   &ECNL [&Type "Double"]       0.0000000000000000e+00
   &EXC [&Type "Double"]      -9.9884651462682797e+01
   &EEMBED [&Type "Double"]       0.0000000000000000e+00
   &FINALEN [&Type "Double"]      -8.7889666543440603e+02  "No Van der Waals correction"
$End
$Solvation_Details
   &GeometryIndex 81
   &ListStatus       OUT
   &SOLVENT [&Type "String"] "WATER"
   &EPSILON [&Type "Double"]       8.0150999999999996e+01
   &REFRAC [&Type "Double"]       1.3328000000000000e+00
   &RSOLV [&Type "Double"]       1.3000000000000000e+00
   &SURFACETYPE [&Type "String"] "GAUSSIAN VDW"
   &NPOINTS [&Type "Integer"] 3070
   &SURFACEAREA [&Type "Double"]       1.0853357591389999e+03
   &CPCMDIELENERGY [&Type "Double"]      -8.6891119000000003e-02
$End
$CIS_Absorption_Spectrum
   &GeometryIndex 81
   &ListStatus       OUT
   &TEMPERATURE [&Type "Double"]       2.9814999999999998e+02
   &METHOD [&Type "Integer"] 20
   &RELCORRECTION [&Type "Integer"] 1 "Type of relativistic treatment in QDPT. 0->Unknow, 1->None, 2->SOC, 3->SSC, 4->SOC/SSC"
   &DENSTYPE [&Type "Integer"] 3 "Type of density (electron/spin ...). 0->Unknow, 1->Electronic, 2->Spin, 3->Trans/Electronic, 4->Tran/Spin"
   &DERITYPE [&Type "Integer"] 0 "Type of derivative (w.r.t. to what perturbation). 0->Unknown, 1->No Derivative, 2->Electric/Dipole, 3->Electric/Quad, 4->Magnetic/Dipole, 5->Magnetic/Quad"
   &DENSLEVEL [&Type "Integer"] 0 "// Source of density: relaxed, unrelaxed, ... 0->Unknown, 1->Linearized, 2->Unrelaxed, 3->Relaxed"
   &REPRESENTATION [&Type "String"] "Length" "Possible values: Unknown,  Length, Velocity"
   &POINTGROUP [&Type "String"] "C1"
   &NTRANS [&Type "Integer"] 3
   &DOHIGHERMOMENTS [&Type "Boolean"] false
   &STATES [&Type "ArrayOfIntegers", &Dim (3,4)] "The initial and Final states. Col1: Initial State  Col2: Initial Irrep Col3: Final State Col4: Final Irrep"
                                                         0                           1                           2                           3

0                                                        0                           0                           1                           0
1                                                        0                           0                           2                           0
2                                                        0                           0                           3                           0
   &MULTIPLICITIES [&Type "ArrayOfDoubles", &Dim (3,2)] "Col1: Multiplicity of the initial state  Col2: Multiplicity of the final state"
                                                         0                           1

0                                      1.0000000000000000e+00         1.0000000000000000e+00
1                                      1.0000000000000000e+00         1.0000000000000000e+00
2                                      1.0000000000000000e+00         1.0000000000000000e+00
   &EXCITATIONENERGIES [&Type "ArrayOfDoubles", &Dim (3,11)] 
                                                         0                           1                           2                           3                           4                           5                           6                           7

0                                      3.3567278833672081e+00         2.7073839060150247e+04         3.6936025134015489e+02         2.3911788391359864e-01         2.9076210418533757e+00        -1.4486169651465091e+00         0.0000000000000000e+00        -8.9345859634353264e-01
1                                      3.8215591079283873e+00         3.0822956117347589e+04         3.2443351513490489e+02         3.3182501284594237e-03         3.5441363294085940e-02        -1.2298217822508753e-01         0.0000000000000000e+00        -1.3699191031394797e-01
2                                      3.9480054903189319e+00         3.1842815076884621e+04         3.1404258624292339e+02         1.2852998579540508e-02         1.3288274536794470e-01         2.8886011720379995e-01         0.0000000000000000e+00         2.0767407738346405e-01
                                                         8                           9                          10

0                                      0.0000000000000000e+00        -1.0421932048779343e-01         0.0000000000000000e+00
1                                      0.0000000000000000e+00        -3.9369577615641076e-02         0.0000000000000000e+00
2                                      0.0000000000000000e+00         7.9461032209999838e-02         0.0000000000000000e+00
$End
$Geometry
   &GeometryIndex 82
   &ListStatus       OUT
   &NATOMS [&Type "Integer"] 35
   &NCORELESSECP [&Type "Integer"] 0
   &NGHOSTATOMS [&Type "Integer"] 0
   &CartesianCoordinates [&Type "Coordinates", &Dim(35,4), &Units "Bohr"] 
              C     -3.138212209384   -3.704535282348   -0.760499909112
              C     -2.290370061656   -5.644095767085   -2.340245411646
              C      0.154427779916   -5.636459102969   -3.223073067496
              C     -1.538959526594   -1.767098555921   -0.090683044320
              C      1.002236930690   -1.696556258880   -0.930854396425
              O     -2.382273779187    0.089443136493    1.561950875256
              C      1.833250647910   -3.694582948716   -2.540617468974
              C      4.370320131615   -3.726398475347   -3.477812277371
              C      6.047142089374   -1.891544319838   -2.882837869580
              C      2.827523495691    0.217858351444   -0.293343627045
              C      5.318926924757    0.138100706697   -1.263599769870
              N      2.251079528848    2.174085950664    1.276945012395
              C      3.851594161406    4.009174258617    1.926745394386
              C      6.294880751317    4.006923214912    0.993971666195
              C      7.015146879660    2.065730896190   -0.590407817882
              C     -4.547065455390    1.478427991997    0.900386083449
              O     -5.330389012511    1.517869359874   -1.256658051548
              N     -5.482242417322    2.723042707115    2.893353010344
              C     -7.567846948375    4.489504683378    2.513936300588
              C     -4.569139428669    2.489887674730    5.489819420067
              H     -3.319083962466    0.879929622602    5.682285224856
              H     -6.191387961184    2.230503553808    6.734740266333
              H     -3.573077873987    4.207202855425    6.054632475609
              H     -7.965188726114    4.674048218692    0.511956971168
              H     -7.050815579703    6.330728641303    3.286002744075
              H     -9.253692844510    3.809790072712    3.490105135626
              H      0.825268235748   -7.129436328198   -4.448752781184
              H     -5.054600359220   -3.708566798644   -0.053193867151
              H     -3.572564736519   -7.151074012387   -2.855271563746
              H      4.916982463299   -5.274877104788   -4.697710229875
              H      7.960126922392   -1.922117949383   -3.603852843112
              H      3.123367487852    5.435054270866    3.192077950879
              H      7.582309064632    5.498589474029    1.523076315585
              H      8.917603672876    2.000954346130   -1.340939799686
              H      0.474014334035    2.198639938473    2.004909003762
$End
$SCF_Energy
   &GeometryIndex 82
   &ListStatus       OUT
   &SCF_ENERGY [&Type "Double"]      -8.7889666545702289e+02
$End
$DFT_Energy
   &GeometryIndex 82
   &ListStatus       OUT
   &NALPHAEL [&Type "Integer"] 70
   &NBETAEL [&Type "Integer"] 70
   &NTOTALEL [&Type "Integer"] 139
   &EEXCHANGE [&Type "Double"]      -9.3725588983283956e+01
   &ECORR [&Type "Double"]      -6.1589234180799917e+00
   &ECNL [&Type "Double"]       0.0000000000000000e+00
   &EXC [&Type "Double"]      -9.9884512401363949e+01
   &EEMBED [&Type "Double"]       0.0000000000000000e+00
   &FINALEN [&Type "Double"]      -8.7889666545702289e+02  "No Van der Waals correction"
$End
$Solvation_Details
   &GeometryIndex 82
   &ListStatus       OUT
   &SOLVENT [&Type "String"] "WATER"
   &EPSILON [&Type "Double"]       8.0150999999999996e+01
   &REFRAC [&Type "Double"]       1.3328000000000000e+00
   &RSOLV [&Type "Double"]       1.3000000000000000e+00
   &SURFACETYPE [&Type "String"] "GAUSSIAN VDW"
   &NPOINTS [&Type "Integer"] 3070
   &SURFACEAREA [&Type "Double"]       1.0853404359420001e+03
   &CPCMDIELENERGY [&Type "Double"]      -8.6887012999999999e-02
$End
$CIS_Absorption_Spectrum
   &GeometryIndex 82
   &ListStatus       OUT
   &TEMPERATURE [&Type "Double"]       2.9814999999999998e+02
   &METHOD [&Type "Integer"] 20
   &RELCORRECTION [&Type "Integer"] 1 "Type of relativistic treatment in QDPT. 0->Unknow, 1->None, 2->SOC, 3->SSC, 4->SOC/SSC"
   &DENSTYPE [&Type "Integer"] 3 "Type of density (electron/spin ...). 0->Unknow, 1->Electronic, 2->Spin, 3->Trans/Electronic, 4->Tran/Spin"
   &DERITYPE [&Type "Integer"] 0 "Type of derivative (w.r.t. to what perturbation). 0->Unknown, 1->No Derivative, 2->Electric/Dipole, 3->Electric/Quad, 4->Magnetic/Dipole, 5->Magnetic/Quad"
   &DENSLEVEL [&Type "Integer"] 0 "// Source of density: relaxed, unrelaxed, ... 0->Unknown, 1->Linearized, 2->Unrelaxed, 3->Relaxed"
   &REPRESENTATION [&Type "String"] "Length" "Possible values: Unknown,  Length, Velocity"
   &POINTGROUP [&Type "String"] "C1"
   &NTRANS [&Type "Integer"] 3
   &DOHIGHERMOMENTS [&Type "Boolean"] false
   &STATES [&Type "ArrayOfIntegers", &Dim (3,4)] "The initial and Final states. Col1: Initial State  Col2: Initial Irrep Col3: Final State Col4: Final Irrep"
                                                         0                           1                           2                           3

0                                                        0                           0                           1                           0
1                                                        0                           0                           2                           0
2                                                        0                           0                           3                           0
   &MULTIPLICITIES [&Type "ArrayOfDoubles", &Dim (3,2)] "Col1: Multiplicity of the initial state  Col2: Multiplicity of the final state"
                                                         0                           1

0                                      1.0000000000000000e+00         1.0000000000000000e+00
1                                      1.0000000000000000e+00         1.0000000000000000e+00
2                                      1.0000000000000000e+00         1.0000000000000000e+00
   &EXCITATIONENERGIES [&Type "ArrayOfDoubles", &Dim (3,11)] 
                                                         0                           1                           2                           3                           4                           5                           6                           7

0                                      3.3574193722450385e+00         2.7079416294659793e+04         3.6928417847662593e+02         2.3945960997585650e-01         2.9111766509125547e+00        -1.4490693418098934e+00         0.0000000000000000e+00        -8.9464494102124714e-01
1                                      3.8225209761723034e+00         3.0830714108742093e+04         3.2435187731070050e+02         3.2200592465393744e-03         3.4383957841366358e-02        -1.2181892203620431e-01         0.0000000000000000e+00        -1.3448277233390543e-01
2                                      3.9483270362039149e+00         3.1845408519619021e+04         3.1401701108149683e+02         1.2185507472767367e-02         1.2597152391048019e-01         2.8528001144997450e-01         0.0000000000000000e+00         1.9771030151591765e-01
                                                         8                           9                          10

0                                      0.0000000000000000e+00        -1.0480993771721378e-01         0.0000000000000000e+00
1                                      0.0000000000000000e+00        -3.8190208439998014e-02         0.0000000000000000e+00
2                                      0.0000000000000000e+00         7.4144963767389757e-02         0.0000000000000000e+00
$End
$Geometry
   &GeometryIndex 83
   &ListStatus       OUT
   &NATOMS [&Type "Integer"] 35
   &NCORELESSECP [&Type "Integer"] 0
   &NGHOSTATOMS [&Type "Integer"] 0
   &CartesianCoordinates [&Type "Coordinates", &Dim(35,4), &Units "Bohr"] 
              C     -3.138042061172   -3.704234703774   -0.760366082960
              C     -2.290582403820   -5.644180666947   -2.340224445136
              C      0.154744515043   -5.636315898708   -3.223093102734
              C     -1.539180066520   -1.767351721341   -0.090773600795
              C      1.002323434953   -1.696405094168   -0.930782911791
              O     -2.382265834430    0.089461462928    1.561965587867
              C      1.833131653257   -3.694744915092   -2.540681708540
              C      4.370266366194   -3.726430630125   -3.477813882177
              C      6.047219346933   -1.891502022240   -2.882838276905
              C      2.827647026500    0.217657725605   -0.293526649290
              C      5.318752890445    0.138168550593   -1.263490300145
              N      2.251033179020    2.174269567149    1.277090169784
              C      3.851885082709    4.009150837732    1.926616655033
              C      6.294561823388    4.007078926719    0.994198611110
              C      7.015259179098    2.065580057597   -0.590551645178
              C     -4.547067636831    1.478437620230    0.900415448389
              O     -5.330393809106    1.517869544150   -1.256673279190
              N     -5.482231875549    2.723030182170    2.893336924751
              C     -7.567846565934    4.489503900881    2.513938613528
              C     -4.569141617936    2.489889392633    5.489818669728
              H     -3.319090311782    0.879928869842    5.682281412735
              H     -6.191367529785    2.230507370469    6.734769203304
              H     -3.573083699684    4.207196422214    6.054659228711
              H     -7.965187068323    4.674048840885    0.511959699049
              H     -7.050845503011    6.330737581617    3.286000689271
              H     -9.253706831811    3.809820167315    3.490102741187
              H      0.824867218430   -7.129651379141   -4.448746061281
              H     -5.054571718049   -3.709069374412   -0.053527178607
              H     -3.572528280774   -7.151339476643   -2.855457780648
              H      4.916980373896   -5.274895729914   -4.697722809644
              H      7.960181410067   -1.922219517777   -3.603939641187
              H      3.122979435409    5.434632989812    3.191943603652
              H      7.582655484990    5.498340566972    1.522774406080
              H      8.917811188702    2.001082314765   -1.340931749436
              H      0.473722243357    2.198003368840    2.004576335394
$End
$SCF_Energy
   &GeometryIndex 83
   &ListStatus       OUT
   &SCF_ENERGY [&Type "Double"]      -8.7889666561715057e+02
$End
$DFT_Energy
   &GeometryIndex 83
   &ListStatus       OUT
   &NALPHAEL [&Type "Integer"] 70
   &NBETAEL [&Type "Integer"] 70
   &NTOTALEL [&Type "Integer"] 139
   &EEXCHANGE [&Type "Double"]      -9.3725629345005459e+01
   &ECORR [&Type "Double"]      -6.1589222642746462e+00
   &ECNL [&Type "Double"]       0.0000000000000000e+00
   &EXC [&Type "Double"]      -9.9884551609280109e+01
   &EEMBED [&Type "Double"]       0.0000000000000000e+00
   &FINALEN [&Type "Double"]      -8.7889666561715057e+02  "No Van der Waals correction"
$End
$Solvation_Details
   &GeometryIndex 83
   &ListStatus       OUT
   &SOLVENT [&Type "String"] "WATER"
   &EPSILON [&Type "Double"]       8.0150999999999996e+01
   &REFRAC [&Type "Double"]       1.3328000000000000e+00
   &RSOLV [&Type "Double"]       1.3000000000000000e+00
   &SURFACETYPE [&Type "String"] "GAUSSIAN VDW"
   &NPOINTS [&Type "Integer"] 3070
   &SURFACEAREA [&Type "Double"]       1.0853470711000000e+03
   &CPCMDIELENERGY [&Type "Double"]      -8.6891240999999994e-02
$End
$CIS_Absorption_Spectrum
   &GeometryIndex 83
   &ListStatus       OUT
   &TEMPERATURE [&Type "Double"]       2.9814999999999998e+02
   &METHOD [&Type "Integer"] 20
   &RELCORRECTION [&Type "Integer"] 1 "Type of relativistic treatment in QDPT. 0->Unknow, 1->None, 2->SOC, 3->SSC, 4->SOC/SSC"
   &DENSTYPE [&Type "Integer"] 3 "Type of density (electron/spin ...). 0->Unknow, 1->Electronic, 2->Spin, 3->Trans/Electronic, 4->Tran/Spin"
   &DERITYPE [&Type "Integer"] 0 "Type of derivative (w.r.t. to what perturbation). 0->Unknown, 1->No Derivative, 2->Electric/Dipole, 3->Electric/Quad, 4->Magnetic/Dipole, 5->Magnetic/Quad"
   &DENSLEVEL [&Type "Integer"] 0 "// Source of density: relaxed, unrelaxed, ... 0->Unknown, 1->Linearized, 2->Unrelaxed, 3->Relaxed"
   &REPRESENTATION [&Type "String"] "Length" "Possible values: Unknown,  Length, Velocity"
   &POINTGROUP [&Type "String"] "C1"
   &NTRANS [&Type "Integer"] 3
   &DOHIGHERMOMENTS [&Type "Boolean"] false
   &STATES [&Type "ArrayOfIntegers", &Dim (3,4)] "The initial and Final states. Col1: Initial State  Col2: Initial Irrep Col3: Final State Col4: Final Irrep"
                                                         0                           1                           2                           3

0                                                        0                           0                           1                           0
1                                                        0                           0                           2                           0
2                                                        0                           0                           3                           0
   &MULTIPLICITIES [&Type "ArrayOfDoubles", &Dim (3,2)] "Col1: Multiplicity of the initial state  Col2: Multiplicity of the final state"
                                                         0                           1

0                                      1.0000000000000000e+00         1.0000000000000000e+00
1                                      1.0000000000000000e+00         1.0000000000000000e+00
2                                      1.0000000000000000e+00         1.0000000000000000e+00
   &EXCITATIONENERGIES [&Type "ArrayOfDoubles", &Dim (3,11)] 
                                                         0                           1                           2                           3                           4                           5                           6                           7

0                                      3.3572186058030060e+00         2.7077797003931104e+04         3.6930626219511942e+02         2.3908388519224807e-01         2.9067826802293095e+00        -1.4489727142717133e+00         0.0000000000000000e+00        -8.9249793252430898e-01
1                                      3.8219303060908452e+00         3.0825950032749435e+04         3.2440200510855357e+02         3.3711456210515482e-03         3.6002829190320274e-02        -1.2401988619332321e-01         0.0000000000000000e+00        -1.3800914206350445e-01
2                                      3.9479803693242874e+00         3.1842612462377379e+04         3.1404458449554602e+02         1.2901133739184322e-02         1.3338124697858050e-01         2.8907926572311482e-01         0.0000000000000000e+00         2.0840888521233131e-01
                                                         8                           9                          10

0                                      0.0000000000000000e+00        -1.0348040377389128e-01         0.0000000000000000e+00
1                                      0.0000000000000000e+00        -3.9690977889324866e-02         0.0000000000000000e+00
2                                      0.0000000000000000e+00         7.9875914217732588e-02         0.0000000000000000e+00
$End
$Geometry
   &GeometryIndex 84
   &ListStatus       OUT
   &NATOMS [&Type "Integer"] 35
   &NCORELESSECP [&Type "Integer"] 0
   &NGHOSTATOMS [&Type "Integer"] 0
   &CartesianCoordinates [&Type "Coordinates", &Dim(35,4), &Units "Bohr"] 
              C     -3.138082812665   -3.704153219797   -0.760298538384
              C     -2.290402287945   -5.644261047957   -2.340342745873
              C      0.154599738620   -5.636288728555   -3.223022864824
              C     -1.539144694339   -1.767392163587   -0.090809295030
              C      1.002262693736   -1.696341927287   -0.930720016819
              O     -2.382252487930    0.089455449121    1.561964767141
              C      1.833111199780   -3.694879758791   -2.540763561134
              C      4.370532266014   -3.726196157311   -3.477756152727
              C      6.047035159009   -1.891723227945   -2.882916720182
              C      2.827677522664    0.217839302416   -0.293413989969
              C      5.318751613466    0.138036255110   -1.263578736010
              N      2.250921651813    2.173937087657    1.276903182693
              C      3.851884643228    4.009350057531    1.926754490756
              C      6.294748061674    4.006828190934    0.993957551182
              C      7.015242606766    2.065917648197   -0.590317384910
              C     -4.547106779143    1.478477474068    0.900446064681
              O     -5.330389830384    1.517865218798   -1.256675854514
              N     -5.482211864801    2.723005845117    2.893306194256
              C     -7.567847752541    4.489505265387    2.513941042921
              C     -4.569143471345    2.489894371194    5.489818697623
              H     -3.319104852177    0.879925688073    5.682286815209
              H     -6.191334551034    2.230501734363    6.734811875004
              H     -3.573085346892    4.207188377625    6.054696356553
              H     -7.965175947816    4.674041527474    0.511959167003
              H     -7.050881881350    6.330748858257    3.286000827533
              H     -9.253719976207    3.809851865976    3.490103294455
              H      0.824971005175   -7.129490502298   -4.448677643919
              H     -5.054637226445   -3.709082980251   -0.053510337876
              H     -3.572716409291   -7.151193951156   -2.855291498935
              H      4.916518066686   -5.274942827085   -4.697584800916
              H      7.960062957587   -1.922016752688   -3.603764149351
              H      3.122882786748    5.434820282941    3.192110577121
              H      7.582214755197    5.498440304813    1.523010519492
              H      8.917583371466    2.000686902695   -1.341109036235
              H      0.474011229987    2.199061387582    2.005201181749
$End
$SCF_Energy
   &GeometryIndex 84
   &ListStatus       OUT
   &SCF_ENERGY [&Type "Double"]      -8.7889666560996352e+02
$End
$DFT_Energy
   &GeometryIndex 84
   &ListStatus       OUT
   &NALPHAEL [&Type "Integer"] 70
   &NBETAEL [&Type "Integer"] 70
   &NTOTALEL [&Type "Integer"] 139
   &EEXCHANGE [&Type "Double"]      -9.3725666893847077e+01
   &ECORR [&Type "Double"]      -6.1589258970412590e+00
   &ECNL [&Type "Double"]       0.0000000000000000e+00
   &EXC [&Type "Double"]      -9.9884592790888334e+01
   &EEMBED [&Type "Double"]       0.0000000000000000e+00
   &FINALEN [&Type "Double"]      -8.7889666560996352e+02  "No Van der Waals correction"
$End
$Solvation_Details
   &GeometryIndex 84
   &ListStatus       OUT
   &SOLVENT [&Type "String"] "WATER"
   &EPSILON [&Type "Double"]       8.0150999999999996e+01
   &REFRAC [&Type "Double"]       1.3328000000000000e+00
   &RSOLV [&Type "Double"]       1.3000000000000000e+00
   &SURFACETYPE [&Type "String"] "GAUSSIAN VDW"
   &NPOINTS [&Type "Integer"] 3070
   &SURFACEAREA [&Type "Double"]       1.0853442151820000e+03
   &CPCMDIELENERGY [&Type "Double"]      -8.6894040000000006e-02
$End
$CIS_Absorption_Spectrum
   &GeometryIndex 84
   &ListStatus       OUT
   &TEMPERATURE [&Type "Double"]       2.9814999999999998e+02
   &METHOD [&Type "Integer"] 20
   &RELCORRECTION [&Type "Integer"] 1 "Type of relativistic treatment in QDPT. 0->Unknow, 1->None, 2->SOC, 3->SSC, 4->SOC/SSC"
   &DENSTYPE [&Type "Integer"] 3 "Type of density (electron/spin ...). 0->Unknow, 1->Electronic, 2->Spin, 3->Trans/Electronic, 4->Tran/Spin"
   &DERITYPE [&Type "Integer"] 0 "Type of derivative (w.r.t. to what perturbation). 0->Unknown, 1->No Derivative, 2->Electric/Dipole, 3->Electric/Quad, 4->Magnetic/Dipole, 5->Magnetic/Quad"
   &DENSLEVEL [&Type "Integer"] 0 "// Source of density: relaxed, unrelaxed, ... 0->Unknown, 1->Linearized, 2->Unrelaxed, 3->Relaxed"
   &REPRESENTATION [&Type "String"] "Length" "Possible values: Unknown,  Length, Velocity"
   &POINTGROUP [&Type "String"] "C1"
   &NTRANS [&Type "Integer"] 3
   &DOHIGHERMOMENTS [&Type "Boolean"] false
   &STATES [&Type "ArrayOfIntegers", &Dim (3,4)] "The initial and Final states. Col1: Initial State  Col2: Initial Irrep Col3: Final State Col4: Final Irrep"
                                                         0                           1                           2                           3

0                                                        0                           0                           1                           0
1                                                        0                           0                           2                           0
2                                                        0                           0                           3                           0
   &MULTIPLICITIES [&Type "ArrayOfDoubles", &Dim (3,2)] "Col1: Multiplicity of the initial state  Col2: Multiplicity of the final state"
                                                         0                           1

0                                      1.0000000000000000e+00         1.0000000000000000e+00
1                                      1.0000000000000000e+00         1.0000000000000000e+00
2                                      1.0000000000000000e+00         1.0000000000000000e+00
   &EXCITATIONENERGIES [&Type "ArrayOfDoubles", &Dim (3,11)] 
                                                         0                           1                           2                           3                           4                           5                           6                           7

0                                      3.3580239548602946e+00         2.7084292582816815e+04         3.6921769211518318e+02         2.3942663671088313e-01         2.9102517262939274e+00        -1.4487758805167268e+00         0.0000000000000000e+00        -8.9459127636670044e-01
1                                      3.8219900998034242e+00         3.0826432301615849e+04         3.2439692995143724e+02         3.3617876167537190e-03         3.5902326808838175e-02        -1.2331092378381493e-01         0.0000000000000000e+00        -1.3816807141342261e-01
2                                      3.9480183124173052e+00         3.1842918494093235e+04         3.1404156631732639e+02         1.3062168992989684e-02         1.3504484796305483e-01         2.8988894625575135e-01         0.0000000000000000e+00         2.1079046295927656e-01
                                                         8                           9                          10

0                                      0.0000000000000000e+00        -1.0491245195641997e-01         0.0000000000000000e+00
1                                      0.0000000000000000e+00        -4.0079008549560112e-02         0.0000000000000000e+00
2                                      0.0000000000000000e+00         8.1096408842801296e-02         0.0000000000000000e+00
$End
$Geometry
   &GeometryIndex 85
   &ListStatus       OUT
   &NATOMS [&Type "Integer"] 35
   &NCORELESSECP [&Type "Integer"] 0
   &NGHOSTATOMS [&Type "Integer"] 0
   &CartesianCoordinates [&Type "Coordinates", &Dim(35,4), &Units "Bohr"] 
              C     -3.138188234126   -3.704345991107   -0.760386006669
              C     -2.290309605667   -5.644192053812   -2.340330875012
              C      0.154399174494   -5.636415066974   -3.223034095762
              C     -1.538941375657   -1.767229071535   -0.090771037574
              C      1.002041766877   -1.696485670726   -0.930737586348
              O     -2.382266084461    0.089447465065    1.561957122679
              C      1.833374926530   -3.694665623353   -2.540716848414
              C      4.370126831708   -3.726504168591   -3.477811277968
              C      6.047300558728   -1.891394448663   -2.882796793008
              C      2.827921267514    0.217855521427   -0.293492832737
              C      5.318551996949    0.138001197616   -1.263528798129
              N      2.250852508091    2.173972241883    1.276954090968
              C      3.852055488718    4.009346940025    1.926686348569
              C      6.294553357563    4.006953252474    0.994116272426
              C      7.015322193624    2.065784617966   -0.590437026561
              C     -4.547101913610    1.478461540332    0.900404558473
              O     -5.330383813530    1.517866088505   -1.256655134993
              N     -5.482223212650    2.723020625046    2.893327070533
              C     -7.567848310092    4.489505968145    2.513938103855
              C     -4.569141793023    2.489891855837    5.489819381177
              H     -3.319097143887    0.879926815771    5.682284470637
              H     -6.191357665222    2.230501228103    6.734781589350
              H     -3.573081852462    4.207195977962    6.054667321504
              H     -7.965178014372    4.674040574168    0.511955659830
              H     -7.050850326956    6.330738222528    3.286005393444
              H     -9.253705252298    3.809821859254    3.490107446116
              H      0.825273746416   -7.129374491198   -4.448712619589
              H     -5.054667010311   -3.708842466203   -0.053346303731
              H     -3.572683949303   -7.151072533064   -2.855222724059
              H      4.917144383038   -5.274847308271   -4.697750351817
              H      7.960198127097   -1.922403088310   -3.604067576561
              H      3.122744045023    5.434631199875    3.192037723432
              H      7.582439187477    5.498320209486    1.522843149509
              H      8.917755022851    2.000839355932   -1.341069904038
              H      0.473909888156    2.199002146190    2.005196346704
$End
$SCF_Energy
   &GeometryIndex 85
   &ListStatus       OUT
   &SCF_ENERGY [&Type "Double"]      -8.7889666555478345e+02
$End
$DFT_Energy
   &GeometryIndex 85
   &ListStatus       OUT
   &NALPHAEL [&Type "Integer"] 70
   &NBETAEL [&Type "Integer"] 70
   &NTOTALEL [&Type "Integer"] 139
   &EEXCHANGE [&Type "Double"]      -9.3725573103835359e+01
   &ECORR [&Type "Double"]      -6.1589194263615363e+00
   &ECNL [&Type "Double"]       0.0000000000000000e+00
   &EXC [&Type "Double"]      -9.9884492530196894e+01
   &EEMBED [&Type "Double"]       0.0000000000000000e+00
   &FINALEN [&Type "Double"]      -8.7889666555478345e+02  "No Van der Waals correction"
$End
$Solvation_Details
   &GeometryIndex 85
   &ListStatus       OUT
   &SOLVENT [&Type "String"] "WATER"
   &EPSILON [&Type "Double"]       8.0150999999999996e+01
   &REFRAC [&Type "Double"]       1.3328000000000000e+00
   &RSOLV [&Type "Double"]       1.3000000000000000e+00
   &SURFACETYPE [&Type "String"] "GAUSSIAN VDW"
   &NPOINTS [&Type "Integer"] 3070
   &SURFACEAREA [&Type "Double"]       1.0853481084909999e+03
   &CPCMDIELENERGY [&Type "Double"]      -8.6901956000000002e-02
$End
$CIS_Absorption_Spectrum
   &GeometryIndex 85
   &ListStatus       OUT
   &TEMPERATURE [&Type "Double"]       2.9814999999999998e+02
   &METHOD [&Type "Integer"] 20
   &RELCORRECTION [&Type "Integer"] 1 "Type of relativistic treatment in QDPT. 0->Unknow, 1->None, 2->SOC, 3->SSC, 4->SOC/SSC"
   &DENSTYPE [&Type "Integer"] 3 "Type of density (electron/spin ...). 0->Unknow, 1->Electronic, 2->Spin, 3->Trans/Electronic, 4->Tran/Spin"
   &DERITYPE [&Type "Integer"] 0 "Type of derivative (w.r.t. to what perturbation). 0->Unknown, 1->No Derivative, 2->Electric/Dipole, 3->Electric/Quad, 4->Magnetic/Dipole, 5->Magnetic/Quad"
   &DENSLEVEL [&Type "Integer"] 0 "// Source of density: relaxed, unrelaxed, ... 0->Unknown, 1->Linearized, 2->Unrelaxed, 3->Relaxed"
   &REPRESENTATION [&Type "String"] "Length" "Possible values: Unknown,  Length, Velocity"
   &POINTGROUP [&Type "String"] "C1"
   &NTRANS [&Type "Integer"] 3
   &DOHIGHERMOMENTS [&Type "Boolean"] false
   &STATES [&Type "ArrayOfIntegers", &Dim (3,4)] "The initial and Final states. Col1: Initial State  Col2: Initial Irrep Col3: Final State Col4: Final Irrep"
                                                         0                           1                           2                           3

0                                                        0                           0                           1                           0
1                                                        0                           0                           2                           0
2                                                        0                           0                           3                           0
   &MULTIPLICITIES [&Type "ArrayOfDoubles", &Dim (3,2)] "Col1: Multiplicity of the initial state  Col2: Multiplicity of the final state"
                                                         0                           1

0                                      1.0000000000000000e+00         1.0000000000000000e+00
1                                      1.0000000000000000e+00         1.0000000000000000e+00
2                                      1.0000000000000000e+00         1.0000000000000000e+00
   &EXCITATIONENERGIES [&Type "ArrayOfDoubles", &Dim (3,11)] 
                                                         0                           1                           2                           3                           4                           5                           6                           7

0                                      3.3559983036871763e+00         2.7067954602569818e+04         3.6944054867930822e+02         2.3893127591330082e-01         2.9059835405688812e+00        -1.4482357235367851e+00         0.0000000000000000e+00        -8.9317529970299903e-01
1                                      3.8212958061989970e+00         3.0820832445458338e+04         3.2445586983078289e+02         3.3034570617317929e-03         3.5285793567615312e-02        -1.2248703076301712e-01         0.0000000000000000e+00        -1.3684102187897193e-01
2                                      3.9477306979135456e+00         3.1840598726433564e+04         3.1406444602117853e+02         1.2531937124079559e-02         1.2957241967198532e-01         2.8586333408138520e-01         0.0000000000000000e+00         2.0428397043607682e-01
                                                         8                           9                          10

0                                      0.0000000000000000e+00        -1.0408993054673472e-01         0.0000000000000000e+00
1                                      0.0000000000000000e+00        -3.9462077917840815e-02         0.0000000000000000e+00
2                                      0.0000000000000000e+00         7.8247257605182238e-02         0.0000000000000000e+00
$End
$Geometry
   &GeometryIndex 86
   &ListStatus       OUT
   &NATOMS [&Type "Integer"] 35
   &NCORELESSECP [&Type "Integer"] 0
   &NGHOSTATOMS [&Type "Integer"] 0
   &CartesianCoordinates [&Type "Coordinates", &Dim(35,4), &Units "Bohr"] 
              C     -3.138202032832   -3.704348925515   -0.760385786993
              C     -2.290281479131   -5.644206781054   -2.340351689271
              C      0.154389772523   -5.636398568904   -3.223019159184
              C     -1.538949747803   -1.767210249889   -0.090739724665
              C      1.002155646435   -1.696417322820   -0.930733972622
              O     -2.382270092179    0.089427868088    1.561919823573
              C      1.833281584324   -3.694729280081   -2.540725400971
              C      4.370374752165   -3.726303471891   -3.477769545905
              C      6.047113352850   -1.891659185246   -2.882903236890
              C      2.827683878948    0.217722002365   -0.293495563707
              C      5.318766425165    0.138160994241   -1.263500395012
              N      2.250982518484    2.174148210764    1.277026070214
              C      3.851885863148    4.009227187531    1.926668866423
              C      6.294640846464    4.006982742693    0.994103180772
              C      7.015239306716    2.065692941565   -0.590468064574
              C     -4.546999623477    1.478542798465    0.900991671494
              O     -5.330489278319    1.517866192102   -1.256959838490
              N     -5.482185319096    2.722946969077    2.893160355780
              C     -7.567828001347    4.489492466952    2.513970268557
              C     -4.569150909198    2.489900893461    5.489810918694
              H     -3.319108824883    0.879939193917    5.682307366409
              H     -6.191224310955    2.230530784622    6.734935032683
              H     -3.573095587919    4.207121231655    6.054854511774
              H     -7.965188836115    4.674075547561    0.512012914518
              H     -7.051096474353    6.330832453546    3.285930925922
              H     -9.253812801276    3.810032575445    3.490044285676
              H      0.825241175471   -7.129364430927   -4.448693457291
              H     -5.054672545464   -3.708839191090   -0.053323426394
              H     -3.572720823078   -7.151046715803   -2.855192669275
              H      4.916817541102   -5.274865417538   -4.697642874259
              H      7.960135824728   -1.922037828362   -3.603804241566
              H      3.122926781579    5.434695204372    3.192008077090
              H      7.582469856132    5.498393655699    1.522881696810
              H      8.917719220055    2.000954608323   -1.340981502217
              H      0.473818000798    2.198380227250    2.004791891845
$End
$SCF_Energy
   &GeometryIndex 86
   &ListStatus       OUT
   &SCF_ENERGY [&Type "Double"]      -8.7889666564053050e+02
$End
$DFT_Energy
   &GeometryIndex 86
   &ListStatus       OUT
   &NALPHAEL [&Type "Integer"] 70
   &NBETAEL [&Type "Integer"] 70
   &NTOTALEL [&Type "Integer"] 139
   &EEXCHANGE [&Type "Double"]      -9.3725599361248854e+01
   &ECORR [&Type "Double"]      -6.1589202647982653e+00
   &ECNL [&Type "Double"]       0.0000000000000000e+00
   &EXC [&Type "Double"]      -9.9884519626047123e+01
   &EEMBED [&Type "Double"]       0.0000000000000000e+00
   &FINALEN [&Type "Double"]      -8.7889666564053050e+02  "No Van der Waals correction"
$End
$Solvation_Details
   &GeometryIndex 86
   &ListStatus       OUT
   &SOLVENT [&Type "String"] "WATER"
   &EPSILON [&Type "Double"]       8.0150999999999996e+01
   &REFRAC [&Type "Double"]       1.3328000000000000e+00
   &RSOLV [&Type "Double"]       1.3000000000000000e+00
   &SURFACETYPE [&Type "String"] "GAUSSIAN VDW"
   &NPOINTS [&Type "Integer"] 3070
   &SURFACEAREA [&Type "Double"]       1.0853487050470001e+03
   &CPCMDIELENERGY [&Type "Double"]      -8.6934328000000005e-02
$End
$CIS_Absorption_Spectrum
   &GeometryIndex 86
   &ListStatus       OUT
   &TEMPERATURE [&Type "Double"]       2.9814999999999998e+02
   &METHOD [&Type "Integer"] 20
   &RELCORRECTION [&Type "Integer"] 1 "Type of relativistic treatment in QDPT. 0->Unknow, 1->None, 2->SOC, 3->SSC, 4->SOC/SSC"
   &DENSTYPE [&Type "Integer"] 3 "Type of density (electron/spin ...). 0->Unknow, 1->Electronic, 2->Spin, 3->Trans/Electronic, 4->Tran/Spin"
   &DERITYPE [&Type "Integer"] 0 "Type of derivative (w.r.t. to what perturbation). 0->Unknown, 1->No Derivative, 2->Electric/Dipole, 3->Electric/Quad, 4->Magnetic/Dipole, 5->Magnetic/Quad"
   &DENSLEVEL [&Type "Integer"] 0 "// Source of density: relaxed, unrelaxed, ... 0->Unknown, 1->Linearized, 2->Unrelaxed, 3->Relaxed"
   &REPRESENTATION [&Type "String"] "Length" "Possible values: Unknown,  Length, Velocity"
   &POINTGROUP [&Type "String"] "C1"
   &NTRANS [&Type "Integer"] 3
   &DOHIGHERMOMENTS [&Type "Boolean"] false
   &STATES [&Type "ArrayOfIntegers", &Dim (3,4)] "The initial and Final states. Col1: Initial State  Col2: Initial Irrep Col3: Final State Col4: Final Irrep"
                                                         0                           1                           2                           3

0                                                        0                           0                           1                           0
1                                                        0                           0                           2                           0
2                                                        0                           0                           3                           0
   &MULTIPLICITIES [&Type "ArrayOfDoubles", &Dim (3,2)] "Col1: Multiplicity of the initial state  Col2: Multiplicity of the final state"
                                                         0                           1

0                                      1.0000000000000000e+00         1.0000000000000000e+00
1                                      1.0000000000000000e+00         1.0000000000000000e+00
2                                      1.0000000000000000e+00         1.0000000000000000e+00
   &EXCITATIONENERGIES [&Type "ArrayOfDoubles", &Dim (3,11)] 
                                                         0                           1                           2                           3                           4                           5                           6                           7

0                                      3.3570135027106836e+00         2.7076142735755304e+04         3.6932882566003519e+02         2.3882503730044027e-01         2.9038130098020321e+00        -1.4481037459143393e+00         0.0000000000000000e+00        -8.9222969370376048e-01
1                                      3.8235649136266212e+00         3.0839134033028215e+04         3.2426332040614892e+02         3.5214385221962186e-03         3.7591834810562885e-02        -1.2652467735902739e-01         0.0000000000000000e+00        -1.4108641382154344e-01
2                                      3.9481615537816075e+00         3.1844073813731473e+04         3.1403017272519645e+02         1.2763410046305046e-02         1.3195130424517190e-01         2.8703933339059035e-01         0.0000000000000000e+00         2.0766984593179372e-01
                                                         8                           9                          10

0                                      0.0000000000000000e+00        -1.0360851578989319e-01         0.0000000000000000e+00
1                                      0.0000000000000000e+00        -4.0962966991333880e-02         0.0000000000000000e+00
2                                      0.0000000000000000e+00         8.0205738089755618e-02         0.0000000000000000e+00
$End
$Geometry
   &GeometryIndex 87
   &ListStatus       OUT
   &NATOMS [&Type "Integer"] 35
   &NCORELESSECP [&Type "Integer"] 0
   &NGHOSTATOMS [&Type "Integer"] 0
   &CartesianCoordinates [&Type "Coordinates", &Dim(35,4), &Units "Bohr"] 
              C     -3.138185788076   -3.704329211713   -0.760375728770
              C     -2.290291704404   -5.644208770338   -2.340348326662
              C      0.154405803062   -5.636390103684   -3.223019829927
              C     -1.538983140202   -1.767241318177   -0.090766681937
              C      1.002161591731   -1.696402105301   -0.930724699353
              O     -2.382268818677    0.089448400437    1.561957515290
              C      1.833271599191   -3.694745067042   -2.540731858204
              C      4.370380022693   -3.726298325679   -3.477768077904
              C      6.047112111659   -1.891662327374   -2.882904857180
              C      2.827690925673    0.217725574260   -0.293496263051
              C      5.318760883029    0.138158903036   -1.263499678070
              N      2.250979644360    2.174135011254    1.277017587794
              C      3.851885558261    4.009233384262    1.926673425028
              C      6.294643010495    4.006978861969    0.994099803448
              C      7.015240227178    2.065697352717   -0.590465426594
              C     -4.547087822591    1.478449354525    0.900402116321
              O     -5.330386478708    1.517867215950   -1.256658978314
              N     -5.482230375209    2.723028831346    2.893331068587
              C     -7.567896099376    4.489540128943    2.513967043291
              C     -4.569154342088    2.489846363132    5.489755304599
              H     -3.318849194158    0.879599853885    5.682311772761
              H     -6.192007690189    2.230385778164    6.735243282264
              H     -3.572521832593    4.208158150035    6.054948175182
              H     -7.965109981160    4.674009576843    0.512350934506
              H     -7.051068016282    6.330013886346    3.285708103864
              H     -9.252958527290    3.810142049999    3.489674251503
              H      0.825230186828   -7.129369377493   -4.448693285672
              H     -5.054667953537   -3.708840741835   -0.053344481482
              H     -3.572717304183   -7.151057377670   -2.855201687986
              H      4.916801506928   -5.274869233604   -4.697639488372
              H      7.960134986536   -1.922038220410   -3.603804154955
              H      3.122928295744    5.434704628378    3.192013132155
              H      7.582461860831    5.498395701918    1.522885959243
              H      8.917718260691    2.000952776712   -1.340982547874
              H      0.473835296515    2.198456703548    2.004848623792
$End
$SCF_Energy
   &GeometryIndex 87
   &ListStatus       OUT
   &SCF_ENERGY [&Type "Double"]      -8.7889666488866885e+02
$End
$DFT_Energy
   &GeometryIndex 87
   &ListStatus       OUT
   &NALPHAEL [&Type "Integer"] 70
   &NBETAEL [&Type "Integer"] 70
   &NTOTALEL [&Type "Integer"] 139
   &EEXCHANGE [&Type "Double"]      -9.3725508910439515e+01
   &ECORR [&Type "Double"]      -6.1589217827153222e+00
   &ECNL [&Type "Double"]       0.0000000000000000e+00
   &EXC [&Type "Double"]      -9.9884430693154840e+01
   &EEMBED [&Type "Double"]       0.0000000000000000e+00
   &FINALEN [&Type "Double"]      -8.7889666488866885e+02  "No Van der Waals correction"
$End
$Solvation_Details
   &GeometryIndex 87
   &ListStatus       OUT
   &SOLVENT [&Type "String"] "WATER"
   &EPSILON [&Type "Double"]       8.0150999999999996e+01
   &REFRAC [&Type "Double"]       1.3328000000000000e+00
   &RSOLV [&Type "Double"]       1.3000000000000000e+00
   &SURFACETYPE [&Type "String"] "GAUSSIAN VDW"
   &NPOINTS [&Type "Integer"] 3070
   &SURFACEAREA [&Type "Double"]       1.0853444687720000e+03
   &CPCMDIELENERGY [&Type "Double"]      -8.6869863000000005e-02
$End
$CIS_Absorption_Spectrum
   &GeometryIndex 87
   &ListStatus       OUT
   &TEMPERATURE [&Type "Double"]       2.9814999999999998e+02
   &METHOD [&Type "Integer"] 20
   &RELCORRECTION [&Type "Integer"] 1 "Type of relativistic treatment in QDPT. 0->Unknow, 1->None, 2->SOC, 3->SSC, 4->SOC/SSC"
   &DENSTYPE [&Type "Integer"] 3 "Type of density (electron/spin ...). 0->Unknow, 1->Electronic, 2->Spin, 3->Trans/Electronic, 4->Tran/Spin"
   &DERITYPE [&Type "Integer"] 0 "Type of derivative (w.r.t. to what perturbation). 0->Unknown, 1->No Derivative, 2->Electric/Dipole, 3->Electric/Quad, 4->Magnetic/Dipole, 5->Magnetic/Quad"
   &DENSLEVEL [&Type "Integer"] 0 "// Source of density: relaxed, unrelaxed, ... 0->Unknown, 1->Linearized, 2->Unrelaxed, 3->Relaxed"
   &REPRESENTATION [&Type "String"] "Length" "Possible values: Unknown,  Length, Velocity"
   &POINTGROUP [&Type "String"] "C1"
   &NTRANS [&Type "Integer"] 3
   &DOHIGHERMOMENTS [&Type "Boolean"] false
   &STATES [&Type "ArrayOfIntegers", &Dim (3,4)] "The initial and Final states. Col1: Initial State  Col2: Initial Irrep Col3: Final State Col4: Final Irrep"
                                                         0                           1                           2                           3

0                                                        0                           0                           1                           0
1                                                        0                           0                           2                           0
2                                                        0                           0                           3                           0
   &MULTIPLICITIES [&Type "ArrayOfDoubles", &Dim (3,2)] "Col1: Multiplicity of the initial state  Col2: Multiplicity of the final state"
                                                         0                           1

0                                      1.0000000000000000e+00         1.0000000000000000e+00
1                                      1.0000000000000000e+00         1.0000000000000000e+00
2                                      1.0000000000000000e+00         1.0000000000000000e+00
   &EXCITATIONENERGIES [&Type "ArrayOfDoubles", &Dim (3,11)] 
                                                         0                           1                           2                           3                           4                           5                           6                           7

0                                      3.3571134789092283e+00         2.7076949098261677e+04         3.6931782689808261e+02         2.3893596097120010e-01         2.9050751856684087e+00        -1.4483964553409929e+00         0.0000000000000000e+00        -8.9246579422719075e-01
1                                      3.8209834005853387e+00         3.0818312723991614e+04         3.2448239751344801e+02         3.2581784852213267e-03         3.4804997032991669e-02        -1.2136123274235795e-01         0.0000000000000000e+00        -1.3611761441254894e-01
2                                      3.9480739838904664e+00         3.1843367514853027e+04         3.1403713804250123e+02         1.2906213983160915e-02         1.3343060630496137e-01         2.8892858877867100e-01         0.0000000000000000e+00         2.0868320004021768e-01
                                                         8                           9                          10

0                                      0.0000000000000000e+00        -1.0357461058814277e-01         0.0000000000000000e+00
1                                      0.0000000000000000e+00        -3.9350263873111996e-02         0.0000000000000000e+00
2                                      0.0000000000000000e+00         8.0013742021614750e-02         0.0000000000000000e+00
$End
$Geometry
   &GeometryIndex 88
   &ListStatus       OUT
   &NATOMS [&Type "Integer"] 35
   &NCORELESSECP [&Type "Integer"] 0
   &NGHOSTATOMS [&Type "Integer"] 0
   &CartesianCoordinates [&Type "Coordinates", &Dim(35,4), &Units "Bohr"] 
              C     -3.138185726564   -3.704329336035   -0.760375851554
              C     -2.290291798653   -5.644208804605   -2.340348312717
              C      0.154405853409   -5.636390119990   -3.223019854725
              C     -1.538983238428   -1.767240893522   -0.090766197319
              C      1.002161614245   -1.696402202800   -0.930724752982
              O     -2.382267950579    0.089447662883    1.561957054785
              C      1.833271612009   -3.694745075360   -2.540731865198
              C      4.370380027665   -3.726298362982   -3.477768099867
              C      6.047112130346   -1.891662330667   -2.882904862625
              C      2.827690863481    0.217725563103   -0.293496250883
              C      5.318760926545    0.138158925205   -1.263499677063
              N      2.250979233460    2.174135073394    1.277017795865
              C      3.851885591886    4.009233387756    1.926673408804
              C      6.294643013059    4.006978888867    0.994099817442
              C      7.015240228756    2.065697331856   -0.590465442287
              C     -4.547090207991    1.478452994041    0.900408783961
              O     -5.330387165389    1.517867340713   -1.256660959094
              N     -5.482225762332    2.723023710295    2.893329738491
              C     -7.567792688960    4.489464278074    2.513905255880
              C     -4.569154145313    2.489851163604    5.489762214270
              H     -3.318878798585    0.879640610858    5.682313066490
              H     -6.191918479907    2.230400145725    6.735185935562
              H     -3.572582209804    4.208048015289    6.054922262705
              H     -7.965265462436    4.674084003741    0.511512671568
              H     -7.050595271116    6.331563149200    3.286340135739
              H     -9.254546251503    3.809455663084    3.490590304663
              H      0.825230205676   -7.129369341647   -4.448693251478
              H     -5.054668580410   -3.708840549157   -0.053344103084
              H     -3.572716704540   -7.151056853301   -2.855201571441
              H      4.916801460058   -5.274868917724   -4.697639256712
              H      7.960134892341   -1.922038209769   -3.603804108333
              H      3.122928366703    5.434704464963    3.192012999494
              H      7.582461895752    5.498395687164    1.522885938991
              H      8.917718152145    2.000952784650   -1.340982498557
              H      0.473839315172    2.198455295664    2.004845782158
$End
$SCF_Energy
   &GeometryIndex 88
   &ListStatus       OUT
   &SCF_ENERGY [&Type "Double"]      -8.7889666510523477e+02
$End
$DFT_Energy
   &GeometryIndex 88
   &ListStatus       OUT
   &NALPHAEL [&Type "Integer"] 70
   &NBETAEL [&Type "Integer"] 70
   &NTOTALEL [&Type "Integer"] 139
   &EEXCHANGE [&Type "Double"]      -9.3725026046580012e+01
   &ECORR [&Type "Double"]      -6.1588906835003323e+00
   &ECNL [&Type "Double"]       0.0000000000000000e+00
   &EXC [&Type "Double"]      -9.9883916730080344e+01
   &EEMBED [&Type "Double"]       0.0000000000000000e+00
   &FINALEN [&Type "Double"]      -8.7889666510523477e+02  "No Van der Waals correction"
$End
$Solvation_Details
   &GeometryIndex 88
   &ListStatus       OUT
   &SOLVENT [&Type "String"] "WATER"
   &EPSILON [&Type "Double"]       8.0150999999999996e+01
   &REFRAC [&Type "Double"]       1.3328000000000000e+00
   &RSOLV [&Type "Double"]       1.3000000000000000e+00
   &SURFACETYPE [&Type "String"] "GAUSSIAN VDW"
   &NPOINTS [&Type "Integer"] 3070
   &SURFACEAREA [&Type "Double"]       1.0853881588900001e+03
   &CPCMDIELENERGY [&Type "Double"]      -8.6894212999999998e-02
$End
$CIS_Absorption_Spectrum
   &GeometryIndex 88
   &ListStatus       OUT
   &TEMPERATURE [&Type "Double"]       2.9814999999999998e+02
   &METHOD [&Type "Integer"] 20
   &RELCORRECTION [&Type "Integer"] 1 "Type of relativistic treatment in QDPT. 0->Unknow, 1->None, 2->SOC, 3->SSC, 4->SOC/SSC"
   &DENSTYPE [&Type "Integer"] 3 "Type of density (electron/spin ...). 0->Unknow, 1->Electronic, 2->Spin, 3->Trans/Electronic, 4->Tran/Spin"
   &DERITYPE [&Type "Integer"] 0 "Type of derivative (w.r.t. to what perturbation). 0->Unknown, 1->No Derivative, 2->Electric/Dipole, 3->Electric/Quad, 4->Magnetic/Dipole, 5->Magnetic/Quad"
   &DENSLEVEL [&Type "Integer"] 0 "// Source of density: relaxed, unrelaxed, ... 0->Unknown, 1->Linearized, 2->Unrelaxed, 3->Relaxed"
   &REPRESENTATION [&Type "String"] "Length" "Possible values: Unknown,  Length, Velocity"
   &POINTGROUP [&Type "String"] "C1"
   &NTRANS [&Type "Integer"] 3
   &DOHIGHERMOMENTS [&Type "Boolean"] false
   &STATES [&Type "ArrayOfIntegers", &Dim (3,4)] "The initial and Final states. Col1: Initial State  Col2: Initial Irrep Col3: Final State Col4: Final Irrep"
                                                         0                           1                           2                           3

0                                                        0                           0                           1                           0
1                                                        0                           0                           2                           0
2                                                        0                           0                           3                           0
   &MULTIPLICITIES [&Type "ArrayOfDoubles", &Dim (3,2)] "Col1: Multiplicity of the initial state  Col2: Multiplicity of the final state"
                                                         0                           1

0                                      1.0000000000000000e+00         1.0000000000000000e+00
1                                      1.0000000000000000e+00         1.0000000000000000e+00
2                                      1.0000000000000000e+00         1.0000000000000000e+00
   &EXCITATIONENERGIES [&Type "ArrayOfDoubles", &Dim (3,11)] 
                                                         0                           1                           2                           3                           4                           5                           6                           7

0                                      3.3572566662628045e+00         2.7078103982273988e+04         3.6930207545351965e+02         2.3884928707862604e-01         2.9038975143721055e+00        -1.4481880589738849e+00         0.0000000000000000e+00        -8.9215477748080363e-01
1                                      3.8220035263866579e+00         3.0826540594324171e+04         3.2439579035479625e+02         3.3652287732782097e-03         3.5938950505740974e-02        -1.2358277687683285e-01         0.0000000000000000e+00        -1.3810168956838259e-01
2                                      3.9481312084132556e+00         3.1843829061804143e+04         3.1403258636364001e+02         1.2867614206602904e-02         1.3302961520365014e-01         2.8827972665112483e-01         0.0000000000000000e+00         2.0853959069659514e-01
                                                         8                           9                          10

0                                      0.0000000000000000e+00        -1.0348291277179548e-01         0.0000000000000000e+00
1                                      0.0000000000000000e+00        -3.9927072313281561e-02         0.0000000000000000e+00
2                                      0.0000000000000000e+00         8.0222525002018319e-02         0.0000000000000000e+00
$End
$Geometry
   &GeometryIndex 89
   &ListStatus       OUT
   &NATOMS [&Type "Integer"] 35
   &NCORELESSECP [&Type "Integer"] 0
   &NGHOSTATOMS [&Type "Integer"] 0
   &CartesianCoordinates [&Type "Coordinates", &Dim(35,4), &Units "Bohr"] 
              C     -3.138185773922   -3.704329210331   -0.760375718253
              C     -2.290291693184   -5.644208766788   -2.340348317739
              C      0.154405799776   -5.636390101868   -3.223019827178
              C     -1.538983171513   -1.767241388264   -0.090766757168
              C      1.002161597136   -1.696402079059   -0.930724687187
              O     -2.382268845041    0.089448283370    1.561957097502
              C      1.833271598079   -3.694745065243   -2.540731855124
              C      4.370380022260   -3.726298316509   -3.477768072269
              C      6.047112106236   -1.891662325129   -2.882904855284
              C      2.827690926411    0.217725574331   -0.293496266062
              C      5.318760876506    0.138158903245   -1.263499677970
              N      2.250979823391    2.174135003493    1.277017510162
              C      3.851885546358    4.009233388021    1.926673429193
              C      6.294643005477    4.006978860197    0.994099800182
              C      7.015240223685    2.065697357796   -0.590465425470
              C     -4.547088257892    1.478448479687    0.900401366353
              O     -5.330386642352    1.517867390859   -1.256658588863
              N     -5.482227865154    2.723027878414    2.893334137567
              C     -7.567931360295    4.489403317362    2.513946089464
              C     -4.569230185749    2.489825647403    5.489854480382
              H     -3.319169384563    0.879991779286    5.682280415104
              H     -6.190565873065    2.230615798905    6.734167798307
              H     -3.572752582721    4.207793554853    6.054855599619
              H     -7.965205609155    4.674028849232    0.511912492742
              H     -7.050585244187    6.331655531184    3.286409895944
              H     -9.252939505950    3.810124097096    3.489645967140
              H      0.825230193726   -7.129369387699   -4.448693287309
              H     -5.054667967514   -3.708840771332   -0.053344502808
              H     -3.572717401601   -7.151057474570   -2.855201730062
              H      4.916801523818   -5.274869301073   -4.697639537211
              H      7.960135034594   -1.922038217685   -3.603804171246
              H      3.122928291771    5.434704599948    3.192013121266
              H      7.582461852249    5.498395715408    1.522885964769
              H      8.917718300686    2.000952780123   -1.340982565932
              H      0.473833428978    2.198456698186    2.004849251334
$End
$SCF_Energy
   &GeometryIndex 89
   &ListStatus       OUT
   &SCF_ENERGY [&Type "Double"]      -8.7889666508843288e+02
$End
$DFT_Energy
   &GeometryIndex 89
   &ListStatus       OUT
   &NALPHAEL [&Type "Integer"] 70
   &NBETAEL [&Type "Integer"] 70
   &NTOTALEL [&Type "Integer"] 139
   &EEXCHANGE [&Type "Double"]      -9.3725655162422399e+01
   &ECORR [&Type "Double"]      -6.1589250248731586e+00
   &ECNL [&Type "Double"]       0.0000000000000000e+00
   &EXC [&Type "Double"]      -9.9884580187295555e+01
   &EEMBED [&Type "Double"]       0.0000000000000000e+00
   &FINALEN [&Type "Double"]      -8.7889666508843288e+02  "No Van der Waals correction"
$End
$Solvation_Details
   &GeometryIndex 89
   &ListStatus       OUT
   &SOLVENT [&Type "String"] "WATER"
   &EPSILON [&Type "Double"]       8.0150999999999996e+01
   &REFRAC [&Type "Double"]       1.3328000000000000e+00
   &RSOLV [&Type "Double"]       1.3000000000000000e+00
   &SURFACETYPE [&Type "String"] "GAUSSIAN VDW"
   &NPOINTS [&Type "Integer"] 3070
   &SURFACEAREA [&Type "Double"]       1.0853423542950000e+03
   &CPCMDIELENERGY [&Type "Double"]      -8.6887042999999997e-02
$End
$CIS_Absorption_Spectrum
   &GeometryIndex 89
   &ListStatus       OUT
   &TEMPERATURE [&Type "Double"]       2.9814999999999998e+02
   &METHOD [&Type "Integer"] 20
   &RELCORRECTION [&Type "Integer"] 1 "Type of relativistic treatment in QDPT. 0->Unknow, 1->None, 2->SOC, 3->SSC, 4->SOC/SSC"
   &DENSTYPE [&Type "Integer"] 3 "Type of density (electron/spin ...). 0->Unknow, 1->Electronic, 2->Spin, 3->Trans/Electronic, 4->Tran/Spin"
   &DERITYPE [&Type "Integer"] 0 "Type of derivative (w.r.t. to what perturbation). 0->Unknown, 1->No Derivative, 2->Electric/Dipole, 3->Electric/Quad, 4->Magnetic/Dipole, 5->Magnetic/Quad"
   &DENSLEVEL [&Type "Integer"] 0 "// Source of density: relaxed, unrelaxed, ... 0->Unknown, 1->Linearized, 2->Unrelaxed, 3->Relaxed"
   &REPRESENTATION [&Type "String"] "Length" "Possible values: Unknown,  Length, Velocity"
   &POINTGROUP [&Type "String"] "C1"
   &NTRANS [&Type "Integer"] 3
   &DOHIGHERMOMENTS [&Type "Boolean"] false
   &STATES [&Type "ArrayOfIntegers", &Dim (3,4)] "The initial and Final states. Col1: Initial State  Col2: Initial Irrep Col3: Final State Col4: Final Irrep"
                                                         0                           1                           2                           3

0                                                        0                           0                           1                           0
1                                                        0                           0                           2                           0
2                                                        0                           0                           3                           0
   &MULTIPLICITIES [&Type "ArrayOfDoubles", &Dim (3,2)] "Col1: Multiplicity of the initial state  Col2: Multiplicity of the final state"
                                                         0                           1

0                                      1.0000000000000000e+00         1.0000000000000000e+00
1                                      1.0000000000000000e+00         1.0000000000000000e+00
2                                      1.0000000000000000e+00         1.0000000000000000e+00
   &EXCITATIONENERGIES [&Type "ArrayOfDoubles", &Dim (3,11)] 
                                                         0                           1                           2                           3                           4                           5                           6                           7

0                                      3.3571663589542640e+00         2.7077375604632922e+04         3.6931200962803081e+02         2.3889639741076246e-01         2.9045484053021218e+00        -1.4483038458941710e+00         0.0000000000000000e+00        -8.9232274608657913e-01
1                                      3.8214860193370535e+00         3.0822366618041226e+04         3.2443972015266047e+02         3.3179893124240583e-03         3.5439255373673845e-02        -1.2262371772793808e-01         0.0000000000000000e+00        -1.3722602456893665e-01
2                                      3.9480622094618014e+00         3.1843272547671364e+04         3.1403807460522080e+02         1.2866701301247880e-02         1.3302250203749827e-01         2.8844929167535249e-01         0.0000000000000000e+00         2.0836112432653542e-01
                                                         8                           9                          10

0                                      0.0000000000000000e+00        -1.0355912362887944e-01         0.0000000000000000e+00
1                                      0.0000000000000000e+00        -3.9644639048153879e-02         0.0000000000000000e+00
2                                      0.0000000000000000e+00         8.0032181270209890e-02         0.0000000000000000e+00
$End
$Geometry
   &GeometryIndex 90
   &ListStatus       OUT
   &NATOMS [&Type "Integer"] 35
   &NCORELESSECP [&Type "Integer"] 0
   &NGHOSTATOMS [&Type "Integer"] 0
   &CartesianCoordinates [&Type "Coordinates", &Dim(35,4), &Units "Bohr"] 
              C     -3.138185805414   -3.704329218137   -0.760375725438
              C     -2.290291710309   -5.644208779885   -2.340348323128
              C      0.154405803926   -5.636390107077   -3.223019830025
              C     -1.538983153993   -1.767241302123   -0.090766659575
              C      1.002161595163   -1.696402106409   -0.930724701310
              O     -2.382268867521    0.089448297319    1.561957264037
              C      1.833271594802   -3.694745066795   -2.540731853004
              C      4.370380024580   -3.726298329395   -3.477768079416
              C      6.047112119213   -1.891662327279   -2.882904859469
              C      2.827690946146    0.217725587396   -0.293496262255
              C      5.318760885607    0.138158898025   -1.263499682986
              N      2.250979305405    2.174135016895    1.277017723507
              C      3.851885554397    4.009233365426    1.926673407042
              C      6.294643024084    4.006978862362    0.994099796667
              C      7.015240228852    2.065697357312   -0.590465427047
              C     -4.547087732520    1.478449356502    0.900402419016
              O     -5.330386604926    1.517867581137   -1.256658902046
              N     -5.482228435815    2.723026781226    2.893334022712
              C     -7.567921023273    4.489414776748    2.513945975578
              C     -4.569041185191    2.489965296039    5.489779920076
              H     -3.319002965622    0.879854031942    5.682286515282
              H     -6.192269718278    2.230377025954    6.735451454618
              H     -3.573457097625    4.206510189068    6.054441819244
              H     -7.965207973523    4.674030125781    0.511905796063
              H     -7.050610399027    6.331549406125    3.286364579165
              H     -9.253042916270    3.810088979575    3.489701215499
              H      0.825230193504   -7.129369390415   -4.448693291216
              H     -5.054667786069   -3.708840729508   -0.053344549304
              H     -3.572717233159   -7.151057300756   -2.855201662033
              H      4.916801498815   -5.274869209227   -4.697639465517
              H      7.960134911912   -1.922038228459   -3.603804130807
              H      3.122928156081    5.434704701181    3.192013262050
              H      7.582461862599    5.498395688607    1.522885946567
              H      8.917718240754    2.000952775325   -1.340982547577
              H      0.473839150172    2.198456967417    2.004847616769
$End
$SCF_Energy
   &GeometryIndex 90
   &ListStatus       OUT
   &SCF_ENERGY [&Type "Double"]      -8.7889666520203434e+02
$End
$DFT_Energy
   &GeometryIndex 90
   &ListStatus       OUT
   &NALPHAEL [&Type "Integer"] 70
   &NBETAEL [&Type "Integer"] 70
   &NTOTALEL [&Type "Integer"] 139
   &EEXCHANGE [&Type "Double"]      -9.3725585406791637e+01
   &ECORR [&Type "Double"]      -6.1589217127212024e+00
   &ECNL [&Type "Double"]       0.0000000000000000e+00
   &EXC [&Type "Double"]      -9.9884507119512847e+01
   &EEMBED [&Type "Double"]       0.0000000000000000e+00
   &FINALEN [&Type "Double"]      -8.7889666520203434e+02  "No Van der Waals correction"
$End
$Solvation_Details
   &GeometryIndex 90
   &ListStatus       OUT
   &SOLVENT [&Type "String"] "WATER"
   &EPSILON [&Type "Double"]       8.0150999999999996e+01
   &REFRAC [&Type "Double"]       1.3328000000000000e+00
   &RSOLV [&Type "Double"]       1.3000000000000000e+00
   &SURFACETYPE [&Type "String"] "GAUSSIAN VDW"
   &NPOINTS [&Type "Integer"] 3070
   &SURFACEAREA [&Type "Double"]       1.0853515862029999e+03
   &CPCMDIELENERGY [&Type "Double"]      -8.6898680000000006e-02
$End
$CIS_Absorption_Spectrum
   &GeometryIndex 90
   &ListStatus       OUT
   &TEMPERATURE [&Type "Double"]       2.9814999999999998e+02
   &METHOD [&Type "Integer"] 20
   &RELCORRECTION [&Type "Integer"] 1 "Type of relativistic treatment in QDPT. 0->Unknow, 1->None, 2->SOC, 3->SSC, 4->SOC/SSC"
   &DENSTYPE [&Type "Integer"] 3 "Type of density (electron/spin ...). 0->Unknow, 1->Electronic, 2->Spin, 3->Trans/Electronic, 4->Tran/Spin"
   &DERITYPE [&Type "Integer"] 0 "Type of derivative (w.r.t. to what perturbation). 0->Unknown, 1->No Derivative, 2->Electric/Dipole, 3->Electric/Quad, 4->Magnetic/Dipole, 5->Magnetic/Quad"
   &DENSLEVEL [&Type "Integer"] 0 "// Source of density: relaxed, unrelaxed, ... 0->Unknown, 1->Linearized, 2->Unrelaxed, 3->Relaxed"
   &REPRESENTATION [&Type "String"] "Length" "Possible values: Unknown,  Length, Velocity"
   &POINTGROUP [&Type "String"] "C1"
   &NTRANS [&Type "Integer"] 3
   &DOHIGHERMOMENTS [&Type "Boolean"] false
   &STATES [&Type "ArrayOfIntegers", &Dim (3,4)] "The initial and Final states. Col1: Initial State  Col2: Initial Irrep Col3: Final State Col4: Final Irrep"
                                                         0                           1                           2                           3

0                                                        0                           0                           1                           0
1                                                        0                           0                           2                           0
2                                                        0                           0                           3                           0
   &MULTIPLICITIES [&Type "ArrayOfDoubles", &Dim (3,2)] "Col1: Multiplicity of the initial state  Col2: Multiplicity of the final state"
                                                         0                           1

0                                      1.0000000000000000e+00         1.0000000000000000e+00
1                                      1.0000000000000000e+00         1.0000000000000000e+00
2                                      1.0000000000000000e+00         1.0000000000000000e+00
   &EXCITATIONENERGIES [&Type "ArrayOfDoubles", &Dim (3,11)] 
                                                         0                           1                           2                           3                           4                           5                           6                           7

0                                      3.3572300838833904e+00         2.7077889580902440e+04         3.6930499956882988e+02         2.3884569223652544e-01         2.9038768013340506e+00        -1.4481745922467486e+00         0.0000000000000000e+00        -8.9216317938931045e-01
1                                      3.8220241311972933e+00         3.0826706783347050e+04         3.2439404151344888e+02         3.3750637503868939e-03         3.6043788798286451e-02        -1.2374713605819115e-01         0.0000000000000000e+00        -1.3831322036379592e-01
2                                      3.9481155119641791e+00         3.1843702461391218e+04         3.1403383485712641e+02         1.2857375280432657e-02         1.3292429028987965e-01         2.8819436560126749e-01         0.0000000000000000e+00         2.0841944157426581e-01
                                                         8                           9                          10

0                                      0.0000000000000000e+00        -1.0349885529304530e-01         0.0000000000000000e+00
1                                      0.0000000000000000e+00        -3.9998602329056512e-02         0.0000000000000000e+00
2                                      0.0000000000000000e+00         8.0185000464137887e-02         0.0000000000000000e+00
$End
$Geometry
   &GeometryIndex 91
   &ListStatus       OUT
   &NATOMS [&Type "Integer"] 35
   &NCORELESSECP [&Type "Integer"] 0
   &NGHOSTATOMS [&Type "Integer"] 0
   &CartesianCoordinates [&Type "Coordinates", &Dim(35,4), &Units "Bohr"] 
              C     -3.138185718959   -3.704329203061   -0.760375725982
              C     -2.290291701199   -5.644208767741   -2.340348315554
              C      0.154405805969   -5.636390103691   -3.223019833919
              C     -1.538983201094   -1.767241356211   -0.090766791445
              C      1.002161584817   -1.696402079764   -0.930724665032
              O     -2.382268901623    0.089448565694    1.561957282885
              C      1.833271590080   -3.694745075574   -2.540731860389
              C      4.370380021015   -3.726298311268   -3.477768068721
              C      6.047112108006   -1.891662328111   -2.882904857325
              C      2.827690941240    0.217725588282   -0.293496269190
              C      5.318760876297    0.138158897947   -1.263499677512
              N      2.250979638699    2.174135002758    1.277017585968
              C      3.851885548684    4.009233373310    1.926673421758
              C      6.294643014468    4.006978856551    0.994099800105
              C      7.015240225114    2.065697357098   -0.590465422346
              C     -4.547088560247    1.478449321296    0.900400261156
              O     -5.330385576898    1.517866614960   -1.256658488126
              N     -5.482228012500    2.723026237108    2.893333510190
              C     -7.567862504510    4.489500368085    2.513769625332
              C     -4.569138723238    2.489888373234    5.489819738453
              H     -3.319113959031    0.879953220297    5.682281507728
              H     -6.191373094741    2.230500132124    6.734781714697
              H     -3.573080112469    4.207197529624    6.054661208386
              H     -7.964843581265    4.673887993163    0.513686324164
              H     -7.050728868674    6.331103184223    3.286139948278
              H     -9.253998462001    3.809683670638    3.490254992792
              H      0.825230162981   -7.129369319226   -4.448693252526
              H     -5.054668603630   -3.708840696789   -0.053344333202
              H     -3.572717340256   -7.151057391575   -2.855201701911
              H      4.916801535649   -5.274869354546   -4.697639575870
              H      7.960135017162   -1.922038226183   -3.603804165211
              H      3.122928219890    5.434704664585    3.192013204068
              H      7.582461858180    5.498395702063    1.522885962735
              H      8.917718295913    2.000952773714   -1.340982562772
              H      0.473835521588    2.198456940619    2.004848815098
$End
$SCF_Energy
   &GeometryIndex 91
   &ListStatus       OUT
   &SCF_ENERGY [&Type "Double"]      -8.7889666515166255e+02
$End
$DFT_Energy
   &GeometryIndex 91
   &ListStatus       OUT
   &NALPHAEL [&Type "Integer"] 70
   &NBETAEL [&Type "Integer"] 70
   &NTOTALEL [&Type "Integer"] 139
   &EEXCHANGE [&Type "Double"]      -9.3725776429657486e+01
   &ECORR [&Type "Double"]      -6.1589318249121039e+00
   &ECNL [&Type "Double"]       0.0000000000000000e+00
   &EXC [&Type "Double"]      -9.9884708254569588e+01
   &EEMBED [&Type "Double"]       0.0000000000000000e+00
   &FINALEN [&Type "Double"]      -8.7889666515166255e+02  "No Van der Waals correction"
$End
$Solvation_Details
   &GeometryIndex 91
   &ListStatus       OUT
   &SOLVENT [&Type "String"] "WATER"
   &EPSILON [&Type "Double"]       8.0150999999999996e+01
   &REFRAC [&Type "Double"]       1.3328000000000000e+00
   &RSOLV [&Type "Double"]       1.3000000000000000e+00
   &SURFACETYPE [&Type "String"] "GAUSSIAN VDW"
   &NPOINTS [&Type "Integer"] 3070
   &SURFACEAREA [&Type "Double"]       1.0853418956690000e+03
   &CPCMDIELENERGY [&Type "Double"]      -8.6886034000000001e-02
$End
$CIS_Absorption_Spectrum
   &GeometryIndex 91
   &ListStatus       OUT
   &TEMPERATURE [&Type "Double"]       2.9814999999999998e+02
   &METHOD [&Type "Integer"] 20
   &RELCORRECTION [&Type "Integer"] 1 "Type of relativistic treatment in QDPT. 0->Unknow, 1->None, 2->SOC, 3->SSC, 4->SOC/SSC"
   &DENSTYPE [&Type "Integer"] 3 "Type of density (electron/spin ...). 0->Unknow, 1->Electronic, 2->Spin, 3->Trans/Electronic, 4->Tran/Spin"
   &DERITYPE [&Type "Integer"] 0 "Type of derivative (w.r.t. to what perturbation). 0->Unknown, 1->No Derivative, 2->Electric/Dipole, 3->Electric/Quad, 4->Magnetic/Dipole, 5->Magnetic/Quad"
   &DENSLEVEL [&Type "Integer"] 0 "// Source of density: relaxed, unrelaxed, ... 0->Unknown, 1->Linearized, 2->Unrelaxed, 3->Relaxed"
   &REPRESENTATION [&Type "String"] "Length" "Possible values: Unknown,  Length, Velocity"
   &POINTGROUP [&Type "String"] "C1"
   &NTRANS [&Type "Integer"] 3
   &DOHIGHERMOMENTS [&Type "Boolean"] false
   &STATES [&Type "ArrayOfIntegers", &Dim (3,4)] "The initial and Final states. Col1: Initial State  Col2: Initial Irrep Col3: Final State Col4: Final Irrep"
                                                         0                           1                           2                           3

0                                                        0                           0                           1                           0
1                                                        0                           0                           2                           0
2                                                        0                           0                           3                           0
   &MULTIPLICITIES [&Type "ArrayOfDoubles", &Dim (3,2)] "Col1: Multiplicity of the initial state  Col2: Multiplicity of the final state"
                                                         0                           1

0                                      1.0000000000000000e+00         1.0000000000000000e+00
1                                      1.0000000000000000e+00         1.0000000000000000e+00
2                                      1.0000000000000000e+00         1.0000000000000000e+00
   &EXCITATIONENERGIES [&Type "ArrayOfDoubles", &Dim (3,11)] 
                                                         0                           1                           2                           3                           4                           5                           6                           7

0                                      3.3571606798666065e+00         2.7077329799697109e+04         3.6931263436883876e+02         2.3891089101970286e-01         2.9047295351221019e+00        -1.4483470141433910e+00         0.0000000000000000e+00        -8.9235529709386696e-01
1                                      3.8214793126387971e+00         3.0822312524866105e+04         3.2444028954454450e+02         3.3136061760733553e-03         3.5392501457038199e-02        -1.2255220315904053e-01         0.0000000000000000e+00        -1.3712798454532432e-01
2                                      3.9480899121501598e+00         3.1843495984944864e+04         3.1403587108425069e+02         1.2864740005998793e-02         1.3300129192874768e-01         2.8847603540131489e-01         0.0000000000000000e+00         2.0829794660194145e-01
                                                         8                           9                          10

0                                      0.0000000000000000e+00        -1.0354943501797539e-01         0.0000000000000000e+00
1                                      0.0000000000000000e+00        -3.9615335571477214e-02         0.0000000000000000e+00
2                                      0.0000000000000000e+00         7.9967708290920411e-02         0.0000000000000000e+00
$End
$Geometry
   &GeometryIndex 92
   &ListStatus       OUT
   &NATOMS [&Type "Integer"] 35
   &NCORELESSECP [&Type "Integer"] 0
   &NGHOSTATOMS [&Type "Integer"] 0
   &CartesianCoordinates [&Type "Coordinates", &Dim(35,4), &Units "Bohr"] 
              C     -3.138185996662   -3.704329110452   -0.760375592866
              C     -2.290291345659   -5.644208383994   -2.340348231682
              C      0.154405854648   -5.636390305079   -3.223019974321
              C     -1.538982874155   -1.767241736176   -0.090766821045
              C      1.002161533152   -1.696402073285   -0.930724672890
              O     -2.382269063965    0.089448764968    1.561958876557
              C      1.833271609116   -3.694745053849   -2.540731869827
              C      4.370379960386   -3.726298124348   -3.477767920693
              C      6.047112088663   -1.891662335368   -2.882904853313
              C      2.827690951971    0.217725579517   -0.293496257736
              C      5.318760858647    0.138158892146   -1.263499674664
              N      2.250980255572    2.174134988107    1.277017327017
              C      3.851885522863    4.009233381246    1.926673433412
              C      6.294643010362    4.006978851479    0.994099798210
              C      7.015240188896    2.065697365252   -0.590465402999
              C     -4.547088861302    1.478449612968    0.900400828859
              O     -5.330386396725    1.517867336183   -1.256658806492
              N     -5.482228477922    2.723026978784    2.893335268511
              C     -7.567846807354    4.489505144696    2.513934943737
              C     -4.569244269551    2.490022966711    5.489829524723
              H     -3.318005278441    0.878526122431    5.682426882141
              H     -6.191059839077    2.230572857673    6.734546509213
              H     -3.573254421085    4.206948151000    6.054586715593
              H     -7.965174567868    4.674039956886    0.511989351702
              H     -7.050842131157    6.330739748735    3.286007214597
              H     -9.253710012180    3.809812876431    3.490111773030
              H      0.825229111775   -7.129366984811   -4.448691302960
              H     -5.054665498470   -3.708840876101   -0.053345343837
              H     -3.572721184602   -7.151061851767   -2.855203178016
              H      4.916802268552   -5.274871479383   -4.697641242127
              H      7.960135105439   -1.922038220700   -3.603804193421
              H      3.122928240432    5.434704600452    3.192013171942
              H      7.582461757237    5.498395624921    1.522885941969
              H      8.917718749501    2.000952755839   -1.340982739353
              H      0.473828783418    2.198457480773    2.004851511735
$End
$SCF_Energy
   &GeometryIndex 92
   &ListStatus       OUT
   &SCF_ENERGY [&Type "Double"]      -8.7889666513595898e+02
$End
$DFT_Energy
   &GeometryIndex 92
   &ListStatus       OUT
   &NALPHAEL [&Type "Integer"] 70
   &NBETAEL [&Type "Integer"] 70
   &NTOTALEL [&Type "Integer"] 139
   &EEXCHANGE [&Type "Double"]      -9.3725521819218415e+01
   &ECORR [&Type "Double"]      -6.1589195819156224e+00
   &ECNL [&Type "Double"]       0.0000000000000000e+00
   &EXC [&Type "Double"]      -9.9884441401134040e+01
   &EEMBED [&Type "Double"]       0.0000000000000000e+00
   &FINALEN [&Type "Double"]      -8.7889666513595898e+02  "No Van der Waals correction"
$End
$Solvation_Details
   &GeometryIndex 92
   &ListStatus       OUT
   &SOLVENT [&Type "String"] "WATER"
   &EPSILON [&Type "Double"]       8.0150999999999996e+01
   &REFRAC [&Type "Double"]       1.3328000000000000e+00
   &RSOLV [&Type "Double"]       1.3000000000000000e+00
   &SURFACETYPE [&Type "String"] "GAUSSIAN VDW"
   &NPOINTS [&Type "Integer"] 3070
   &SURFACEAREA [&Type "Double"]       1.0853496771440000e+03
   &CPCMDIELENERGY [&Type "Double"]      -8.6896303999999994e-02
$End
$CIS_Absorption_Spectrum
   &GeometryIndex 92
   &ListStatus       OUT
   &TEMPERATURE [&Type "Double"]       2.9814999999999998e+02
   &METHOD [&Type "Integer"] 20
   &RELCORRECTION [&Type "Integer"] 1 "Type of relativistic treatment in QDPT. 0->Unknow, 1->None, 2->SOC, 3->SSC, 4->SOC/SSC"
   &DENSTYPE [&Type "Integer"] 3 "Type of density (electron/spin ...). 0->Unknow, 1->Electronic, 2->Spin, 3->Trans/Electronic, 4->Tran/Spin"
   &DERITYPE [&Type "Integer"] 0 "Type of derivative (w.r.t. to what perturbation). 0->Unknown, 1->No Derivative, 2->Electric/Dipole, 3->Electric/Quad, 4->Magnetic/Dipole, 5->Magnetic/Quad"
   &DENSLEVEL [&Type "Integer"] 0 "// Source of density: relaxed, unrelaxed, ... 0->Unknown, 1->Linearized, 2->Unrelaxed, 3->Relaxed"
   &REPRESENTATION [&Type "String"] "Length" "Possible values: Unknown,  Length, Velocity"
   &POINTGROUP [&Type "String"] "C1"
   &NTRANS [&Type "Integer"] 3
   &DOHIGHERMOMENTS [&Type "Boolean"] false
   &STATES [&Type "ArrayOfIntegers", &Dim (3,4)] "The initial and Final states. Col1: Initial State  Col2: Initial Irrep Col3: Final State Col4: Final Irrep"
                                                         0                           1                           2                           3

0                                                        0                           0                           1                           0
1                                                        0                           0                           2                           0
2                                                        0                           0                           3                           0
   &MULTIPLICITIES [&Type "ArrayOfDoubles", &Dim (3,2)] "Col1: Multiplicity of the initial state  Col2: Multiplicity of the final state"
                                                         0                           1

0                                      1.0000000000000000e+00         1.0000000000000000e+00
1                                      1.0000000000000000e+00         1.0000000000000000e+00
2                                      1.0000000000000000e+00         1.0000000000000000e+00
   &EXCITATIONENERGIES [&Type "ArrayOfDoubles", &Dim (3,11)] 
                                                         0                           1                           2                           3                           4                           5                           6                           7

0                                      3.3572271882722120e+00         2.7077866226220816e+04         3.6930531809469215e+02         2.3885536368466220e-01         2.9039968911285272e+00        -1.4481992968666915e+00         0.0000000000000000e+00        -8.9218936205321919e-01
1                                      3.8220917522009650e+00         3.0827252183580284e+04         3.2438830228684355e+02         3.3751118238285033e-03         3.6043664494651434e-02        -1.2376948993323290e-01         0.0000000000000000e+00        -1.3829428419533490e-01
2                                      3.9481105056822918e+00         3.1843662083000469e+04         3.1403423305821457e+02         1.2852193963972610e-02         1.3287089241099648e-01         2.8816087816145614e-01         0.0000000000000000e+00         2.0835181640239728e-01
                                                         8                           9                          10

0                                      0.0000000000000000e+00        -1.0350763219404434e-01         0.0000000000000000e+00
1                                      0.0000000000000000e+00        -3.9993359639054274e-02         0.0000000000000000e+00
2                                      0.0000000000000000e+00         8.0148121063669753e-02         0.0000000000000000e+00
$End
$Geometry
   &GeometryIndex 93
   &ListStatus       OUT
   &NATOMS [&Type "Integer"] 35
   &NCORELESSECP [&Type "Integer"] 0
   &NGHOSTATOMS [&Type "Integer"] 0
   &CartesianCoordinates [&Type "Coordinates", &Dim(35,4), &Units "Bohr"] 
              C     -3.138195555343   -3.704329976219   -0.760372563520
              C     -2.290266953620   -5.644177729888   -2.340337106242
              C      0.154424753168   -5.636434275150   -3.223055800402
              C     -1.538983177159   -1.767241241621   -0.090766669282
              C      1.002161966848   -1.696402286356   -0.930724979805
              O     -2.382268868727    0.089448454126    1.561957200010
              C      1.833275161280   -3.694743637142   -2.540732188118
              C      4.370346553752   -3.726204207258   -3.477693883372
              C      6.047173507911   -1.891666671375   -2.882930259026
              C      2.827690475699    0.217725543534   -0.293496118269
              C      5.318760984687    0.138159648488   -1.263499216841
              N      2.250979422383    2.174135020394    1.277017686199
              C      3.851885487926    4.009233476149    1.926673516989
              C      6.294643599869    4.006979079871    0.994099732347
              C      7.015233077018    2.065697783822   -0.590462493029
              C     -4.547087483855    1.478449078267    0.900401799385
              O     -5.330386643851    1.517867503242   -1.256658780266
              N     -5.482228498053    2.723026832345    2.893334163663
              C     -7.567847676663    4.489505294266    2.513937884142
              C     -4.569141413907    2.489890154886    5.489819296915
              H     -3.319096790917    0.879931517881    5.682282897698
              H     -6.191365721534    2.230503169469    6.734774042416
              H     -3.573081677579    4.207198120932    6.054660335401
              H     -7.965181386827    4.674043299914    0.511956341805
              H     -7.050843982953    6.330736626121    3.286004612625
              H     -9.253703629241    3.809816715284    3.490106729851
              H      0.825001425024   -7.128863349669   -4.448277042062
              H     -5.054552120467   -3.708839735436   -0.053386486092
              H     -3.573023238363   -7.151418542422   -2.855325675937
              H      4.917185786565   -5.275957641702   -4.698496812103
              H      7.959393014863   -1.922022139931   -3.603521168469
              H      3.122928853363    5.434703369622    3.192012066354
              H      7.582456416044    5.498389487193    1.522883787365
              H      8.917799755398    2.000948440028   -1.341015689665
              H      0.473838109071    2.198456332434    2.004847347080
$End
$SCF_Energy
   &GeometryIndex 93
   &ListStatus       OUT
   &SCF_ENERGY [&Type "Double"]      -8.7889666512357792e+02
$End
$DFT_Energy
   &GeometryIndex 93
   &ListStatus       OUT
   &NALPHAEL [&Type "Integer"] 70
   &NBETAEL [&Type "Integer"] 70
   &NTOTALEL [&Type "Integer"] 139
   &EEXCHANGE [&Type "Double"]      -9.3725610990509821e+01
   &ECORR [&Type "Double"]      -6.1589234832728783e+00
   &ECNL [&Type "Double"]       0.0000000000000000e+00
   &EXC [&Type "Double"]      -9.9884534473782693e+01
   &EEMBED [&Type "Double"]       0.0000000000000000e+00
   &FINALEN [&Type "Double"]      -8.7889666512357792e+02  "No Van der Waals correction"
$End
$Solvation_Details
   &GeometryIndex 93
   &ListStatus       OUT
   &SOLVENT [&Type "String"] "WATER"
   &EPSILON [&Type "Double"]       8.0150999999999996e+01
   &REFRAC [&Type "Double"]       1.3328000000000000e+00
   &RSOLV [&Type "Double"]       1.3000000000000000e+00
   &SURFACETYPE [&Type "String"] "GAUSSIAN VDW"
   &NPOINTS [&Type "Integer"] 3070
   &SURFACEAREA [&Type "Double"]       1.0853469128790000e+03
   &CPCMDIELENERGY [&Type "Double"]      -8.6892973999999998e-02
$End
$CIS_Absorption_Spectrum
   &GeometryIndex 93
   &ListStatus       OUT
   &TEMPERATURE [&Type "Double"]       2.9814999999999998e+02
   &METHOD [&Type "Integer"] 20
   &RELCORRECTION [&Type "Integer"] 1 "Type of relativistic treatment in QDPT. 0->Unknow, 1->None, 2->SOC, 3->SSC, 4->SOC/SSC"
   &DENSTYPE [&Type "Integer"] 3 "Type of density (electron/spin ...). 0->Unknow, 1->Electronic, 2->Spin, 3->Trans/Electronic, 4->Tran/Spin"
   &DERITYPE [&Type "Integer"] 0 "Type of derivative (w.r.t. to what perturbation). 0->Unknown, 1->No Derivative, 2->Electric/Dipole, 3->Electric/Quad, 4->Magnetic/Dipole, 5->Magnetic/Quad"
   &DENSLEVEL [&Type "Integer"] 0 "// Source of density: relaxed, unrelaxed, ... 0->Unknown, 1->Linearized, 2->Unrelaxed, 3->Relaxed"
   &REPRESENTATION [&Type "String"] "Length" "Possible values: Unknown,  Length, Velocity"
   &POINTGROUP [&Type "String"] "C1"
   &NTRANS [&Type "Integer"] 3
   &DOHIGHERMOMENTS [&Type "Boolean"] false
   &STATES [&Type "ArrayOfIntegers", &Dim (3,4)] "The initial and Final states. Col1: Initial State  Col2: Initial Irrep Col3: Final State Col4: Final Irrep"
                                                         0                           1                           2                           3

0                                                        0                           0                           1                           0
1                                                        0                           0                           2                           0
2                                                        0                           0                           3                           0
   &MULTIPLICITIES [&Type "ArrayOfDoubles", &Dim (3,2)] "Col1: Multiplicity of the initial state  Col2: Multiplicity of the final state"
                                                         0                           1

0                                      1.0000000000000000e+00         1.0000000000000000e+00
1                                      1.0000000000000000e+00         1.0000000000000000e+00
2                                      1.0000000000000000e+00         1.0000000000000000e+00
   &EXCITATIONENERGIES [&Type "ArrayOfDoubles", &Dim (3,11)] 
                                                         0                           1                           2                           3                           4                           5                           6                           7

0                                      3.3572265230161995e+00         2.7077860860568657e+04         3.6930539127491448e+02         2.3882690087198868e-01         2.9036514164180454e+00        -1.4481629425966658e+00         0.0000000000000000e+00        -8.9206302556212191e-01
1                                      3.8219618876517432e+00         3.0826204755243103e+04         3.2439932451623451e+02         3.3619997151772057e-03         3.5904856954206948e-02        -1.2349500819407488e-01         0.0000000000000000e+00        -1.3805958974630728e-01
2                                      3.9481452058031450e+00         3.1843941958379110e+04         3.1403147302147039e+02         1.2849461664570887e-02         1.3284147730596702e-01         2.8819124187714951e-01         0.0000000000000000e+00         2.0826399837111956e-01
                                                         8                           9                          10

0                                      0.0000000000000000e+00        -1.0343629214528437e-01         0.0000000000000000e+00
1                                      0.0000000000000000e+00        -3.9917284281795209e-02         0.0000000000000000e+00
2                                      0.0000000000000000e+00         8.0083658718540257e-02         0.0000000000000000e+00
$End
$Geometry
   &GeometryIndex 94
   &ListStatus       OUT
   &NATOMS [&Type "Integer"] 35
   &NCORELESSECP [&Type "Integer"] 0
   &NGHOSTATOMS [&Type "Integer"] 0
   &CartesianCoordinates [&Type "Coordinates", &Dim(35,4), &Units "Bohr"] 
              C     -3.138213009840   -3.704331367193   -0.760366982535
              C     -2.290230895101   -5.644134965158   -2.340322379402
              C      0.154434972552   -5.636461808329   -3.223077608102
              C     -1.538983041648   -1.767240916202   -0.090766540107
              C      1.002161200964   -1.696401416367   -0.930724153897
              O     -2.382268829020    0.089448415047    1.561957204891
              C      1.833272434077   -3.694743912548   -2.540731387999
              C      4.370396670780   -3.726343205584   -3.477803720589
              C      6.047073741718   -1.891660302316   -2.882889435240
              C      2.827691414985    0.217725637319   -0.293496395160
              C      5.318760740092    0.138158288614   -1.263500035943
              N      2.250979483661    2.174135029945    1.277017663936
              C      3.851885507732    4.009233258037    1.926673355957
              C      6.294642681109    4.006978654163    0.994099787087
              C      7.015245497197    2.065697172792   -0.590467497571
              C     -4.547087483338    1.478449071059    0.900401692379
              O     -5.330386625359    1.517867541018   -1.256658761309
              N     -5.482228496989    2.723026824543    2.893334175081
              C     -7.567847680836    4.489505292420    2.513937863992
              C     -4.569141419224    2.489890162941    5.489819298225
              H     -3.319096758851    0.879931484293    5.682282895301
              H     -6.191365701320    2.230503179448    6.734774033195
              H     -3.573081702724    4.207198081402    6.054660328060
              H     -7.965181344875    4.674043277538    0.511956517161
              H     -7.050843971777    6.330736660994    3.286004621259
              H     -9.253703641993    3.809816707486    3.490106731892
              H      0.824864662726   -7.128545502510   -4.448018384088
              H     -5.054346780025   -3.708837652095   -0.053460529530
              H     -3.573439980061   -7.151910349524   -2.855494406345
              H      4.916613343553   -5.274345560272   -4.697225868937
              H      7.960588675618   -1.922048095354   -3.603977202841
              H      3.122927715162    5.434705620583    3.192014070808
              H      7.582465635703    5.498399970451    1.522887442344
              H      8.917658502294    2.000955738970   -1.340958376689
              H      0.473837075753    2.198456640225    2.004847944292
$End
$SCF_Energy
   &GeometryIndex 94
   &ListStatus       OUT
   &SCF_ENERGY [&Type "Double"]      -8.7889666497782139e+02
$End
$DFT_Energy
   &GeometryIndex 94
   &ListStatus       OUT
   &NALPHAEL [&Type "Integer"] 70
   &NBETAEL [&Type "Integer"] 70
   &NTOTALEL [&Type "Integer"] 139
   &EEXCHANGE [&Type "Double"]      -9.3725687931707697e+01
   &ECORR [&Type "Double"]      -6.1589290351833608e+00
   &ECNL [&Type "Double"]       0.0000000000000000e+00
   &EXC [&Type "Double"]      -9.9884616966891059e+01
   &EEMBED [&Type "Double"]       0.0000000000000000e+00
   &FINALEN [&Type "Double"]      -8.7889666497782139e+02  "No Van der Waals correction"
$End
$Solvation_Details
   &GeometryIndex 94
   &ListStatus       OUT
   &SOLVENT [&Type "String"] "WATER"
   &EPSILON [&Type "Double"]       8.0150999999999996e+01
   &REFRAC [&Type "Double"]       1.3328000000000000e+00
   &RSOLV [&Type "Double"]       1.3000000000000000e+00
   &SURFACETYPE [&Type "String"] "GAUSSIAN VDW"
   &NPOINTS [&Type "Integer"] 3070
   &SURFACEAREA [&Type "Double"]       1.0853413137830000e+03
   &CPCMDIELENERGY [&Type "Double"]      -8.6876642000000004e-02
$End
$CIS_Absorption_Spectrum
   &GeometryIndex 94
   &ListStatus       OUT
   &TEMPERATURE [&Type "Double"]       2.9814999999999998e+02
   &METHOD [&Type "Integer"] 20
   &RELCORRECTION [&Type "Integer"] 1 "Type of relativistic treatment in QDPT. 0->Unknow, 1->None, 2->SOC, 3->SSC, 4->SOC/SSC"
   &DENSTYPE [&Type "Integer"] 3 "Type of density (electron/spin ...). 0->Unknow, 1->Electronic, 2->Spin, 3->Trans/Electronic, 4->Tran/Spin"
   &DERITYPE [&Type "Integer"] 0 "Type of derivative (w.r.t. to what perturbation). 0->Unknown, 1->No Derivative, 2->Electric/Dipole, 3->Electric/Quad, 4->Magnetic/Dipole, 5->Magnetic/Quad"
   &DENSLEVEL [&Type "Integer"] 0 "// Source of density: relaxed, unrelaxed, ... 0->Unknown, 1->Linearized, 2->Unrelaxed, 3->Relaxed"
   &REPRESENTATION [&Type "String"] "Length" "Possible values: Unknown,  Length, Velocity"
   &POINTGROUP [&Type "String"] "C1"
   &NTRANS [&Type "Integer"] 3
   &DOHIGHERMOMENTS [&Type "Boolean"] false
   &STATES [&Type "ArrayOfIntegers", &Dim (3,4)] "The initial and Final states. Col1: Initial State  Col2: Initial Irrep Col3: Final State Col4: Final Irrep"
                                                         0                           1                           2                           3

0                                                        0                           0                           1                           0
1                                                        0                           0                           2                           0
2                                                        0                           0                           3                           0
   &MULTIPLICITIES [&Type "ArrayOfDoubles", &Dim (3,2)] "Col1: Multiplicity of the initial state  Col2: Multiplicity of the final state"
                                                         0                           1

0                                      1.0000000000000000e+00         1.0000000000000000e+00
1                                      1.0000000000000000e+00         1.0000000000000000e+00
2                                      1.0000000000000000e+00         1.0000000000000000e+00
   &EXCITATIONENERGIES [&Type "ArrayOfDoubles", &Dim (3,11)] 
                                                         0                           1                           2                           3                           4                           5                           6                           7

0                                      3.3572882196769416e+00         2.7078358477748694e+04         3.6929860457447506e+02         2.3892276741366056e-01         2.9047635777787422e+00        -1.4482079885574848e+00         0.0000000000000000e+00        -8.9257836583681216e-01
1                                      3.8212421671587635e+00         3.0820399817377336e+04         3.2446042424023784e+02         3.2905332247155639e-03         3.5148241298751506e-02        -1.2195233274814044e-01         0.0000000000000000e+00        -1.3677001034738695e-01
2                                      3.9480285093352476e+00         3.1843000737791528e+04         3.1404075521475335e+02         1.2897562368280350e-02         1.3334269763965631e-01         2.8861059935080258e-01         0.0000000000000000e+00         2.0882462936473969e-01
                                                         8                           9                          10

0                                      0.0000000000000000e+00        -1.0373553150734974e-01         0.0000000000000000e+00
1                                      0.0000000000000000e+00        -3.9621132058713447e-02         0.0000000000000000e+00
2                                      0.0000000000000000e+00         8.0242717754983428e-02         0.0000000000000000e+00
$End
$Geometry
   &GeometryIndex 95
   &ListStatus       OUT
   &NATOMS [&Type "Integer"] 35
   &NCORELESSECP [&Type "Integer"] 0
   &NGHOSTATOMS [&Type "Integer"] 0
   &CartesianCoordinates [&Type "Coordinates", &Dim(35,4), &Units "Bohr"] 
              C     -3.138188321543   -3.704329389284   -0.760374893178
              C     -2.290288372950   -5.644205072864   -2.340347124263
              C      0.154404963031   -5.636388615911   -3.223018544317
              C     -1.538983079716   -1.767241299240   -0.090766734391
              C      1.002161451758   -1.696402058040   -0.930724611235
              O     -2.382268804136    0.089448379628    1.561957142306
              C      1.833271001117   -3.694745181694   -2.540731715878
              C      4.370384365793   -3.726313952053   -3.477779951560
              C      6.047127296664   -1.891661524430   -2.882909907856
              C      2.827691677708    0.217726143171   -0.293496158506
              C      5.318763736044    0.138162838537   -1.263498085546
              N      2.250979354751    2.174134644285    1.277017458049
              C      3.851887162883    4.009230642879    1.926670916147
              C      6.294661109509    4.006992827004    0.994102486298
              C      7.015093026883    2.065702491328   -0.590407158926
              C     -4.547087602977    1.478449153863    0.900401837934
              O     -5.330386624538    1.517867460187   -1.256658782171
              N     -5.482228476714    2.723026813177    2.893334143044
              C     -7.567847694738    4.489505306850    2.513937865279
              C     -4.569141681808    2.489890508182    5.489819342030
              H     -3.319093998319    0.879927907588    5.682283297253
              H     -6.191364770318    2.230503353761    6.734773305075
              H     -3.573082238692    4.207197294663    6.054660059450
              H     -7.965181351703    4.674043283993    0.511956567473
              H     -7.050844001089    6.330736450180    3.286004548149
              H     -9.253703472763    3.809816738486    3.490106649157
              H      0.825238272017   -7.129386155080   -4.448707281723
              H     -5.054638560248   -3.708840513834   -0.053355174316
              H     -3.572753567508   -7.151099932105   -2.855216225945
              H      4.916742727696   -5.274702827089   -4.697508401430
              H      7.959969029278   -1.922039112243   -3.603743976379
              H      3.122913249402    5.434734635906    3.192039662136
              H      7.582277291431    5.498189054461    1.522815025606
              H      8.919394781179    2.000897223782   -1.341643788410
              H      0.473838120919    2.198456549501    2.004847501881
$End
$SCF_Energy
   &GeometryIndex 95
   &ListStatus       OUT
   &SCF_ENERGY [&Type "Double"]      -8.7889666507550601e+02
$End
$DFT_Energy
   &GeometryIndex 95
   &ListStatus       OUT
   &NALPHAEL [&Type "Integer"] 70
   &NBETAEL [&Type "Integer"] 70
   &NTOTALEL [&Type "Integer"] 139
   &EEXCHANGE [&Type "Double"]      -9.3725485857650327e+01
   &ECORR [&Type "Double"]      -6.1589170416622077e+00
   &ECNL [&Type "Double"]       0.0000000000000000e+00
   &EXC [&Type "Double"]      -9.9884402899312533e+01
   &EEMBED [&Type "Double"]       0.0000000000000000e+00
   &FINALEN [&Type "Double"]      -8.7889666507550601e+02  "No Van der Waals correction"
$End
$Solvation_Details
   &GeometryIndex 95
   &ListStatus       OUT
   &SOLVENT [&Type "String"] "WATER"
   &EPSILON [&Type "Double"]       8.0150999999999996e+01
   &REFRAC [&Type "Double"]       1.3328000000000000e+00
   &RSOLV [&Type "Double"]       1.3000000000000000e+00
   &SURFACETYPE [&Type "String"] "GAUSSIAN VDW"
   &NPOINTS [&Type "Integer"] 3070
   &SURFACEAREA [&Type "Double"]       1.0853573399649999e+03
   &CPCMDIELENERGY [&Type "Double"]      -8.6892196000000005e-02
$End
$CIS_Absorption_Spectrum
   &GeometryIndex 95
   &ListStatus       OUT
   &TEMPERATURE [&Type "Double"]       2.9814999999999998e+02
   &METHOD [&Type "Integer"] 20
   &RELCORRECTION [&Type "Integer"] 1 "Type of relativistic treatment in QDPT. 0->Unknow, 1->None, 2->SOC, 3->SSC, 4->SOC/SSC"
   &DENSTYPE [&Type "Integer"] 3 "Type of density (electron/spin ...). 0->Unknow, 1->Electronic, 2->Spin, 3->Trans/Electronic, 4->Tran/Spin"
   &DERITYPE [&Type "Integer"] 0 "Type of derivative (w.r.t. to what perturbation). 0->Unknown, 1->No Derivative, 2->Electric/Dipole, 3->Electric/Quad, 4->Magnetic/Dipole, 5->Magnetic/Quad"
   &DENSLEVEL [&Type "Integer"] 0 "// Source of density: relaxed, unrelaxed, ... 0->Unknown, 1->Linearized, 2->Unrelaxed, 3->Relaxed"
   &REPRESENTATION [&Type "String"] "Length" "Possible values: Unknown,  Length, Velocity"
   &POINTGROUP [&Type "String"] "C1"
   &NTRANS [&Type "Integer"] 3
   &DOHIGHERMOMENTS [&Type "Boolean"] false
   &STATES [&Type "ArrayOfIntegers", &Dim (3,4)] "The initial and Final states. Col1: Initial State  Col2: Initial Irrep Col3: Final State Col4: Final Irrep"
                                                         0                           1                           2                           3

0                                                        0                           0                           1                           0
1                                                        0                           0                           2                           0
2                                                        0                           0                           3                           0
   &MULTIPLICITIES [&Type "ArrayOfDoubles", &Dim (3,2)] "Col1: Multiplicity of the initial state  Col2: Multiplicity of the final state"
                                                         0                           1

0                                      1.0000000000000000e+00         1.0000000000000000e+00
1                                      1.0000000000000000e+00         1.0000000000000000e+00
2                                      1.0000000000000000e+00         1.0000000000000000e+00
   &EXCITATIONENERGIES [&Type "ArrayOfDoubles", &Dim (3,11)] 
                                                         0                           1                           2                           3                           4                           5                           6                           7

0                                      3.3573175114312988e+00         2.7078594731705172e+04         3.6929538253665083e+02         2.3888025250273473e-01         2.9042213532417067e+00        -1.4482090547855146e+00         0.0000000000000000e+00        -8.9229254571312921e-01
1                                      3.8218559254236295e+00         3.0825350112147182e+04         3.2440831859552350e+02         3.3542980607787791e-03         3.5823599456961695e-02        -1.2328979279681208e-01         0.0000000000000000e+00        -1.3794602106284840e-01
2                                      3.9481223952465268e+00         3.1843757978813232e+04         3.1403328736053550e+02         1.2877773983314663e-02         1.3313494749570939e-01         2.8831256295157365e-01         0.0000000000000000e+00         2.0871068246329372e-01
                                                         8                           9                          10

0                                      0.0000000000000000e+00        -1.0356591979863092e-01         0.0000000000000000e+00
1                                      0.0000000000000000e+00        -3.9926453912275076e-02         0.0000000000000000e+00
2                                      0.0000000000000000e+00         8.0316029319871432e-02         0.0000000000000000e+00
$End
$Geometry
   &GeometryIndex 96
   &ListStatus       OUT
   &NATOMS [&Type "Integer"] 35
   &NCORELESSECP [&Type "Integer"] 0
   &NGHOSTATOMS [&Type "Integer"] 0
   &CartesianCoordinates [&Type "Coordinates", &Dim(35,4), &Units "Bohr"] 
              C     -3.138118826966   -3.704325263140   -0.760398060754
              C     -2.290355699047   -5.644275804171   -2.340368688835
              C      0.154444549742   -5.636467716015   -3.223084965983
              C     -1.538984345020   -1.767243306579   -0.090767513676
              C      1.002161037010   -1.696401579983   -0.930724126811
              O     -2.382268770579    0.089448488098    1.561957234330
              C      1.833274746895   -3.694742433318   -2.540731232028
              C      4.370380693936   -3.726296206086   -3.477766942479
              C      6.047084789570   -1.891662446628   -2.882894903885
              C      2.827691347569    0.217725621194   -0.293496387879
              C      5.318761077982    0.138158634183   -1.263499932746
              N      2.250979617450    2.174134861518    1.277017493740
              C      3.851885754245    4.009233259180    1.926673261691
              C      6.294644000014    4.006979724173    0.994100018378
              C      7.015232388410    2.065697584687   -0.590462341492
              C     -4.547087702168    1.478449387463    0.900402168462
              O     -5.330386668928    1.517867229564   -1.256658856555
              N     -5.482228418981    2.723026777306    2.893334053714
              C     -7.567847735533    4.489505337398    2.513937901527
              C     -4.569141810257    2.489890717739    5.489819408829
              H     -3.319092538329    0.879926016063    5.682283528798
              H     -6.191364030096    2.230503484220    6.734772641987
              H     -3.573082759645    4.207196486311    6.054659731554
              H     -7.965181416275    4.674043332343    0.511956437380
              H     -7.050844054532    6.330735928450    3.286004356198
              H     -9.253703005892    3.809816865747    3.490106403409
              H      0.824828808423   -7.128482065290   -4.447963702298
              H     -5.055444155314   -3.708846652639   -0.053063037572
              H     -3.572045894312   -7.150275538254   -2.854936879334
              H      4.916803012750   -5.274883271946   -4.697649329149
              H      7.960439244739   -1.922044324273   -3.603919876235
              H      3.122927314701    5.434706417816    3.192014761722
              H      7.582451447826    5.498384189740    1.522882059927
              H      8.917807424669    2.000950491486   -1.341017302839
              H      0.473834803869    2.198457287390    2.004849439262
$End
$SCF_Energy
   &GeometryIndex 96
   &ListStatus       OUT
   &SCF_ENERGY [&Type "Double"]      -8.7889666512224073e+02
$End
$DFT_Energy
   &GeometryIndex 96
   &ListStatus       OUT
   &NALPHAEL [&Type "Integer"] 70
   &NBETAEL [&Type "Integer"] 70
   &NTOTALEL [&Type "Integer"] 139
   &EEXCHANGE [&Type "Double"]      -9.3725797738292044e+01
   &ECORR [&Type "Double"]      -6.1589340922931735e+00
   &ECNL [&Type "Double"]       0.0000000000000000e+00
   &EXC [&Type "Double"]      -9.9884731830585224e+01
   &EEMBED [&Type "Double"]       0.0000000000000000e+00
   &FINALEN [&Type "Double"]      -8.7889666512224073e+02  "No Van der Waals correction"
$End
$Solvation_Details
   &GeometryIndex 96
   &ListStatus       OUT
   &SOLVENT [&Type "String"] "WATER"
   &EPSILON [&Type "Double"]       8.0150999999999996e+01
   &REFRAC [&Type "Double"]       1.3328000000000000e+00
   &RSOLV [&Type "Double"]       1.3000000000000000e+00
   &SURFACETYPE [&Type "String"] "GAUSSIAN VDW"
   &NPOINTS [&Type "Integer"] 3070
   &SURFACEAREA [&Type "Double"]       1.0853296399159999e+03
   &CPCMDIELENERGY [&Type "Double"]      -8.6890767999999993e-02
$End
$CIS_Absorption_Spectrum
   &GeometryIndex 96
   &ListStatus       OUT
   &TEMPERATURE [&Type "Double"]       2.9814999999999998e+02
   &METHOD [&Type "Integer"] 20
   &RELCORRECTION [&Type "Integer"] 1 "Type of relativistic treatment in QDPT. 0->Unknow, 1->None, 2->SOC, 3->SSC, 4->SOC/SSC"
   &DENSTYPE [&Type "Integer"] 3 "Type of density (electron/spin ...). 0->Unknow, 1->Electronic, 2->Spin, 3->Trans/Electronic, 4->Tran/Spin"
   &DERITYPE [&Type "Integer"] 0 "Type of derivative (w.r.t. to what perturbation). 0->Unknown, 1->No Derivative, 2->Electric/Dipole, 3->Electric/Quad, 4->Magnetic/Dipole, 5->Magnetic/Quad"
   &DENSLEVEL [&Type "Integer"] 0 "// Source of density: relaxed, unrelaxed, ... 0->Unknown, 1->Linearized, 2->Unrelaxed, 3->Relaxed"
   &REPRESENTATION [&Type "String"] "Length" "Possible values: Unknown,  Length, Velocity"
   &POINTGROUP [&Type "String"] "C1"
   &NTRANS [&Type "Integer"] 3
   &DOHIGHERMOMENTS [&Type "Boolean"] false
   &STATES [&Type "ArrayOfIntegers", &Dim (3,4)] "The initial and Final states. Col1: Initial State  Col2: Initial Irrep Col3: Final State Col4: Final Irrep"
                                                         0                           1                           2                           3

0                                                        0                           0                           1                           0
1                                                        0                           0                           2                           0
2                                                        0                           0                           3                           0
   &MULTIPLICITIES [&Type "ArrayOfDoubles", &Dim (3,2)] "Col1: Multiplicity of the initial state  Col2: Multiplicity of the final state"
                                                         0                           1

0                                      1.0000000000000000e+00         1.0000000000000000e+00
1                                      1.0000000000000000e+00         1.0000000000000000e+00
2                                      1.0000000000000000e+00         1.0000000000000000e+00
   &EXCITATIONENERGIES [&Type "ArrayOfDoubles", &Dim (3,11)] 
                                                         0                           1                           2                           3                           4                           5                           6                           7

0                                      3.3572927804957113e+00         2.7078395263236718e+04         3.6929810288930264e+02         2.3894088031650684e-01         2.9049798435806782e+00        -1.4483097614866520e+00         0.0000000000000000e+00        -8.9253947490884089e-01
1                                      3.8218027121482252e+00         3.0824920918091477e+04         3.2441283552915434e+02         3.3494827322318598e-03         3.5772670261886241e-02        -1.2318435785948825e-01         0.0000000000000000e+00        -1.3786182868146374e-01
2                                      3.9480875622674012e+00         3.1843477031860242e+04         3.1403605799689319e+02         1.2890805125347257e-02         1.3327084382054219e-01         2.8840421977208619e-01         0.0000000000000000e+00         2.0888104720441120e-01
                                                         8                           9                          10

0                                      0.0000000000000000e+00        -1.0369167802965611e-01         0.0000000000000000e+00
1                                      0.0000000000000000e+00        -3.9904892347111046e-02         0.0000000000000000e+00
2                                      0.0000000000000000e+00         8.0390036428558437e-02         0.0000000000000000e+00
$End
$Geometry
   &GeometryIndex 97
   &ListStatus       OUT
   &NATOMS [&Type "Integer"] 35
   &NCORELESSECP [&Type "Integer"] 0
   &NGHOSTATOMS [&Type "Integer"] 0
   &CartesianCoordinates [&Type "Coordinates", &Dim(35,4), &Units "Bohr"] 
              C     -3.138173024641   -3.704328607352   -0.760380076766
              C     -2.290298510445   -5.644215100405   -2.340349963226
              C      0.154413630820   -5.636405986365   -3.223033118657
              C     -1.538983592555   -1.767241804281   -0.090766852864
              C      1.002161304621   -1.696401793983   -0.930724382751
              O     -2.382268704108    0.089448361579    1.561957144755
              C      1.833268966189   -3.694745062786   -2.540730909959
              C      4.370395531697   -3.726364155304   -3.477817078818
              C      6.047242929540   -1.891659617410   -2.882951102601
              C      2.827690161025    0.217725868867   -0.293495796838
              C      5.318759809464    0.138161939959   -1.263497258401
              N      2.250979497508    2.174135123854    1.277017724489
              C      3.851885076855    4.009233881202    1.926673949824
              C      6.294640152102    4.006976384837    0.994099195203
              C      7.015260540836    2.065696599302   -0.590473536590
              C     -4.547087732428    1.478449271061    0.900401871437
              O     -5.330386612838    1.517867398976   -1.256658768332
              N     -5.482228440244    2.723026784802    2.893334119965
              C     -7.567847717736    4.489505323916    2.513937866072
              C     -4.569141795381    2.489890661622    5.489819390109
              H     -3.319092849478    0.879926408571    5.682283492736
              H     -6.191364175173    2.230503450157    6.734772829715
              H     -3.573082547064    4.207196834434    6.054659882099
              H     -7.965181323463    4.674043276779    0.511956743232
              H     -7.050844011140    6.330736211335    3.286004470759
              H     -9.253703223275    3.809816787438    3.490106535693
              H      0.825149236399   -7.129185956490   -4.448543292914
              H     -5.054814708860   -3.708841526451   -0.053291092264
              H     -3.572649255301   -7.150979524770   -2.855175772046
              H      4.916562489837   -5.274179483545   -4.697097921990
              H      7.958683063947   -1.922014302191   -3.603255243599
              H      3.122931233759    5.434698402425    3.192007721597
              H      7.582490267806    5.498426764194    1.522896360948
              H      8.917487096611    2.000957347308   -1.340893260677
              H      0.473838977341    2.198456423858    2.004847132139
$End
$SCF_Energy
   &GeometryIndex 97
   &ListStatus       OUT
   &SCF_ENERGY [&Type "Double"]      -8.7889666516876923e+02
$End
$DFT_Energy
   &GeometryIndex 97
   &ListStatus       OUT
   &NALPHAEL [&Type "Integer"] 70
   &NBETAEL [&Type "Integer"] 70
   &NTOTALEL [&Type "Integer"] 139
   &EEXCHANGE [&Type "Double"]      -9.3726091391060393e+01
   &ECORR [&Type "Double"]      -6.1589484987443255e+00
   &ECNL [&Type "Double"]       0.0000000000000000e+00
   &EXC [&Type "Double"]      -9.9885039889804716e+01
   &EEMBED [&Type "Double"]       0.0000000000000000e+00
   &FINALEN [&Type "Double"]      -8.7889666516876923e+02  "No Van der Waals correction"
$End
$Solvation_Details
   &GeometryIndex 97
   &ListStatus       OUT
   &SOLVENT [&Type "String"] "WATER"
   &EPSILON [&Type "Double"]       8.0150999999999996e+01
   &REFRAC [&Type "Double"]       1.3328000000000000e+00
   &RSOLV [&Type "Double"]       1.3000000000000000e+00
   &SURFACETYPE [&Type "String"] "GAUSSIAN VDW"
   &NPOINTS [&Type "Integer"] 3070
   &SURFACEAREA [&Type "Double"]       1.0853131713240000e+03
   &CPCMDIELENERGY [&Type "Double"]      -8.6904790999999995e-02
$End
$CIS_Absorption_Spectrum
   &GeometryIndex 97
   &ListStatus       OUT
   &TEMPERATURE [&Type "Double"]       2.9814999999999998e+02
   &METHOD [&Type "Integer"] 20
   &RELCORRECTION [&Type "Integer"] 1 "Type of relativistic treatment in QDPT. 0->Unknow, 1->None, 2->SOC, 3->SSC, 4->SOC/SSC"
   &DENSTYPE [&Type "Integer"] 3 "Type of density (electron/spin ...). 0->Unknow, 1->Electronic, 2->Spin, 3->Trans/Electronic, 4->Tran/Spin"
   &DERITYPE [&Type "Integer"] 0 "Type of derivative (w.r.t. to what perturbation). 0->Unknown, 1->No Derivative, 2->Electric/Dipole, 3->Electric/Quad, 4->Magnetic/Dipole, 5->Magnetic/Quad"
   &DENSLEVEL [&Type "Integer"] 0 "// Source of density: relaxed, unrelaxed, ... 0->Unknown, 1->Linearized, 2->Unrelaxed, 3->Relaxed"
   &REPRESENTATION [&Type "String"] "Length" "Possible values: Unknown,  Length, Velocity"
   &POINTGROUP [&Type "String"] "C1"
   &NTRANS [&Type "Integer"] 3
   &DOHIGHERMOMENTS [&Type "Boolean"] false
   &STATES [&Type "ArrayOfIntegers", &Dim (3,4)] "The initial and Final states. Col1: Initial State  Col2: Initial Irrep Col3: Final State Col4: Final Irrep"
                                                         0                           1                           2                           3

0                                                        0                           0                           1                           0
1                                                        0                           0                           2                           0
2                                                        0                           0                           3                           0
   &MULTIPLICITIES [&Type "ArrayOfDoubles", &Dim (3,2)] "Col1: Multiplicity of the initial state  Col2: Multiplicity of the final state"
                                                         0                           1

0                                      1.0000000000000000e+00         1.0000000000000000e+00
1                                      1.0000000000000000e+00         1.0000000000000000e+00
2                                      1.0000000000000000e+00         1.0000000000000000e+00
   &EXCITATIONENERGIES [&Type "ArrayOfDoubles", &Dim (3,11)] 
                                                         0                           1                           2                           3                           4                           5                           6                           7

0                                      3.3569887653236221e+00         2.7075943215252202e+04         3.6933154721520026e+02         2.3881594013519838e-01         2.9037237968342700e+00        -1.4481502508952566e+00         0.0000000000000000e+00        -8.9211804812298789e-01
1                                      3.8219229806192168e+00         3.0825890948829972e+04         3.2440262688918517e+02         3.3798796949350654e-03         3.6096175678238890e-02        -1.2388989848712088e-01         0.0000000000000000e+00        -1.3838096828752025e-01
2                                      3.9479797495694222e+00         3.1842607463716762e+04         3.1404463379434475e+02         1.2864290172174279e-02         1.3300035242660413e-01         2.8824257733520386e-01         0.0000000000000000e+00         2.0851428156589805e-01
                                                         8                           9                          10

0                                      0.0000000000000000e+00        -1.0348930321296869e-01         0.0000000000000000e+00
1                                      0.0000000000000000e+00        -3.9977197836993134e-02         0.0000000000000000e+00
2                                      0.0000000000000000e+00         8.0239413138560145e-02         0.0000000000000000e+00
$End
$Geometry
   &GeometryIndex 98
   &ListStatus       OUT
   &NATOMS [&Type "Integer"] 35
   &NCORELESSECP [&Type "Integer"] 0
   &NGHOSTATOMS [&Type "Integer"] 0
   &CartesianCoordinates [&Type "Coordinates", &Dim(35,4), &Units "Bohr"] 
              C     -3.138318965172   -3.704329062608   -0.760326127512
              C     -2.290337512791   -5.644266080939   -2.340369054829
              C      0.154419952772   -5.636412978917   -3.223040041999
              C     -1.538980119747   -1.767235513788   -0.090764207138
              C      1.002162391315   -1.696401966267   -0.930724972745
              O     -2.382268718775    0.089447696761    1.561956788395
              C      1.833272744741   -3.694743914801   -2.540731483777
              C      4.370380811854   -3.726301028053   -3.477770150776
              C      6.047113965268   -1.891662182440   -2.882905444392
              C      2.827690970883    0.217725657364   -0.293496223320
              C      5.318760776249    0.138158834828   -1.263499679022
              N      2.250979565135    2.174135046537    1.277017645701
              C      3.851885397017    4.009233408738    1.926673506383
              C      6.294643047323    4.006978756903    0.994099721729
              C      7.015240493361    2.065697451016   -0.590465457716
              C     -4.547087796478    1.478449054868    0.900401225359
              O     -5.330386465884    1.517867780488   -1.256658613363
              N     -5.482228485826    2.723026796508    2.893334256338
              C     -7.567847677651    4.489505308460    2.513937805648
              C     -4.569141729462    2.489890521545    5.489819343096
              H     -3.319093798954    0.879927652049    5.682283358143
              H     -6.191364607029    2.230503371012    6.734773311064
              H     -3.573082137717    4.207197463936    6.054660157487
              H     -7.965181182208    4.674043191482    0.511957112895
              H     -7.050843967151    6.330736675348    3.286004646201
              H     -9.253703607182    3.809816649086    3.490106767472
              H      0.825109795413   -7.129109853381   -4.448478804642
              H     -5.053163631492   -3.708838768376   -0.053896012455
              H     -3.572196771854   -7.150441295341   -2.854989600476
              H      4.916790755236   -5.274840376995   -4.697616572114
              H      7.960113782010   -1.922038197716   -3.603796344038
              H      3.122928776624    5.434703490633    3.192012183881
              H      7.582462333157    5.498396200089    1.522886119446
              H      8.917715485369    2.000952790669   -1.340981501625
              H      0.473836666110    2.198456686185    2.004848067244
$End
$SCF_Energy
   &GeometryIndex 98
   &ListStatus       OUT
   &SCF_ENERGY [&Type "Double"]      -8.7889666521837705e+02
$End
$DFT_Energy
   &GeometryIndex 98
   &ListStatus       OUT
   &NALPHAEL [&Type "Integer"] 70
   &NBETAEL [&Type "Integer"] 70
   &NTOTALEL [&Type "Integer"] 139
   &EEXCHANGE [&Type "Double"]      -9.3726062711538205e+01
   &ECORR [&Type "Double"]      -6.1589475695809863e+00
   &ECNL [&Type "Double"]       0.0000000000000000e+00
   &EXC [&Type "Double"]      -9.9885010281119193e+01
   &EEMBED [&Type "Double"]       0.0000000000000000e+00
   &FINALEN [&Type "Double"]      -8.7889666521837705e+02  "No Van der Waals correction"
$End
$Solvation_Details
   &GeometryIndex 98
   &ListStatus       OUT
   &SOLVENT [&Type "String"] "WATER"
   &EPSILON [&Type "Double"]       8.0150999999999996e+01
   &REFRAC [&Type "Double"]       1.3328000000000000e+00
   &RSOLV [&Type "Double"]       1.3000000000000000e+00
   &SURFACETYPE [&Type "String"] "GAUSSIAN VDW"
   &NPOINTS [&Type "Integer"] 3070
   &SURFACEAREA [&Type "Double"]       1.0853207867980000e+03
   &CPCMDIELENERGY [&Type "Double"]      -8.6894238999999998e-02
$End
$CIS_Absorption_Spectrum
   &GeometryIndex 98
   &ListStatus       OUT
   &TEMPERATURE [&Type "Double"]       2.9814999999999998e+02
   &METHOD [&Type "Integer"] 20
   &RELCORRECTION [&Type "Integer"] 1 "Type of relativistic treatment in QDPT. 0->Unknow, 1->None, 2->SOC, 3->SSC, 4->SOC/SSC"
   &DENSTYPE [&Type "Integer"] 3 "Type of density (electron/spin ...). 0->Unknow, 1->Electronic, 2->Spin, 3->Trans/Electronic, 4->Tran/Spin"
   &DERITYPE [&Type "Integer"] 0 "Type of derivative (w.r.t. to what perturbation). 0->Unknown, 1->No Derivative, 2->Electric/Dipole, 3->Electric/Quad, 4->Magnetic/Dipole, 5->Magnetic/Quad"
   &DENSLEVEL [&Type "Integer"] 0 "// Source of density: relaxed, unrelaxed, ... 0->Unknown, 1->Linearized, 2->Unrelaxed, 3->Relaxed"
   &REPRESENTATION [&Type "String"] "Length" "Possible values: Unknown,  Length, Velocity"
   &POINTGROUP [&Type "String"] "C1"
   &NTRANS [&Type "Integer"] 3
   &DOHIGHERMOMENTS [&Type "Boolean"] false
   &STATES [&Type "ArrayOfIntegers", &Dim (3,4)] "The initial and Final states. Col1: Initial State  Col2: Initial Irrep Col3: Final State Col4: Final Irrep"
                                                         0                           1                           2                           3

0                                                        0                           0                           1                           0
1                                                        0                           0                           2                           0
2                                                        0                           0                           3                           0
   &MULTIPLICITIES [&Type "ArrayOfDoubles", &Dim (3,2)] "Col1: Multiplicity of the initial state  Col2: Multiplicity of the final state"
                                                         0                           1

0                                      1.0000000000000000e+00         1.0000000000000000e+00
1                                      1.0000000000000000e+00         1.0000000000000000e+00
2                                      1.0000000000000000e+00         1.0000000000000000e+00
   &EXCITATIONENERGIES [&Type "ArrayOfDoubles", &Dim (3,11)] 
                                                         0                           1                           2                           3                           4                           5                           6                           7

0                                      3.3571863098855710e+00         2.7077536519762794e+04         3.6930981489772546e+02         2.3882956975724348e-01         2.9037186456340476e+00        -1.4480949921674264e+00         0.0000000000000000e+00        -8.9219783893847171e-01
1                                      3.8218529531409171e+00         3.0825326139067864e+04         3.2440857089022165e+02         3.3591899076026634e-03         3.5875871838841111e-02        -1.2338804453120382e-01         0.0000000000000000e+00        -1.3803993819122315e-01
2                                      3.9480144342665846e+00         3.1842887214694932e+04         3.1404187480164097e+02         1.2863516348405010e-02         1.3299118369116672e-01         2.8818714790079047e-01         0.0000000000000000e+00         2.0855745705961096e-01
                                                         8                           9                          10

0                                      0.0000000000000000e+00        -1.0354977299438863e-01         0.0000000000000000e+00
1                                      0.0000000000000000e+00        -3.9952944444309323e-02         0.0000000000000000e+00
2                                      0.0000000000000000e+00         8.0269163324424658e-02         0.0000000000000000e+00
$End
$Geometry
   &GeometryIndex 99
   &ListStatus       OUT
   &NATOMS [&Type "Integer"] 35
   &NCORELESSECP [&Type "Integer"] 0
   &NGHOSTATOMS [&Type "Integer"] 0
   &CartesianCoordinates [&Type "Coordinates", &Dim(35,4), &Units "Bohr"] 
              C     -3.138185736621   -3.704329061338   -0.760375634930
              C     -2.290291507265   -5.644208702341   -2.340348345565
              C      0.154405705903   -5.636390155238   -3.223019827769
              C     -1.538983376230   -1.767241468497   -0.090766728449
              C      1.002161904349   -1.696401704984   -0.930724546878
              O     -2.382268716360    0.089448414996    1.561957162557
              C      1.833271802372   -3.694745109230   -2.540731963306
              C      4.370380170356   -3.726298660926   -3.477768353063
              C      6.047111300872   -1.891662473356   -2.882904657949
              C      2.827691271489    0.217723859838   -0.293497580328
              C      5.318761340065    0.138160186442   -1.263498983791
              N      2.250980087507    2.174133973642    1.277016689360
              C      3.851853387232    4.009303257213    1.926734067482
              C      6.294566513454    4.006884323649    0.994064339253
              C      7.015219078243    2.065701813053   -0.590454523871
              C     -4.547087648262    1.478449206702    0.900401834614
              O     -5.330386618817    1.517867448434   -1.256658769103
              N     -5.482228466569    2.723026803406    2.893334140426
              C     -7.567847697532    4.489505314326    2.513937869347
              C     -4.569141677536    2.489890539985    5.489819349121
              H     -3.319093871283    0.879927753383    5.682283318460
              H     -6.191364718191    2.230503371760    6.734773263161
              H     -3.573082364341    4.207197082834    6.054659978074
              H     -7.965181348955    4.674043285152    0.511956593808
              H     -7.050844008450    6.330736373246    3.286004526019
              H     -9.253703405955    3.809816758659    3.490106619970
              H      0.825230134929   -7.129369160251   -4.448693125157
              H     -5.054668274125   -3.708840748715   -0.053344420401
              H     -3.572718482072   -7.151058740716   -2.855202164689
              H      4.916800121885   -5.274865992152   -4.697636827761
              H      7.960142988637   -1.922038821045   -3.603807524781
              H      3.123323270271    5.433918640572    3.191318071851
              H      7.583368588771    5.499446572796    1.523259010002
              H      8.917950734706    2.000941741670   -1.341076433374
              H      0.473828778245    2.198462081691    2.004855100769
$End
$SCF_Energy
   &GeometryIndex 99
   &ListStatus       OUT
   &SCF_ENERGY [&Type "Double"]      -8.7889666515487340e+02
$End
$DFT_Energy
   &GeometryIndex 99
   &ListStatus       OUT
   &NALPHAEL [&Type "Integer"] 70
   &NBETAEL [&Type "Integer"] 70
   &NTOTALEL [&Type "Integer"] 139
   &EEXCHANGE [&Type "Double"]      -9.3725581444750631e+01
   &ECORR [&Type "Double"]      -6.1589217927460727e+00
   &ECNL [&Type "Double"]       0.0000000000000000e+00
   &EXC [&Type "Double"]      -9.9884503237496702e+01
   &EEMBED [&Type "Double"]       0.0000000000000000e+00
   &FINALEN [&Type "Double"]      -8.7889666515487340e+02  "No Van der Waals correction"
$End
$Solvation_Details
   &GeometryIndex 99
   &ListStatus       OUT
   &SOLVENT [&Type "String"] "WATER"
   &EPSILON [&Type "Double"]       8.0150999999999996e+01
   &REFRAC [&Type "Double"]       1.3328000000000000e+00
   &RSOLV [&Type "Double"]       1.3000000000000000e+00
   &SURFACETYPE [&Type "String"] "GAUSSIAN VDW"
   &NPOINTS [&Type "Integer"] 3070
   &SURFACEAREA [&Type "Double"]       1.0853524868820000e+03
   &CPCMDIELENERGY [&Type "Double"]      -8.6893170000000006e-02
$End
$CIS_Absorption_Spectrum
   &GeometryIndex 99
   &ListStatus       OUT
   &TEMPERATURE [&Type "Double"]       2.9814999999999998e+02
   &METHOD [&Type "Integer"] 20
   &RELCORRECTION [&Type "Integer"] 1 "Type of relativistic treatment in QDPT. 0->Unknow, 1->None, 2->SOC, 3->SSC, 4->SOC/SSC"
   &DENSTYPE [&Type "Integer"] 3 "Type of density (electron/spin ...). 0->Unknow, 1->Electronic, 2->Spin, 3->Trans/Electronic, 4->Tran/Spin"
   &DERITYPE [&Type "Integer"] 0 "Type of derivative (w.r.t. to what perturbation). 0->Unknown, 1->No Derivative, 2->Electric/Dipole, 3->Electric/Quad, 4->Magnetic/Dipole, 5->Magnetic/Quad"
   &DENSLEVEL [&Type "Integer"] 0 "// Source of density: relaxed, unrelaxed, ... 0->Unknown, 1->Linearized, 2->Unrelaxed, 3->Relaxed"
   &REPRESENTATION [&Type "String"] "Length" "Possible values: Unknown,  Length, Velocity"
   &POINTGROUP [&Type "String"] "C1"
   &NTRANS [&Type "Integer"] 3
   &DOHIGHERMOMENTS [&Type "Boolean"] false
   &STATES [&Type "ArrayOfIntegers", &Dim (3,4)] "The initial and Final states. Col1: Initial State  Col2: Initial Irrep Col3: Final State Col4: Final Irrep"
                                                         0                           1                           2                           3

0                                                        0                           0                           1                           0
1                                                        0                           0                           2                           0
2                                                        0                           0                           3                           0
   &MULTIPLICITIES [&Type "ArrayOfDoubles", &Dim (3,2)] "Col1: Multiplicity of the initial state  Col2: Multiplicity of the final state"
                                                         0                           1

0                                      1.0000000000000000e+00         1.0000000000000000e+00
1                                      1.0000000000000000e+00         1.0000000000000000e+00
2                                      1.0000000000000000e+00         1.0000000000000000e+00
   &EXCITATIONENERGIES [&Type "ArrayOfDoubles", &Dim (3,11)] 
                                                         0                           1                           2                           3                           4                           5                           6                           7

0                                      3.3573324436649261e+00         2.7078715168304170e+04         3.6929374004070439e+02         2.3891757587199250e-01         2.9046621985494214e+00        -1.4482589487063451e+00         0.0000000000000000e+00        -8.9244803404978523e-01
1                                      3.8219314695573394e+00         3.0825959416740541e+04         3.2440190635459459e+02         3.3608871598996524e-03         3.5893260960050223e-02        -1.2343081541896565e-01         0.0000000000000000e+00        -1.3806852815481352e-01
2                                      3.9481178900355109e+00         3.1843721641832035e+04         3.1403364570500872e+02         1.2876440911026441e-02         1.3312131763151364e-01         2.8832514702644085e-01         0.0000000000000000e+00         2.0866912842095764e-01
                                                         8                           9                          10

0                                      0.0000000000000000e+00        -1.0365675357682375e-01         0.0000000000000000e+00
1                                      0.0000000000000000e+00        -3.9939658213646749e-02         0.0000000000000000e+00
2                                      0.0000000000000000e+00         8.0293972798291646e-02         0.0000000000000000e+00
$End
$Geometry
   &GeometryIndex 100
   &ListStatus       OUT
   &NATOMS [&Type "Integer"] 35
   &NCORELESSECP [&Type "Integer"] 0
   &NGHOSTATOMS [&Type "Integer"] 0
   &CartesianCoordinates [&Type "Coordinates", &Dim(35,4), &Units "Bohr"] 
              C     -3.138185704126   -3.704329140590   -0.760375699347
              C     -2.290291617297   -5.644208764091   -2.340348347594
              C      0.154405695152   -5.636390097682   -3.223019788289
              C     -1.538983227827   -1.767241435723   -0.090766766086
              C      1.002161733362   -1.696401947267   -0.930724648575
              O     -2.382268675074    0.089448439730    1.561957180523
              C      1.833271699642   -3.694745048238   -2.540731882833
              C      4.370380003249   -3.726298261308   -3.477768029947
              C      6.047112155386   -1.891662375359   -2.882904905725
              C      2.827690919828    0.217723921336   -0.293497396730
              C      5.318760050931    0.138157994497   -1.263499979383
              N      2.250978161076    2.174131845814    1.277015949496
              C      3.851834428837    4.009323630497    1.926755431535
              C      6.294710687774    4.007050113429    0.994122702890
              C      7.015252688497    2.065693319056   -0.590472801272
              C     -4.547087674066    1.478449237515    0.900401828065
              O     -5.330386613715    1.517867443880   -1.256658762916
              N     -5.482228462869    2.723026797821    2.893334137850
              C     -7.567847700668    4.489505317146    2.513937868495
              C     -4.569141674222    2.489890537701    5.489819353495
              H     -3.319093913285    0.879927804772    5.682283318745
              H     -6.191364691760    2.230503377123    6.734773237568
              H     -3.573082383657    4.207197048173    6.054659960576
              H     -7.965181342533    4.674043283050    0.511956623889
              H     -7.050844011319    6.330736337367    3.286004513970
              H     -9.253703369509    3.809816768827    3.490106601216
              H      0.825230369443   -7.129369726558   -4.448693585070
              H     -5.054668686663   -3.708840745357   -0.053344262243
              H     -3.572717664960   -7.151057767384   -2.855201830406
              H      4.916801667699   -5.274869308712   -4.697639585250
              H      7.960134588558   -1.922037966159   -3.603803822754
              H      3.123449475340    5.433691782627    3.191112699317
              H      7.581756840346    5.497589621553    1.522603387964
              H      8.917591031309    2.000960126532   -1.340930255310
              H      0.473827906497    2.198463688279    2.004856532071
$End
$SCF_Energy
   &GeometryIndex 100
   &ListStatus       OUT
   &SCF_ENERGY [&Type "Double"]      -8.7889666507888137e+02
$End
$DFT_Energy
   &GeometryIndex 100
   &ListStatus       OUT
   &NALPHAEL [&Type "Integer"] 70
   &NBETAEL [&Type "Integer"] 70
   &NTOTALEL [&Type "Integer"] 139
   &EEXCHANGE [&Type "Double"]      -9.3725996663518274e+01
   &ECORR [&Type "Double"]      -6.1589452125160431e+00
   &ECNL [&Type "Double"]       0.0000000000000000e+00
   &EXC [&Type "Double"]      -9.9884941876034318e+01
   &EEMBED [&Type "Double"]       0.0000000000000000e+00
   &FINALEN [&Type "Double"]      -8.7889666507888137e+02  "No Van der Waals correction"
$End
$Solvation_Details
   &GeometryIndex 100
   &ListStatus       OUT
   &SOLVENT [&Type "String"] "WATER"
   &EPSILON [&Type "Double"]       8.0150999999999996e+01
   &REFRAC [&Type "Double"]       1.3328000000000000e+00
   &RSOLV [&Type "Double"]       1.3000000000000000e+00
   &SURFACETYPE [&Type "String"] "GAUSSIAN VDW"
   &NPOINTS [&Type "Integer"] 3070
   &SURFACEAREA [&Type "Double"]       1.0853160553880000e+03
   &CPCMDIELENERGY [&Type "Double"]      -8.6873896000000006e-02
$End
$CIS_Absorption_Spectrum
   &GeometryIndex 100
   &ListStatus       OUT
   &TEMPERATURE [&Type "Double"]       2.9814999999999998e+02
   &METHOD [&Type "Integer"] 20
   &RELCORRECTION [&Type "Integer"] 1 "Type of relativistic treatment in QDPT. 0->Unknow, 1->None, 2->SOC, 3->SSC, 4->SOC/SSC"
   &DENSTYPE [&Type "Integer"] 3 "Type of density (electron/spin ...). 0->Unknow, 1->Electronic, 2->Spin, 3->Trans/Electronic, 4->Tran/Spin"
   &DERITYPE [&Type "Integer"] 0 "Type of derivative (w.r.t. to what perturbation). 0->Unknown, 1->No Derivative, 2->Electric/Dipole, 3->Electric/Quad, 4->Magnetic/Dipole, 5->Magnetic/Quad"
   &DENSLEVEL [&Type "Integer"] 0 "// Source of density: relaxed, unrelaxed, ... 0->Unknown, 1->Linearized, 2->Unrelaxed, 3->Relaxed"
   &REPRESENTATION [&Type "String"] "Length" "Possible values: Unknown,  Length, Velocity"
   &POINTGROUP [&Type "String"] "C1"
   &NTRANS [&Type "Integer"] 3
   &DOHIGHERMOMENTS [&Type "Boolean"] false
   &STATES [&Type "ArrayOfIntegers", &Dim (3,4)] "The initial and Final states. Col1: Initial State  Col2: Initial Irrep Col3: Final State Col4: Final Irrep"
                                                         0                           1                           2                           3

0                                                        0                           0                           1                           0
1                                                        0                           0                           2                           0
2                                                        0                           0                           3                           0
   &MULTIPLICITIES [&Type "ArrayOfDoubles", &Dim (3,2)] "Col1: Multiplicity of the initial state  Col2: Multiplicity of the final state"
                                                         0                           1

0                                      1.0000000000000000e+00         1.0000000000000000e+00
1                                      1.0000000000000000e+00         1.0000000000000000e+00
2                                      1.0000000000000000e+00         1.0000000000000000e+00
   &EXCITATIONENERGIES [&Type "ArrayOfDoubles", &Dim (3,11)] 
                                                         0                           1                           2                           3                           4                           5                           6                           7

0                                      3.3569296449317756e+00         2.7075466377084307e+04         3.6933805167853495e+02         2.3896428178802162e-01         2.9055786291754324e+00        -1.4485413206277644e+00         0.0000000000000000e+00        -8.9251306941362851e-01
1                                      3.8213720985564410e+00         3.0821447784883734e+04         3.2444939218281831e+02         3.2741368978213546e-03         3.4971912757864980e-02        -1.2189255155665443e-01         0.0000000000000000e+00        -1.3626397462357071e-01
2                                      3.9480413635198275e+00         3.1843104413792873e+04         3.1403973274881105e+02         1.2769099597167686e-02         1.3201414302111217e-01         2.8822254208204895e-01         0.0000000000000000e+00         2.0665825142039448e-01
                                                         8                           9                          10

0                                      0.0000000000000000e+00        -1.0357167824877690e-01         0.0000000000000000e+00
1                                      0.0000000000000000e+00        -3.9322358177761960e-02         0.0000000000000000e+00
2                                      0.0000000000000000e+00         7.8957433954876657e-02         0.0000000000000000e+00
$End
$Geometry
   &GeometryIndex 101
   &ListStatus       OUT
   &NATOMS [&Type "Integer"] 35
   &NCORELESSECP [&Type "Integer"] 0
   &NGHOSTATOMS [&Type "Integer"] 0
   &CartesianCoordinates [&Type "Coordinates", &Dim(35,4), &Units "Bohr"] 
              C     -3.138185610379   -3.704329817375   -0.760376261436
              C     -2.290291857124   -5.644208607657   -2.340348124611
              C      0.154406131059   -5.636390165429   -3.223019991224
              C     -1.538985714125   -1.767239172990   -0.090764608452
              C      1.002162633092   -1.696401902839   -0.930724864858
              O     -2.382268618595    0.089447149538    1.561955410120
              C      1.833271847281   -3.694745409461   -2.540732150645
              C      4.370379820938   -3.726298381893   -3.477768036281
              C      6.047112432186   -1.891662330284   -2.882904986632
              C      2.827689343976    0.217725119542   -0.293495993395
              C      5.318759991133    0.138159589614   -1.263498884438
              N      2.251102006928    2.174130572834    1.276965826568
              C      3.851883968493    4.009232369440    1.926673237801
              C      6.294640409641    4.006978883034    0.994100774780
              C      7.015239960511    2.065696525538   -0.590465890808
              C     -4.547083805332    1.478447483801    0.900403329711
              O     -5.330387312969    1.517867765264   -1.256659717026
              N     -5.482228933675    2.723027180854    2.893334411613
              C     -7.567847418653    4.489505010027    2.513937997261
              C     -4.569140793854    2.489890072961    5.489818566487
              H     -3.319096151083    0.879933144963    5.682280702711
              H     -6.191369367373    2.230503494934    6.734776310383
              H     -3.573081384036    4.207197528883    6.054660450959
              H     -7.965181719461    4.674043481210    0.511955247482
              H     -7.050844135239    6.330738799241    3.286005221813
              H     -9.253705810085    3.809817049147    3.490107411848
              H      0.825230024111   -7.129368307832   -4.448692529438
              H     -5.054665943757   -3.708839767737   -0.053344830851
              H     -3.572717855264   -7.151059029603   -2.855202462197
              H      4.916801682623   -5.274868713005   -4.697639202055
              H      7.960131561238   -1.922037572653   -3.603802467061
              H      3.122924163492    5.434714538298    3.192021629861
              H      7.582457992938    5.498394230887    1.522886380752
              H      8.917719686484    2.000952955050   -1.340982947356
              H      0.472199756617    2.198539753475    2.005556634330
$End
$SCF_Energy
   &GeometryIndex 101
   &ListStatus       OUT
   &SCF_ENERGY [&Type "Double"]      -8.7889666514917656e+02
$End
$DFT_Energy
   &GeometryIndex 101
   &ListStatus       OUT
   &NALPHAEL [&Type "Integer"] 70
   &NBETAEL [&Type "Integer"] 70
   &NTOTALEL [&Type "Integer"] 139
   &EEXCHANGE [&Type "Double"]      -9.3725407514403329e+01
   &ECORR [&Type "Double"]      -6.1589175586484712e+00
   &ECNL [&Type "Double"]       0.0000000000000000e+00
   &EXC [&Type "Double"]      -9.9884325073051798e+01
   &EEMBED [&Type "Double"]       0.0000000000000000e+00
   &FINALEN [&Type "Double"]      -8.7889666514917656e+02  "No Van der Waals correction"
$End
$Solvation_Details
   &GeometryIndex 101
   &ListStatus       OUT
   &SOLVENT [&Type "String"] "WATER"
   &EPSILON [&Type "Double"]       8.0150999999999996e+01
   &REFRAC [&Type "Double"]       1.3328000000000000e+00
   &RSOLV [&Type "Double"]       1.3000000000000000e+00
   &SURFACETYPE [&Type "String"] "GAUSSIAN VDW"
   &NPOINTS [&Type "Integer"] 3070
   &SURFACEAREA [&Type "Double"]       1.0853379041700000e+03
   &CPCMDIELENERGY [&Type "Double"]      -8.6891582999999994e-02
$End
$CIS_Absorption_Spectrum
   &GeometryIndex 101
   &ListStatus       OUT
   &TEMPERATURE [&Type "Double"]       2.9814999999999998e+02
   &METHOD [&Type "Integer"] 20
   &RELCORRECTION [&Type "Integer"] 1 "Type of relativistic treatment in QDPT. 0->Unknow, 1->None, 2->SOC, 3->SSC, 4->SOC/SSC"
   &DENSTYPE [&Type "Integer"] 3 "Type of density (electron/spin ...). 0->Unknow, 1->Electronic, 2->Spin, 3->Trans/Electronic, 4->Tran/Spin"
   &DERITYPE [&Type "Integer"] 0 "Type of derivative (w.r.t. to what perturbation). 0->Unknown, 1->No Derivative, 2->Electric/Dipole, 3->Electric/Quad, 4->Magnetic/Dipole, 5->Magnetic/Quad"
   &DENSLEVEL [&Type "Integer"] 0 "// Source of density: relaxed, unrelaxed, ... 0->Unknown, 1->Linearized, 2->Unrelaxed, 3->Relaxed"
   &REPRESENTATION [&Type "String"] "Length" "Possible values: Unknown,  Length, Velocity"
   &POINTGROUP [&Type "String"] "C1"
   &NTRANS [&Type "Integer"] 3
   &DOHIGHERMOMENTS [&Type "Boolean"] false
   &STATES [&Type "ArrayOfIntegers", &Dim (3,4)] "The initial and Final states. Col1: Initial State  Col2: Initial Irrep Col3: Final State Col4: Final Irrep"
                                                         0                           1                           2                           3

0                                                        0                           0                           1                           0
1                                                        0                           0                           2                           0
2                                                        0                           0                           3                           0
   &MULTIPLICITIES [&Type "ArrayOfDoubles", &Dim (3,2)] "Col1: Multiplicity of the initial state  Col2: Multiplicity of the final state"
                                                         0                           1

0                                      1.0000000000000000e+00         1.0000000000000000e+00
1                                      1.0000000000000000e+00         1.0000000000000000e+00
2                                      1.0000000000000000e+00         1.0000000000000000e+00
   &EXCITATIONENERGIES [&Type "ArrayOfDoubles", &Dim (3,11)] 
                                                         0                           1                           2                           3                           4                           5                           6                           7

0                                      3.3579603484883953e+00         2.7083779562775919e+04         3.6922468582428019e+02         2.3889752122284161e-01         2.9038752852892027e+00        -1.4481991751827263e+00         0.0000000000000000e+00        -8.9212771956686476e-01
1                                      3.8226946426502337e+00         3.0832114823496759e+04         3.2433714188100805e+02         3.3472773944709308e-03         3.5740775961098190e-02        -1.2332959101455433e-01         0.0000000000000000e+00        -1.3766088327724468e-01
2                                      3.9485959736250131e+00         3.1847577646432113e+04         3.1399562349823805e+02         1.2674911317644984e-02         1.3102196593266516e-01         2.8699724215062294e-01         0.0000000000000000e+00         2.0595865779754027e-01
                                                         8                           9                          10

0                                      0.0000000000000000e+00        -1.0345320811699911e-01         0.0000000000000000e+00
1                                      0.0000000000000000e+00        -3.9750083730852204e-02         0.0000000000000000e+00
2                                      0.0000000000000000e+00         7.8965690073838746e-02         0.0000000000000000e+00
$End
