*************************************************
******************* ORCA 6.0.1 ******************
*************************************************
$Calculation_Status
   &GeometryIndex 9
   &ListStatus       OUT
   &VERSION [&Type "String"] "6.0.1"
   &PROGNAME [&Type "String"] "ProgCIS"
   &STATUS [&Type "String"] "NORMAL TERMINATION"
$End
$Geometry
   &GeometryIndex 1
   &ListStatus       OUT
   &NATOMS [&Type "Integer"] 35
   &NCORELESSECP [&Type "Integer"] 0
   &NGHOSTATOMS [&Type "Integer"] 0
   &CartesianCoordinates [&Type "Coordinates", &Dim(35,4), &Units "Bohr"] 
              C     -5.812312387865   -1.204720343951   -0.074230279976
              C     -5.035863962974   -3.257729711958   -1.513128793335
              C     -2.532814852827   -3.420906740234   -2.209530011898
              C     -4.098622244215    0.702416017752    0.653654771957
              C     -1.493145234943    0.602930614380    0.001699532512
              O     -4.918189076726    2.608511608243    2.150960341424
              C     -0.739390175190   -1.532482274764   -1.474321691029
              C      1.778712262744   -1.799899170751   -2.240982575155
              C      3.559073577513   -0.016811833423   -1.560794864532
              C      0.386209142499    2.429195511149    0.673698153584
              C      2.912982468000    2.131904805833   -0.098407179733
              N     -0.179571629391    4.563130711613    2.093763256894
              C      1.612255030870    6.328194707352    2.746258006008
              C      4.072490234506    6.049928067429    2.010360109134
              C      4.780635232102    3.946120788906    0.567700735340
              C     -7.360386484161    3.674432437318    1.782802742422
              O     -8.328434038614    3.653659136967   -0.292577768866
              N     -8.231026227026    4.687388210993    3.915852580942
              C    -10.580563897823    6.139543837743    3.842026285333
              C     -6.973534134477    4.573669212597    6.375467087506
              H     -5.459631153465    3.195639789481    6.362954072857
              H     -8.364778779818    4.028274492652    7.793839238279
              H     -6.217298490371    6.429354021878    6.865952859309
              H    -11.327144385765    6.156181881802    1.933885449139
              H    -10.210708830418    8.072240371987    4.459389414088
              H    -11.955324879248    5.282940249790    5.117092369203
              H     -1.856318246296   -4.998779490826   -3.319750949717
              H     -7.748831714020   -1.065876394578    0.552745891430
              H     -6.374954057512   -4.703858158378   -2.046089212669
              H      2.318170224668   -3.417449129568   -3.367983675906
              H      5.505327672930   -0.245289214953   -2.148657001801
              H      0.929404398097    7.902016232643    3.847823471498
              H      5.436173319490    7.470613416806    2.550458280502
              H      6.704208993353    3.677752606743   -0.057736413741
              H     -1.969205835749    4.828441053014    2.675187815075
$End
$SCF_Energy
   &GeometryIndex 1
   &ListStatus       OUT
   &SCF_ENERGY [&Type "Double"]      -8.7837011249645764e+02
$End
$DFT_Energy
   &GeometryIndex 1
   &ListStatus       OUT
   &NALPHAEL [&Type "Integer"] 70
   &NBETAEL [&Type "Integer"] 70
   &NTOTALEL [&Type "Integer"] 140
   &EEXCHANGE [&Type "Double"]      -9.3681079125175970e+01
   &ECORR [&Type "Double"]      -5.6375354417346095e+00
   &ECNL [&Type "Double"]       0.0000000000000000e+00
   &EXC [&Type "Double"]      -9.9318614566910583e+01
   &EEMBED [&Type "Double"]       0.0000000000000000e+00
   &FINALEN [&Type "Double"]      -8.7837011249645764e+02  "No Van der Waals correction"
$End
$Solvation_Details
   &GeometryIndex 1
   &ListStatus       OUT
   &SOLVENT [&Type "String"] "WATER"
   &EPSILON [&Type "Double"]       8.0150999999999996e+01
   &REFRAC [&Type "Double"]       1.3328000000000000e+00
   &RSOLV [&Type "Double"]       1.3000000000000000e+00
   &SURFACETYPE [&Type "String"] "GAUSSIAN VDW"
   &NPOINTS [&Type "Integer"] 3062
   &SURFACEAREA [&Type "Double"]       1.0890019975109999e+03
   &CPCMDIELENERGY [&Type "Double"]      -8.6871780999999995e-02
$End
$Mulliken_Population_Analysis
   &GeometryIndex 1
   &ListStatus       OUT
   &NATOMS [&Type "Integer"] 35
   &ATNO [&Type "ArrayOfIntegers", &Dim (35,1)] 
                                                         0

0                                                        6
1                                                        6
2                                                        6
3                                                        6
4                                                        6
5                                                        8
6                                                        6
7                                                        6
8                                                        6
9                                                        6
10                                                       6
11                                                       7
12                                                       6
13                                                       6
14                                                       6
15                                                       6
16                                                       8
17                                                       7
18                                                       6
19                                                       6
20                                                       1
21                                                       1
22                                                       1
23                                                       1
24                                                       1
25                                                       1
26                                                       1
27                                                       1
28                                                       1
29                                                       1
30                                                       1
31                                                       1
32                                                       1
33                                                       1
34                                                       1
   &ATOMICCHARGES [&Type "ArrayOfDoubles", &Dim (35,1)] 
                                                         0

0                                     -1.2403247317316879e-01
1                                     -8.8993030854144450e-02
2                                     -1.9140581452810412e-01
3                                      2.0712228087254747e-01
4                                      2.7295568703088691e-01
5                                     -5.3472685957192567e-01
6                                      2.2576680783948166e-01
7                                     -1.9688774748398341e-01
8                                     -2.6382259284022602e-01
9                                     -6.3996852793151149e-02
10                                     4.1535865394647509e-01
11                                    -1.7980287655480076e-01
12                                     1.0401138915730446e-01
13                                    -3.2154727344377854e-02
14                                    -1.4825164589559314e-01
15                                     6.6436145673518432e-01
16                                    -5.8625814108594732e-01
17                                    -2.0195549581453420e-01
18                                    -2.4969573037121151e-01
19                                    -2.6838930583136644e-01
20                                     1.5997958086021402e-01
21                                     1.5042461467669033e-01
22                                     1.4586622733767907e-01
23                                     1.5109131314449020e-01
24                                     1.4351194141507051e-01
25                                     1.4650668132807310e-01
26                                     1.2065571708711786e-01
27                                     1.2194595107368489e-01
28                                     1.2286844453631041e-01
29                                     1.2156747901950848e-01
30                                     1.1922145015095365e-01
31                                     1.8331684247985081e-01
32                                     1.5001064307903711e-01
33                                     1.5616696115752182e-01
34                                     2.4766317121400783e-01
$End
$Loewdin_Population_Analysis
   &GeometryIndex 1
   &ListStatus       OUT
   &NATOMS [&Type "Integer"] 35
   &ATNO [&Type "ArrayOfIntegers", &Dim (35,1)] 
                                                         0

0                                                        6
1                                                        6
2                                                        6
3                                                        6
4                                                        6
5                                                        8
6                                                        6
7                                                        6
8                                                        6
9                                                        6
10                                                       6
11                                                       7
12                                                       6
13                                                       6
14                                                       6
15                                                       6
16                                                       8
17                                                       7
18                                                       6
19                                                       6
20                                                       1
21                                                       1
22                                                       1
23                                                       1
24                                                       1
25                                                       1
26                                                       1
27                                                       1
28                                                       1
29                                                       1
30                                                       1
31                                                       1
32                                                       1
33                                                       1
34                                                       1
   &ATOMICCHARGES [&Type "ArrayOfDoubles", &Dim (35,1)] 
                                                         0

0                                     -8.5394688341168035e-02
1                                     -1.0749793073238667e-01
2                                     -7.9840815188120473e-02
3                                     -1.1877844510764834e-01
4                                     -2.9819707917851268e-02
5                                      1.6489549044346408e-01
6                                     -7.1754289074288380e-02
7                                     -6.3864287828104160e-02
8                                     -6.9869867734820623e-02
9                                     -1.2487929310627699e-02
10                                    -7.7574033386569319e-02
11                                     2.1937861448388318e-01
12                                    -3.2526794546600790e-02
13                                    -9.8613555064356540e-02
14                                     1.5503124683477587e-02
15                                    -3.3162763750424151e-01
16                                    -6.0806118372845219e-02
17                                     9.3822727214036838e-02
18                                    -2.0384338170200778e-01
19                                    -2.0981870493214316e-01
20                                     1.2064023614594799e-01
21                                     1.1941537823435622e-01
22                                     1.1634275114050607e-01
23                                     1.2111396413992537e-01
24                                     1.1758644206397273e-01
25                                     1.1752489255574139e-01
26                                     1.4797804291960648e-01
27                                     1.5098965035511114e-01
28                                     1.4873608475932931e-01
29                                     1.5412584939720486e-01
30                                     1.5283943390423849e-01
31                                     1.6157872202830770e-01
32                                     1.6036366452407436e-01
33                                     1.6152509122747782e-01
34                                     2.0975802652269893e-01
$End
$Mayer_Population_Analysis
   &GeometryIndex 1
   &ListStatus       FIRST
   &NATOMS [&Type "Integer"] 35 "Total number of atoms"
   &BONDTHRESH [&Type "Double"]       1.0000000000000001e-01  "The threshold for printing"
   &NBONDORDERSPRINT [&Type "Integer"] 37 "The number of bond orders larger than threshold"
   &BONDORDERS [&Type "ArrayOfDoubles", &Dim (37,1)] "The bond orders"
                                                         0

0                                      1.2931384633857814e+00
1                                      1.4077164598557717e+00
2                                      9.8079467016373523e-01
3                                      1.4029017276444817e+00
4                                      9.9120440058010462e-01
5                                      1.2573009431024078e+00
6                                      9.9307854389116612e-01
7                                      1.1888543431383405e+00
8                                      9.0155081486478350e-01
9                                      1.2940774213526001e+00
10                                     1.0006849641247144e+00
11                                     9.2428499166623512e-01
12                                     1.1757989068671417e+00
13                                     1.4560719447564432e+00
14                                     1.0087453479766280e+00
15                                     1.1409305619826646e+00
16                                     1.0160843830968629e+00
17                                     1.3118454084242090e+00
18                                     1.2711755575731165e+00
19                                     1.2927650286114318e+00
20                                     1.3150842360126160e+00
21                                     8.6573292190988016e-01
22                                     1.4260179444360934e+00
23                                     9.3839428497110844e-01
24                                     1.3965317819548704e+00
25                                     9.5922437659373783e-01
26                                     9.5400712875750204e-01
27                                     1.8660909913667012e+00
28                                     1.3833888470652469e+00
29                                     9.2894406821727415e-01
30                                     9.3362419369114291e-01
31                                     9.6173676385163520e-01
32                                     9.5825834784868891e-01
33                                     9.6148713695262189e-01
34                                     9.5866279026416068e-01
35                                     9.5609372029621165e-01
36                                     9.6182065573571707e-01
   &COMPONENTS [&Type "ArrayOfIntegers", &Dim (37,4)] "The indices and atomic numbers of the bonding atoms"
                                                         0                           1                           2                           3

0                                                        0                           6                           1                           6
1                                                        0                           6                           3                           6
2                                                        0                           6                          27                           1
3                                                        1                           6                           2                           6
4                                                        1                           6                          28                           1
5                                                        2                           6                           6                           6
6                                                        2                           6                          26                           1
7                                                        3                           6                           4                           6
8                                                        3                           6                           5                           8
9                                                        4                           6                           6                           6
10                                                       4                           6                           9                           6
11                                                       5                           8                          15                           6
12                                                       6                           6                           7                           6
13                                                       7                           6                           8                           6
14                                                       7                           6                          29                           1
15                                                       8                           6                          10                           6
16                                                       8                           6                          30                           1
17                                                       9                           6                          10                           6
18                                                       9                           6                          11                           7
19                                                      10                           6                          14                           6
20                                                      11                           7                          12                           6
21                                                      11                           7                          34                           1
22                                                      12                           6                          13                           6
23                                                      12                           6                          31                           1
24                                                      13                           6                          14                           6
25                                                      13                           6                          32                           1
26                                                      14                           6                          33                           1
27                                                      15                           6                          16                           8
28                                                      15                           6                          17                           7
29                                                      17                           7                          18                           6
30                                                      17                           7                          19                           6
31                                                      18                           6                          23                           1
32                                                      18                           6                          24                           1
33                                                      18                           6                          25                           1
34                                                      19                           6                          20                           1
35                                                      19                           6                          21                           1
36                                                      19                           6                          22                           1
   &ATNO [&Type "ArrayOfIntegers", &Dim (35,1)] "Atomic number of the elements"
                                                         0

0                                                        6
1                                                        6
2                                                        6
3                                                        6
4                                                        6
5                                                        8
6                                                        6
7                                                        6
8                                                        6
9                                                        6
10                                                       6
11                                                       7
12                                                       6
13                                                       6
14                                                       6
15                                                       6
16                                                       8
17                                                       7
18                                                       6
19                                                       6
20                                                       1
21                                                       1
22                                                       1
23                                                       1
24                                                       1
25                                                       1
26                                                       1
27                                                       1
28                                                       1
29                                                       1
30                                                       1
31                                                       1
32                                                       1
33                                                       1
34                                                       1
   &NA [&Type "ArrayOfDoubles", &Dim (35,1)] "Mulliken gross atomic population"
                                                         0

0                                      6.1240324731731661e+00
1                                      6.0889930308541107e+00
2                                      6.1914058145281006e+00
3                                      5.7928777191274721e+00
4                                      5.7270443129690980e+00
5                                      8.5347268595718848e+00
6                                      5.7742331921605121e+00
7                                      6.1968877474839665e+00
8                                      6.2638225928402660e+00
9                                      6.0639968527931574e+00
10                                     5.5846413460535329e+00
11                                     7.1798028765547874e+00
12                                     5.8959886108427044e+00
13                                     6.0321547273443432e+00
14                                     6.1482516458955780e+00
15                                     5.3356385432648148e+00
16                                     8.5862581410859597e+00
17                                     7.2019554958145120e+00
18                                     6.2496957303712328e+00
19                                     6.2683893058313673e+00
20                                     8.4002041913978631e-01
21                                     8.4957538532330967e-01
22                                     8.5413377266232049e-01
23                                     8.4890868685551157e-01
24                                     8.5648805858492971e-01
25                                     8.5349331867192835e-01
26                                     8.7934428291288091e-01
27                                     8.7805404892631633e-01
28                                     8.7713155546369082e-01
29                                     8.7843252098049207e-01
30                                     8.8077854984904735e-01
31                                     8.1668315752014997e-01
32                                     8.4998935692096256e-01
33                                     8.4383303884247829e-01
34                                     7.5233682878599173e-01
   &ZA [&Type "ArrayOfDoubles", &Dim (35,1)] "Total nuclear charge"
                                                         0

0                                      6.0000000000000000e+00
1                                      6.0000000000000000e+00
2                                      6.0000000000000000e+00
3                                      6.0000000000000000e+00
4                                      6.0000000000000000e+00
5                                      8.0000000000000000e+00
6                                      6.0000000000000000e+00
7                                      6.0000000000000000e+00
8                                      6.0000000000000000e+00
9                                      6.0000000000000000e+00
10                                     6.0000000000000000e+00
11                                     7.0000000000000000e+00
12                                     6.0000000000000000e+00
13                                     6.0000000000000000e+00
14                                     6.0000000000000000e+00
15                                     6.0000000000000000e+00
16                                     8.0000000000000000e+00
17                                     7.0000000000000000e+00
18                                     6.0000000000000000e+00
19                                     6.0000000000000000e+00
20                                     1.0000000000000000e+00
21                                     1.0000000000000000e+00
22                                     1.0000000000000000e+00
23                                     1.0000000000000000e+00
24                                     1.0000000000000000e+00
25                                     1.0000000000000000e+00
26                                     1.0000000000000000e+00
27                                     1.0000000000000000e+00
28                                     1.0000000000000000e+00
29                                     1.0000000000000000e+00
30                                     1.0000000000000000e+00
31                                     1.0000000000000000e+00
32                                     1.0000000000000000e+00
33                                     1.0000000000000000e+00
34                                     1.0000000000000000e+00
   &QA [&Type "ArrayOfDoubles", &Dim (35,1)] "Mulliken gross atomic charge"
                                                         0

0                                     -1.2403247317316612e-01
1                                     -8.8993030854110700e-02
2                                     -1.9140581452810057e-01
3                                      2.0712228087252793e-01
4                                      2.7295568703090201e-01
5                                     -5.3472685957188482e-01
6                                      2.2576680783948788e-01
7                                     -1.9688774748396654e-01
8                                     -2.6382259284026599e-01
9                                     -6.3996852793157366e-02
10                                     4.1535865394646709e-01
11                                    -1.7980287655478744e-01
12                                     1.0401138915729558e-01
13                                    -3.2154727344343215e-02
14                                    -1.4825164589557804e-01
15                                     6.6436145673518521e-01
16                                    -5.8625814108595975e-01
17                                    -2.0195549581451200e-01
18                                    -2.4969573037123283e-01
19                                    -2.6838930583136733e-01
20                                     1.5997958086021369e-01
21                                     1.5042461467669033e-01
22                                     1.4586622733767951e-01
23                                     1.5109131314448843e-01
24                                     1.4351194141507029e-01
25                                     1.4650668132807165e-01
26                                     1.2065571708711909e-01
27                                     1.2194595107368367e-01
28                                     1.2286844453630918e-01
29                                     1.2156747901950793e-01
30                                     1.1922145015095265e-01
31                                     1.8331684247985003e-01
32                                     1.5001064307903744e-01
33                                     1.5616696115752171e-01
34                                     2.4766317121400827e-01
   &VA [&Type "ArrayOfDoubles", &Dim (35,1)] "Mayer's total valence"
                                                         0

0                                      3.8711153452527403e+00
1                                      3.8618974409609890e+00
2                                      3.7933883519922662e+00
3                                      3.7027827052097542e+00
4                                      3.4801462516592543e+00
5                                      1.9758277513256912e+00
6                                      3.8868182636054476e+00
7                                      3.7396246484153379e+00
8                                      3.7924220145960201e+00
9                                      3.8031786186093020e+00
10                                     3.8095276255417807e+00
11                                     3.5494315358006960e+00
12                                     3.9314704592495806e+00
13                                     3.8764680804626108e+00
14                                     3.9570415129234475e+00
15                                     4.2310752112457388e+00
16                                     2.0244242651211910e+00
17                                     3.2660367589786321e+00
18                                     3.8228245371072429e+00
19                                     3.8333834529880106e+00
20                                     9.6704914810520515e-01
21                                     9.4768816690931179e-01
22                                     9.4956688840121861e-01
23                                     9.8018628333564550e-01
24                                     9.4986138307064349e-01
25                                     9.5105339205134576e-01
26                                     9.7179170271101545e-01
27                                     9.7649175284575940e-01
28                                     9.6463651023833330e-01
29                                     9.7417874009033478e-01
30                                     9.7387504813517223e-01
31                                     9.5801281302823160e-01
32                                     9.6187581242890885e-01
33                                     9.6461523055955523e-01
34                                     9.4523322561678769e-01
   &BVA [&Type "ArrayOfDoubles", &Dim (35,1)] "Mayer's bonded valence"
                                                         0

0                                      3.8711153452528486e+00
1                                      3.8618974409611306e+00
2                                      3.7933883519922249e+00
3                                      3.7027827052098399e+00
4                                      3.4801462516592916e+00
5                                      1.9758277513258151e+00
6                                      3.8868182636054995e+00
7                                      3.7396246484154361e+00
8                                      3.7924220145962613e+00
9                                      3.8031786186093943e+00
10                                     3.8095276255419690e+00
11                                     3.5494315358007329e+00
12                                     3.9314704592495953e+00
13                                     3.8764680804626290e+00
14                                     3.9570415129234173e+00
15                                     4.2310752112457619e+00
16                                     2.0244242651212163e+00
17                                     3.2660367589787351e+00
18                                     3.8228245371071372e+00
19                                     3.8333834529879098e+00
20                                     9.6704914810520348e-01
21                                     9.4768816690928048e-01
22                                     9.4956688840120873e-01
23                                     9.8018628333561553e-01
24                                     9.4986138307063306e-01
25                                     9.5105339205132866e-01
26                                     9.7179170271101545e-01
27                                     9.7649175284577650e-01
28                                     9.6463651023830943e-01
29                                     9.7417874009035155e-01
30                                     9.7387504813524628e-01
31                                     9.5801281302824182e-01
32                                     9.6187581242889952e-01
33                                     9.6461523055951393e-01
34                                     9.4523322561678802e-01
   &FA [&Type "ArrayOfDoubles", &Dim (35,1)] "Mayer's free valence"
                                                         0

0                                      0.0000000000000000e+00
1                                      0.0000000000000000e+00
2                                      0.0000000000000000e+00
3                                      0.0000000000000000e+00
4                                      0.0000000000000000e+00
5                                      0.0000000000000000e+00
6                                      0.0000000000000000e+00
7                                      0.0000000000000000e+00
8                                      0.0000000000000000e+00
9                                      0.0000000000000000e+00
10                                     0.0000000000000000e+00
11                                     0.0000000000000000e+00
12                                     0.0000000000000000e+00
13                                     0.0000000000000000e+00
14                                     0.0000000000000000e+00
15                                     0.0000000000000000e+00
16                                     0.0000000000000000e+00
17                                     0.0000000000000000e+00
18                                     0.0000000000000000e+00
19                                     0.0000000000000000e+00
20                                     0.0000000000000000e+00
21                                     0.0000000000000000e+00
22                                     0.0000000000000000e+00
23                                     0.0000000000000000e+00
24                                     0.0000000000000000e+00
25                                     0.0000000000000000e+00
26                                     0.0000000000000000e+00
27                                     0.0000000000000000e+00
28                                     0.0000000000000000e+00
29                                     0.0000000000000000e+00
30                                     0.0000000000000000e+00
31                                     0.0000000000000000e+00
32                                     0.0000000000000000e+00
33                                     0.0000000000000000e+00
34                                     0.0000000000000000e+00
$End
$CIS_Absorption_Spectrum
   &GeometryIndex 1
   &ListStatus       FIRST
   &TEMPERATURE [&Type "Double"]       2.9814999999999998e+02
   &METHOD [&Type "Integer"] 20
   &RELCORRECTION [&Type "Integer"] 1 "Type of relativistic treatment in QDPT. 0->Unknow, 1->None, 2->SOC, 3->SSC, 4->SOC/SSC"
   &DENSTYPE [&Type "Integer"] 3 "Type of density (electron/spin ...). 0->Unknow, 1->Electronic, 2->Spin, 3->Trans/Electronic, 4->Tran/Spin"
   &DERITYPE [&Type "Integer"] 0 "Type of derivative (w.r.t. to what perturbation). 0->Unknown, 1->No Derivative, 2->Electric/Dipole, 3->Electric/Quad, 4->Magnetic/Dipole, 5->Magnetic/Quad"
   &DENSLEVEL [&Type "Integer"] 0 "// Source of density: relaxed, unrelaxed, ... 0->Unknown, 1->Linearized, 2->Unrelaxed, 3->Relaxed"
   &REPRESENTATION [&Type "String"] "Length" "Possible values: Unknown,  Length, Velocity"
   &POINTGROUP [&Type "String"] "C1"
   &NTRANS [&Type "Integer"] 1
   &DOHIGHERMOMENTS [&Type "Boolean"] false
   &STATES [&Type "ArrayOfIntegers", &Dim (1,4)] "The initial and Final states. Col1: Initial State  Col2: Initial Irrep Col3: Final State Col4: Final Irrep"
                                                         0                           1                           2                           3

0                                                        0                           0                           1                           0
   &MULTIPLICITIES [&Type "ArrayOfDoubles", &Dim (1,2)] "Col1: Multiplicity of the initial state  Col2: Multiplicity of the final state"
                                                         0                           1

0                                      1.0000000000000000e+00         1.0000000000000000e+00
   &EXCITATIONENERGIES [&Type "ArrayOfDoubles", &Dim (1,11)] 
                                                         0                           1                           2                           3                           4                           5                           6                           7

0                                      2.8979483906923336e+00         2.3373532517483098e+04         4.2783434607157176e+02         2.5501311635211382e-01         3.5918132824796563e+00         1.6697055764085751e+00         0.0000000000000000e+00         8.8266382229641960e-01
                                                         8                           9                          10

0                                      0.0000000000000000e+00         1.5748380043305782e-01         0.0000000000000000e+00
$End
$CIS_Absorption_Spectrum
   &GeometryIndex 1
   &ListStatus       LAST
   &TEMPERATURE [&Type "Double"]       2.9814999999999998e+02
   &METHOD [&Type "Integer"] 20
   &RELCORRECTION [&Type "Integer"] 1 "Type of relativistic treatment in QDPT. 0->Unknow, 1->None, 2->SOC, 3->SSC, 4->SOC/SSC"
   &DENSTYPE [&Type "Integer"] 3 "Type of density (electron/spin ...). 0->Unknow, 1->Electronic, 2->Spin, 3->Trans/Electronic, 4->Tran/Spin"
   &DERITYPE [&Type "Integer"] 0 "Type of derivative (w.r.t. to what perturbation). 0->Unknown, 1->No Derivative, 2->Electric/Dipole, 3->Electric/Quad, 4->Magnetic/Dipole, 5->Magnetic/Quad"
   &DENSLEVEL [&Type "Integer"] 0 "// Source of density: relaxed, unrelaxed, ... 0->Unknown, 1->Linearized, 2->Unrelaxed, 3->Relaxed"
   &REPRESENTATION [&Type "String"] "Velocity" "Possible values: Unknown,  Length, Velocity"
   &POINTGROUP [&Type "String"] "C1"
   &NTRANS [&Type "Integer"] 1
   &DOHIGHERMOMENTS [&Type "Boolean"] false
   &STATES [&Type "ArrayOfIntegers", &Dim (1,4)] "The initial and Final states. Col1: Initial State  Col2: Initial Irrep Col3: Final State Col4: Final Irrep"
                                                         0                           1                           2                           3

0                                                        0                           0                           1                           0
   &MULTIPLICITIES [&Type "ArrayOfDoubles", &Dim (1,2)] "Col1: Multiplicity of the initial state  Col2: Multiplicity of the final state"
                                                         0                           1

0                                      1.0000000000000000e+00         1.0000000000000000e+00
   &EXCITATIONENERGIES [&Type "ArrayOfDoubles", &Dim (1,11)] 
                                                         0                           1                           2                           3                           4                           5                           6                           7

0                                      2.8979483906923336e+00         2.3373532517483098e+04         4.2783434607157176e+02         6.1074082508244060e-02         9.7563694125402320e-03        -8.7950136808943508e-02         0.0000000000000000e+00        -4.3045844760966283e-02
                                                         8                           9                          10

0                                      0.0000000000000000e+00        -1.2969120889371997e-02         0.0000000000000000e+00
$End
$CIS_ECD_Spectrum
   &GeometryIndex 1
   &ListStatus       FIRST
   &TEMPERATURE [&Type "Double"]       2.9814999999999998e+02
   &METHOD [&Type "Integer"] 20
   &RELCORRECTION [&Type "Integer"] 1 "Type of relativistic treatment in QDPT. 0->Unknow, 1->None, 2->SOC, 3->SSC, 4->SOC/SSC"
   &DENSTYPE [&Type "Integer"] 3 "Type of density (electron/spin ...). 0->Unknow, 1->Electronic, 2->Spin, 3->Trans/Electronic, 4->Tran/Spin"
   &DERITYPE [&Type "Integer"] 0 "Type of derivative (w.r.t. to what perturbation). 0->Unknown, 1->No Derivative, 2->Electric/Dipole, 3->Electric/Quad, 4->Magnetic/Dipole, 5->Magnetic/Quad"
   &DENSLEVEL [&Type "Integer"] 0 "// Source of density: relaxed, unrelaxed, ... 0->Unknown, 1->Linearized, 2->Unrelaxed, 3->Relaxed"
   &REPRESENTATION [&Type "String"] "Length" "Possible values: Unknown,  Length, Velocity"
   &POINTGROUP [&Type "String"] "C1"
   &NTRANS [&Type "Integer"] 1
   &DOHIGHERMOMENTS [&Type "Boolean"] false
   &STATES [&Type "ArrayOfIntegers", &Dim (1,4)] "The initial and Final states. Col1: Initial State  Col2: Initial Irrep Col3: Final State Col4: Final Irrep"
                                                         0                           1                           2                           3

0                                                        0                           0                           1                           0
   &MULTIPLICITIES [&Type "ArrayOfDoubles", &Dim (1,2)] "Col1: Multiplicity of the initial state  Col2: Multiplicity of the final state"
                                                         0                           1

0                                      1.0000000000000000e+00         1.0000000000000000e+00
   &EXCITATIONENERGIES [&Type "ArrayOfDoubles", &Dim (1,10)] 
                                                         0                           1                           2                           3                           4                           5                           6                           7

0                                      2.8979483906923336e+00         2.3373532517483098e+04         4.2783434607157176e+02         1.7044207097712065e+00        -7.0378865416122607e-02         0.0000000000000000e+00         1.8696128600475717e-01         0.0000000000000000e+00
                                                         8                           9

0                                     -3.2465084066697142e-01         0.0000000000000000e+00
$End
$CIS_ECD_Spectrum
   &GeometryIndex 1
   &ListStatus       LAST
   &TEMPERATURE [&Type "Double"]       2.9814999999999998e+02
   &METHOD [&Type "Integer"] 20
   &RELCORRECTION [&Type "Integer"] 1 "Type of relativistic treatment in QDPT. 0->Unknow, 1->None, 2->SOC, 3->SSC, 4->SOC/SSC"
   &DENSTYPE [&Type "Integer"] 3 "Type of density (electron/spin ...). 0->Unknow, 1->Electronic, 2->Spin, 3->Trans/Electronic, 4->Tran/Spin"
   &DERITYPE [&Type "Integer"] 0 "Type of derivative (w.r.t. to what perturbation). 0->Unknown, 1->No Derivative, 2->Electric/Dipole, 3->Electric/Quad, 4->Magnetic/Dipole, 5->Magnetic/Quad"
   &DENSLEVEL [&Type "Integer"] 0 "// Source of density: relaxed, unrelaxed, ... 0->Unknown, 1->Linearized, 2->Unrelaxed, 3->Relaxed"
   &REPRESENTATION [&Type "String"] "Velocity" "Possible values: Unknown,  Length, Velocity"
   &POINTGROUP [&Type "String"] "C1"
   &NTRANS [&Type "Integer"] 1
   &DOHIGHERMOMENTS [&Type "Boolean"] false
   &STATES [&Type "ArrayOfIntegers", &Dim (1,4)] "The initial and Final states. Col1: Initial State  Col2: Initial Irrep Col3: Final State Col4: Final Irrep"
                                                         0                           1                           2                           3

0                                                        0                           0                           1                           0
   &MULTIPLICITIES [&Type "ArrayOfDoubles", &Dim (1,2)] "Col1: Multiplicity of the initial state  Col2: Multiplicity of the final state"
                                                         0                           1

0                                      1.0000000000000000e+00         1.0000000000000000e+00
   &EXCITATIONENERGIES [&Type "ArrayOfDoubles", &Dim (1,10)] 
                                                         0                           1                           2                           3                           4                           5                           6                           7

0                                      2.8979483906923336e+00         2.3373532517483098e+04         4.2783434607157176e+02         1.0413579078441158e+01        -7.0378865416122607e-02         0.0000000000000000e+00         1.8696128600475717e-01         0.0000000000000000e+00
                                                         8                           9

0                                     -3.2465084066697142e-01         0.0000000000000000e+00
$End
$Mayer_Population_Analysis
   &GeometryIndex 1
   &ListStatus       LAST
   &NATOMS [&Type "Integer"] 35 "Total number of atoms"
   &BONDTHRESH [&Type "Double"]       1.0000000000000001e-01  "The threshold for printing"
   &NBONDORDERSPRINT [&Type "Integer"] 37 "The number of bond orders larger than threshold"
   &BONDORDERS [&Type "ArrayOfDoubles", &Dim (37,1)] "The bond orders"
                                                         0

0                                      1.3009592837191664e+00
1                                      1.2627770503670761e+00
2                                      9.6997597417487325e-01
3                                      1.3588412585338852e+00
4                                      9.8854012084630538e-01
5                                      1.1399959767270427e+00
6                                      9.8098603084986002e-01
7                                      1.1668753769372358e+00
8                                      9.6343132526440978e-01
9                                      1.2781190854203461e+00
10                                     1.0492252842044643e+00
11                                     9.0354360717915061e-01
12                                     1.2748120873601205e+00
13                                     1.2788319540472077e+00
14                                     1.0015733068251698e+00
15                                     1.1711462546407376e+00
16                                     1.0064384779612894e+00
17                                     1.3636745412045939e+00
18                                     1.1741501146494198e+00
19                                     1.2063613632608403e+00
20                                     1.1433136306466276e+00
21                                     8.8373976420954981e-01
22                                     1.5329956936800695e+00
23                                     9.4698171198049264e-01
24                                     1.2769422122410647e+00
25                                     9.6885578012350593e-01
26                                     9.6956695042579255e-01
27                                     1.8581668864130996e+00
28                                     1.3953809896381151e+00
29                                     9.2642573945716589e-01
30                                     9.3192642888174371e-01
31                                     9.6123650628795121e-01
32                                     9.5712994840220977e-01
33                                     9.6030673721537485e-01
34                                     9.5760632019140668e-01
35                                     9.5482115691398373e-01
36                                     9.6091411305483210e-01
   &COMPONENTS [&Type "ArrayOfIntegers", &Dim (37,4)] "The indices and atomic numbers of the bonding atoms"
                                                         0                           1                           2                           3

0                                                        0                           6                           1                           6
1                                                        0                           6                           3                           6
2                                                        0                           6                          27                           1
3                                                        1                           6                           2                           6
4                                                        1                           6                          28                           1
5                                                        2                           6                           6                           6
6                                                        2                           6                          26                           1
7                                                        3                           6                           4                           6
8                                                        3                           6                           5                           8
9                                                        4                           6                           6                           6
10                                                       4                           6                           9                           6
11                                                       5                           8                          15                           6
12                                                       6                           6                           7                           6
13                                                       7                           6                           8                           6
14                                                       7                           6                          29                           1
15                                                       8                           6                          10                           6
16                                                       8                           6                          30                           1
17                                                       9                           6                          10                           6
18                                                       9                           6                          11                           7
19                                                      10                           6                          14                           6
20                                                      11                           7                          12                           6
21                                                      11                           7                          34                           1
22                                                      12                           6                          13                           6
23                                                      12                           6                          31                           1
24                                                      13                           6                          14                           6
25                                                      13                           6                          32                           1
26                                                      14                           6                          33                           1
27                                                      15                           6                          16                           8
28                                                      15                           6                          17                           7
29                                                      17                           7                          18                           6
30                                                      17                           7                          19                           6
31                                                      18                           6                          23                           1
32                                                      18                           6                          24                           1
33                                                      18                           6                          25                           1
34                                                      19                           6                          20                           1
35                                                      19                           6                          21                           1
36                                                      19                           6                          22                           1
   &ATNO [&Type "ArrayOfIntegers", &Dim (35,1)] "Atomic number of the elements"
                                                         0

0                                                        6
1                                                        6
2                                                        6
3                                                        6
4                                                        6
5                                                        8
6                                                        6
7                                                        6
8                                                        6
9                                                        6
10                                                       6
11                                                       7
12                                                       6
13                                                       6
14                                                       6
15                                                       6
16                                                       8
17                                                       7
18                                                       6
19                                                       6
20                                                       1
21                                                       1
22                                                       1
23                                                       1
24                                                       1
25                                                       1
26                                                       1
27                                                       1
28                                                       1
29                                                       1
30                                                       1
31                                                       1
32                                                       1
33                                                       1
34                                                       1
   &NA [&Type "ArrayOfDoubles", &Dim (35,1)] "Mulliken gross atomic population"
                                                         0

0                                      6.0647376686327750e+00
1                                      6.0937521700684343e+00
2                                      6.1094614226904875e+00
3                                      5.7645068700328954e+00
4                                      5.7157425532364607e+00
5                                      8.4898117003340037e+00
6                                      5.7708556581311390e+00
7                                      6.1750617113364177e+00
8                                      6.1782314901907220e+00
9                                      6.1007415688801583e+00
10                                     5.5911495546336036e+00
11                                     7.2562090821880982e+00
12                                     5.9678243223763436e+00
13                                     6.0648105162930745e+00
14                                     6.2859119809915098e+00
15                                     5.3343721457736510e+00
16                                     8.5761058062506184e+00
17                                     7.1979431869844506e+00
18                                     6.2500043927762094e+00
19                                     6.2683064740292629e+00
20                                     8.3853741232100176e-01
21                                     8.4633637691779462e-01
22                                     8.5083165892108992e-01
23                                     8.4647343777706041e-01
24                                     8.5334683885432738e-01
25                                     8.5050352340606028e-01
26                                     8.5210559408088460e-01
27                                     8.5272908495452993e-01
28                                     8.6453887013416486e-01
29                                     8.6718122840071665e-01
30                                     8.6517930854263136e-01
31                                     8.4022171065029283e-01
32                                     8.7285434546602170e-01
33                                     8.7170075626899002e-01
34                                     7.7191957747454365e-01
   &ZA [&Type "ArrayOfDoubles", &Dim (35,1)] "Total nuclear charge"
                                                         0

0                                      6.0000000000000000e+00
1                                      6.0000000000000000e+00
2                                      6.0000000000000000e+00
3                                      6.0000000000000000e+00
4                                      6.0000000000000000e+00
5                                      8.0000000000000000e+00
6                                      6.0000000000000000e+00
7                                      6.0000000000000000e+00
8                                      6.0000000000000000e+00
9                                      6.0000000000000000e+00
10                                     6.0000000000000000e+00
11                                     7.0000000000000000e+00
12                                     6.0000000000000000e+00
13                                     6.0000000000000000e+00
14                                     6.0000000000000000e+00
15                                     6.0000000000000000e+00
16                                     8.0000000000000000e+00
17                                     7.0000000000000000e+00
18                                     6.0000000000000000e+00
19                                     6.0000000000000000e+00
20                                     1.0000000000000000e+00
21                                     1.0000000000000000e+00
22                                     1.0000000000000000e+00
23                                     1.0000000000000000e+00
24                                     1.0000000000000000e+00
25                                     1.0000000000000000e+00
26                                     1.0000000000000000e+00
27                                     1.0000000000000000e+00
28                                     1.0000000000000000e+00
29                                     1.0000000000000000e+00
30                                     1.0000000000000000e+00
31                                     1.0000000000000000e+00
32                                     1.0000000000000000e+00
33                                     1.0000000000000000e+00
34                                     1.0000000000000000e+00
   &QA [&Type "ArrayOfDoubles", &Dim (35,1)] "Mulliken gross atomic charge"
                                                         0

0                                     -6.4737668632774970e-02
1                                     -9.3752170068434282e-02
2                                     -1.0946142269048753e-01
3                                      2.3549312996710459e-01
4                                      2.8425744676353926e-01
5                                     -4.8981170033400367e-01
6                                      2.2914434186886101e-01
7                                     -1.7506171133641768e-01
8                                     -1.7823149019072204e-01
9                                     -1.0074156888015828e-01
10                                     4.0885044536639636e-01
11                                    -2.5620908218809824e-01
12                                     3.2175677623656362e-02
13                                    -6.4810516293074549e-02
14                                    -2.8591198099150983e-01
15                                     6.6562785422634896e-01
16                                    -5.7610580625061836e-01
17                                    -1.9794318698445057e-01
18                                    -2.5000439277620945e-01
19                                    -2.6830647402926289e-01
20                                     1.6146258767899824e-01
21                                     1.5366362308220538e-01
22                                     1.4916834107891008e-01
23                                     1.5352656222293959e-01
24                                     1.4665316114567262e-01
25                                     1.4949647659393972e-01
26                                     1.4789440591911540e-01
27                                     1.4727091504547007e-01
28                                     1.3546112986583514e-01
29                                     1.3281877159928335e-01
30                                     1.3482069145736864e-01
31                                     1.5977828934970717e-01
32                                     1.2714565453397830e-01
33                                     1.2829924373100998e-01
34                                     2.2808042252545635e-01
   &VA [&Type "ArrayOfDoubles", &Dim (35,1)] "Mayer's total valence"
                                                         0

0                                      3.8685780998140826e+00
1                                      3.8501091362737405e+00
2                                      3.7675207233832766e+00
3                                      3.7207750740755818e+00
4                                      3.5169605116443861e+00
5                                      2.0552288873790543e+00
6                                      3.9049723510960317e+00
7                                      3.7367719326284545e+00
8                                      3.7647197980063445e+00
9                                      3.8346490377041755e+00
10                                     3.8061869756935360e+00
11                                     3.3747946045551958e+00
12                                     3.9397067755165187e+00
13                                     3.8812279333656075e+00
14                                     3.9194494301431111e+00
15                                     4.2202461160188935e+00
16                                     2.0349252576245349e+00
17                                     3.2855360917505796e+00
18                                     3.8199629447569237e+00
19                                     3.8315333049131004e+00
20                                     9.6529884653814368e-01
21                                     9.4749552549165383e-01
22                                     9.4952490788514121e-01
23                                     9.7807998957419928e-01
24                                     9.4985316326751046e-01
25                                     9.5088516544908330e-01
26                                     9.6525418272203944e-01
27                                     9.7015506997414591e-01
28                                     9.6458451327539907e-01
29                                     9.7076262972901317e-01
30                                     9.6952584442718237e-01
31                                     9.6570558369903114e-01
32                                     9.6674872401499012e-01
33                                     9.7239595363132914e-01
34                                     9.5107009977795620e-01
   &BVA [&Type "ArrayOfDoubles", &Dim (35,1)] "Mayer's bonded valence"
                                                         0

0                                      3.6894391394292789e+00
1                                      3.7961859302013483e+00
2                                      3.5376991431889322e+00
3                                      3.5974606079131597e+00
4                                      3.4723717386937727e+00
5                                      2.0010875339400758e+00
6                                      3.8316123122190890e+00
7                                      3.6220966813959472e+00
8                                      3.6174657663090097e+00
9                                      3.7391629897608012e+00
10                                     3.7882243126020918e+00
11                                     3.1972817181077868e+00
12                                     3.7501801372366215e+00
13                                     3.8241958380938281e+00
14                                     3.6304697816871165e+00
15                                     4.2165293476665386e+00
16                                     2.0280612983780144e+00
17                                     3.2823750611061864e+00
18                                     3.8197297263818610e+00
19                                     3.8305600641302582e+00
20                                     9.6490473738365323e-01
21                                     9.4712449192084258e-01
22                                     9.4943683832862857e-01
23                                     9.7806053738041732e-01
24                                     9.4958327167517353e-01
25                                     9.5052031524220992e-01
26                                     9.6451763049391270e-01
27                                     9.6896152149388859e-01
28                                     9.6405769571593025e-01
29                                     9.7016584425055219e-01
30                                     9.6870132383651264e-01
31                                     9.6404347851248418e-01
32                                     9.6665938106393068e-01
33                                     9.7010321220317219e-01
34                                     9.4953931245188528e-01
   &FA [&Type "ArrayOfDoubles", &Dim (35,1)] "Mayer's free valence"
                                                         0

0                                      1.7913896038480365e-01
1                                      5.3923206072391990e-02
2                                      2.2982158019434451e-01
3                                      1.2331446616242227e-01
4                                      4.4588772950613288e-02
5                                      5.4141353438978627e-02
6                                      7.3360038876942493e-02
7                                      1.1467525123250732e-01
8                                      1.4725403169733489e-01
9                                      9.5486047943374369e-02
10                                     1.7962663091444200e-02
11                                     1.7751288644740904e-01
12                                     1.8952663827989719e-01
13                                     5.7032095271779111e-02
14                                     2.8897964845599455e-01
15                                     3.7167683523545653e-03
16                                     6.8639592465203712e-03
17                                     3.1610306443933213e-03
18                                     2.3321837506281912e-04
19                                     9.7324078284209323e-04
20                                     3.9410915449042394e-04
21                                     3.7103357081123194e-04
22                                     8.8069556512615748e-05
23                                     1.9452193781967058e-05
24                                     2.6989159233696151e-04
25                                     3.6485020687340453e-04
26                                     7.3655222812678625e-04
27                                     1.1935484802573708e-03
28                                     5.2681755946879926e-04
29                                     5.9678547846100992e-04
30                                     8.2452059066971672e-04
31                                     1.6621051865469156e-03
32                                     8.9342951059443072e-05
33                                     2.2927414281569336e-03
34                                     1.5307873260709370e-03
$End
$CIS_Nuc_Gradient
   &GeometryIndex 1
   &ListStatus       OUT
   &NATOMS [&Type "Integer"] 35
   &ROOT [&Type "Integer"] 1
   &GRADNORM [&Type "Double"]       3.2479632445033819e-03
   &GRAD [&Type "ArrayOfDoubles", &Dim (105,1)] 
                                                         0

0                                     -4.5772372070249177e-04
1                                     -6.5677347013347017e-04
2                                     -1.6297030488090638e-04
3                                     -4.2346176016977400e-04
4                                     -6.2366654126574342e-04
5                                     -1.6569511827774349e-04
6                                     -4.4407000382162766e-04
7                                     -7.5427363450626629e-04
8                                     -3.7291581454458188e-04
9                                     -3.2040576135069425e-04
10                                    -4.0710877806718202e-04
11                                    -1.2578351783903378e-04
12                                    -1.2852357555571931e-04
13                                    -4.5684429351788028e-04
14                                    -2.0214225964784255e-04
15                                    -4.5085792473275747e-04
16                                     4.1894817402857087e-05
17                                    -1.6793928788074147e-05
18                                     1.9640411651258581e-04
19                                    -3.4649231071707577e-04
20                                    -2.2681735455449777e-04
21                                     4.6201668478318425e-04
22                                    -3.2478525411888356e-04
23                                    -3.0016870660545109e-04
24                                     5.5935417963619998e-04
25                                    -5.5847598391961940e-04
26                                    -4.7746610295144128e-04
27                                     6.7409436480914283e-04
28                                     1.8526383268806988e-04
29                                    -3.7732973626796885e-05
30                                     2.8086943814926936e-04
31                                     1.8164803999035062e-04
32                                     3.8149554728360405e-05
33                                     2.6710812790030943e-04
34                                     6.3312840408793569e-04
35                                     3.7855346853754053e-04
36                                     2.7045790698135909e-04
37                                     6.4215557840396908e-04
38                                     3.1043065660184412e-04
39                                     3.8379925419866954e-04
40                                     5.1560436161556379e-04
41                                     2.2127363802021107e-04
42                                     6.5903004872842875e-04
43                                     3.9616664411415539e-04
44                                     5.6934360856346697e-05
45                                    -7.5125769384886310e-04
46                                     2.8513456646271022e-04
47                                    -3.8447317359282515e-04
48                                    -2.3343420988535684e-04
49                                     2.1526805882923897e-04
50                                    -1.3346317514878752e-04
51                                    -3.3878656539381905e-04
52                                     9.7623128271119445e-05
53                                     2.4728039624358396e-04
54                                    -4.8926147726530297e-04
55                                     3.6967904549668979e-04
56                                    -2.2566579878267210e-05
57                                    -5.9962750006171988e-05
58                                     2.2739213304952767e-04
59                                     7.9987869954367392e-04
60                                    -1.1251572369895237e-04
61                                     7.0043030169517526e-05
62                                     4.6693981994850513e-04
63                                     1.1286315226136055e-04
64                                     9.7167631188941188e-06
65                                     2.0919714600880107e-04
66                                     2.6013904881384039e-06
67                                    -3.8819020497297648e-06
68                                     2.9193551711229000e-04
69                                    -1.8438387108851427e-04
70                                     7.8527782344833098e-05
71                                     8.2232602471115092e-05
72                                    -2.0263492379947679e-04
73                                     7.6292212938898442e-05
74                                    -2.0902875430238474e-05
75                                    -1.3663616017317549e-04
76                                     1.1820448214840693e-04
77                                     8.0361418587105446e-06
78                                     2.7827380458993357e-05
79                                    -2.2048174078641883e-04
80                                    -8.1833518720907659e-05
81                                    -1.5672830952770866e-04
82                                    -1.9675311289238541e-04
83                                     3.8994105747838572e-05
84                                    -1.1382871543829661e-04
85                                    -1.2594804629898436e-04
86                                    -1.6837777701137567e-05
87                                     2.3374208021000183e-04
88                                    -9.5932873316648939e-05
89                                    -1.5870785660453330e-04
90                                     1.7618804809793978e-04
91                                    -1.7023192620999506e-04
92                                    -1.4700784261564338e-04
93                                     5.2003410652534299e-05
94                                     2.0650302115601913e-04
95                                     3.1664335751921559e-05
96                                     6.6556596827058509e-05
97                                     9.6899345195310496e-05
98                                     6.6090635376681457e-06
99                                     1.8450635436100872e-04
100                                    7.9491670155854694e-05
101                                   -8.7584097528526874e-06
102                                    2.7619370949480209e-04
103                                    3.5207576415015708e-04
104                                   -2.7336181016007641e-05
$End
$VdW_Correction
   &GeometryIndex 1
   &ListStatus       OUT
   &VDW [&Type "Double"]      -7.7100674727190899e-02
$End
$Geometry
   &GeometryIndex 2
   &ListStatus       OUT
   &NATOMS [&Type "Integer"] 35
   &NCORELESSECP [&Type "Integer"] 0
   &NGHOSTATOMS [&Type "Integer"] 0
   &CartesianCoordinates [&Type "Coordinates", &Dim(35,4), &Units "Bohr"] 
              C     -5.816727243733   -1.222636191549   -0.084679255382
              C     -5.035337439489   -3.266896559089   -1.531905987830
              C     -2.531468102004   -3.422774432183   -2.226131598994
              C     -4.104932741080    0.678519989105    0.652151739051
              C     -1.505479411444    0.586436969771    0.003143072562
              O     -4.919043521680    2.582856728415    2.146407804544
              C     -0.744500788923   -1.535446470619   -1.481135710359
              C      1.773367875560   -1.787737983292   -2.246821451943
              C      3.542738453354    0.001841072767   -1.556955485814
              C      0.357800060781    2.414239082435    0.688327719591
              C      2.883790746505    2.137051351542   -0.084050297011
              N     -0.225659202913    4.529558735284    2.123951456831
              C      1.552630837455    6.300314716181    2.789926427495
              C      4.014049688161    6.044992877731    2.050866102760
              C      4.737529611745    3.957448499436    0.593593325729
              C     -7.359778330139    3.639088501583    1.778931899542
              O     -8.353302703853    3.573708511603   -0.283209515105
              N     -8.195534998559    4.693650175346    3.901346044252
              C    -10.543264589591    6.144033415368    3.841107520902
              C     -6.887153372175    4.628929512670    6.332092488571
              H     -5.371369208011    3.252562035714    6.309531621534
              H     -8.246803945303    4.108947913836    7.789831170122
              H     -6.123100754346    6.494800635109    6.768139338388
              H    -11.322089427965    6.123788783576    1.945937909760
              H    -10.160633160483    8.087615944311    4.414670765900
              H    -11.894848099984    5.312046421151    5.156453464012
              H     -1.851101600938   -4.992609801639   -3.344230037011
              H     -7.754199215592   -1.085246130088    0.538451221017
              H     -6.371382894343   -4.711762118425   -2.074176484240
              H      2.320531657233   -3.397067816114   -3.380762370809
              H      5.490258977250   -0.211465511852   -2.144122861218
              H      0.858935341851    7.859307134866    3.904922253038
              H      5.367601971535    7.470746924853    2.601783156050
              H      6.662409833323    3.706209662250   -0.033476656978
              H     -2.016342464327    4.775624741630    2.709473257120
$End
$SCF_Energy
   &GeometryIndex 2
   &ListStatus       OUT
   &SCF_ENERGY [&Type "Double"]      -8.7837015442913082e+02
$End
$DFT_Energy
   &GeometryIndex 2
   &ListStatus       OUT
   &NALPHAEL [&Type "Integer"] 70
   &NBETAEL [&Type "Integer"] 70
   &NTOTALEL [&Type "Integer"] 140
   &EEXCHANGE [&Type "Double"]      -9.3696369736969302e+01
   &ECORR [&Type "Double"]      -5.6390006455479771e+00
   &ECNL [&Type "Double"]       0.0000000000000000e+00
   &EXC [&Type "Double"]      -9.9335370382517283e+01
   &EEMBED [&Type "Double"]       0.0000000000000000e+00
   &FINALEN [&Type "Double"]      -8.7837015442913082e+02  "No Van der Waals correction"
$End
$Solvation_Details
   &GeometryIndex 2
   &ListStatus       OUT
   &SOLVENT [&Type "String"] "WATER"
   &EPSILON [&Type "Double"]       8.0150999999999996e+01
   &REFRAC [&Type "Double"]       1.3328000000000000e+00
   &RSOLV [&Type "Double"]       1.3000000000000000e+00
   &SURFACETYPE [&Type "String"] "GAUSSIAN VDW"
   &NPOINTS [&Type "Integer"] 3051
   &SURFACEAREA [&Type "Double"]       1.0857195812620000e+03
   &CPCMDIELENERGY [&Type "Double"]      -8.7045578999999998e-02
$End
$CIS_Absorption_Spectrum
   &GeometryIndex 2
   &ListStatus       FIRST
   &TEMPERATURE [&Type "Double"]       2.9814999999999998e+02
   &METHOD [&Type "Integer"] 20
   &RELCORRECTION [&Type "Integer"] 1 "Type of relativistic treatment in QDPT. 0->Unknow, 1->None, 2->SOC, 3->SSC, 4->SOC/SSC"
   &DENSTYPE [&Type "Integer"] 3 "Type of density (electron/spin ...). 0->Unknow, 1->Electronic, 2->Spin, 3->Trans/Electronic, 4->Tran/Spin"
   &DERITYPE [&Type "Integer"] 0 "Type of derivative (w.r.t. to what perturbation). 0->Unknown, 1->No Derivative, 2->Electric/Dipole, 3->Electric/Quad, 4->Magnetic/Dipole, 5->Magnetic/Quad"
   &DENSLEVEL [&Type "Integer"] 0 "// Source of density: relaxed, unrelaxed, ... 0->Unknown, 1->Linearized, 2->Unrelaxed, 3->Relaxed"
   &REPRESENTATION [&Type "String"] "Length" "Possible values: Unknown,  Length, Velocity"
   &POINTGROUP [&Type "String"] "C1"
   &NTRANS [&Type "Integer"] 1
   &DOHIGHERMOMENTS [&Type "Boolean"] false
   &STATES [&Type "ArrayOfIntegers", &Dim (1,4)] "The initial and Final states. Col1: Initial State  Col2: Initial Irrep Col3: Final State Col4: Final Irrep"
                                                         0                           1                           2                           3

0                                                        0                           0                           1                           0
   &MULTIPLICITIES [&Type "ArrayOfDoubles", &Dim (1,2)] "Col1: Multiplicity of the initial state  Col2: Multiplicity of the final state"
                                                         0                           1

0                                      1.0000000000000000e+00         1.0000000000000000e+00
   &EXCITATIONENERGIES [&Type "ArrayOfDoubles", &Dim (1,11)] 
                                                         0                           1                           2                           3                           4                           5                           6                           7

0                                      2.9036397393654694e+00         2.3419436345069240e+04         4.2699575910610730e+02         2.5494197948147584e-01         3.5837730767908802e+00        -1.6630305262739864e+00         0.0000000000000000e+00        -8.8919870746473961e-01
                                                         8                           9                          10

0                                      0.0000000000000000e+00        -1.6561462530460400e-01         0.0000000000000000e+00
$End
$CIS_Absorption_Spectrum
   &GeometryIndex 2
   &ListStatus       LAST
   &TEMPERATURE [&Type "Double"]       2.9814999999999998e+02
   &METHOD [&Type "Integer"] 20
   &RELCORRECTION [&Type "Integer"] 1 "Type of relativistic treatment in QDPT. 0->Unknow, 1->None, 2->SOC, 3->SSC, 4->SOC/SSC"
   &DENSTYPE [&Type "Integer"] 3 "Type of density (electron/spin ...). 0->Unknow, 1->Electronic, 2->Spin, 3->Trans/Electronic, 4->Tran/Spin"
   &DERITYPE [&Type "Integer"] 0 "Type of derivative (w.r.t. to what perturbation). 0->Unknown, 1->No Derivative, 2->Electric/Dipole, 3->Electric/Quad, 4->Magnetic/Dipole, 5->Magnetic/Quad"
   &DENSLEVEL [&Type "Integer"] 0 "// Source of density: relaxed, unrelaxed, ... 0->Unknown, 1->Linearized, 2->Unrelaxed, 3->Relaxed"
   &REPRESENTATION [&Type "String"] "Velocity" "Possible values: Unknown,  Length, Velocity"
   &POINTGROUP [&Type "String"] "C1"
   &NTRANS [&Type "Integer"] 1
   &DOHIGHERMOMENTS [&Type "Boolean"] false
   &STATES [&Type "ArrayOfIntegers", &Dim (1,4)] "The initial and Final states. Col1: Initial State  Col2: Initial Irrep Col3: Final State Col4: Final Irrep"
                                                         0                           1                           2                           3

0                                                        0                           0                           1                           0
   &MULTIPLICITIES [&Type "ArrayOfDoubles", &Dim (1,2)] "Col1: Multiplicity of the initial state  Col2: Multiplicity of the final state"
                                                         0                           1

0                                      1.0000000000000000e+00         1.0000000000000000e+00
   &EXCITATIONENERGIES [&Type "ArrayOfDoubles", &Dim (1,11)] 
                                                         0                           1                           2                           3                           4                           5                           6                           7

0                                      2.9036397393654694e+00         2.3419436345069240e+04         4.2699575910610730e+02         6.0595834004068393e-02         9.6989816211001476e-03         8.7548710169339183e-02         0.0000000000000000e+00         4.3056519998802140e-02
                                                         8                           9                          10

0                                      0.0000000000000000e+00         1.3429112196193228e-02         0.0000000000000000e+00
$End
$CIS_ECD_Spectrum
   &GeometryIndex 2
   &ListStatus       FIRST
   &TEMPERATURE [&Type "Double"]       2.9814999999999998e+02
   &METHOD [&Type "Integer"] 20
   &RELCORRECTION [&Type "Integer"] 1 "Type of relativistic treatment in QDPT. 0->Unknow, 1->None, 2->SOC, 3->SSC, 4->SOC/SSC"
   &DENSTYPE [&Type "Integer"] 3 "Type of density (electron/spin ...). 0->Unknow, 1->Electronic, 2->Spin, 3->Trans/Electronic, 4->Tran/Spin"
   &DERITYPE [&Type "Integer"] 0 "Type of derivative (w.r.t. to what perturbation). 0->Unknown, 1->No Derivative, 2->Electric/Dipole, 3->Electric/Quad, 4->Magnetic/Dipole, 5->Magnetic/Quad"
   &DENSLEVEL [&Type "Integer"] 0 "// Source of density: relaxed, unrelaxed, ... 0->Unknown, 1->Linearized, 2->Unrelaxed, 3->Relaxed"
   &REPRESENTATION [&Type "String"] "Length" "Possible values: Unknown,  Length, Velocity"
   &POINTGROUP [&Type "String"] "C1"
   &NTRANS [&Type "Integer"] 1
   &DOHIGHERMOMENTS [&Type "Boolean"] false
   &STATES [&Type "ArrayOfIntegers", &Dim (1,4)] "The initial and Final states. Col1: Initial State  Col2: Initial Irrep Col3: Final State Col4: Final Irrep"
                                                         0                           1                           2                           3

0                                                        0                           0                           1                           0
   &MULTIPLICITIES [&Type "ArrayOfDoubles", &Dim (1,2)] "Col1: Multiplicity of the initial state  Col2: Multiplicity of the final state"
                                                         0                           1

0                                      1.0000000000000000e+00         1.0000000000000000e+00
   &EXCITATIONENERGIES [&Type "ArrayOfDoubles", &Dim (1,10)] 
                                                         0                           1                           2                           3                           4                           5                           6                           7

0                                      2.9036397393654694e+00         2.3419436345069240e+04         4.2699575910610730e+02         1.2300269344809942e+00         6.9952863998981471e-02         0.0000000000000000e+00        -1.8827039768718187e-01         0.0000000000000000e+00
                                                         8                           9

0                                      3.2415658983662426e-01         0.0000000000000000e+00
$End
$CIS_ECD_Spectrum
   &GeometryIndex 2
   &ListStatus       LAST
   &TEMPERATURE [&Type "Double"]       2.9814999999999998e+02
   &METHOD [&Type "Integer"] 20
   &RELCORRECTION [&Type "Integer"] 1 "Type of relativistic treatment in QDPT. 0->Unknow, 1->None, 2->SOC, 3->SSC, 4->SOC/SSC"
   &DENSTYPE [&Type "Integer"] 3 "Type of density (electron/spin ...). 0->Unknow, 1->Electronic, 2->Spin, 3->Trans/Electronic, 4->Tran/Spin"
   &DERITYPE [&Type "Integer"] 0 "Type of derivative (w.r.t. to what perturbation). 0->Unknown, 1->No Derivative, 2->Electric/Dipole, 3->Electric/Quad, 4->Magnetic/Dipole, 5->Magnetic/Quad"
   &DENSLEVEL [&Type "Integer"] 0 "// Source of density: relaxed, unrelaxed, ... 0->Unknown, 1->Linearized, 2->Unrelaxed, 3->Relaxed"
   &REPRESENTATION [&Type "String"] "Velocity" "Possible values: Unknown,  Length, Velocity"
   &POINTGROUP [&Type "String"] "C1"
   &NTRANS [&Type "Integer"] 1
   &DOHIGHERMOMENTS [&Type "Boolean"] false
   &STATES [&Type "ArrayOfIntegers", &Dim (1,4)] "The initial and Final states. Col1: Initial State  Col2: Initial Irrep Col3: Final State Col4: Final Irrep"
                                                         0                           1                           2                           3

0                                                        0                           0                           1                           0
   &MULTIPLICITIES [&Type "ArrayOfDoubles", &Dim (1,2)] "Col1: Multiplicity of the initial state  Col2: Multiplicity of the final state"
                                                         0                           1

0                                      1.0000000000000000e+00         1.0000000000000000e+00
   &EXCITATIONENERGIES [&Type "ArrayOfDoubles", &Dim (1,10)] 
                                                         0                           1                           2                           3                           4                           5                           6                           7

0                                      2.9036397393654694e+00         2.3419436345069240e+04         4.2699575910610730e+02         1.0476184272164508e+01         6.9952863998981471e-02         0.0000000000000000e+00        -1.8827039768718187e-01         0.0000000000000000e+00
                                                         8                           9

0                                      3.2415658983662426e-01         0.0000000000000000e+00
$End
$CIS_Nuc_Gradient
   &GeometryIndex 2
   &ListStatus       OUT
   &NATOMS [&Type "Integer"] 35
   &ROOT [&Type "Integer"] 1
   &GRADNORM [&Type "Double"]       1.9056886767070591e-03
   &GRAD [&Type "ArrayOfDoubles", &Dim (105,1)] 
                                                         0

0                                      2.7528421995904359e-04
1                                      6.8400656779965302e-05
2                                     -1.2697293817778274e-04
3                                     -3.4152529981387741e-04
4                                     -2.4967762640706772e-04
5                                      2.3481974732789384e-06
6                                     -2.2504261509263883e-05
7                                     -2.5771945048450322e-04
8                                     -7.2246365006564618e-05
9                                      5.2556876043417214e-05
10                                    -1.5005411279703229e-05
11                                     3.6950336110575535e-04
12                                    -2.6644153605623420e-04
13                                     1.7198185094390543e-04
14                                     8.0594081749270135e-05
15                                     5.5093880380855547e-04
16                                     2.1032441630740160e-04
17                                     1.4338163025915388e-04
18                                    -7.3788919980846229e-05
19                                     1.7387552705670631e-04
20                                     8.3267100486931209e-05
21                                     4.5409893808748530e-05
22                                    -4.7604063980982432e-05
23                                     3.7492860330163311e-06
24                                     2.3838243872905242e-04
25                                    -1.7657099269094900e-04
26                                    -1.9142101633362428e-04
27                                     2.0587786078626332e-04
28                                    -2.5068454628524430e-04
29                                    -2.7638143551973976e-04
30                                    -8.4573099877183569e-05
31                                     8.5705126243700166e-05
32                                     1.1050640231909532e-04
33                                    -1.9583960778796607e-04
34                                    -2.6948753294795606e-04
35                                    -5.7299440109386890e-05
36                                    -7.8464843956238458e-05
37                                     2.3011876974492911e-04
38                                     1.5706467805303066e-04
39                                     1.1029419693663517e-04
40                                     1.2970927840663161e-04
41                                     2.4411727098442009e-07
42                                     2.6734630967102180e-05
43                                     3.0309021199571135e-05
44                                    -1.6083855788734563e-05
45                                    -8.9375527502485563e-04
46                                     1.9098392065983573e-04
47                                     4.2068522854096096e-05
48                                     2.7558757360920570e-04
49                                    -1.0098635252055578e-04
50                                     1.6261202910994278e-04
51                                     5.6748478295358309e-04
52                                    -4.7545664019661964e-04
53                                    -1.6312376368083129e-04
54                                    -1.3121912795590463e-04
55                                     1.5947466458616052e-04
56                                    -6.5669121423799886e-05
57                                    -2.8245563495928614e-05
58                                     1.7345506782389899e-04
59                                    -3.3319837558996076e-04
60                                     1.9261861386070777e-04
61                                    -1.2984856818370219e-04
62                                    -8.7011437929564693e-05
63                                     6.6057502278836353e-06
64                                    -1.4579948162833082e-05
65                                    -1.1669333744955513e-05
66                                    -2.2909063762791522e-05
67                                    -4.8562702975886392e-05
68                                     6.4390308663373017e-05
69                                    -7.4951120524832269e-05
70                                     1.9975688804589413e-05
71                                     8.8927772752601583e-05
72                                    -5.2191435356961245e-05
73                                     8.8316451629080663e-07
74                                    -1.2557611994982423e-05
75                                    -6.9202376631317909e-06
76                                     1.5534873935357395e-05
77                                     9.0090050654198256e-07
78                                     7.3076748158031767e-07
79                                     9.9004230121122871e-07
80                                     1.2819918346118321e-05
81                                    -2.0356949866875789e-04
82                                     3.9698493119012866e-05
83                                     2.9245760602130698e-05
84                                    -2.5758144957910333e-05
85                                     6.0398353321589136e-06
86                                     2.8216617569129057e-05
87                                     7.7873554430701902e-05
88                                     4.3667725635146751e-05
89                                    -1.4108662044221752e-05
90                                    -3.5458566288255856e-05
91                                    -8.8614100732059537e-05
92                                    -4.9093299573159355e-05
93                                     1.4390233344870454e-05
94                                     1.8456137936226867e-05
95                                    -4.2165956374251779e-05
96                                    -1.2241747691329932e-05
97                                    -1.3167655675048833e-06
98                                    -2.5898464723838095e-05
99                                    -6.3316168059705477e-06
100                                    2.1202448870985132e-05
101                                   -4.1651790960060630e-07
102                                   -1.9278027299255104e-04
103                                    2.9882633176667455e-04
104                                    2.5611620547785828e-04
$End
$VdW_Correction
   &GeometryIndex 2
   &ListStatus       OUT
   &VDW [&Type "Double"]      -7.7350700263568745e-02
$End
$Geometry
   &GeometryIndex 3
   &ListStatus       OUT
   &NATOMS [&Type "Integer"] 35
   &NCORELESSECP [&Type "Integer"] 0
   &NGHOSTATOMS [&Type "Integer"] 0
   &CartesianCoordinates [&Type "Coordinates", &Dim(35,4), &Units "Bohr"] 
              C     -5.815159642592   -1.224416359235   -0.083078471152
              C     -5.032741696095   -3.267761055705   -1.530654079971
              C     -2.529289171964   -3.423038870562   -2.225117244436
              C     -4.104310888031    0.677848613267    0.652128378229
              C     -1.504451140946    0.585891343607    0.003141046563
              O     -4.918022468154    2.578708866756    2.151393681412
              C     -0.742953183970   -1.536249749542   -1.480092706771
              C      1.774581116425   -1.789141367659   -2.245059707976
              C      3.543344072621    0.001177516150   -1.556243149394
              C      0.358190476359    2.414905527397    0.686058854426
              C      2.883957996773    2.137429400107   -0.086316028996
              N     -0.225680716256    4.532253263459    2.117002934064
              C      1.551999131506    6.303913261514    2.780644924152
              C      4.013488762788    6.047814678038    2.042725723319
              C      4.737398684422    3.958629569965    0.588487253090
              C     -7.353970781052    3.644132030137    1.781907633550
              O     -8.341066067399    3.591442774222   -0.283913221290
              N     -8.195549508743    4.693684997432    3.905525899776
              C    -10.537122858708    6.152170856222    3.838720624114
              C     -6.901256226590    4.615351057327    6.343916219860
              H     -5.393686446509    3.230736588505    6.327146041548
              H     -8.272173547036    4.100118903654    7.792776760894
              H     -6.128870114350    6.476000378825    6.788082336588
              H    -11.304746952518    6.142781546248    1.938777237487
              H    -10.150441682117    8.091807025269    4.422928303521
              H    -11.898989080104    5.319163031001    5.142794065856
              H     -1.848599847731   -4.993278486300   -3.342425294137
              H     -7.751372174772   -1.089642456502    0.542909061529
              H     -6.367805234176   -4.713986872043   -2.071640704036
              H      2.321654326020   -3.399765958941   -3.377189269482
              H      5.491096966560   -0.211746267927   -2.142734788065
              H      0.857751560561    7.864335817513    3.893312392215
              H      5.366681836013    7.474700162072    2.591652511970
              H      6.662187291509    3.706812121139   -0.038630391365
              H     -2.016480953865    4.777895436276    2.700445218990
$End
$SCF_Energy
   &GeometryIndex 3
   &ListStatus       OUT
   &SCF_ENERGY [&Type "Double"]      -8.7837026627884609e+02
$End
$DFT_Energy
   &GeometryIndex 3
   &ListStatus       OUT
   &NALPHAEL [&Type "Integer"] 70
   &NBETAEL [&Type "Integer"] 70
   &NTOTALEL [&Type "Integer"] 140
   &EEXCHANGE [&Type "Double"]      -9.3697363792085980e+01
   &ECORR [&Type "Double"]      -5.6390311033010390e+00
   &ECNL [&Type "Double"]       0.0000000000000000e+00
   &EXC [&Type "Double"]      -9.9336394895387016e+01
   &EEMBED [&Type "Double"]       0.0000000000000000e+00
   &FINALEN [&Type "Double"]      -8.7837026627884609e+02  "No Van der Waals correction"
$End
$Solvation_Details
   &GeometryIndex 3
   &ListStatus       OUT
   &SOLVENT [&Type "String"] "WATER"
   &EPSILON [&Type "Double"]       8.0150999999999996e+01
   &REFRAC [&Type "Double"]       1.3328000000000000e+00
   &RSOLV [&Type "Double"]       1.3000000000000000e+00
   &SURFACETYPE [&Type "String"] "GAUSSIAN VDW"
   &NPOINTS [&Type "Integer"] 3048
   &SURFACEAREA [&Type "Double"]       1.0859668243169999e+03
   &CPCMDIELENERGY [&Type "Double"]      -8.7029389999999998e-02
$End
$CIS_Absorption_Spectrum
   &GeometryIndex 3
   &ListStatus       FIRST
   &TEMPERATURE [&Type "Double"]       2.9814999999999998e+02
   &METHOD [&Type "Integer"] 20
   &RELCORRECTION [&Type "Integer"] 1 "Type of relativistic treatment in QDPT. 0->Unknow, 1->None, 2->SOC, 3->SSC, 4->SOC/SSC"
   &DENSTYPE [&Type "Integer"] 3 "Type of density (electron/spin ...). 0->Unknow, 1->Electronic, 2->Spin, 3->Trans/Electronic, 4->Tran/Spin"
   &DERITYPE [&Type "Integer"] 0 "Type of derivative (w.r.t. to what perturbation). 0->Unknown, 1->No Derivative, 2->Electric/Dipole, 3->Electric/Quad, 4->Magnetic/Dipole, 5->Magnetic/Quad"
   &DENSLEVEL [&Type "Integer"] 0 "// Source of density: relaxed, unrelaxed, ... 0->Unknown, 1->Linearized, 2->Unrelaxed, 3->Relaxed"
   &REPRESENTATION [&Type "String"] "Length" "Possible values: Unknown,  Length, Velocity"
   &POINTGROUP [&Type "String"] "C1"
   &NTRANS [&Type "Integer"] 1
   &DOHIGHERMOMENTS [&Type "Boolean"] false
   &STATES [&Type "ArrayOfIntegers", &Dim (1,4)] "The initial and Final states. Col1: Initial State  Col2: Initial Irrep Col3: Final State Col4: Final Irrep"
                                                         0                           1                           2                           3

0                                                        0                           0                           1                           0
   &MULTIPLICITIES [&Type "ArrayOfDoubles", &Dim (1,2)] "Col1: Multiplicity of the initial state  Col2: Multiplicity of the final state"
                                                         0                           1

0                                      1.0000000000000000e+00         1.0000000000000000e+00
   &EXCITATIONENERGIES [&Type "ArrayOfDoubles", &Dim (1,11)] 
                                                         0                           1                           2                           3                           4                           5                           6                           7

0                                      2.9061388565568751e+00         2.3439593086688907e+04         4.2662856658884965e+02         2.5507032815384029e-01         3.5824939047722992e+00        -1.6622435673793332e+00         0.0000000000000000e+00        -8.9008669197356971e-01
                                                         8                           9                          10

0                                      0.0000000000000000e+00        -1.6488149759713774e-01         0.0000000000000000e+00
$End
$CIS_Absorption_Spectrum
   &GeometryIndex 3
   &ListStatus       LAST
   &TEMPERATURE [&Type "Double"]       2.9814999999999998e+02
   &METHOD [&Type "Integer"] 20
   &RELCORRECTION [&Type "Integer"] 1 "Type of relativistic treatment in QDPT. 0->Unknow, 1->None, 2->SOC, 3->SSC, 4->SOC/SSC"
   &DENSTYPE [&Type "Integer"] 3 "Type of density (electron/spin ...). 0->Unknow, 1->Electronic, 2->Spin, 3->Trans/Electronic, 4->Tran/Spin"
   &DERITYPE [&Type "Integer"] 0 "Type of derivative (w.r.t. to what perturbation). 0->Unknown, 1->No Derivative, 2->Electric/Dipole, 3->Electric/Quad, 4->Magnetic/Dipole, 5->Magnetic/Quad"
   &DENSLEVEL [&Type "Integer"] 0 "// Source of density: relaxed, unrelaxed, ... 0->Unknown, 1->Linearized, 2->Unrelaxed, 3->Relaxed"
   &REPRESENTATION [&Type "String"] "Velocity" "Possible values: Unknown,  Length, Velocity"
   &POINTGROUP [&Type "String"] "C1"
   &NTRANS [&Type "Integer"] 1
   &DOHIGHERMOMENTS [&Type "Boolean"] false
   &STATES [&Type "ArrayOfIntegers", &Dim (1,4)] "The initial and Final states. Col1: Initial State  Col2: Initial Irrep Col3: Final State Col4: Final Irrep"
                                                         0                           1                           2                           3

0                                                        0                           0                           1                           0
   &MULTIPLICITIES [&Type "ArrayOfDoubles", &Dim (1,2)] "Col1: Multiplicity of the initial state  Col2: Multiplicity of the final state"
                                                         0                           1

0                                      1.0000000000000000e+00         1.0000000000000000e+00
   &EXCITATIONENERGIES [&Type "ArrayOfDoubles", &Dim (1,11)] 
                                                         0                           1                           2                           3                           4                           5                           6                           7

0                                      2.9061388565568751e+00         2.3439593086688907e+04         4.2662856658884965e+02         6.0629350908080547e-02         9.7126987223550010e-03         8.7575890791215680e-02         0.0000000000000000e+00         4.3173076262092352e-02
                                                         8                           9                          10

0                                      0.0000000000000000e+00         1.3388336735667436e-02         0.0000000000000000e+00
$End
$CIS_ECD_Spectrum
   &GeometryIndex 3
   &ListStatus       FIRST
   &TEMPERATURE [&Type "Double"]       2.9814999999999998e+02
   &METHOD [&Type "Integer"] 20
   &RELCORRECTION [&Type "Integer"] 1 "Type of relativistic treatment in QDPT. 0->Unknow, 1->None, 2->SOC, 3->SSC, 4->SOC/SSC"
   &DENSTYPE [&Type "Integer"] 3 "Type of density (electron/spin ...). 0->Unknow, 1->Electronic, 2->Spin, 3->Trans/Electronic, 4->Tran/Spin"
   &DERITYPE [&Type "Integer"] 0 "Type of derivative (w.r.t. to what perturbation). 0->Unknown, 1->No Derivative, 2->Electric/Dipole, 3->Electric/Quad, 4->Magnetic/Dipole, 5->Magnetic/Quad"
   &DENSLEVEL [&Type "Integer"] 0 "// Source of density: relaxed, unrelaxed, ... 0->Unknown, 1->Linearized, 2->Unrelaxed, 3->Relaxed"
   &REPRESENTATION [&Type "String"] "Length" "Possible values: Unknown,  Length, Velocity"
   &POINTGROUP [&Type "String"] "C1"
   &NTRANS [&Type "Integer"] 1
   &DOHIGHERMOMENTS [&Type "Boolean"] false
   &STATES [&Type "ArrayOfIntegers", &Dim (1,4)] "The initial and Final states. Col1: Initial State  Col2: Initial Irrep Col3: Final State Col4: Final Irrep"
                                                         0                           1                           2                           3

0                                                        0                           0                           1                           0
   &MULTIPLICITIES [&Type "ArrayOfDoubles", &Dim (1,2)] "Col1: Multiplicity of the initial state  Col2: Multiplicity of the final state"
                                                         0                           1

0                                      1.0000000000000000e+00         1.0000000000000000e+00
   &EXCITATIONENERGIES [&Type "ArrayOfDoubles", &Dim (1,10)] 
                                                         0                           1                           2                           3                           4                           5                           6                           7

0                                      2.9061388565568751e+00         2.3439593086688907e+04         4.2662856658884965e+02         1.2199685800812319e+00         7.0170044898426459e-02         0.0000000000000000e+00        -1.8828526219385147e-01         0.0000000000000000e+00
                                                         8                           9

0                                      3.2470709213243848e-01         0.0000000000000000e+00
$End
$CIS_ECD_Spectrum
   &GeometryIndex 3
   &ListStatus       LAST
   &TEMPERATURE [&Type "Double"]       2.9814999999999998e+02
   &METHOD [&Type "Integer"] 20
   &RELCORRECTION [&Type "Integer"] 1 "Type of relativistic treatment in QDPT. 0->Unknow, 1->None, 2->SOC, 3->SSC, 4->SOC/SSC"
   &DENSTYPE [&Type "Integer"] 3 "Type of density (electron/spin ...). 0->Unknow, 1->Electronic, 2->Spin, 3->Trans/Electronic, 4->Tran/Spin"
   &DERITYPE [&Type "Integer"] 0 "Type of derivative (w.r.t. to what perturbation). 0->Unknown, 1->No Derivative, 2->Electric/Dipole, 3->Electric/Quad, 4->Magnetic/Dipole, 5->Magnetic/Quad"
   &DENSLEVEL [&Type "Integer"] 0 "// Source of density: relaxed, unrelaxed, ... 0->Unknown, 1->Linearized, 2->Unrelaxed, 3->Relaxed"
   &REPRESENTATION [&Type "String"] "Velocity" "Possible values: Unknown,  Length, Velocity"
   &POINTGROUP [&Type "String"] "C1"
   &NTRANS [&Type "Integer"] 1
   &DOHIGHERMOMENTS [&Type "Boolean"] false
   &STATES [&Type "ArrayOfIntegers", &Dim (1,4)] "The initial and Final states. Col1: Initial State  Col2: Initial Irrep Col3: Final State Col4: Final Irrep"
                                                         0                           1                           2                           3

0                                                        0                           0                           1                           0
   &MULTIPLICITIES [&Type "ArrayOfDoubles", &Dim (1,2)] "Col1: Multiplicity of the initial state  Col2: Multiplicity of the final state"
                                                         0                           1

0                                      1.0000000000000000e+00         1.0000000000000000e+00
   &EXCITATIONENERGIES [&Type "ArrayOfDoubles", &Dim (1,10)] 
                                                         0                           1                           2                           3                           4                           5                           6                           7

0                                      2.9061388565568751e+00         2.3439593086688907e+04         4.2662856658884965e+02         1.0434014496695765e+01         7.0170044898426459e-02         0.0000000000000000e+00        -1.8828526219385147e-01         0.0000000000000000e+00
                                                         8                           9

0                                      3.2470709213243848e-01         0.0000000000000000e+00
$End
$CIS_Nuc_Gradient
   &GeometryIndex 3
   &ListStatus       OUT
   &NATOMS [&Type "Integer"] 35
   &ROOT [&Type "Integer"] 1
   &GRADNORM [&Type "Double"]       1.0981802785918436e-03
   &GRAD [&Type "ArrayOfDoubles", &Dim (105,1)] 
                                                         0

0                                      9.8739488905392331e-05
1                                     -4.9582560048336104e-05
2                                     -3.5244462490039989e-05
3                                     -8.7662561206363731e-05
4                                     -9.6093322920830920e-05
5                                      1.4375698271539261e-05
6                                     -4.3572972489953009e-05
7                                     -6.7355162364018993e-05
8                                     -2.9922017189022113e-05
9                                     -1.3560634143525342e-04
10                                     8.0672733465815864e-05
11                                     1.5567437349222349e-04
12                                    -5.1134941182915169e-05
13                                     2.6259763608028474e-05
14                                     9.1399259904198380e-05
15                                     5.1145384446505435e-04
16                                    -3.9749657148982300e-05
17                                    -1.9670163475852257e-04
18                                    -5.5261935896571909e-05
19                                     1.0056327031149109e-04
20                                     8.0691996665893943e-05
21                                    -4.6948301592637798e-06
22                                     4.6801261991829993e-05
23                                     4.4118410082377073e-05
24                                     4.3688664899378671e-05
25                                    -8.4508257480678229e-05
26                                    -7.1604717903181144e-05
27                                     1.6886631254962528e-04
28                                    -1.4673520408033217e-04
29                                    -1.2811179783759079e-04
30                                    -7.6044678969823770e-05
31                                     1.0297853103363524e-04
32                                     5.2861880629091155e-05
33                                    -1.9388153496247381e-04
34                                    -2.0025227414010064e-04
35                                    -2.4758112386174744e-05
36                                    -5.2666005117400631e-05
37                                     6.4499606542782885e-05
38                                     2.7625716124780007e-05
39                                     1.9298952482627659e-05
40                                     2.8542714389255216e-05
41                                    -1.9567053877750634e-05
42                                    -6.1049030768684778e-05
43                                    -1.8510362377857333e-05
44                                    -1.4592050796599266e-05
45                                    -6.4699496481179157e-04
46                                     1.0666861757511263e-04
47                                     7.7697246870403838e-06
48                                     1.5666385017661002e-04
49                                     2.5996789839960444e-05
50                                     1.1572501978455269e-04
51                                     1.8370149610115645e-04
52                                    -1.1603415421977892e-04
53                                    -1.5111030083790546e-05
54                                     1.2071132871090270e-05
55                                     6.2998248870273221e-05
56                                     8.1798876342257420e-07
57                                    -2.8936371539168404e-05
58                                     1.0720583934751144e-05
59                                    -3.6848335758285782e-05
60                                    -1.2091400557864560e-05
61                                     4.8468764444409071e-05
62                                     1.0658828670972098e-05
63                                     2.1162878725911532e-05
64                                    -1.2978703516527887e-05
65                                     3.1776209838858815e-05
66                                    -1.6951064732643204e-05
67                                     1.0455001933769531e-06
68                                     2.7605353232116182e-05
69                                    -3.2836363714734798e-05
70                                    -1.9537798466683260e-05
71                                     1.4162956011585587e-05
72                                    -3.6137730003752376e-06
73                                    -1.0167058452932923e-05
74                                    -1.4283316023792481e-05
75                                     2.5922981091225567e-05
76                                    -1.2410656655427717e-05
77                                     1.2576609549888086e-05
78                                     1.4083950648735161e-05
79                                     2.6899391526376574e-06
80                                     2.9714096078851086e-05
81                                     3.9995742673807624e-05
82                                    -3.9034942791275245e-05
83                                    -1.4634537164352393e-06
84                                    -4.2379499212777123e-06
85                                     3.1710681148602697e-06
86                                     4.8120947387180119e-05
87                                     5.1099856066016475e-05
88                                     2.2841120634560887e-05
89                                    -6.7543129011495267e-07
90                                    -3.8358098574823056e-05
91                                    -5.1802107651647704e-05
92                                    -3.4571818447894017e-05
93                                     1.7514853121663769e-06
94                                     6.7797272357451996e-06
95                                    -3.4060045314151664e-05
96                                    -8.1497000802309210e-06
97                                     1.5255775711697610e-06
98                                    -3.6509700382659081e-05
99                                    -6.9204223153777585e-06
100                                    1.5149855225398244e-05
101                                   -7.8281051448431430e-06
102                                    9.7707342561308141e-05
103                                    1.7592345034192920e-04
104                                    2.6159840177626383e-05
$End
$VdW_Correction
   &GeometryIndex 3
   &ListStatus       OUT
   &VDW [&Type "Double"]      -7.7334691001023873e-02
$End
$Geometry
   &GeometryIndex 4
   &ListStatus       OUT
   &NATOMS [&Type "Integer"] 35
   &NCORELESSECP [&Type "Integer"] 0
   &NGHOSTATOMS [&Type "Integer"] 0
   &CartesianCoordinates [&Type "Coordinates", &Dim(35,4), &Units "Bohr"] 
              C     -5.814732331787   -1.228738149920   -0.082051997642
              C     -5.031439631377   -3.269249886877   -1.533003798293
              C     -2.528153442192   -3.422856354431   -2.228025483630
              C     -4.104306798932    0.672770437801    0.655312248312
              C     -1.504489516319    0.583318071715    0.004710077876
              O     -4.919409366794    2.570687707467    2.157913333462
              C     -0.742426367902   -1.536651822801   -1.481406660515
              C      1.774554681669   -1.787310172800   -2.248162241850
              C      3.542283117364    0.004027491247   -1.559016634964
              C      0.357166541254    2.413290123765    0.687961951190
              C      2.882437879222    2.138405330584   -0.087216578373
              N     -0.226738870573    4.528627379956    2.121140439060
              C      1.550186377245    6.300799038632    2.784825533756
              C      4.011006629222    6.047612357710    2.043865710685
              C      4.735125022557    3.960574727641    0.586773309395
              C     -7.352703434644    3.638882879259    1.785614041343
              O     -8.340560535126    3.581489162714   -0.279969291720
              N     -8.194332640219    4.694704693074    3.906545818415
              C    -10.534102417474    6.155362454743    3.834844719175
              C     -6.901324098130    4.621142384485    6.345929395379
              H     -5.398130294556    3.231752814839    6.334952464427
              H     -8.274592504476    4.115726057586    7.795964101265
              H     -6.123138028775    6.481083061399    6.783171980455
              H    -11.299041089700    6.143908753578    1.933821663740
              H    -10.145903977472    8.095487504300    4.416592473519
              H    -11.898636500405    5.325883807004    5.138449908781
              H     -1.847463548954   -4.991373792349   -3.347792350548
              H     -7.750707611099   -1.095796929480    0.545104555381
              H     -6.365865689473   -4.715402137504   -2.075912254222
              H      2.321562663715   -3.396885580530   -3.381827332591
              H      5.489951527868   -0.206310551828   -2.146864586211
              H      0.855915831824    7.859206260319    3.900364494827
              H      5.363569163711    7.475130780597    2.592823310594
              H      6.659333285862    3.710950638904   -0.043030437137
              H     -2.017302187256    4.770428780888    2.706980162736
$End
$SCF_Energy
   &GeometryIndex 4
   &ListStatus       OUT
   &SCF_ENERGY [&Type "Double"]      -8.7837029417317751e+02
$End
$DFT_Energy
   &GeometryIndex 4
   &ListStatus       OUT
   &NALPHAEL [&Type "Integer"] 70
   &NBETAEL [&Type "Integer"] 70
   &NTOTALEL [&Type "Integer"] 140
   &EEXCHANGE [&Type "Double"]      -9.3697671228542234e+01
   &ECORR [&Type "Double"]      -5.6390608420412525e+00
   &ECNL [&Type "Double"]       0.0000000000000000e+00
   &EXC [&Type "Double"]      -9.9336732070583480e+01
   &EEMBED [&Type "Double"]       0.0000000000000000e+00
   &FINALEN [&Type "Double"]      -8.7837029417317751e+02  "No Van der Waals correction"
$End
$Solvation_Details
   &GeometryIndex 4
   &ListStatus       OUT
   &SOLVENT [&Type "String"] "WATER"
   &EPSILON [&Type "Double"]       8.0150999999999996e+01
   &REFRAC [&Type "Double"]       1.3328000000000000e+00
   &RSOLV [&Type "Double"]       1.3000000000000000e+00
   &SURFACETYPE [&Type "String"] "GAUSSIAN VDW"
   &NPOINTS [&Type "Integer"] 3047
   &SURFACEAREA [&Type "Double"]       1.0858562376560001e+03
   &CPCMDIELENERGY [&Type "Double"]      -8.7032621000000004e-02
$End
$CIS_Absorption_Spectrum
   &GeometryIndex 4
   &ListStatus       FIRST
   &TEMPERATURE [&Type "Double"]       2.9814999999999998e+02
   &METHOD [&Type "Integer"] 20
   &RELCORRECTION [&Type "Integer"] 1 "Type of relativistic treatment in QDPT. 0->Unknow, 1->None, 2->SOC, 3->SSC, 4->SOC/SSC"
   &DENSTYPE [&Type "Integer"] 3 "Type of density (electron/spin ...). 0->Unknow, 1->Electronic, 2->Spin, 3->Trans/Electronic, 4->Tran/Spin"
   &DERITYPE [&Type "Integer"] 0 "Type of derivative (w.r.t. to what perturbation). 0->Unknown, 1->No Derivative, 2->Electric/Dipole, 3->Electric/Quad, 4->Magnetic/Dipole, 5->Magnetic/Quad"
   &DENSLEVEL [&Type "Integer"] 0 "// Source of density: relaxed, unrelaxed, ... 0->Unknown, 1->Linearized, 2->Unrelaxed, 3->Relaxed"
   &REPRESENTATION [&Type "String"] "Length" "Possible values: Unknown,  Length, Velocity"
   &POINTGROUP [&Type "String"] "C1"
   &NTRANS [&Type "Integer"] 1
   &DOHIGHERMOMENTS [&Type "Boolean"] false
   &STATES [&Type "ArrayOfIntegers", &Dim (1,4)] "The initial and Final states. Col1: Initial State  Col2: Initial Irrep Col3: Final State Col4: Final Irrep"
                                                         0                           1                           2                           3

0                                                        0                           0                           1                           0
   &MULTIPLICITIES [&Type "ArrayOfDoubles", &Dim (1,2)] "Col1: Multiplicity of the initial state  Col2: Multiplicity of the final state"
                                                         0                           1

0                                      1.0000000000000000e+00         1.0000000000000000e+00
   &EXCITATIONENERGIES [&Type "ArrayOfDoubles", &Dim (1,11)] 
                                                         0                           1                           2                           3                           4                           5                           6                           7

0                                      2.9068288469619157e+00         2.3445158235199066e+04         4.2652729828825113e+02         2.5493243127672899e-01         3.5797072138331396e+00        -1.6612326282897807e+00         0.0000000000000000e+00        -8.9048355500576759e-01
                                                         8                           9                          10

0                                      0.0000000000000000e+00        -1.6447615876733337e-01         0.0000000000000000e+00
$End
$CIS_Absorption_Spectrum
   &GeometryIndex 4
   &ListStatus       LAST
   &TEMPERATURE [&Type "Double"]       2.9814999999999998e+02
   &METHOD [&Type "Integer"] 20
   &RELCORRECTION [&Type "Integer"] 1 "Type of relativistic treatment in QDPT. 0->Unknow, 1->None, 2->SOC, 3->SSC, 4->SOC/SSC"
   &DENSTYPE [&Type "Integer"] 3 "Type of density (electron/spin ...). 0->Unknow, 1->Electronic, 2->Spin, 3->Trans/Electronic, 4->Tran/Spin"
   &DERITYPE [&Type "Integer"] 0 "Type of derivative (w.r.t. to what perturbation). 0->Unknown, 1->No Derivative, 2->Electric/Dipole, 3->Electric/Quad, 4->Magnetic/Dipole, 5->Magnetic/Quad"
   &DENSLEVEL [&Type "Integer"] 0 "// Source of density: relaxed, unrelaxed, ... 0->Unknown, 1->Linearized, 2->Unrelaxed, 3->Relaxed"
   &REPRESENTATION [&Type "String"] "Velocity" "Possible values: Unknown,  Length, Velocity"
   &POINTGROUP [&Type "String"] "C1"
   &NTRANS [&Type "Integer"] 1
   &DOHIGHERMOMENTS [&Type "Boolean"] false
   &STATES [&Type "ArrayOfIntegers", &Dim (1,4)] "The initial and Final states. Col1: Initial State  Col2: Initial Irrep Col3: Final State Col4: Final Irrep"
                                                         0                           1                           2                           3

0                                                        0                           0                           1                           0
   &MULTIPLICITIES [&Type "ArrayOfDoubles", &Dim (1,2)] "Col1: Multiplicity of the initial state  Col2: Multiplicity of the final state"
                                                         0                           1

0                                      1.0000000000000000e+00         1.0000000000000000e+00
   &EXCITATIONENERGIES [&Type "ArrayOfDoubles", &Dim (1,11)] 
                                                         0                           1                           2                           3                           4                           5                           6                           7

0                                      2.9068288469619157e+00         2.3445158235199066e+04         4.2652729828825113e+02         6.0559369340422220e-02         9.7037911945645691e-03         8.7527574802035227e-02         0.0000000000000000e+00         4.3156634310643364e-02
                                                         8                           9                          10

0                                      0.0000000000000000e+00         1.3424595294313238e-02         0.0000000000000000e+00
$End
$CIS_ECD_Spectrum
   &GeometryIndex 4
   &ListStatus       FIRST
   &TEMPERATURE [&Type "Double"]       2.9814999999999998e+02
   &METHOD [&Type "Integer"] 20
   &RELCORRECTION [&Type "Integer"] 1 "Type of relativistic treatment in QDPT. 0->Unknow, 1->None, 2->SOC, 3->SSC, 4->SOC/SSC"
   &DENSTYPE [&Type "Integer"] 3 "Type of density (electron/spin ...). 0->Unknow, 1->Electronic, 2->Spin, 3->Trans/Electronic, 4->Tran/Spin"
   &DERITYPE [&Type "Integer"] 0 "Type of derivative (w.r.t. to what perturbation). 0->Unknown, 1->No Derivative, 2->Electric/Dipole, 3->Electric/Quad, 4->Magnetic/Dipole, 5->Magnetic/Quad"
   &DENSLEVEL [&Type "Integer"] 0 "// Source of density: relaxed, unrelaxed, ... 0->Unknown, 1->Linearized, 2->Unrelaxed, 3->Relaxed"
   &REPRESENTATION [&Type "String"] "Length" "Possible values: Unknown,  Length, Velocity"
   &POINTGROUP [&Type "String"] "C1"
   &NTRANS [&Type "Integer"] 1
   &DOHIGHERMOMENTS [&Type "Boolean"] false
   &STATES [&Type "ArrayOfIntegers", &Dim (1,4)] "The initial and Final states. Col1: Initial State  Col2: Initial Irrep Col3: Final State Col4: Final Irrep"
                                                         0                           1                           2                           3

0                                                        0                           0                           1                           0
   &MULTIPLICITIES [&Type "ArrayOfDoubles", &Dim (1,2)] "Col1: Multiplicity of the initial state  Col2: Multiplicity of the final state"
                                                         0                           1

0                                      1.0000000000000000e+00         1.0000000000000000e+00
   &EXCITATIONENERGIES [&Type "ArrayOfDoubles", &Dim (1,10)] 
                                                         0                           1                           2                           3                           4                           5                           6                           7

0                                      2.9068288469619157e+00         2.3445158235199066e+04         4.2652729828825113e+02         1.1045140991507341e+00         7.0346506226470235e-02         0.0000000000000000e+00        -1.8858204576666973e-01         0.0000000000000000e+00
                                                         8                           9

0                                      3.2472851207041298e-01         0.0000000000000000e+00
$End
$CIS_ECD_Spectrum
   &GeometryIndex 4
   &ListStatus       LAST
   &TEMPERATURE [&Type "Double"]       2.9814999999999998e+02
   &METHOD [&Type "Integer"] 20
   &RELCORRECTION [&Type "Integer"] 1 "Type of relativistic treatment in QDPT. 0->Unknow, 1->None, 2->SOC, 3->SSC, 4->SOC/SSC"
   &DENSTYPE [&Type "Integer"] 3 "Type of density (electron/spin ...). 0->Unknow, 1->Electronic, 2->Spin, 3->Trans/Electronic, 4->Tran/Spin"
   &DERITYPE [&Type "Integer"] 0 "Type of derivative (w.r.t. to what perturbation). 0->Unknown, 1->No Derivative, 2->Electric/Dipole, 3->Electric/Quad, 4->Magnetic/Dipole, 5->Magnetic/Quad"
   &DENSLEVEL [&Type "Integer"] 0 "// Source of density: relaxed, unrelaxed, ... 0->Unknown, 1->Linearized, 2->Unrelaxed, 3->Relaxed"
   &REPRESENTATION [&Type "String"] "Velocity" "Possible values: Unknown,  Length, Velocity"
   &POINTGROUP [&Type "String"] "C1"
   &NTRANS [&Type "Integer"] 1
   &DOHIGHERMOMENTS [&Type "Boolean"] false
   &STATES [&Type "ArrayOfIntegers", &Dim (1,4)] "The initial and Final states. Col1: Initial State  Col2: Initial Irrep Col3: Final State Col4: Final Irrep"
                                                         0                           1                           2                           3

0                                                        0                           0                           1                           0
   &MULTIPLICITIES [&Type "ArrayOfDoubles", &Dim (1,2)] "Col1: Multiplicity of the initial state  Col2: Multiplicity of the final state"
                                                         0                           1

0                                      1.0000000000000000e+00         1.0000000000000000e+00
   &EXCITATIONENERGIES [&Type "ArrayOfDoubles", &Dim (1,10)] 
                                                         0                           1                           2                           3                           4                           5                           6                           7

0                                      2.9068288469619157e+00         2.3445158235199066e+04         4.2652729828825113e+02         1.0495105145067653e+01         7.0346506226470235e-02         0.0000000000000000e+00        -1.8858204576666973e-01         0.0000000000000000e+00
                                                         8                           9

0                                      3.2472851207041298e-01         0.0000000000000000e+00
$End
$CIS_Nuc_Gradient
   &GeometryIndex 4
   &ListStatus       OUT
   &NATOMS [&Type "Integer"] 35
   &ROOT [&Type "Integer"] 1
   &GRADNORM [&Type "Double"]       7.6645472282528538e-04
   &GRAD [&Type "ArrayOfDoubles", &Dim (105,1)] 
                                                         0

0                                      4.4657936773521089e-05
1                                     -2.5503316694020471e-06
2                                     -2.0499580252938141e-05
3                                      1.1976263797035562e-05
4                                      1.3087014237555313e-05
5                                      2.8856422532089622e-05
6                                     -3.1997626050436832e-06
7                                      1.1467421791339191e-05
8                                      3.1104020469951098e-05
9                                     -2.0733338727983497e-04
10                                     4.7428560148196457e-05
11                                     1.8599289117921138e-04
12                                     8.5942962541128533e-05
13                                    -5.1707564811787385e-05
14                                     1.8327595695554627e-05
15                                     3.1778712240365767e-04
16                                    -1.4365521617775597e-04
17                                    -3.1356149479734358e-04
18                                    -3.5202665772442323e-05
19                                     3.2411823267973635e-05
20                                     2.8696148797455569e-05
21                                    -4.5092435656438816e-05
22                                     4.0982820452061387e-05
23                                     4.1389081423939171e-05
24                                    -3.5699377289722940e-05
25                                     3.4838230681494774e-06
26                                     1.2034397695681251e-05
27                                     6.7847956607150755e-05
28                                    -2.3034461337183092e-05
29                                    -3.6557957017741160e-05
30                                    -1.2582668274592479e-05
31                                     5.5148130094916293e-05
32                                     1.3748013139593069e-05
33                                    -3.1389701593865301e-05
34                                    -1.1621294714828524e-04
35                                    -2.1217227483042301e-05
36                                    -2.1175904862970617e-05
37                                    -1.9456297981660774e-05
38                                    -4.4028346544241538e-05
39                                    -1.3246263099583855e-05
40                                    -8.2065898479408584e-06
41                                    -3.0697144611235985e-05
42                                    -6.9790445068861236e-05
43                                    -2.8061197695361127e-05
44                                    -2.5123665186994594e-05
45                                    -3.8024518947140924e-04
46                                     1.4339527863878025e-04
47                                     1.7623392571947799e-06
48                                     1.1040305162749136e-04
49                                    -5.7784932318652145e-05
50                                     6.9647634122750883e-05
51                                     4.0980443503005511e-05
52                                    -2.9279419008075200e-06
53                                     4.2346443302096871e-05
54                                     2.3548043527548291e-05
55                                     2.2566825947268926e-05
56                                     1.7175597591096688e-05
57                                    -4.8946293992172568e-05
58                                    -4.8225688903504385e-05
59                                     5.8996025638940802e-05
60                                    -2.4132543407013132e-05
61                                     7.0642219471079418e-05
62                                     1.8694426165748342e-05
63                                     1.8978563515462341e-05
64                                    -1.1101898095466296e-05
65                                     3.3479477957633374e-05
66                                    -1.1373164964227988e-05
67                                     2.3027580194837197e-05
68                                    -8.6038288153291245e-06
69                                    -8.4002110738944883e-06
70                                    -3.2073180632241372e-05
71                                    -3.5314589378145946e-07
72                                     1.4699958634632222e-05
73                                    -6.6052480745892135e-07
74                                    -1.1115386823165975e-05
75                                     2.0792659879897253e-05
76                                    -1.6089490071455193e-05
77                                     2.1483183417996500e-05
78                                     1.3154563443112747e-05
79                                     2.5227531537374290e-06
80                                     2.1976061058755323e-05
81                                     1.8890985520651283e-05
82                                    -2.6747655362663179e-05
83                                     1.0794869210624703e-05
84                                    -6.1169661416380131e-06
85                                    -3.9434475728494008e-06
86                                     4.5755795182521363e-05
87                                     1.7439101689659359e-05
88                                    -5.5666485389678977e-07
89                                     6.0834534859635864e-06
90                                    -2.1431144379406033e-05
91                                    -1.7940392628301434e-05
92                                    -2.1733637311302083e-05
93                                    -8.6194765998169444e-06
94                                     1.0571518947683021e-05
95                                    -2.0259491689538162e-05
96                                     1.3444413000771754e-06
97                                     8.1276699314803249e-06
98                                    -3.3313690781693712e-05
99                                    -7.9596532856833989e-06
100                                    1.0503086073497116e-05
101                                   -1.4541772800293886e-05
102                                    6.7968062265236096e-05
103                                    7.4182709519353158e-05
104                                   -1.7122820131731492e-05
$End
$VdW_Correction
   &GeometryIndex 4
   &ListStatus       OUT
   &VDW [&Type "Double"]      -7.7336711734215330e-02
$End
$Geometry
   &GeometryIndex 5
   &ListStatus       OUT
   &NATOMS [&Type "Integer"] 35
   &NCORELESSECP [&Type "Integer"] 0
   &NGHOSTATOMS [&Type "Integer"] 0
   &CartesianCoordinates [&Type "Coordinates", &Dim(35,4), &Units "Bohr"] 
              C     -5.814011278463   -1.243273893696   -0.080374117331
              C     -5.027604292918   -3.277999572055   -1.537781783861
              C     -2.524562513521   -3.425898130838   -2.234558217990
              C     -4.105993512640    0.658820678847    0.660417959812
              C     -1.506678880529    0.576497116069    0.006577524476
              O     -4.924080548896    2.549893045017    2.171300100363
              C     -0.741491186263   -1.538824005066   -1.485018345809
              C      1.774990893541   -1.782809776716   -2.254903420564
              C      3.539135468318    0.011932229434   -1.564420373826
              C      0.351306144899    2.409761945552    0.691336678960
              C      2.876151094994    2.142047789186   -0.088474112337
              N     -0.235113123629    4.520637799118    2.129344689108
              C      1.538797075547    6.295067709877    2.794490549035
              C      3.998826414350    6.049614752528    2.048423109096
              C      4.725654406462    3.967628736245    0.585425409475
              C     -7.350352900105    3.626784970982    1.792490764541
              O     -8.338271142230    3.566123854415   -0.273492757324
              N     -8.188612904949    4.697350947423    3.907819965503
              C    -10.520220737669    6.170110284133    3.827297526844
              C     -6.896619436412    4.629008413187    6.348034965138
              H     -5.407521830164    3.224251921058    6.347638244380
              H     -8.275365133800    4.148473929507    7.801157775076
              H     -6.099488269118    6.484263324810    6.771165433992
              H    -11.280019035117    6.158617180006    1.924234811978
              H    -10.122945217101    8.109464086974    4.405682061209
              H    -11.892847692186    5.351225165838    5.129198902558
              H     -1.842538857666   -4.990815549464   -3.358636957437
              H     -7.749350551404   -1.115794997199    0.549840682131
              H     -6.359525273716   -4.725392632388   -2.083846551182
              H      2.323566417538   -3.389657686387   -3.391672950626
              H      5.486979973291   -0.191924333428   -2.154220185922
              H      0.842922077831    7.848730417850    3.915677029199
              H      5.348764254035    7.479274385500    2.598365196093
              H      6.649204982467    3.724054947327   -0.048820815116
              H     -2.025493046898    4.753432268044    2.719683256439
$End
$SCF_Energy
   &GeometryIndex 5
   &ListStatus       OUT
   &SCF_ENERGY [&Type "Double"]      -8.7837035193712040e+02
$End
$DFT_Energy
   &GeometryIndex 5
   &ListStatus       OUT
   &NALPHAEL [&Type "Integer"] 70
   &NBETAEL [&Type "Integer"] 70
   &NTOTALEL [&Type "Integer"] 140
   &EEXCHANGE [&Type "Double"]      -9.3697752867882741e+01
   &ECORR [&Type "Double"]      -5.6390758897418785e+00
   &ECNL [&Type "Double"]       0.0000000000000000e+00
   &EXC [&Type "Double"]      -9.9336828757624616e+01
   &EEMBED [&Type "Double"]       0.0000000000000000e+00
   &FINALEN [&Type "Double"]      -8.7837035193712040e+02  "No Van der Waals correction"
$End
$Solvation_Details
   &GeometryIndex 5
   &ListStatus       OUT
   &SOLVENT [&Type "String"] "WATER"
   &EPSILON [&Type "Double"]       8.0150999999999996e+01
   &REFRAC [&Type "Double"]       1.3328000000000000e+00
   &RSOLV [&Type "Double"]       1.3000000000000000e+00
   &SURFACETYPE [&Type "String"] "GAUSSIAN VDW"
   &NPOINTS [&Type "Integer"] 3046
   &SURFACEAREA [&Type "Double"]       1.0856194613830000e+03
   &CPCMDIELENERGY [&Type "Double"]      -8.7072117000000004e-02
$End
$CIS_Absorption_Spectrum
   &GeometryIndex 5
   &ListStatus       FIRST
   &TEMPERATURE [&Type "Double"]       2.9814999999999998e+02
   &METHOD [&Type "Integer"] 20
   &RELCORRECTION [&Type "Integer"] 1 "Type of relativistic treatment in QDPT. 0->Unknow, 1->None, 2->SOC, 3->SSC, 4->SOC/SSC"
   &DENSTYPE [&Type "Integer"] 3 "Type of density (electron/spin ...). 0->Unknow, 1->Electronic, 2->Spin, 3->Trans/Electronic, 4->Tran/Spin"
   &DERITYPE [&Type "Integer"] 0 "Type of derivative (w.r.t. to what perturbation). 0->Unknown, 1->No Derivative, 2->Electric/Dipole, 3->Electric/Quad, 4->Magnetic/Dipole, 5->Magnetic/Quad"
   &DENSLEVEL [&Type "Integer"] 0 "// Source of density: relaxed, unrelaxed, ... 0->Unknown, 1->Linearized, 2->Unrelaxed, 3->Relaxed"
   &REPRESENTATION [&Type "String"] "Length" "Possible values: Unknown,  Length, Velocity"
   &POINTGROUP [&Type "String"] "C1"
   &NTRANS [&Type "Integer"] 1
   &DOHIGHERMOMENTS [&Type "Boolean"] false
   &STATES [&Type "ArrayOfIntegers", &Dim (1,4)] "The initial and Final states. Col1: Initial State  Col2: Initial Irrep Col3: Final State Col4: Final Irrep"
                                                         0                           1                           2                           3

0                                                        0                           0                           1                           0
   &MULTIPLICITIES [&Type "ArrayOfDoubles", &Dim (1,2)] "Col1: Multiplicity of the initial state  Col2: Multiplicity of the final state"
                                                         0                           1

0                                      1.0000000000000000e+00         1.0000000000000000e+00
   &EXCITATIONENERGIES [&Type "ArrayOfDoubles", &Dim (1,11)] 
                                                         0                           1                           2                           3                           4                           5                           6                           7

0                                      2.9087054432380275e+00         2.3460294006499465e+04         4.2625211760899447e+02         2.5411953965105644e-01         3.5659906225388784e+00         1.6569394731667657e+00         0.0000000000000000e+00         8.9094879508871394e-01
                                                         8                           9                          10

0                                      0.0000000000000000e+00         1.6356175998896524e-01         0.0000000000000000e+00
$End
$CIS_Absorption_Spectrum
   &GeometryIndex 5
   &ListStatus       LAST
   &TEMPERATURE [&Type "Double"]       2.9814999999999998e+02
   &METHOD [&Type "Integer"] 20
   &RELCORRECTION [&Type "Integer"] 1 "Type of relativistic treatment in QDPT. 0->Unknow, 1->None, 2->SOC, 3->SSC, 4->SOC/SSC"
   &DENSTYPE [&Type "Integer"] 3 "Type of density (electron/spin ...). 0->Unknow, 1->Electronic, 2->Spin, 3->Trans/Electronic, 4->Tran/Spin"
   &DERITYPE [&Type "Integer"] 0 "Type of derivative (w.r.t. to what perturbation). 0->Unknown, 1->No Derivative, 2->Electric/Dipole, 3->Electric/Quad, 4->Magnetic/Dipole, 5->Magnetic/Quad"
   &DENSLEVEL [&Type "Integer"] 0 "// Source of density: relaxed, unrelaxed, ... 0->Unknown, 1->Linearized, 2->Unrelaxed, 3->Relaxed"
   &REPRESENTATION [&Type "String"] "Velocity" "Possible values: Unknown,  Length, Velocity"
   &POINTGROUP [&Type "String"] "C1"
   &NTRANS [&Type "Integer"] 1
   &DOHIGHERMOMENTS [&Type "Boolean"] false
   &STATES [&Type "ArrayOfIntegers", &Dim (1,4)] "The initial and Final states. Col1: Initial State  Col2: Initial Irrep Col3: Final State Col4: Final Irrep"
                                                         0                           1                           2                           3

0                                                        0                           0                           1                           0
   &MULTIPLICITIES [&Type "ArrayOfDoubles", &Dim (1,2)] "Col1: Multiplicity of the initial state  Col2: Multiplicity of the final state"
                                                         0                           1

0                                      1.0000000000000000e+00         1.0000000000000000e+00
   &EXCITATIONENERGIES [&Type "ArrayOfDoubles", &Dim (1,11)] 
                                                         0                           1                           2                           3                           4                           5                           6                           7

0                                      2.9087054432380275e+00         2.3460294006499465e+04         4.2625211760899447e+02         6.0130949274161606e-02         9.6413631506597867e-03        -8.7199310053113974e-02         0.0000000000000000e+00        -4.3077073679217738e-02
                                                         8                           9                          10

0                                      0.0000000000000000e+00        -1.3491078539387830e-02         0.0000000000000000e+00
$End
$CIS_ECD_Spectrum
   &GeometryIndex 5
   &ListStatus       FIRST
   &TEMPERATURE [&Type "Double"]       2.9814999999999998e+02
   &METHOD [&Type "Integer"] 20
   &RELCORRECTION [&Type "Integer"] 1 "Type of relativistic treatment in QDPT. 0->Unknow, 1->None, 2->SOC, 3->SSC, 4->SOC/SSC"
   &DENSTYPE [&Type "Integer"] 3 "Type of density (electron/spin ...). 0->Unknow, 1->Electronic, 2->Spin, 3->Trans/Electronic, 4->Tran/Spin"
   &DERITYPE [&Type "Integer"] 0 "Type of derivative (w.r.t. to what perturbation). 0->Unknown, 1->No Derivative, 2->Electric/Dipole, 3->Electric/Quad, 4->Magnetic/Dipole, 5->Magnetic/Quad"
   &DENSLEVEL [&Type "Integer"] 0 "// Source of density: relaxed, unrelaxed, ... 0->Unknown, 1->Linearized, 2->Unrelaxed, 3->Relaxed"
   &REPRESENTATION [&Type "String"] "Length" "Possible values: Unknown,  Length, Velocity"
   &POINTGROUP [&Type "String"] "C1"
   &NTRANS [&Type "Integer"] 1
   &DOHIGHERMOMENTS [&Type "Boolean"] false
   &STATES [&Type "ArrayOfIntegers", &Dim (1,4)] "The initial and Final states. Col1: Initial State  Col2: Initial Irrep Col3: Final State Col4: Final Irrep"
                                                         0                           1                           2                           3

0                                                        0                           0                           1                           0
   &MULTIPLICITIES [&Type "ArrayOfDoubles", &Dim (1,2)] "Col1: Multiplicity of the initial state  Col2: Multiplicity of the final state"
                                                         0                           1

0                                      1.0000000000000000e+00         1.0000000000000000e+00
   &EXCITATIONENERGIES [&Type "ArrayOfDoubles", &Dim (1,10)] 
                                                         0                           1                           2                           3                           4                           5                           6                           7

0                                      2.9087054432380275e+00         2.3460294006499465e+04         4.2625211760899447e+02         1.0567386594591077e+00        -7.0816062846448036e-02         0.0000000000000000e+00         1.8874884507659920e-01         0.0000000000000000e+00
                                                         8                           9

0                                     -3.2445901988889242e-01         0.0000000000000000e+00
$End
$CIS_ECD_Spectrum
   &GeometryIndex 5
   &ListStatus       LAST
   &TEMPERATURE [&Type "Double"]       2.9814999999999998e+02
   &METHOD [&Type "Integer"] 20
   &RELCORRECTION [&Type "Integer"] 1 "Type of relativistic treatment in QDPT. 0->Unknow, 1->None, 2->SOC, 3->SSC, 4->SOC/SSC"
   &DENSTYPE [&Type "Integer"] 3 "Type of density (electron/spin ...). 0->Unknow, 1->Electronic, 2->Spin, 3->Trans/Electronic, 4->Tran/Spin"
   &DERITYPE [&Type "Integer"] 0 "Type of derivative (w.r.t. to what perturbation). 0->Unknown, 1->No Derivative, 2->Electric/Dipole, 3->Electric/Quad, 4->Magnetic/Dipole, 5->Magnetic/Quad"
   &DENSLEVEL [&Type "Integer"] 0 "// Source of density: relaxed, unrelaxed, ... 0->Unknown, 1->Linearized, 2->Unrelaxed, 3->Relaxed"
   &REPRESENTATION [&Type "String"] "Velocity" "Possible values: Unknown,  Length, Velocity"
   &POINTGROUP [&Type "String"] "C1"
   &NTRANS [&Type "Integer"] 1
   &DOHIGHERMOMENTS [&Type "Boolean"] false
   &STATES [&Type "ArrayOfIntegers", &Dim (1,4)] "The initial and Final states. Col1: Initial State  Col2: Initial Irrep Col3: Final State Col4: Final Irrep"
                                                         0                           1                           2                           3

0                                                        0                           0                           1                           0
   &MULTIPLICITIES [&Type "ArrayOfDoubles", &Dim (1,2)] "Col1: Multiplicity of the initial state  Col2: Multiplicity of the final state"
                                                         0                           1

0                                      1.0000000000000000e+00         1.0000000000000000e+00
   &EXCITATIONENERGIES [&Type "ArrayOfDoubles", &Dim (1,10)] 
                                                         0                           1                           2                           3                           4                           5                           6                           7

0                                      2.9087054432380275e+00         2.3460294006499465e+04         4.2625211760899447e+02         1.0680739503527903e+01        -7.0816062846448036e-02         0.0000000000000000e+00         1.8874884507659920e-01         0.0000000000000000e+00
                                                         8                           9

0                                     -3.2445901988889242e-01         0.0000000000000000e+00
$End
$CIS_Nuc_Gradient
   &GeometryIndex 5
   &ListStatus       OUT
   &NATOMS [&Type "Integer"] 35
   &ROOT [&Type "Integer"] 1
   &GRADNORM [&Type "Double"]       8.3751916472573794e-04
   &GRAD [&Type "ArrayOfDoubles", &Dim (105,1)] 
                                                         0

0                                     -8.9058664325638486e-05
1                                      8.8016136839233526e-06
2                                      2.4841702997346142e-05
3                                      1.5543590477454868e-04
4                                      1.2234329208493883e-04
5                                      3.5351685584987633e-05
6                                      1.0977565303375576e-05
7                                      6.9372596049449976e-05
8                                      6.9256338697922101e-05
9                                     -2.6381130485663860e-04
10                                     5.7084392805163394e-05
11                                     1.7301824414726725e-04
12                                     2.5626872944977807e-04
13                                    -1.2094447462360344e-04
14                                    -7.6081726024878406e-05
15                                     2.5699976320530266e-05
16                                    -8.0320292376740430e-05
17                                    -3.2465526300906079e-04
18                                    -5.2974706154772255e-06
19                                    -3.4749440147775908e-05
20                                     1.0570683344822787e-06
21                                     2.2219006830269178e-06
22                                     6.4488396391697593e-06
23                                    -4.8303012532163216e-08
24                                    -1.2807787456768410e-04
25                                     9.2886330010463704e-05
26                                     8.5506538070517833e-05
27                                    -1.6966770959311590e-04
28                                     1.3181870801465007e-04
29                                     8.7533206316335940e-05
30                                     6.0734520245491006e-05
31                                    -7.6672878992746848e-05
32                                    -6.7231778188761620e-05
33                                     1.7492699993096523e-04
34                                     6.8135522635238781e-05
35                                     2.0198819496220204e-05
36                                    -7.2199036170204965e-06
37                                    -9.7790967188632946e-05
38                                    -1.0641155427826103e-04
39                                    -3.3656330850062642e-05
40                                    -2.6436134078810028e-05
41                                    -3.5612129261355441e-05
42                                    -1.7895683896354347e-05
43                                    -1.0830403723613544e-06
44                                    -2.3550476508296969e-05
45                                    -2.7551119707887924e-05
46                                    -1.4969884447868799e-04
47                                     2.6313326767638245e-04
48                                     1.1422342609296266e-05
49                                     4.4444201360738532e-05
50                                    -8.5799182466940222e-05
51                                    -3.4447766801226740e-05
52                                     1.2833097581885694e-04
53                                    -1.0869468098660142e-05
54                                     3.6577468312262598e-05
55                                     1.5354635802737691e-06
56                                     2.1875375860185935e-05
57                                    -4.5314701219544649e-05
58                                    -8.3304918078008799e-05
59                                     9.9395702248074964e-05
60                                     1.4037069010422239e-05
61                                     5.7028238454823375e-05
62                                    -2.4669508860838073e-06
63                                     1.6084597402430602e-05
64                                    -3.6734339819400014e-06
65                                     5.2464496459933823e-06
66                                    -8.0022918425641081e-06
67                                     4.0684576746241428e-05
68                                    -5.6179838570385066e-05
69                                     1.8190210293814874e-05
70                                    -3.8137876878326072e-05
71                                    -3.3034341274788712e-06
72                                     1.4630351013086260e-05
73                                     1.2995379292392003e-05
74                                    -5.3983736519224096e-06
75                                     1.4448962335580602e-05
76                                    -1.3480387828841090e-05
77                                     3.1244781020423168e-05
78                                     4.2473918284759747e-06
79                                    -2.0815282768636180e-05
80                                     7.5719151572433340e-06
81                                     2.4678727131204081e-05
82                                    -3.1873402846207237e-05
83                                     2.3916476725682862e-05
84                                    -1.3889881209881217e-05
85                                    -3.0138158730290334e-05
86                                     3.3708152793146526e-05
87                                    -4.1219662747641109e-05
88                                    -3.4990561128043325e-05
89                                     1.8754022383877768e-05
90                                     1.8414200826286011e-05
91                                     3.1678628418929325e-05
92                                     2.8288072473400664e-06
93                                    -1.5683573920120906e-05
94                                     6.7807028606403619e-06
95                                    -2.9153723501345935e-06
96                                     5.0042904426802364e-06
97                                     1.7812197929685823e-05
98                                    -3.0421155033222289e-05
99                                     3.9161302568829380e-07
100                                   -8.5913633409685720e-07
101                                   -3.3518049242544504e-05
102                                   -5.2305205170290406e-05
103                                   -8.8830092399553424e-05
104                                   -6.1436287604418118e-05
$End
$VdW_Correction
   &GeometryIndex 5
   &ListStatus       OUT
   &VDW [&Type "Double"]      -7.7347455028015238e-02
$End
$Geometry
   &GeometryIndex 6
   &ListStatus       OUT
   &NATOMS [&Type "Integer"] 35
   &NCORELESSECP [&Type "Integer"] 0
   &NGHOSTATOMS [&Type "Integer"] 0
   &CartesianCoordinates [&Type "Coordinates", &Dim(35,4), &Units "Bohr"] 
              C     -5.813233260707   -1.247599538166   -0.077107243213
              C     -5.027029243171   -3.280715751073   -1.536986356720
              C     -2.524288056825   -3.426919507195   -2.235358450683
              C     -4.105331729777    0.654311505369    0.664576903857
              C     -1.506886779031    0.574483069528    0.008406170324
              O     -4.924230300429    2.542793597693    2.179345626142
              C     -0.741527559443   -1.539427519468   -1.485630447465
              C      1.774481176968   -1.781138180933   -2.257917723950
              C      3.538010718668    0.014545211928   -1.567678042178
              C      0.350392440872    2.408836203571    0.692680666179
              C      2.874727308181    2.143440805760   -0.089830132617
              N     -0.236418970275    4.518858056504    2.132011458516
              C      1.536880314822    6.294217996894    2.796745248001
              C      3.996365805734    6.050976504415    2.048139601112
              C      4.723470895762    3.970311147548    0.583244068643
              C     -7.345971804757    3.625721134886    1.794365905458
              O     -8.332102712691    3.563492205110   -0.272571116195
              N     -8.186741867074    4.698531722209    3.907749827861
              C    -10.515993833745    6.174955696585    3.822568333252
              C     -6.898890696461    4.628515260487    6.350207509460
              H     -5.417159619476    3.215816535226    6.354920400972
              H     -8.282588109566    4.157779284617    7.801777324452
              H     -6.092720242837    6.480289165521    6.771471692622
              H    -11.270069052206    6.167864966508    1.917226075868
              H    -10.117528255780    8.112759662923    4.405254400557
              H    -11.894064699316    5.356392338112    5.118917576226
              H     -1.842472164848   -4.990705223399   -3.361093143383
              H     -7.748205543947   -1.121187201377    0.554654174805
              H     -6.358623066411   -4.728091594179   -2.083839359294
              H      2.322974867313   -3.386760343404   -3.396434869855
              H      5.485518476080   -0.187338980226   -2.159198346304
              H      0.840973511974    7.846729744709    3.919470130837
              H      5.345657572792    7.481410220262    2.597586254464
              H      6.646529234851    3.728680651339   -0.053162963968
              H     -2.026312917367    4.748848473401    2.724870892296
$End
$SCF_Energy
   &GeometryIndex 6
   &ListStatus       OUT
   &SCF_ENERGY [&Type "Double"]      -8.7837036825085534e+02
$End
$DFT_Energy
   &GeometryIndex 6
   &ListStatus       OUT
   &NALPHAEL [&Type "Integer"] 70
   &NBETAEL [&Type "Integer"] 70
   &NTOTALEL [&Type "Integer"] 140
   &EEXCHANGE [&Type "Double"]      -9.3697419513068908e+01
   &ECORR [&Type "Double"]      -5.6390469572406561e+00
   &ECNL [&Type "Double"]       0.0000000000000000e+00
   &EXC [&Type "Double"]      -9.9336466470309560e+01
   &EEMBED [&Type "Double"]       0.0000000000000000e+00
   &FINALEN [&Type "Double"]      -8.7837036825085534e+02  "No Van der Waals correction"
$End
$Solvation_Details
   &GeometryIndex 6
   &ListStatus       OUT
   &SOLVENT [&Type "String"] "WATER"
   &EPSILON [&Type "Double"]       8.0150999999999996e+01
   &REFRAC [&Type "Double"]       1.3328000000000000e+00
   &RSOLV [&Type "Double"]       1.3000000000000000e+00
   &SURFACETYPE [&Type "String"] "GAUSSIAN VDW"
   &NPOINTS [&Type "Integer"] 3046
   &SURFACEAREA [&Type "Double"]       1.0855880154340000e+03
   &CPCMDIELENERGY [&Type "Double"]      -8.7072936000000004e-02
$End
$CIS_Absorption_Spectrum
   &GeometryIndex 6
   &ListStatus       FIRST
   &TEMPERATURE [&Type "Double"]       2.9814999999999998e+02
   &METHOD [&Type "Integer"] 20
   &RELCORRECTION [&Type "Integer"] 1 "Type of relativistic treatment in QDPT. 0->Unknow, 1->None, 2->SOC, 3->SSC, 4->SOC/SSC"
   &DENSTYPE [&Type "Integer"] 3 "Type of density (electron/spin ...). 0->Unknow, 1->Electronic, 2->Spin, 3->Trans/Electronic, 4->Tran/Spin"
   &DERITYPE [&Type "Integer"] 0 "Type of derivative (w.r.t. to what perturbation). 0->Unknown, 1->No Derivative, 2->Electric/Dipole, 3->Electric/Quad, 4->Magnetic/Dipole, 5->Magnetic/Quad"
   &DENSLEVEL [&Type "Integer"] 0 "// Source of density: relaxed, unrelaxed, ... 0->Unknown, 1->Linearized, 2->Unrelaxed, 3->Relaxed"
   &REPRESENTATION [&Type "String"] "Length" "Possible values: Unknown,  Length, Velocity"
   &POINTGROUP [&Type "String"] "C1"
   &NTRANS [&Type "Integer"] 1
   &DOHIGHERMOMENTS [&Type "Boolean"] false
   &STATES [&Type "ArrayOfIntegers", &Dim (1,4)] "The initial and Final states. Col1: Initial State  Col2: Initial Irrep Col3: Final State Col4: Final Irrep"
                                                         0                           1                           2                           3

0                                                        0                           0                           1                           0
   &MULTIPLICITIES [&Type "ArrayOfDoubles", &Dim (1,2)] "Col1: Multiplicity of the initial state  Col2: Multiplicity of the final state"
                                                         0                           1

0                                      1.0000000000000000e+00         1.0000000000000000e+00
   &EXCITATIONENERGIES [&Type "ArrayOfDoubles", &Dim (1,11)] 
                                                         0                           1                           2                           3                           4                           5                           6                           7

0                                      2.9091338233363260e+00         2.3463749125365481e+04         4.2618935049853144e+02         2.5333487610211486e-01         3.5544561684860527e+00         1.6543392909519543e+00         0.0000000000000000e+00         8.8962378705695955e-01
                                                         8                           9                          10

0                                      0.0000000000000000e+00         1.6182458528008453e-01         0.0000000000000000e+00
$End
$CIS_Absorption_Spectrum
   &GeometryIndex 6
   &ListStatus       LAST
   &TEMPERATURE [&Type "Double"]       2.9814999999999998e+02
   &METHOD [&Type "Integer"] 20
   &RELCORRECTION [&Type "Integer"] 1 "Type of relativistic treatment in QDPT. 0->Unknow, 1->None, 2->SOC, 3->SSC, 4->SOC/SSC"
   &DENSTYPE [&Type "Integer"] 3 "Type of density (electron/spin ...). 0->Unknow, 1->Electronic, 2->Spin, 3->Trans/Electronic, 4->Tran/Spin"
   &DERITYPE [&Type "Integer"] 0 "Type of derivative (w.r.t. to what perturbation). 0->Unknown, 1->No Derivative, 2->Electric/Dipole, 3->Electric/Quad, 4->Magnetic/Dipole, 5->Magnetic/Quad"
   &DENSLEVEL [&Type "Integer"] 0 "// Source of density: relaxed, unrelaxed, ... 0->Unknown, 1->Linearized, 2->Unrelaxed, 3->Relaxed"
   &REPRESENTATION [&Type "String"] "Velocity" "Possible values: Unknown,  Length, Velocity"
   &POINTGROUP [&Type "String"] "C1"
   &NTRANS [&Type "Integer"] 1
   &DOHIGHERMOMENTS [&Type "Boolean"] false
   &STATES [&Type "ArrayOfIntegers", &Dim (1,4)] "The initial and Final states. Col1: Initial State  Col2: Initial Irrep Col3: Final State Col4: Final Irrep"
                                                         0                           1                           2                           3

0                                                        0                           0                           1                           0
   &MULTIPLICITIES [&Type "ArrayOfDoubles", &Dim (1,2)] "Col1: Multiplicity of the initial state  Col2: Multiplicity of the final state"
                                                         0                           1

0                                      1.0000000000000000e+00         1.0000000000000000e+00
   &EXCITATIONENERGIES [&Type "ArrayOfDoubles", &Dim (1,11)] 
                                                         0                           1                           2                           3                           4                           5                           6                           7

0                                      2.9091338233363260e+00         2.3463749125365481e+04         4.2618935049853144e+02         5.9825372555501806e-02         9.5937798661261970e-03        -8.6977216926194520e-02         0.0000000000000000e+00        -4.2976953782928359e-02
                                                         8                           9                          10

0                                      0.0000000000000000e+00        -1.3480543217539069e-02         0.0000000000000000e+00
$End
$CIS_ECD_Spectrum
   &GeometryIndex 6
   &ListStatus       FIRST
   &TEMPERATURE [&Type "Double"]       2.9814999999999998e+02
   &METHOD [&Type "Integer"] 20
   &RELCORRECTION [&Type "Integer"] 1 "Type of relativistic treatment in QDPT. 0->Unknow, 1->None, 2->SOC, 3->SSC, 4->SOC/SSC"
   &DENSTYPE [&Type "Integer"] 3 "Type of density (electron/spin ...). 0->Unknow, 1->Electronic, 2->Spin, 3->Trans/Electronic, 4->Tran/Spin"
   &DERITYPE [&Type "Integer"] 0 "Type of derivative (w.r.t. to what perturbation). 0->Unknown, 1->No Derivative, 2->Electric/Dipole, 3->Electric/Quad, 4->Magnetic/Dipole, 5->Magnetic/Quad"
   &DENSLEVEL [&Type "Integer"] 0 "// Source of density: relaxed, unrelaxed, ... 0->Unknown, 1->Linearized, 2->Unrelaxed, 3->Relaxed"
   &REPRESENTATION [&Type "String"] "Length" "Possible values: Unknown,  Length, Velocity"
   &POINTGROUP [&Type "String"] "C1"
   &NTRANS [&Type "Integer"] 1
   &DOHIGHERMOMENTS [&Type "Boolean"] false
   &STATES [&Type "ArrayOfIntegers", &Dim (1,4)] "The initial and Final states. Col1: Initial State  Col2: Initial Irrep Col3: Final State Col4: Final Irrep"
                                                         0                           1                           2                           3

0                                                        0                           0                           1                           0
   &MULTIPLICITIES [&Type "ArrayOfDoubles", &Dim (1,2)] "Col1: Multiplicity of the initial state  Col2: Multiplicity of the final state"
                                                         0                           1

0                                      1.0000000000000000e+00         1.0000000000000000e+00
   &EXCITATIONENERGIES [&Type "ArrayOfDoubles", &Dim (1,10)] 
                                                         0                           1                           2                           3                           4                           5                           6                           7

0                                      2.9091338233363260e+00         2.3463749125365481e+04         4.2618935049853144e+02         1.0098758001244221e+00        -7.0989952711224491e-02         0.0000000000000000e+00         1.8852876155154799e-01         0.0000000000000000e+00
                                                         8                           9

0                                     -3.2393262978749193e-01         0.0000000000000000e+00
$End
$CIS_ECD_Spectrum
   &GeometryIndex 6
   &ListStatus       LAST
   &TEMPERATURE [&Type "Double"]       2.9814999999999998e+02
   &METHOD [&Type "Integer"] 20
   &RELCORRECTION [&Type "Integer"] 1 "Type of relativistic treatment in QDPT. 0->Unknow, 1->None, 2->SOC, 3->SSC, 4->SOC/SSC"
   &DENSTYPE [&Type "Integer"] 3 "Type of density (electron/spin ...). 0->Unknow, 1->Electronic, 2->Spin, 3->Trans/Electronic, 4->Tran/Spin"
   &DERITYPE [&Type "Integer"] 0 "Type of derivative (w.r.t. to what perturbation). 0->Unknown, 1->No Derivative, 2->Electric/Dipole, 3->Electric/Quad, 4->Magnetic/Dipole, 5->Magnetic/Quad"
   &DENSLEVEL [&Type "Integer"] 0 "// Source of density: relaxed, unrelaxed, ... 0->Unknown, 1->Linearized, 2->Unrelaxed, 3->Relaxed"
   &REPRESENTATION [&Type "String"] "Velocity" "Possible values: Unknown,  Length, Velocity"
   &POINTGROUP [&Type "String"] "C1"
   &NTRANS [&Type "Integer"] 1
   &DOHIGHERMOMENTS [&Type "Boolean"] false
   &STATES [&Type "ArrayOfIntegers", &Dim (1,4)] "The initial and Final states. Col1: Initial State  Col2: Initial Irrep Col3: Final State Col4: Final Irrep"
                                                         0                           1                           2                           3

0                                                        0                           0                           1                           0
   &MULTIPLICITIES [&Type "ArrayOfDoubles", &Dim (1,2)] "Col1: Multiplicity of the initial state  Col2: Multiplicity of the final state"
                                                         0                           1

0                                      1.0000000000000000e+00         1.0000000000000000e+00
   &EXCITATIONENERGIES [&Type "ArrayOfDoubles", &Dim (1,10)] 
                                                         0                           1                           2                           3                           4                           5                           6                           7

0                                      2.9091338233363260e+00         2.3463749125365481e+04         4.2618935049853144e+02         1.0755185474168883e+01        -7.0989952711224491e-02         0.0000000000000000e+00         1.8852876155154799e-01         0.0000000000000000e+00
                                                         8                           9

0                                     -3.2393262978749193e-01         0.0000000000000000e+00
$End
$CIS_Nuc_Gradient
   &GeometryIndex 6
   &ListStatus       OUT
   &NATOMS [&Type "Integer"] 35
   &ROOT [&Type "Integer"] 1
   &GRADNORM [&Type "Double"]       8.0288645596386643e-04
   &GRAD [&Type "ArrayOfDoubles", &Dim (105,1)] 
                                                         0

0                                     -1.0798040680575307e-04
1                                     -2.4482814920670157e-07
2                                      2.3342937733423458e-05
3                                      1.2810051301548401e-04
4                                      8.8717836279674834e-05
5                                      3.1783678019886889e-05
6                                     -2.2048035393672141e-06
7                                      1.6989328449518366e-05
8                                      4.0662231204947289e-05
9                                     -1.8980585563637114e-04
10                                     1.0434115521359380e-05
11                                     1.4490788266156276e-04
12                                     2.2524739847090108e-04
13                                    -1.0069869638572494e-04
14                                    -8.9854852121104225e-05
15                                    -1.6191725163201655e-04
16                                    -8.5593384165873800e-05
17                                    -1.7106690030263680e-04
18                                     1.1916294020267767e-06
19                                    -2.7218575419498585e-05
20                                     2.9447610522740481e-06
21                                     5.8185150259244703e-05
22                                    -2.0953001280673146e-05
23                                    -2.7768370342392342e-05
24                                    -9.1480723819676083e-05
25                                     6.2903254304690645e-05
26                                     6.2422034063836895e-05
27                                    -2.2461193913073899e-04
28                                     1.0762631229378983e-04
29                                     1.1749743504595719e-04
30                                     7.3836937875923167e-05
31                                    -1.1003085854695955e-04
32                                    -1.0345229368389374e-04
33                                     1.6519959235293820e-04
34                                     1.6328478579718836e-04
35                                     6.1001219952136671e-05
36                                    -9.6418302245735083e-06
37                                    -6.2688158602415794e-05
38                                    -8.0715648279321259e-05
39                                    -9.7753959917400027e-06
40                                    -9.4222419475531709e-06
41                                    -3.0048632532307505e-05
42                                     3.1391789678975068e-05
43                                     3.2588367258248885e-05
44                                    -1.3591989251322574e-05
45                                     3.0715523291452874e-04
46                                     1.1072786880924983e-04
47                                     1.3486491476828440e-04
48                                    -1.0895761404720389e-04
49                                    -6.4475960830030754e-05
50                                    -5.8843595873435276e-05
51                                    -4.8923890120462017e-05
52                                     4.9347103046956154e-05
53                                    -1.8219963179390557e-05
54                                    -2.0939843647834085e-05
55                                    -1.1740460458973948e-05
56                                     2.1406033785875835e-05
57                                    -5.3389571956490904e-05
58                                    -7.3601393466470914e-05
59                                     1.1605185272385934e-04
60                                     4.0985585049258315e-05
61                                     2.7456847721495654e-05
62                                    -6.3033906535486643e-06
63                                     1.8573939153063236e-05
64                                    -2.8719291054439685e-06
65                                     3.1636002444935781e-06
66                                    -6.6410646941661140e-06
67                                     3.5273651016606237e-05
68                                    -5.8232344978252637e-05
69                                     1.2218459708971855e-05
70                                    -2.7994256330348728e-05
71                                     6.9797246425011035e-06
72                                     9.9352025631233986e-06
73                                     1.1152247859398320e-05
74                                    -2.7559036292668040e-06
75                                     6.2651695009718336e-06
76                                     4.2351720048195563e-06
77                                     2.3113028690840523e-05
78                                    -1.6029652966489999e-05
79                                    -1.7681344842509551e-05
80                                     1.6568797747452415e-05
81                                     7.8427025243487367e-06
82                                    -2.6205035192739413e-05
83                                     2.5799658696140589e-05
84                                    -6.7882535704665481e-06
85                                    -2.8121508673591134e-05
86                                     2.6632271747648173e-05
87                                    -5.7445618250687831e-05
88                                    -3.3564467277581245e-05
89                                     1.8412760764085475e-05
90                                     1.5129237013772117e-05
91                                     4.2665830172635251e-05
92                                     1.2524706296813222e-05
93                                    -9.9013086386741533e-06
94                                     7.3619503282227987e-06
95                                    -5.3814487740116534e-06
96                                    -3.8852524400026793e-06
97                                     1.7682248457524883e-05
98                                    -3.0632279673167425e-05
99                                    -7.4206885426943299e-06
100                                   -1.9866941657796581e-06
101                                   -3.4898573169521797e-05
102                                   -5.7942048764502156e-05
103                                   -1.1778122330067018e-04
104                                   -8.2626295822194978e-05
$End
$VdW_Correction
   &GeometryIndex 6
   &ListStatus       OUT
   &VDW [&Type "Double"]      -7.7348603793413129e-02
$End
$Geometry
   &GeometryIndex 7
   &ListStatus       OUT
   &NATOMS [&Type "Integer"] 35
   &NCORELESSECP [&Type "Integer"] 0
   &NGHOSTATOMS [&Type "Integer"] 0
   &CartesianCoordinates [&Type "Coordinates", &Dim(35,4), &Units "Bohr"] 
              C     -5.811788596297   -1.251907864723   -0.072879082279
              C     -5.026354238670   -3.283858909912   -1.534888715769
              C     -2.524117864559   -3.427871648066   -2.235854851919
              C     -4.104157546599    0.650319016222    0.668799547329
              C     -1.506960090795    0.573056194546    0.009946743957
              O     -4.924024871730    2.536668666085    2.186642100733
              C     -0.741817609652   -1.539388247713   -1.486733842007
              C      1.773516277978   -1.778513904191   -2.262135327970
              C      3.536768852298    0.017730479427   -1.572254486846
              C      0.349984984166    2.408095126348    0.693646790730
              C      2.873614636954    2.145101726090   -0.091599351109
              N     -0.237091400678    4.516819072551    2.135174585042
              C      1.535772107213    6.292936331163    2.799800070680
              C      3.994658704755    6.051828887756    2.048591622964
              C      4.721739514588    3.972739021564    0.581312199079
              C     -7.343670700861    3.621955280533    1.796657714913
              O     -8.326529433826    3.559950524964   -0.271812675255
              N     -8.185977950005    4.698545047387    3.907613464800
              C    -10.512091821446    6.179821441104    3.817219883522
              C     -6.901899870636    4.628081550273    6.352069880819
              H     -5.428287207797    3.206895174734    6.362661171331
              H     -8.290484502087    4.168510785063    7.802553617144
              H     -6.085959158097    6.476164935613    6.770656307758
              H    -11.260995552204    6.176270349904    1.909825810506
              H    -10.111416483609    8.116225219080    4.402875556834
              H    -11.895657506410    5.363018683075    5.108826435702
              H     -1.842384459084   -4.990476245137   -3.363242642722
              H     -7.746356583170   -1.126285919417    0.560577824122
              H     -6.357731469651   -4.731379470918   -2.081703599888
              H      2.321977509462   -3.382492031184   -3.402977796898
              H      5.483661446969   -0.182558492987   -2.166188512858
              H      0.839962363625    7.844233156684    3.924206152680
              H      5.343523807769    7.482681656491    2.597912698129
              H      6.644353822004    3.732948397337   -0.057036192130
              H     -2.026187272039    4.744813331939    2.731118944956
$End
$SCF_Energy
   &GeometryIndex 7
   &ListStatus       OUT
   &SCF_ENERGY [&Type "Double"]      -8.7837036386003228e+02
$End
$DFT_Energy
   &GeometryIndex 7
   &ListStatus       OUT
   &NALPHAEL [&Type "Integer"] 70
   &NBETAEL [&Type "Integer"] 70
   &NTOTALEL [&Type "Integer"] 140
   &EEXCHANGE [&Type "Double"]      -9.3697088395376468e+01
   &ECORR [&Type "Double"]      -5.6390201443216315e+00
   &ECNL [&Type "Double"]       0.0000000000000000e+00
   &EXC [&Type "Double"]      -9.9336108539698103e+01
   &EEMBED [&Type "Double"]       0.0000000000000000e+00
   &FINALEN [&Type "Double"]      -8.7837036386003228e+02  "No Van der Waals correction"
$End
$Solvation_Details
   &GeometryIndex 7
   &ListStatus       OUT
   &SOLVENT [&Type "String"] "WATER"
   &EPSILON [&Type "Double"]       8.0150999999999996e+01
   &REFRAC [&Type "Double"]       1.3328000000000000e+00
   &RSOLV [&Type "Double"]       1.3000000000000000e+00
   &SURFACETYPE [&Type "String"] "GAUSSIAN VDW"
   &NPOINTS [&Type "Integer"] 3052
   &SURFACEAREA [&Type "Double"]       1.0855416979780000e+03
   &CPCMDIELENERGY [&Type "Double"]      -8.7065160000000003e-02
$End
$CIS_Absorption_Spectrum
   &GeometryIndex 7
   &ListStatus       FIRST
   &TEMPERATURE [&Type "Double"]       2.9814999999999998e+02
   &METHOD [&Type "Integer"] 20
   &RELCORRECTION [&Type "Integer"] 1 "Type of relativistic treatment in QDPT. 0->Unknow, 1->None, 2->SOC, 3->SSC, 4->SOC/SSC"
   &DENSTYPE [&Type "Integer"] 3 "Type of density (electron/spin ...). 0->Unknow, 1->Electronic, 2->Spin, 3->Trans/Electronic, 4->Tran/Spin"
   &DERITYPE [&Type "Integer"] 0 "Type of derivative (w.r.t. to what perturbation). 0->Unknown, 1->No Derivative, 2->Electric/Dipole, 3->Electric/Quad, 4->Magnetic/Dipole, 5->Magnetic/Quad"
   &DENSLEVEL [&Type "Integer"] 0 "// Source of density: relaxed, unrelaxed, ... 0->Unknown, 1->Linearized, 2->Unrelaxed, 3->Relaxed"
   &REPRESENTATION [&Type "String"] "Length" "Possible values: Unknown,  Length, Velocity"
   &POINTGROUP [&Type "String"] "C1"
   &NTRANS [&Type "Integer"] 1
   &DOHIGHERMOMENTS [&Type "Boolean"] false
   &STATES [&Type "ArrayOfIntegers", &Dim (1,4)] "The initial and Final states. Col1: Initial State  Col2: Initial Irrep Col3: Final State Col4: Final Irrep"
                                                         0                           1                           2                           3

0                                                        0                           0                           1                           0
   &MULTIPLICITIES [&Type "ArrayOfDoubles", &Dim (1,2)] "Col1: Multiplicity of the initial state  Col2: Multiplicity of the final state"
                                                         0                           1

0                                      1.0000000000000000e+00         1.0000000000000000e+00
   &EXCITATIONENERGIES [&Type "ArrayOfDoubles", &Dim (1,11)] 
                                                         0                           1                           2                           3                           4                           5                           6                           7

0                                      2.9089703689562891e+00         2.3462430776743684e+04         4.2621329798070843e+02         2.5251374887467709e-01         3.5431342861351465e+00        -1.6518812434934076e+00         0.0000000000000000e+00        -8.8815814884227151e-01
                                                         8                           9                          10

0                                      0.0000000000000000e+00        -1.5999295664150273e-01         0.0000000000000000e+00
$End
$CIS_Absorption_Spectrum
   &GeometryIndex 7
   &ListStatus       LAST
   &TEMPERATURE [&Type "Double"]       2.9814999999999998e+02
   &METHOD [&Type "Integer"] 20
   &RELCORRECTION [&Type "Integer"] 1 "Type of relativistic treatment in QDPT. 0->Unknow, 1->None, 2->SOC, 3->SSC, 4->SOC/SSC"
   &DENSTYPE [&Type "Integer"] 3 "Type of density (electron/spin ...). 0->Unknow, 1->Electronic, 2->Spin, 3->Trans/Electronic, 4->Tran/Spin"
   &DERITYPE [&Type "Integer"] 0 "Type of derivative (w.r.t. to what perturbation). 0->Unknown, 1->No Derivative, 2->Electric/Dipole, 3->Electric/Quad, 4->Magnetic/Dipole, 5->Magnetic/Quad"
   &DENSLEVEL [&Type "Integer"] 0 "// Source of density: relaxed, unrelaxed, ... 0->Unknown, 1->Linearized, 2->Unrelaxed, 3->Relaxed"
   &REPRESENTATION [&Type "String"] "Velocity" "Possible values: Unknown,  Length, Velocity"
   &POINTGROUP [&Type "String"] "C1"
   &NTRANS [&Type "Integer"] 1
   &DOHIGHERMOMENTS [&Type "Boolean"] false
   &STATES [&Type "ArrayOfIntegers", &Dim (1,4)] "The initial and Final states. Col1: Initial State  Col2: Initial Irrep Col3: Final State Col4: Final Irrep"
                                                         0                           1                           2                           3

0                                                        0                           0                           1                           0
   &MULTIPLICITIES [&Type "ArrayOfDoubles", &Dim (1,2)] "Col1: Multiplicity of the initial state  Col2: Multiplicity of the final state"
                                                         0                           1

0                                      1.0000000000000000e+00         1.0000000000000000e+00
   &EXCITATIONENERGIES [&Type "ArrayOfDoubles", &Dim (1,11)] 
                                                         0                           1                           2                           3                           4                           5                           6                           7

0                                      2.9089703689562891e+00         2.3462430776743684e+04         4.2621329798070843e+02         5.9507574770200293e-02         9.5422806619396387e-03         8.6740036178330010e-02         0.0000000000000000e+00         4.2862914717101235e-02
                                                         8                           9                          10

0                                      0.0000000000000000e+00         1.3461698543502827e-02         0.0000000000000000e+00
$End
$CIS_ECD_Spectrum
   &GeometryIndex 7
   &ListStatus       FIRST
   &TEMPERATURE [&Type "Double"]       2.9814999999999998e+02
   &METHOD [&Type "Integer"] 20
   &RELCORRECTION [&Type "Integer"] 1 "Type of relativistic treatment in QDPT. 0->Unknow, 1->None, 2->SOC, 3->SSC, 4->SOC/SSC"
   &DENSTYPE [&Type "Integer"] 3 "Type of density (electron/spin ...). 0->Unknow, 1->Electronic, 2->Spin, 3->Trans/Electronic, 4->Tran/Spin"
   &DERITYPE [&Type "Integer"] 0 "Type of derivative (w.r.t. to what perturbation). 0->Unknown, 1->No Derivative, 2->Electric/Dipole, 3->Electric/Quad, 4->Magnetic/Dipole, 5->Magnetic/Quad"
   &DENSLEVEL [&Type "Integer"] 0 "// Source of density: relaxed, unrelaxed, ... 0->Unknown, 1->Linearized, 2->Unrelaxed, 3->Relaxed"
   &REPRESENTATION [&Type "String"] "Length" "Possible values: Unknown,  Length, Velocity"
   &POINTGROUP [&Type "String"] "C1"
   &NTRANS [&Type "Integer"] 1
   &DOHIGHERMOMENTS [&Type "Boolean"] false
   &STATES [&Type "ArrayOfIntegers", &Dim (1,4)] "The initial and Final states. Col1: Initial State  Col2: Initial Irrep Col3: Final State Col4: Final Irrep"
                                                         0                           1                           2                           3

0                                                        0                           0                           1                           0
   &MULTIPLICITIES [&Type "ArrayOfDoubles", &Dim (1,2)] "Col1: Multiplicity of the initial state  Col2: Multiplicity of the final state"
                                                         0                           1

0                                      1.0000000000000000e+00         1.0000000000000000e+00
   &EXCITATIONENERGIES [&Type "ArrayOfDoubles", &Dim (1,10)] 
                                                         0                           1                           2                           3                           4                           5                           6                           7

0                                      2.9089703689562891e+00         2.3462430776743684e+04         4.2621329798070843e+02         1.0737200210365705e+00         7.1249844648721194e-02         0.0000000000000000e+00        -1.8818817940690019e-01         0.0000000000000000e+00
                                                         8                           9

0                                      3.2327713455619200e-01         0.0000000000000000e+00
$End
$CIS_ECD_Spectrum
   &GeometryIndex 7
   &ListStatus       LAST
   &TEMPERATURE [&Type "Double"]       2.9814999999999998e+02
   &METHOD [&Type "Integer"] 20
   &RELCORRECTION [&Type "Integer"] 1 "Type of relativistic treatment in QDPT. 0->Unknow, 1->None, 2->SOC, 3->SSC, 4->SOC/SSC"
   &DENSTYPE [&Type "Integer"] 3 "Type of density (electron/spin ...). 0->Unknow, 1->Electronic, 2->Spin, 3->Trans/Electronic, 4->Tran/Spin"
   &DERITYPE [&Type "Integer"] 0 "Type of derivative (w.r.t. to what perturbation). 0->Unknown, 1->No Derivative, 2->Electric/Dipole, 3->Electric/Quad, 4->Magnetic/Dipole, 5->Magnetic/Quad"
   &DENSLEVEL [&Type "Integer"] 0 "// Source of density: relaxed, unrelaxed, ... 0->Unknown, 1->Linearized, 2->Unrelaxed, 3->Relaxed"
   &REPRESENTATION [&Type "String"] "Velocity" "Possible values: Unknown,  Length, Velocity"
   &POINTGROUP [&Type "String"] "C1"
   &NTRANS [&Type "Integer"] 1
   &DOHIGHERMOMENTS [&Type "Boolean"] false
   &STATES [&Type "ArrayOfIntegers", &Dim (1,4)] "The initial and Final states. Col1: Initial State  Col2: Initial Irrep Col3: Final State Col4: Final Irrep"
                                                         0                           1                           2                           3

0                                                        0                           0                           1                           0
   &MULTIPLICITIES [&Type "ArrayOfDoubles", &Dim (1,2)] "Col1: Multiplicity of the initial state  Col2: Multiplicity of the final state"
                                                         0                           1

0                                      1.0000000000000000e+00         1.0000000000000000e+00
   &EXCITATIONENERGIES [&Type "ArrayOfDoubles", &Dim (1,10)] 
                                                         0                           1                           2                           3                           4                           5                           6                           7

0                                      2.9089703689562891e+00         2.3462430776743684e+04         4.2621329798070843e+02         1.0874311385895799e+01         7.1249844648721194e-02         0.0000000000000000e+00        -1.8818817940690019e-01         0.0000000000000000e+00
                                                         8                           9

0                                      3.2327713455619200e-01         0.0000000000000000e+00
$End
$CIS_Nuc_Gradient
   &GeometryIndex 7
   &ListStatus       OUT
   &NATOMS [&Type "Integer"] 35
   &ROOT [&Type "Integer"] 1
   &GRADNORM [&Type "Double"]       5.3180960450052337e-04
   &GRAD [&Type "ArrayOfDoubles", &Dim (105,1)] 
                                                         0

0                                     -6.2216052874497995e-05
1                                      1.9782893408937306e-05
2                                      2.7705657004809057e-05
3                                      4.0874272118312247e-05
4                                      8.7358415563664263e-06
5                                      2.6525130786252495e-05
6                                     -4.2246586253153840e-06
7                                     -3.7092061491137882e-05
8                                      1.2907291537950726e-05
9                                     -6.0956031778952547e-05
10                                    -2.4858569800490643e-05
11                                     7.2507301504746437e-05
12                                     1.0471014698068094e-04
13                                    -3.0187703928270506e-05
14                                    -4.2567945159492014e-05
15                                    -1.6691538826358232e-04
16                                     1.3443092316116611e-05
17                                    -4.4558754331559011e-05
18                                     1.1034971621301173e-05
19                                    -9.7141088463512798e-07
20                                     8.7648226568214885e-06
21                                     7.9248255880257816e-05
22                                    -2.8208283643560948e-05
23                                    -3.1755693885979664e-05
24                                    -1.8950623117291814e-05
25                                    -8.8984928013071622e-07
26                                     2.6590024919505100e-06
27                                    -1.7720610155827417e-04
28                                     3.8968164551559888e-05
29                                     6.3926027894999933e-05
30                                     4.1455153904604693e-05
31                                    -9.3196819486553683e-05
32                                    -8.3568639140707058e-05
33                                     8.6275175626976635e-05
34                                     1.6639563995293858e-04
35                                     6.7982346828637872e-05
36                                    -1.1192826222320118e-05
37                                    -2.2916704866913096e-06
38                                    -3.2717100734716066e-05
39                                     1.6649177560046076e-05
40                                     5.5193569483704373e-06
41                                    -3.0946254275479048e-05
42                                     4.1704899482957890e-05
43                                     5.8804976298533582e-05
44                                     2.5332831089655897e-06
45                                     2.4106774514699183e-04
46                                    -8.6813701114795842e-05
47                                     3.6220552076754242e-05
48                                    -7.3758904215618661e-05
49                                    -1.2753793812678898e-05
50                                    -7.3509273061787188e-06
51                                    -1.1237527424747798e-05
52                                     3.1142406621282931e-05
53                                    -2.1406271085278809e-05
54                                    -2.9354089496502268e-05
55                                     2.2678957750289438e-05
56                                     1.2550514297484916e-05
57                                    -1.3505111889870768e-05
58                                    -2.1327606874563753e-05
59                                     8.0719519771998700e-05
60                                     3.6598314378725422e-05
61                                     1.8891599747456744e-05
62                                    -2.1198313807900830e-06
63                                     1.1618646567437231e-05
64                                    -5.0121287700887002e-06
65                                     5.6863864722274025e-06
66                                    -4.0746140390523133e-06
67                                     1.8064531854341772e-05
68                                    -2.5531616481545578e-05
69                                    -4.5845385949786432e-06
70                                    -1.5721199470905377e-05
71                                     1.4742361395530705e-05
72                                    -8.5492766356173562e-06
73                                     5.5774935353202957e-06
74                                    -4.2299010152664655e-06
75                                     6.6025396285371426e-06
76                                     8.2517570207579283e-06
77                                     2.1507253370156842e-05
78                                    -2.8478549656839901e-05
79                                    -2.0257287314349808e-05
80                                     2.3013877273211762e-05
81                                    -2.0537268822141085e-05
82                                    -6.1765989066998037e-06
83                                     2.1337311947300696e-05
84                                     2.1765335539618909e-06
85                                    -1.6614886234921902e-05
86                                     2.0121249224946025e-05
87                                    -4.9966944735775046e-05
88                                    -2.3281156222578381e-05
89                                     1.1243645434572109e-05
90                                    -5.7562915773198961e-07
91                                     3.1671409739880224e-05
92                                     1.0241536016799549e-05
93                                     9.8692706237063361e-07
94                                     6.8694576094326110e-06
95                                    -1.5386234425755085e-05
96                                    -1.3602118757122771e-05
97                                     1.4511446735023577e-05
98                                    -2.7760739007967903e-05
99                                    -1.5471385144189464e-05
100                                   -7.1256379348070816e-07
101                                   -2.8596772999095975e-05
102                                   -3.1937219278809916e-05
103                                   -8.6883346984850738e-05
104                                   -6.6137705322490972e-05
$End
$VdW_Correction
   &GeometryIndex 7
   &ListStatus       OUT
   &VDW [&Type "Double"]      -7.7348515460309658e-02
$End
$Geometry
   &GeometryIndex 8
   &ListStatus       OUT
   &NATOMS [&Type "Integer"] 35
   &NCORELESSECP [&Type "Integer"] 0
   &NGHOSTATOMS [&Type "Integer"] 0
   &CartesianCoordinates [&Type "Coordinates", &Dim(35,4), &Units "Bohr"] 
              C     -5.809167035627   -1.256064543492   -0.064249084181
              C     -5.025638760650   -3.287411332831   -1.528140460841
              C     -2.524532023382   -3.428685615589   -2.234001086272
              C     -4.101701506995    0.647319678340    0.675056207926
              C     -1.506446894797    0.572295230598    0.012403415028
              O     -4.922011166689    2.532138518975    2.195699176267
              C     -0.742572309554   -1.538781667598   -1.487200045308
              C      1.771430943205   -1.775012280642   -2.267506589629
              C      3.534867929240    0.021857496518   -1.579426767268
              C      0.350739747744    2.407777779511    0.694369151596
              C      2.872928491357    2.147575496748   -0.095240265723
              N     -0.235929218959    4.514643796739    2.139052011711
              C      1.536811108157    6.291653764182    2.802516283593
              C      3.994509359788    6.053124482784    2.046796561633
              C      4.720703444991    3.975857872011    0.576369170798
              C     -7.338494627109    3.621907011646    1.797698075945
              O     -8.314043831395    3.563513790144   -0.274256680865
              N     -8.185972329205    4.698617727794    3.906477187445
              C    -10.508001146724    6.185794685569    3.809083800911
              C     -6.910435280321    4.622341182226    6.355067111519
              H     -5.448782060464    3.188893854241    6.372891570652
              H     -8.307708115463    4.175975821219    7.801315542633
              H     -6.080827499642    6.464079720906    6.774719863696
              H    -11.246598157375    6.191805652404    1.897665372909
              H    -10.105901017351    8.118830772641    4.404598533298
              H    -11.900878488678    5.367425452617    5.089674933582
              H     -1.843192697390   -4.990241057779   -3.363074358353
              H     -7.742657913606   -1.131410253586    0.572824118410
              H     -6.356976149109   -4.735711205268   -2.072806066982
              H      2.319506530784   -3.377200721214   -3.411060127993
              H      5.480631080895   -0.177074867676   -2.177412177171
              H      0.841697123001    7.841565640538    3.929217573097
              H      5.343250925329    7.484456068823    2.595143568363
              H      6.642490123930    3.738160722047   -0.065226479005
              H     -2.023506740056    4.740658648136    2.740343004657
$End
$SCF_Energy
   &GeometryIndex 8
   &ListStatus       OUT
   &SCF_ENERGY [&Type "Double"]      -8.7837036820354786e+02
$End
$DFT_Energy
   &GeometryIndex 8
   &ListStatus       OUT
   &NALPHAEL [&Type "Integer"] 70
   &NBETAEL [&Type "Integer"] 70
   &NTOTALEL [&Type "Integer"] 140
   &EEXCHANGE [&Type "Double"]      -9.3697077051570460e+01
   &ECORR [&Type "Double"]      -5.6390068792832313e+00
   &ECNL [&Type "Double"]       0.0000000000000000e+00
   &EXC [&Type "Double"]      -9.9336083930853690e+01
   &EEMBED [&Type "Double"]       0.0000000000000000e+00
   &FINALEN [&Type "Double"]      -8.7837036820354786e+02  "No Van der Waals correction"
$End
$Solvation_Details
   &GeometryIndex 8
   &ListStatus       OUT
   &SOLVENT [&Type "String"] "WATER"
   &EPSILON [&Type "Double"]       8.0150999999999996e+01
   &REFRAC [&Type "Double"]       1.3328000000000000e+00
   &RSOLV [&Type "Double"]       1.3000000000000000e+00
   &SURFACETYPE [&Type "String"] "GAUSSIAN VDW"
   &NPOINTS [&Type "Integer"] 3056
   &SURFACEAREA [&Type "Double"]       1.0855512692160000e+03
   &CPCMDIELENERGY [&Type "Double"]      -8.7054909000000000e-02
$End
$CIS_Absorption_Spectrum
   &GeometryIndex 8
   &ListStatus       FIRST
   &TEMPERATURE [&Type "Double"]       2.9814999999999998e+02
   &METHOD [&Type "Integer"] 20
   &RELCORRECTION [&Type "Integer"] 1 "Type of relativistic treatment in QDPT. 0->Unknow, 1->None, 2->SOC, 3->SSC, 4->SOC/SSC"
   &DENSTYPE [&Type "Integer"] 3 "Type of density (electron/spin ...). 0->Unknow, 1->Electronic, 2->Spin, 3->Trans/Electronic, 4->Tran/Spin"
   &DERITYPE [&Type "Integer"] 0 "Type of derivative (w.r.t. to what perturbation). 0->Unknown, 1->No Derivative, 2->Electric/Dipole, 3->Electric/Quad, 4->Magnetic/Dipole, 5->Magnetic/Quad"
   &DENSLEVEL [&Type "Integer"] 0 "// Source of density: relaxed, unrelaxed, ... 0->Unknown, 1->Linearized, 2->Unrelaxed, 3->Relaxed"
   &REPRESENTATION [&Type "String"] "Length" "Possible values: Unknown,  Length, Velocity"
   &POINTGROUP [&Type "String"] "C1"
   &NTRANS [&Type "Integer"] 1
   &DOHIGHERMOMENTS [&Type "Boolean"] false
   &STATES [&Type "ArrayOfIntegers", &Dim (1,4)] "The initial and Final states. Col1: Initial State  Col2: Initial Irrep Col3: Final State Col4: Final Irrep"
                                                         0                           1                           2                           3

0                                                        0                           0                           1                           0
   &MULTIPLICITIES [&Type "ArrayOfDoubles", &Dim (1,2)] "Col1: Multiplicity of the initial state  Col2: Multiplicity of the final state"
                                                         0                           1

0                                      1.0000000000000000e+00         1.0000000000000000e+00
   &EXCITATIONENERGIES [&Type "ArrayOfDoubles", &Dim (1,11)] 
                                                         0                           1                           2                           3                           4                           5                           6                           7

0                                      2.9091865403318731e+00         2.3464174316653778e+04         4.2618162757606456e+02         2.5148123206573597e-01         3.5283843758938529e+00        -1.6488931920101917e+00         0.0000000000000000e+00        -8.8594889339757776e-01
                                                         8                           9                          10

0                                      0.0000000000000000e+00        -1.5694003798872200e-01         0.0000000000000000e+00
$End
$CIS_Absorption_Spectrum
   &GeometryIndex 8
   &ListStatus       LAST
   &TEMPERATURE [&Type "Double"]       2.9814999999999998e+02
   &METHOD [&Type "Integer"] 20
   &RELCORRECTION [&Type "Integer"] 1 "Type of relativistic treatment in QDPT. 0->Unknow, 1->None, 2->SOC, 3->SSC, 4->SOC/SSC"
   &DENSTYPE [&Type "Integer"] 3 "Type of density (electron/spin ...). 0->Unknow, 1->Electronic, 2->Spin, 3->Trans/Electronic, 4->Tran/Spin"
   &DERITYPE [&Type "Integer"] 0 "Type of derivative (w.r.t. to what perturbation). 0->Unknown, 1->No Derivative, 2->Electric/Dipole, 3->Electric/Quad, 4->Magnetic/Dipole, 5->Magnetic/Quad"
   &DENSLEVEL [&Type "Integer"] 0 "// Source of density: relaxed, unrelaxed, ... 0->Unknown, 1->Linearized, 2->Unrelaxed, 3->Relaxed"
   &REPRESENTATION [&Type "String"] "Velocity" "Possible values: Unknown,  Length, Velocity"
   &POINTGROUP [&Type "String"] "C1"
   &NTRANS [&Type "Integer"] 1
   &DOHIGHERMOMENTS [&Type "Boolean"] false
   &STATES [&Type "ArrayOfIntegers", &Dim (1,4)] "The initial and Final states. Col1: Initial State  Col2: Initial Irrep Col3: Final State Col4: Final Irrep"
                                                         0                           1                           2                           3

0                                                        0                           0                           1                           0
   &MULTIPLICITIES [&Type "ArrayOfDoubles", &Dim (1,2)] "Col1: Multiplicity of the initial state  Col2: Multiplicity of the final state"
                                                         0                           1

0                                      1.0000000000000000e+00         1.0000000000000000e+00
   &EXCITATIONENERGIES [&Type "ArrayOfDoubles", &Dim (1,11)] 
                                                         0                           1                           2                           3                           4                           5                           6                           7

0                                      2.9091865403318731e+00         2.3464174316653778e+04         4.2618162757606456e+02         5.9114251422087830e-02         9.4799140887632475e-03         8.6458664916406455e-02         0.0000000000000000e+00         4.2719211281094169e-02
                                                         8                           9                          10

0                                      0.0000000000000000e+00         1.3412022112904227e-02         0.0000000000000000e+00
$End
$CIS_ECD_Spectrum
   &GeometryIndex 8
   &ListStatus       FIRST
   &TEMPERATURE [&Type "Double"]       2.9814999999999998e+02
   &METHOD [&Type "Integer"] 20
   &RELCORRECTION [&Type "Integer"] 1 "Type of relativistic treatment in QDPT. 0->Unknow, 1->None, 2->SOC, 3->SSC, 4->SOC/SSC"
   &DENSTYPE [&Type "Integer"] 3 "Type of density (electron/spin ...). 0->Unknow, 1->Electronic, 2->Spin, 3->Trans/Electronic, 4->Tran/Spin"
   &DERITYPE [&Type "Integer"] 0 "Type of derivative (w.r.t. to what perturbation). 0->Unknown, 1->No Derivative, 2->Electric/Dipole, 3->Electric/Quad, 4->Magnetic/Dipole, 5->Magnetic/Quad"
   &DENSLEVEL [&Type "Integer"] 0 "// Source of density: relaxed, unrelaxed, ... 0->Unknown, 1->Linearized, 2->Unrelaxed, 3->Relaxed"
   &REPRESENTATION [&Type "String"] "Length" "Possible values: Unknown,  Length, Velocity"
   &POINTGROUP [&Type "String"] "C1"
   &NTRANS [&Type "Integer"] 1
   &DOHIGHERMOMENTS [&Type "Boolean"] false
   &STATES [&Type "ArrayOfIntegers", &Dim (1,4)] "The initial and Final states. Col1: Initial State  Col2: Initial Irrep Col3: Final State Col4: Final Irrep"
                                                         0                           1                           2                           3

0                                                        0                           0                           1                           0
   &MULTIPLICITIES [&Type "ArrayOfDoubles", &Dim (1,2)] "Col1: Multiplicity of the initial state  Col2: Multiplicity of the final state"
                                                         0                           1

0                                      1.0000000000000000e+00         1.0000000000000000e+00
   &EXCITATIONENERGIES [&Type "ArrayOfDoubles", &Dim (1,10)] 
                                                         0                           1                           2                           3                           4                           5                           6                           7

0                                      2.9091865403318731e+00         2.3464174316653778e+04         4.2618162757606456e+02         1.2097153285500415e+00         7.1646620560773103e-02         0.0000000000000000e+00        -1.8754942845217584e-01         0.0000000000000000e+00
                                                         8                           9

0                                      3.2233665339579615e-01         0.0000000000000000e+00
$End
$CIS_ECD_Spectrum
   &GeometryIndex 8
   &ListStatus       LAST
   &TEMPERATURE [&Type "Double"]       2.9814999999999998e+02
   &METHOD [&Type "Integer"] 20
   &RELCORRECTION [&Type "Integer"] 1 "Type of relativistic treatment in QDPT. 0->Unknow, 1->None, 2->SOC, 3->SSC, 4->SOC/SSC"
   &DENSTYPE [&Type "Integer"] 3 "Type of density (electron/spin ...). 0->Unknow, 1->Electronic, 2->Spin, 3->Trans/Electronic, 4->Tran/Spin"
   &DERITYPE [&Type "Integer"] 0 "Type of derivative (w.r.t. to what perturbation). 0->Unknown, 1->No Derivative, 2->Electric/Dipole, 3->Electric/Quad, 4->Magnetic/Dipole, 5->Magnetic/Quad"
   &DENSLEVEL [&Type "Integer"] 0 "// Source of density: relaxed, unrelaxed, ... 0->Unknown, 1->Linearized, 2->Unrelaxed, 3->Relaxed"
   &REPRESENTATION [&Type "String"] "Velocity" "Possible values: Unknown,  Length, Velocity"
   &POINTGROUP [&Type "String"] "C1"
   &NTRANS [&Type "Integer"] 1
   &DOHIGHERMOMENTS [&Type "Boolean"] false
   &STATES [&Type "ArrayOfIntegers", &Dim (1,4)] "The initial and Final states. Col1: Initial State  Col2: Initial Irrep Col3: Final State Col4: Final Irrep"
                                                         0                           1                           2                           3

0                                                        0                           0                           1                           0
   &MULTIPLICITIES [&Type "ArrayOfDoubles", &Dim (1,2)] "Col1: Multiplicity of the initial state  Col2: Multiplicity of the final state"
                                                         0                           1

0                                      1.0000000000000000e+00         1.0000000000000000e+00
   &EXCITATIONENERGIES [&Type "ArrayOfDoubles", &Dim (1,10)] 
                                                         0                           1                           2                           3                           4                           5                           6                           7

0                                      2.9091865403318731e+00         2.3464174316653778e+04         4.2618162757606456e+02         1.1049515840260037e+01         7.1646620560773103e-02         0.0000000000000000e+00        -1.8754942845217584e-01         0.0000000000000000e+00
                                                         8                           9

0                                      3.2233665339579615e-01         0.0000000000000000e+00
$End
$CIS_Nuc_Gradient
   &GeometryIndex 8
   &ListStatus       OUT
   &NATOMS [&Type "Integer"] 35
   &ROOT [&Type "Integer"] 1
   &GRADNORM [&Type "Double"]       4.4703534062548537e-04
   &GRAD [&Type "ArrayOfDoubles", &Dim (105,1)] 
                                                         0

0                                      1.3240413484666511e-05
1                                      1.4945835505965127e-06
2                                      2.9206421023235309e-05
3                                     -5.8134014767356225e-05
4                                     -7.4943320454168034e-05
5                                      2.5477703364662073e-05
6                                     -1.1402277922989185e-05
7                                     -5.3203603494872387e-05
8                                     -2.3109152846165519e-05
9                                      1.1754287409539919e-04
10                                    -7.2243209378715693e-05
11                                    -7.9270130056078881e-05
12                                    -9.3137586281080757e-05
13                                     5.5920117316307459e-05
14                                     4.0594387908267056e-05
15                                    -1.1959885005611223e-04
16                                     9.6419340654618906e-05
17                                     1.4405459086604892e-04
18                                     1.3656799844119830e-06
19                                     4.4545716208488676e-05
20                                     3.3164434373354258e-05
21                                     4.4489576925763768e-05
22                                    -7.2467695575701525e-06
23                                    -2.7492725301578075e-06
24                                     3.3817542467558508e-05
25                                    -6.2876148514369110e-05
26                                    -5.9312763602739475e-05
27                                    -8.9694345354024538e-06
28                                    -6.1111915138162818e-05
29                                    -4.2176145876510589e-05
30                                    -3.1194583366828273e-05
31                                    -3.0588630349441643e-05
32                                    -1.4714958693384426e-05
33                                    -2.3611601442594609e-05
34                                     7.3294506800247608e-05
35                                     2.4379785170209332e-05
36                                    -1.2608953807753047e-05
37                                     5.2544949714124689e-05
38                                     2.5292588176781369e-05
39                                     2.9692958841234763e-05
40                                     2.8698723231565960e-06
41                                    -4.1413470597639136e-05
42                                     1.8481691238114587e-06
43                                     6.5479410785163983e-05
44                                     1.2445061535757040e-05
45                                     1.3360158173343108e-04
46                                    -1.4900827988100510e-04
47                                    -6.3274786727195154e-05
48                                    -6.2685580369479024e-05
49                                     3.2319421527425649e-05
50                                     3.9261436780721145e-05
51                                     3.1845590495459134e-05
52                                    -1.0948824811012287e-05
53                                    -4.7774604737790870e-06
54                                    -4.2859019286084358e-06
55                                     2.4727437176292775e-05
56                                    -2.4777286537790480e-06
57                                     1.6477870836913199e-06
58                                     4.0275135202202424e-05
59                                    -6.2534022022252018e-07
60                                     1.5754496261216659e-05
61                                     1.3395082863363276e-05
62                                     1.9768402054412418e-06
63                                     1.0107559896812158e-05
64                                    -5.5975450956908960e-06
65                                     1.1204934141794472e-05
66                                    -5.1260850942718165e-06
67                                    -4.2327844954246588e-06
68                                     1.7323296048328562e-05
69                                    -2.3988590235119421e-05
70                                    -4.9213460450344131e-06
71                                     2.2097084882256811e-05
72                                    -1.9040202293781831e-05
73                                    -5.1648585299838602e-06
74                                    -4.5929336639772875e-06
75                                     1.0439961634457881e-05
76                                     7.3370576940017310e-06
77                                     1.1142165249709854e-05
78                                    -2.8514129104650549e-05
79                                    -2.1136409326504924e-05
80                                     3.4417001206500577e-05
81                                    -1.1785266563958023e-06
82                                    -2.9780111147719964e-06
83                                     1.0047022997661732e-05
84                                     1.0088639979934013e-05
85                                    -1.1974971661063828e-05
86                                     2.2031106801173258e-05
87                                    -2.4086295910295656e-05
88                                    -7.2903460618605571e-06
89                                     2.8278539949119286e-06
90                                    -7.7067214940157469e-06
91                                     3.1876251189178471e-06
92                                    -2.4093766238841082e-06
93                                     8.5483017213081317e-06
94                                     9.7673028827541860e-06
95                                    -2.8778650045196573e-05
96                                    -1.7152897277605773e-05
97                                     1.2204431098859525e-05
98                                    -2.3897336331696914e-05
99                                    -1.2308087174993777e-05
100                                    3.1553622083372500e-06
101                                   -2.5635258053643925e-05
102                                    1.5906752992598199e-06
103                                   -1.4716072688218305e-06
104                                   -1.7545113310126983e-05
$End
$VdW_Correction
   &GeometryIndex 8
   &ListStatus       OUT
   &VDW [&Type "Double"]      -7.7347952710077772e-02
$End
$Geometry
   &GeometryIndex 9
   &ListStatus       OUT
   &NATOMS [&Type "Integer"] 35
   &NCORELESSECP [&Type "Integer"] 0
   &NGHOSTATOMS [&Type "Integer"] 0
   &CartesianCoordinates [&Type "Coordinates", &Dim(35,4), &Units "Bohr"] 
              C     -5.809046436947   -1.254854184498   -0.063613525050
              C     -5.025859250258   -3.286603511802   -1.527098735340
              C     -2.524811033278   -3.428349685393   -2.233111167998
              C     -4.101398889888    0.648637643750    0.674937068530
              C     -1.506095895603    0.572751155272    0.012513330907
              O     -4.921313604325    2.534271143288    2.194528262775
              C     -0.742622386257   -1.538654468787   -1.486710410978
              C      1.771280471605   -1.775222886549   -2.267063733834
              C      3.534948204351    0.021553924524   -1.579381769094
              C      0.351396259617    2.407932264318    0.694283276293
              C      2.873437991371    2.147494786313   -0.095411248326
              N     -0.235038041562    4.514717590754    2.138973550931
              C      1.537835254958    6.291745987517    2.801932081074
              C      3.995451536363    6.053030304732    2.046064904260
              C      4.721435245354    3.975483688052    0.575913227986
              C     -7.338500627085    3.623420513543    1.796838213999
              O     -8.313336240117    3.565553967796   -0.275417377611
              N     -8.186674127495    4.698423819819    3.906130197149
              C    -10.509220584198    6.184705928913    3.809368682507
              C     -6.911297631704    4.621174699301    6.354717401962
              H     -5.450158946765    3.187214879279    6.372307930926
              H     -8.308785313291    4.175012617122    7.800817323467
              H     -6.081054194369    6.462558401401    6.774788216323
              H    -11.247103646155    6.192173844795    1.897665363235
              H    -10.108017911351    8.117340222365    4.406824973228
              H    -11.902230405031    5.364523904498    5.088699699650
              H     -1.843618698099   -4.990021427062   -3.362152213886
              H     -7.742459463347   -1.129924413672    0.573698708953
              H     -6.357451298038   -4.734894871222   -2.071198842213
              H      2.319365702946   -3.377587796422   -3.410380822638
              H      5.480580994996   -0.177799182492   -2.177635864572
              H      0.842842300508    7.841829537465    3.928499328165
              H      5.344348617198    7.484364249877    2.594052749815
              H      6.643199074015    3.737518338597   -0.065662946215
              H     -2.022435190242    4.741156336293    2.740666211701
$End
$SCF_Energy
   &GeometryIndex 9
   &ListStatus       FIRST
   &SCF_ENERGY [&Type "Double"]      -8.7837036674629803e+02
$End
$DFT_Energy
   &GeometryIndex 9
   &ListStatus       FIRST
   &NALPHAEL [&Type "Integer"] 70
   &NBETAEL [&Type "Integer"] 70
   &NTOTALEL [&Type "Integer"] 140
   &EEXCHANGE [&Type "Double"]      -9.3697194111053179e+01
   &ECORR [&Type "Double"]      -5.6390177665351393e+00
   &ECNL [&Type "Double"]       0.0000000000000000e+00
   &EXC [&Type "Double"]      -9.9336211877588312e+01
   &EEMBED [&Type "Double"]       0.0000000000000000e+00
   &FINALEN [&Type "Double"]      -8.7837036674629803e+02  "No Van der Waals correction"
$End
$Solvation_Details
   &GeometryIndex 9
   &ListStatus       FIRST
   &SOLVENT [&Type "String"] "WATER"
   &EPSILON [&Type "Double"]       8.0150999999999996e+01
   &REFRAC [&Type "Double"]       1.3328000000000000e+00
   &RSOLV [&Type "Double"]       1.3000000000000000e+00
   &SURFACETYPE [&Type "String"] "GAUSSIAN VDW"
   &NPOINTS [&Type "Integer"] 3055
   &SURFACEAREA [&Type "Double"]       1.0855674297040000e+03
   &CPCMDIELENERGY [&Type "Double"]      -8.7052157000000005e-02
$End
$Mulliken_Population_Analysis
   &GeometryIndex 9
   &ListStatus       OUT
   &NATOMS [&Type "Integer"] 35
   &ATNO [&Type "ArrayOfIntegers", &Dim (35,1)] 
                                                         0

0                                                        6
1                                                        6
2                                                        6
3                                                        6
4                                                        6
5                                                        8
6                                                        6
7                                                        6
8                                                        6
9                                                        6
10                                                       6
11                                                       7
12                                                       6
13                                                       6
14                                                       6
15                                                       6
16                                                       8
17                                                       7
18                                                       6
19                                                       6
20                                                       1
21                                                       1
22                                                       1
23                                                       1
24                                                       1
25                                                       1
26                                                       1
27                                                       1
28                                                       1
29                                                       1
30                                                       1
31                                                       1
32                                                       1
33                                                       1
34                                                       1
   &ATOMICCHARGES [&Type "ArrayOfDoubles", &Dim (35,1)] 
                                                         0

0                                     -1.2131381711900779e-01
1                                     -8.9054841533549478e-02
2                                     -1.8931620260118631e-01
3                                      2.0607923837538333e-01
4                                      2.7537274501528941e-01
5                                     -5.3977700271898499e-01
6                                      2.2308516112114063e-01
7                                     -1.9674649521387000e-01
8                                     -2.6367575031135182e-01
9                                     -6.3067919306267761e-02
10                                     4.1511985124734352e-01
11                                    -1.7827534169425441e-01
12                                     1.0451973453664198e-01
13                                    -3.2143029087141173e-02
14                                    -1.4774361163542693e-01
15                                     6.6921961549217457e-01
16                                    -5.8805682850467456e-01
17                                    -2.0284677282023011e-01
18                                    -2.4973138905644010e-01
19                                    -2.7079771322629842e-01
20                                     1.6033096671417746e-01
21                                     1.5161188530785985e-01
22                                     1.4641982572936385e-01
23                                     1.5066508094396014e-01
24                                     1.4324801677388832e-01
25                                     1.4640084834076639e-01
26                                     1.2042710442982729e-01
27                                     1.2138391889881639e-01
28                                     1.2255659148571330e-01
29                                     1.2129669207330052e-01
30                                     1.1896953724984738e-01
31                                     1.8313545330014813e-01
32                                     1.4974030093493973e-01
33                                     1.5586121122686714e-01
34                                     2.4710293563077379e-01
$End
$Loewdin_Population_Analysis
   &GeometryIndex 9
   &ListStatus       OUT
   &NATOMS [&Type "Integer"] 35
   &ATNO [&Type "ArrayOfIntegers", &Dim (35,1)] 
                                                         0

0                                                        6
1                                                        6
2                                                        6
3                                                        6
4                                                        6
5                                                        8
6                                                        6
7                                                        6
8                                                        6
9                                                        6
10                                                       6
11                                                       7
12                                                       6
13                                                       6
14                                                       6
15                                                       6
16                                                       8
17                                                       7
18                                                       6
19                                                       6
20                                                       1
21                                                       1
22                                                       1
23                                                       1
24                                                       1
25                                                       1
26                                                       1
27                                                       1
28                                                       1
29                                                       1
30                                                       1
31                                                       1
32                                                       1
33                                                       1
34                                                       1
   &ATOMICCHARGES [&Type "ArrayOfDoubles", &Dim (35,1)] 
                                                         0

0                                     -8.3920807053971203e-02
1                                     -1.0702567591412571e-01
2                                     -7.9033998076637246e-02
3                                     -1.1970623419306836e-01
4                                     -3.0463507402559209e-02
5                                      1.6758527218440555e-01
6                                     -7.2284553347123470e-02
7                                     -6.3319326759160965e-02
8                                     -6.9405735194580487e-02
9                                     -1.3234364506725882e-02
10                                    -7.8033301728885007e-02
11                                     2.2053089202476883e-01
12                                    -3.2630146321202425e-02
13                                    -9.8352983875272137e-02
14                                     1.5660445608231655e-02
15                                    -3.3373973633499254e-01
16                                    -6.1086372394457911e-02
17                                     9.3310424884757381e-02
18                                    -2.0442424589667585e-01
19                                    -2.1043182390021276e-01
20                                     1.2078954556319965e-01
21                                     1.1966812632583901e-01
22                                     1.1628339651886821e-01
23                                     1.2114048644633801e-01
24                                     1.1766487736760622e-01
25                                     1.1741839145141941e-01
26                                     1.4804941369735525e-01
27                                     1.5107722084813857e-01
28                                     1.4866375279867927e-01
29                                     1.5408221603888939e-01
30                                     1.5278930440132477e-01
31                                     1.6151143676424251e-01
32                                     1.6030550643395369e-01
33                                     1.6152639968857530e-01
34                                     2.0903570385255887e-01
$End
$Mayer_Population_Analysis
   &GeometryIndex 9
   &ListStatus       FIRST
   &NATOMS [&Type "Integer"] 35 "Total number of atoms"
   &BONDTHRESH [&Type "Double"]       1.0000000000000001e-01  "The threshold for printing"
   &NBONDORDERSPRINT [&Type "Integer"] 37 "The number of bond orders larger than threshold"
   &BONDORDERS [&Type "ArrayOfDoubles", &Dim (37,1)] "The bond orders"
                                                         0

0                                      1.2915775235043296e+00
1                                      1.4105956510325683e+00
2                                      9.8135434678454125e-01
3                                      1.4011898980049977e+00
4                                      9.9177550318897101e-01
5                                      1.2584328910952807e+00
6                                      9.9331494980674284e-01
7                                      1.1956580743447844e+00
8                                      8.9271777540114949e-01
9                                      1.2914908707521606e+00
10                                     9.9728963968404394e-01
11                                     9.2667418937272761e-01
12                                     1.1778333944517647e+00
13                                     1.4538699401456094e+00
14                                     1.0089027208914303e+00
15                                     1.1417064480829768e+00
16                                     1.0163740306329363e+00
17                                     1.3150567017863115e+00
18                                     1.2724455508888957e+00
19                                     1.2937188385686107e+00
20                                     1.3148054349574962e+00
21                                     8.6425988333740533e-01
22                                     1.4253422920286105e+00
23                                     9.3882863464865507e-01
24                                     1.3958881837159749e+00
25                                     9.5945316229653477e-01
26                                     9.5405785020179812e-01
27                                     1.8640777970656501e+00
28                                     1.3820979260063631e+00
29                                     9.2920559927476176e-01
30                                     9.3303585731393535e-01
31                                     9.6196113441488018e-01
32                                     9.5805019433182925e-01
33                                     9.6161834186613881e-01
34                                     9.5871093729570944e-01
35                                     9.5550829756699784e-01
36                                     9.6217256675787188e-01
   &COMPONENTS [&Type "ArrayOfIntegers", &Dim (37,4)] "The indices and atomic numbers of the bonding atoms"
                                                         0                           1                           2                           3

0                                                        0                           6                           1                           6
1                                                        0                           6                           3                           6
2                                                        0                           6                          27                           1
3                                                        1                           6                           2                           6
4                                                        1                           6                          28                           1
5                                                        2                           6                           6                           6
6                                                        2                           6                          26                           1
7                                                        3                           6                           4                           6
8                                                        3                           6                           5                           8
9                                                        4                           6                           6                           6
10                                                       4                           6                           9                           6
11                                                       5                           8                          15                           6
12                                                       6                           6                           7                           6
13                                                       7                           6                           8                           6
14                                                       7                           6                          29                           1
15                                                       8                           6                          10                           6
16                                                       8                           6                          30                           1
17                                                       9                           6                          10                           6
18                                                       9                           6                          11                           7
19                                                      10                           6                          14                           6
20                                                      11                           7                          12                           6
21                                                      11                           7                          34                           1
22                                                      12                           6                          13                           6
23                                                      12                           6                          31                           1
24                                                      13                           6                          14                           6
25                                                      13                           6                          32                           1
26                                                      14                           6                          33                           1
27                                                      15                           6                          16                           8
28                                                      15                           6                          17                           7
29                                                      17                           7                          18                           6
30                                                      17                           7                          19                           6
31                                                      18                           6                          23                           1
32                                                      18                           6                          24                           1
33                                                      18                           6                          25                           1
34                                                      19                           6                          20                           1
35                                                      19                           6                          21                           1
36                                                      19                           6                          22                           1
   &ATNO [&Type "ArrayOfIntegers", &Dim (35,1)] "Atomic number of the elements"
                                                         0

0                                                        6
1                                                        6
2                                                        6
3                                                        6
4                                                        6
5                                                        8
6                                                        6
7                                                        6
8                                                        6
9                                                        6
10                                                       6
11                                                       7
12                                                       6
13                                                       6
14                                                       6
15                                                       6
16                                                       8
17                                                       7
18                                                       6
19                                                       6
20                                                       1
21                                                       1
22                                                       1
23                                                       1
24                                                       1
25                                                       1
26                                                       1
27                                                       1
28                                                       1
29                                                       1
30                                                       1
31                                                       1
32                                                       1
33                                                       1
34                                                       1
   &NA [&Type "ArrayOfDoubles", &Dim (35,1)] "Mulliken gross atomic population"
                                                         0

0                                      6.1213138171190051e+00
1                                      6.0890548415335237e+00
2                                      6.1893162026011819e+00
3                                      5.7939207616246007e+00
4                                      5.7246272549847204e+00
5                                      8.5397770027189441e+00
6                                      5.7769148388788771e+00
7                                      6.1967464952138664e+00
8                                      6.2636757503113776e+00
9                                      6.0630679193062447e+00
10                                     5.5848801487526574e+00
11                                     7.1782753416942722e+00
12                                     5.8954802654633465e+00
13                                     6.0321430290871447e+00
14                                     6.1477436116354269e+00
15                                     5.3307803845078672e+00
16                                     8.5880568285046497e+00
17                                     7.2028467728202275e+00
18                                     6.2497313890564428e+00
19                                     6.2707977132263029e+00
20                                     8.3966903328582143e-01
21                                     8.4838811469214004e-01
22                                     8.5358017427063571e-01
23                                     8.4933491905603742e-01
24                                     8.5675198322611112e-01
25                                     8.5359915165923272e-01
26                                     8.7957289557017271e-01
27                                     8.7861608110118528e-01
28                                     8.7744340851428648e-01
29                                     8.7870330792670026e-01
30                                     8.8103046275015573e-01
31                                     8.1686454669985320e-01
32                                     8.5025969906506271e-01
33                                     8.4413878877313275e-01
34                                     7.5289706436922654e-01
   &ZA [&Type "ArrayOfDoubles", &Dim (35,1)] "Total nuclear charge"
                                                         0

0                                      6.0000000000000000e+00
1                                      6.0000000000000000e+00
2                                      6.0000000000000000e+00
3                                      6.0000000000000000e+00
4                                      6.0000000000000000e+00
5                                      8.0000000000000000e+00
6                                      6.0000000000000000e+00
7                                      6.0000000000000000e+00
8                                      6.0000000000000000e+00
9                                      6.0000000000000000e+00
10                                     6.0000000000000000e+00
11                                     7.0000000000000000e+00
12                                     6.0000000000000000e+00
13                                     6.0000000000000000e+00
14                                     6.0000000000000000e+00
15                                     6.0000000000000000e+00
16                                     8.0000000000000000e+00
17                                     7.0000000000000000e+00
18                                     6.0000000000000000e+00
19                                     6.0000000000000000e+00
20                                     1.0000000000000000e+00
21                                     1.0000000000000000e+00
22                                     1.0000000000000000e+00
23                                     1.0000000000000000e+00
24                                     1.0000000000000000e+00
25                                     1.0000000000000000e+00
26                                     1.0000000000000000e+00
27                                     1.0000000000000000e+00
28                                     1.0000000000000000e+00
29                                     1.0000000000000000e+00
30                                     1.0000000000000000e+00
31                                     1.0000000000000000e+00
32                                     1.0000000000000000e+00
33                                     1.0000000000000000e+00
34                                     1.0000000000000000e+00
   &QA [&Type "ArrayOfDoubles", &Dim (35,1)] "Mulliken gross atomic charge"
                                                         0

0                                     -1.2131381711900513e-01
1                                     -8.9054841533523721e-02
2                                     -1.8931620260118187e-01
3                                      2.0607923837539932e-01
4                                      2.7537274501527964e-01
5                                     -5.3977700271894413e-01
6                                      2.2308516112112287e-01
7                                     -1.9674649521386645e-01
8                                     -2.6367575031137758e-01
9                                     -6.3067919306244669e-02
10                                     4.1511985124734263e-01
11                                    -1.7827534169427217e-01
12                                     1.0451973453665353e-01
13                                    -3.2143029087144726e-02
14                                    -1.4774361163542693e-01
15                                     6.6921961549213282e-01
16                                    -5.8805682850464969e-01
17                                    -2.0284677282022745e-01
18                                    -2.4973138905644277e-01
19                                    -2.7079771322630286e-01
20                                     1.6033096671417857e-01
21                                     1.5161188530785996e-01
22                                     1.4641982572936429e-01
23                                     1.5066508094396258e-01
24                                     1.4324801677388888e-01
25                                     1.4640084834076728e-01
26                                     1.2042710442982729e-01
27                                     1.2138391889881472e-01
28                                     1.2255659148571352e-01
29                                     1.2129669207329974e-01
30                                     1.1896953724984427e-01
31                                     1.8313545330014680e-01
32                                     1.4974030093493729e-01
33                                     1.5586121122686725e-01
34                                     2.4710293563077346e-01
   &VA [&Type "ArrayOfDoubles", &Dim (35,1)] "Mayer's total valence"
                                                         0

0                                      3.8731925824916393e+00
1                                      3.8603867645796837e+00
2                                      3.7919767105013764e+00
3                                      3.7096264548058051e+00
4                                      3.4782265902815799e+00
5                                      1.9714841210766778e+00
6                                      3.8886509133403435e+00
7                                      3.7409348332226626e+00
8                                      3.7904227359663625e+00
9                                      3.8043842064516933e+00
10                                     3.8166132368915071e+00
11                                     3.5475360381611907e+00
12                                     3.9308676074095383e+00
13                                     3.8752040551295996e+00
14                                     3.9569380704107693e+00
15                                     4.2277321199204714e+00
16                                     2.0228177183162583e+00
17                                     3.2624505062927613e+00
18                                     3.8241283872978160e+00
19                                     3.8327746092721355e+00
20                                     9.6676864084680258e-01
21                                     9.4748155297345504e-01
22                                     9.4966194320354191e-01
23                                     9.8027066920020545e-01
24                                     9.4957638398020372e-01
25                                     9.5092087602917452e-01
26                                     9.7192472009877817e-01
27                                     9.7691391949249728e-01
28                                     9.6470465936915972e-01
29                                     9.7434360005632525e-01
30                                     9.7404252628791999e-01
31                                     9.5803589333432593e-01
32                                     9.6197243187820269e-01
33                                     9.6483030917319479e-01
34                                     9.4436708719404927e-01
   &BVA [&Type "ArrayOfDoubles", &Dim (35,1)] "Mayer's bonded valence"
                                                         0

0                                      3.8731925824917868e+00
1                                      3.8603867645796783e+00
2                                      3.7919767105013369e+00
3                                      3.7096264548058158e+00
4                                      3.4782265902815408e+00
5                                      1.9714841210767868e+00
6                                      3.8886509133403280e+00
7                                      3.7409348332228438e+00
8                                      3.7904227359665752e+00
9                                      3.8043842064516888e+00
10                                     3.8166132368916625e+00
11                                     3.5475360381612484e+00
12                                     3.9308676074095836e+00
13                                     3.8752040551296232e+00
14                                     3.9569380704107537e+00
15                                     4.2277321199203906e+00
16                                     2.0228177183163818e+00
17                                     3.2624505062927756e+00
18                                     3.8241283872977534e+00
19                                     3.8327746092721862e+00
20                                     9.6676864084679548e-01
21                                     9.4748155297346603e-01
22                                     9.4966194320355113e-01
23                                     9.8027066920018879e-01
24                                     9.4957638398020860e-01
25                                     9.5092087602916653e-01
26                                     9.7192472009875097e-01
27                                     9.7691391949249362e-01
28                                     9.6470465936914651e-01
29                                     9.7434360005635889e-01
30                                     9.7404252628795829e-01
31                                     9.5803589333433115e-01
32                                     9.6197243187823489e-01
33                                     9.6483030917321444e-01
34                                     9.4436708719404794e-01
   &FA [&Type "ArrayOfDoubles", &Dim (35,1)] "Mayer's free valence"
                                                         0

0                                      0.0000000000000000e+00
1                                      0.0000000000000000e+00
2                                      0.0000000000000000e+00
3                                      0.0000000000000000e+00
4                                      0.0000000000000000e+00
5                                      0.0000000000000000e+00
6                                      0.0000000000000000e+00
7                                      0.0000000000000000e+00
8                                      0.0000000000000000e+00
9                                      0.0000000000000000e+00
10                                     0.0000000000000000e+00
11                                     0.0000000000000000e+00
12                                     0.0000000000000000e+00
13                                     0.0000000000000000e+00
14                                     0.0000000000000000e+00
15                                     0.0000000000000000e+00
16                                     0.0000000000000000e+00
17                                     0.0000000000000000e+00
18                                     0.0000000000000000e+00
19                                     0.0000000000000000e+00
20                                     0.0000000000000000e+00
21                                     0.0000000000000000e+00
22                                     0.0000000000000000e+00
23                                     0.0000000000000000e+00
24                                     0.0000000000000000e+00
25                                     0.0000000000000000e+00
26                                     0.0000000000000000e+00
27                                     0.0000000000000000e+00
28                                     0.0000000000000000e+00
29                                     0.0000000000000000e+00
30                                     0.0000000000000000e+00
31                                     0.0000000000000000e+00
32                                     0.0000000000000000e+00
33                                     0.0000000000000000e+00
34                                     0.0000000000000000e+00
$End
$CIS_Absorption_Spectrum
   &GeometryIndex 9
   &ListStatus       FIRST
   &TEMPERATURE [&Type "Double"]       2.9814999999999998e+02
   &METHOD [&Type "Integer"] 20
   &RELCORRECTION [&Type "Integer"] 1 "Type of relativistic treatment in QDPT. 0->Unknow, 1->None, 2->SOC, 3->SSC, 4->SOC/SSC"
   &DENSTYPE [&Type "Integer"] 3 "Type of density (electron/spin ...). 0->Unknow, 1->Electronic, 2->Spin, 3->Trans/Electronic, 4->Tran/Spin"
   &DERITYPE [&Type "Integer"] 0 "Type of derivative (w.r.t. to what perturbation). 0->Unknown, 1->No Derivative, 2->Electric/Dipole, 3->Electric/Quad, 4->Magnetic/Dipole, 5->Magnetic/Quad"
   &DENSLEVEL [&Type "Integer"] 0 "// Source of density: relaxed, unrelaxed, ... 0->Unknown, 1->Linearized, 2->Unrelaxed, 3->Relaxed"
   &REPRESENTATION [&Type "String"] "Length" "Possible values: Unknown,  Length, Velocity"
   &POINTGROUP [&Type "String"] "C1"
   &NTRANS [&Type "Integer"] 1
   &DOHIGHERMOMENTS [&Type "Boolean"] false
   &STATES [&Type "ArrayOfIntegers", &Dim (1,4)] "The initial and Final states. Col1: Initial State  Col2: Initial Irrep Col3: Final State Col4: Final Irrep"
                                                         0                           1                           2                           3

0                                                        0                           0                           1                           0
   &MULTIPLICITIES [&Type "ArrayOfDoubles", &Dim (1,2)] "Col1: Multiplicity of the initial state  Col2: Multiplicity of the final state"
                                                         0                           1

0                                      1.0000000000000000e+00         1.0000000000000000e+00
   &EXCITATIONENERGIES [&Type "ArrayOfDoubles", &Dim (1,11)] 
                                                         0                           1                           2                           3                           4                           5                           6                           7

0                                      2.9090355161202597e+00         2.3462956224112026e+04         4.2620375303446900e+02         2.5163839098276541e-01         3.5307726722034598e+00         1.6494430480416979e+00         0.0000000000000000e+00         8.8625358556737643e-01
                                                         8                           9                          10

0                                      0.0000000000000000e+00         1.5705058274117262e-01         0.0000000000000000e+00
$End
$CIS_Absorption_Spectrum
   &GeometryIndex 9
   &ListStatus       IN
   &TEMPERATURE [&Type "Double"]       2.9814999999999998e+02
   &METHOD [&Type "Integer"] 20
   &RELCORRECTION [&Type "Integer"] 1 "Type of relativistic treatment in QDPT. 0->Unknow, 1->None, 2->SOC, 3->SSC, 4->SOC/SSC"
   &DENSTYPE [&Type "Integer"] 3 "Type of density (electron/spin ...). 0->Unknow, 1->Electronic, 2->Spin, 3->Trans/Electronic, 4->Tran/Spin"
   &DERITYPE [&Type "Integer"] 0 "Type of derivative (w.r.t. to what perturbation). 0->Unknown, 1->No Derivative, 2->Electric/Dipole, 3->Electric/Quad, 4->Magnetic/Dipole, 5->Magnetic/Quad"
   &DENSLEVEL [&Type "Integer"] 0 "// Source of density: relaxed, unrelaxed, ... 0->Unknown, 1->Linearized, 2->Unrelaxed, 3->Relaxed"
   &REPRESENTATION [&Type "String"] "Velocity" "Possible values: Unknown,  Length, Velocity"
   &POINTGROUP [&Type "String"] "C1"
   &NTRANS [&Type "Integer"] 1
   &DOHIGHERMOMENTS [&Type "Boolean"] false
   &STATES [&Type "ArrayOfIntegers", &Dim (1,4)] "The initial and Final states. Col1: Initial State  Col2: Initial Irrep Col3: Final State Col4: Final Irrep"
                                                         0                           1                           2                           3

0                                                        0                           0                           1                           0
   &MULTIPLICITIES [&Type "ArrayOfDoubles", &Dim (1,2)] "Col1: Multiplicity of the initial state  Col2: Multiplicity of the final state"
                                                         0                           1

0                                      1.0000000000000000e+00         1.0000000000000000e+00
   &EXCITATIONENERGIES [&Type "ArrayOfDoubles", &Dim (1,11)] 
                                                         0                           1                           2                           3                           4                           5                           6                           7

0                                      2.9090355161202597e+00         2.3462956224112026e+04         4.2620375303446900e+02         5.9182297031354088e-02         9.4903335926934708e-03        -8.6505520781676434e-02         0.0000000000000000e+00        -4.2745831407351748e-02
                                                         8                           9                          10

0                                      0.0000000000000000e+00        -1.3413514240447151e-02         0.0000000000000000e+00
$End
$CIS_ECD_Spectrum
   &GeometryIndex 9
   &ListStatus       FIRST
   &TEMPERATURE [&Type "Double"]       2.9814999999999998e+02
   &METHOD [&Type "Integer"] 20
   &RELCORRECTION [&Type "Integer"] 1 "Type of relativistic treatment in QDPT. 0->Unknow, 1->None, 2->SOC, 3->SSC, 4->SOC/SSC"
   &DENSTYPE [&Type "Integer"] 3 "Type of density (electron/spin ...). 0->Unknow, 1->Electronic, 2->Spin, 3->Trans/Electronic, 4->Tran/Spin"
   &DERITYPE [&Type "Integer"] 0 "Type of derivative (w.r.t. to what perturbation). 0->Unknown, 1->No Derivative, 2->Electric/Dipole, 3->Electric/Quad, 4->Magnetic/Dipole, 5->Magnetic/Quad"
   &DENSLEVEL [&Type "Integer"] 0 "// Source of density: relaxed, unrelaxed, ... 0->Unknown, 1->Linearized, 2->Unrelaxed, 3->Relaxed"
   &REPRESENTATION [&Type "String"] "Length" "Possible values: Unknown,  Length, Velocity"
   &POINTGROUP [&Type "String"] "C1"
   &NTRANS [&Type "Integer"] 1
   &DOHIGHERMOMENTS [&Type "Boolean"] false
   &STATES [&Type "ArrayOfIntegers", &Dim (1,4)] "The initial and Final states. Col1: Initial State  Col2: Initial Irrep Col3: Final State Col4: Final Irrep"
                                                         0                           1                           2                           3

0                                                        0                           0                           1                           0
   &MULTIPLICITIES [&Type "ArrayOfDoubles", &Dim (1,2)] "Col1: Multiplicity of the initial state  Col2: Multiplicity of the final state"
                                                         0                           1

0                                      1.0000000000000000e+00         1.0000000000000000e+00
   &EXCITATIONENERGIES [&Type "ArrayOfDoubles", &Dim (1,10)] 
                                                         0                           1                           2                           3                           4                           5                           6                           7

0                                      2.9090355161202597e+00         2.3462956224112026e+04         4.2620375303446900e+02         1.2042285540393529e+00        -7.1627669519316303e-02         0.0000000000000000e+00         1.8756091816119203e-01         0.0000000000000000e+00
                                                         8                           9

0                                     -3.2241255429821053e-01         0.0000000000000000e+00
$End
$CIS_ECD_Spectrum
   &GeometryIndex 9
   &ListStatus       IN
   &TEMPERATURE [&Type "Double"]       2.9814999999999998e+02
   &METHOD [&Type "Integer"] 20
   &RELCORRECTION [&Type "Integer"] 1 "Type of relativistic treatment in QDPT. 0->Unknow, 1->None, 2->SOC, 3->SSC, 4->SOC/SSC"
   &DENSTYPE [&Type "Integer"] 3 "Type of density (electron/spin ...). 0->Unknow, 1->Electronic, 2->Spin, 3->Trans/Electronic, 4->Tran/Spin"
   &DERITYPE [&Type "Integer"] 0 "Type of derivative (w.r.t. to what perturbation). 0->Unknown, 1->No Derivative, 2->Electric/Dipole, 3->Electric/Quad, 4->Magnetic/Dipole, 5->Magnetic/Quad"
   &DENSLEVEL [&Type "Integer"] 0 "// Source of density: relaxed, unrelaxed, ... 0->Unknown, 1->Linearized, 2->Unrelaxed, 3->Relaxed"
   &REPRESENTATION [&Type "String"] "Velocity" "Possible values: Unknown,  Length, Velocity"
   &POINTGROUP [&Type "String"] "C1"
   &NTRANS [&Type "Integer"] 1
   &DOHIGHERMOMENTS [&Type "Boolean"] false
   &STATES [&Type "ArrayOfIntegers", &Dim (1,4)] "The initial and Final states. Col1: Initial State  Col2: Initial Irrep Col3: Final State Col4: Final Irrep"
                                                         0                           1                           2                           3

0                                                        0                           0                           1                           0
   &MULTIPLICITIES [&Type "ArrayOfDoubles", &Dim (1,2)] "Col1: Multiplicity of the initial state  Col2: Multiplicity of the final state"
                                                         0                           1

0                                      1.0000000000000000e+00         1.0000000000000000e+00
   &EXCITATIONENERGIES [&Type "ArrayOfDoubles", &Dim (1,10)] 
                                                         0                           1                           2                           3                           4                           5                           6                           7

0                                      2.9090355161202597e+00         2.3462956224112026e+04         4.2620375303446900e+02         1.1040092177248562e+01        -7.1627669519316303e-02         0.0000000000000000e+00         1.8756091816119203e-01         0.0000000000000000e+00
                                                         8                           9

0                                     -3.2241255429821053e-01         0.0000000000000000e+00
$End
$Mayer_Population_Analysis
   &GeometryIndex 9
   &ListStatus       LAST
   &NATOMS [&Type "Integer"] 35 "Total number of atoms"
   &BONDTHRESH [&Type "Double"]       1.0000000000000001e-01  "The threshold for printing"
   &NBONDORDERSPRINT [&Type "Integer"] 37 "The number of bond orders larger than threshold"
   &BONDORDERS [&Type "ArrayOfDoubles", &Dim (37,1)] "The bond orders"
                                                         0

0                                      1.2989568730983205e+00
1                                      1.2657925196093234e+00
2                                      9.7061641439800739e-01
3                                      1.3575444147080313e+00
4                                      9.8915293448883490e-01
5                                      1.1416873743029989e+00
6                                      9.8125634334840706e-01
7                                      1.1753890023715043e+00
8                                      9.5376798584768974e-01
9                                      1.2740008062192298e+00
10                                     1.0456139843924648e+00
11                                     9.0709985620336020e-01
12                                     1.2781905763423784e+00
13                                     1.2739231703965788e+00
14                                     1.0014970310056779e+00
15                                     1.1717821560893247e+00
16                                     1.0064674975949970e+00
17                                     1.3668685625535175e+00
18                                     1.1760914549653685e+00
19                                     1.2072447797086396e+00
20                                     1.1425164627806450e+00
21                                     8.8227062480504348e-01
22                                     1.5331246532179930e+00
23                                     9.4737590664334004e-01
24                                     1.2754254115464840e+00
25                                     9.6908627883581544e-01
26                                     9.6966963700468956e-01
27                                     1.8552803179247173e+00
28                                     1.3937844586149319e+00
29                                     9.2672749284837908e-01
30                                     9.3123355148392406e-01
31                                     9.6145453104835121e-01
32                                     9.5689637221416368e-01
33                                     9.6034912426732033e-01
34                                     9.5770146353410246e-01
35                                     9.5419074625546907e-01
36                                     9.6123279649183491e-01
   &COMPONENTS [&Type "ArrayOfIntegers", &Dim (37,4)] "The indices and atomic numbers of the bonding atoms"
                                                         0                           1                           2                           3

0                                                        0                           6                           1                           6
1                                                        0                           6                           3                           6
2                                                        0                           6                          27                           1
3                                                        1                           6                           2                           6
4                                                        1                           6                          28                           1
5                                                        2                           6                           6                           6
6                                                        2                           6                          26                           1
7                                                        3                           6                           4                           6
8                                                        3                           6                           5                           8
9                                                        4                           6                           6                           6
10                                                       4                           6                           9                           6
11                                                       5                           8                          15                           6
12                                                       6                           6                           7                           6
13                                                       7                           6                           8                           6
14                                                       7                           6                          29                           1
15                                                       8                           6                          10                           6
16                                                       8                           6                          30                           1
17                                                       9                           6                          10                           6
18                                                       9                           6                          11                           7
19                                                      10                           6                          14                           6
20                                                      11                           7                          12                           6
21                                                      11                           7                          34                           1
22                                                      12                           6                          13                           6
23                                                      12                           6                          31                           1
24                                                      13                           6                          14                           6
25                                                      13                           6                          32                           1
26                                                      14                           6                          33                           1
27                                                      15                           6                          16                           8
28                                                      15                           6                          17                           7
29                                                      17                           7                          18                           6
30                                                      17                           7                          19                           6
31                                                      18                           6                          23                           1
32                                                      18                           6                          24                           1
33                                                      18                           6                          25                           1
34                                                      19                           6                          20                           1
35                                                      19                           6                          21                           1
36                                                      19                           6                          22                           1
   &ATNO [&Type "ArrayOfIntegers", &Dim (35,1)] "Atomic number of the elements"
                                                         0

0                                                        6
1                                                        6
2                                                        6
3                                                        6
4                                                        6
5                                                        8
6                                                        6
7                                                        6
8                                                        6
9                                                        6
10                                                       6
11                                                       7
12                                                       6
13                                                       6
14                                                       6
15                                                       6
16                                                       8
17                                                       7
18                                                       6
19                                                       6
20                                                       1
21                                                       1
22                                                       1
23                                                       1
24                                                       1
25                                                       1
26                                                       1
27                                                       1
28                                                       1
29                                                       1
30                                                       1
31                                                       1
32                                                       1
33                                                       1
34                                                       1
   &NA [&Type "ArrayOfDoubles", &Dim (35,1)] "Mulliken gross atomic population"
                                                         0

0                                      6.0628347662731192e+00
1                                      6.0938017093252954e+00
2                                      6.1081057706531290e+00
3                                      5.7656658278044386e+00
4                                      5.7132949814499359e+00
5                                      8.4958990972618267e+00
6                                      5.7734103398452188e+00
7                                      6.1739418982267740e+00
8                                      6.1767405239743916e+00
9                                      6.0996353543746284e+00
10                                     5.5914904450444860e+00
11                                     7.2547541143323437e+00
12                                     5.9673084717636913e+00
13                                     6.0649197976143929e+00
14                                     6.2856304925476829e+00
15                                     5.3292892705685500e+00
16                                     8.5785604213003133e+00
17                                     7.1986022336307878e+00
18                                     6.2500578122552444e+00
19                                     6.2707390350770273e+00
20                                     8.3821638945364840e-01
21                                     8.4513740894262390e-01
22                                     8.5019344089993532e-01
23                                     8.4688422749264514e-01
24                                     8.5358648381964741e-01
25                                     8.5052057334333286e-01
26                                     8.5247010439450532e-01
27                                     8.5337629914735524e-01
28                                     8.6492607818811873e-01
29                                     8.6716783601366421e-01
30                                     8.6497803485547520e-01
31                                     8.4039920440924953e-01
32                                     8.7310886314353064e-01
33                                     8.7202597031213225e-01
34                                     7.7232672226126731e-01
   &ZA [&Type "ArrayOfDoubles", &Dim (35,1)] "Total nuclear charge"
                                                         0

0                                      6.0000000000000000e+00
1                                      6.0000000000000000e+00
2                                      6.0000000000000000e+00
3                                      6.0000000000000000e+00
4                                      6.0000000000000000e+00
5                                      8.0000000000000000e+00
6                                      6.0000000000000000e+00
7                                      6.0000000000000000e+00
8                                      6.0000000000000000e+00
9                                      6.0000000000000000e+00
10                                     6.0000000000000000e+00
11                                     7.0000000000000000e+00
12                                     6.0000000000000000e+00
13                                     6.0000000000000000e+00
14                                     6.0000000000000000e+00
15                                     6.0000000000000000e+00
16                                     8.0000000000000000e+00
17                                     7.0000000000000000e+00
18                                     6.0000000000000000e+00
19                                     6.0000000000000000e+00
20                                     1.0000000000000000e+00
21                                     1.0000000000000000e+00
22                                     1.0000000000000000e+00
23                                     1.0000000000000000e+00
24                                     1.0000000000000000e+00
25                                     1.0000000000000000e+00
26                                     1.0000000000000000e+00
27                                     1.0000000000000000e+00
28                                     1.0000000000000000e+00
29                                     1.0000000000000000e+00
30                                     1.0000000000000000e+00
31                                     1.0000000000000000e+00
32                                     1.0000000000000000e+00
33                                     1.0000000000000000e+00
34                                     1.0000000000000000e+00
   &QA [&Type "ArrayOfDoubles", &Dim (35,1)] "Mulliken gross atomic charge"
                                                         0

0                                     -6.2834766273119236e-02
1                                     -9.3801709325295413e-02
2                                     -1.0810577065312899e-01
3                                      2.3433417219556141e-01
4                                      2.8670501855006414e-01
5                                     -4.9589909726182668e-01
6                                      2.2658966015478121e-01
7                                     -1.7394189822677397e-01
8                                     -1.7674052397439155e-01
9                                     -9.9635354374628449e-02
10                                     4.0850955495551400e-01
11                                    -2.5475411433234374e-01
12                                     3.2691528236308720e-02
13                                    -6.4919797614392927e-02
14                                    -2.8563049254768291e-01
15                                     6.7071072943145005e-01
16                                    -5.7856042130031327e-01
17                                    -1.9860223363078777e-01
18                                    -2.5005781225524437e-01
19                                    -2.7073903507702735e-01
20                                     1.6178361054635160e-01
21                                     1.5486259105737610e-01
22                                     1.4980655910006468e-01
23                                     1.5311577250735486e-01
24                                     1.4641351618035259e-01
25                                     1.4947942665666714e-01
26                                     1.4752989560549468e-01
27                                     1.4662370085264476e-01
28                                     1.3507392181188127e-01
29                                     1.3283216398633579e-01
30                                     1.3502196514452480e-01
31                                     1.5960079559075047e-01
32                                     1.2689113685646936e-01
33                                     1.2797402968786775e-01
34                                     2.2767327773873269e-01
   &VA [&Type "ArrayOfDoubles", &Dim (35,1)] "Mayer's total valence"
                                                         0

0                                      3.8699362540084845e+00
1                                      3.8482159467493773e+00
2                                      3.7663460658240631e+00
3                                      3.7287266179439373e+00
4                                      3.5146939401797725e+00
5                                      2.0485250552204568e+00
6                                      3.9073765731877659e+00
7                                      3.7377854661922281e+00
8                                      3.7620141025291449e+00
9                                      3.8364561943643571e+00
10                                     3.8135233252142720e+00
11                                     3.3730632173813500e+00
12                                     3.9391856524588245e+00
13                                     3.8800833348197825e+00
14                                     3.9191379821075323e+00
15                                     4.2170930538152547e+00
16                                     2.0326006784810291e+00
17                                     3.2822492929528599e+00
18                                     3.8212662471141732e+00
19                                     3.8308310833222747e+00
20                                     9.6511651715889823e-01
21                                     9.4727046544764071e-01
22                                     9.4961072173884065e-01
23                                     9.7817308611612874e-01
24                                     9.4957684153936384e-01
25                                     9.5074396359481905e-01
26                                     9.6543500611875233e-01
27                                     9.7063578763309355e-01
28                                     9.6468219013275813e-01
29                                     9.7086265633290458e-01
30                                     9.6958231836089270e-01
31                                     9.6573089480096130e-01
32                                     9.6682353127114296e-01
33                                     9.7259705418265496e-01
34                                     9.5001082608518284e-01
   &BVA [&Type "ArrayOfDoubles", &Dim (35,1)] "Mayer's bonded valence"
                                                         0

0                                      3.6913755693743648e+00
1                                      3.7945487887814209e+00
2                                      3.5378116646233311e+00
3                                      3.6057241801025977e+00
4                                      3.4695418431916170e+00
5                                      1.9967013330805596e+00
6                                      3.8333616004206017e+00
7                                      3.6213254205726662e+00
8                                      3.6115928017685879e+00
9                                      3.7410481730246810e+00
10                                     3.7956351856819901e+00
11                                     3.1950701546843114e+00
12                                     3.7487945940719754e+00
13                                     3.8226714056006279e+00
14                                     3.6289878367365058e+00
15                                     4.2131623585399440e+00
16                                     2.0259797248219908e+00
17                                     3.2784531261487007e+00
18                                     3.8209945644310421e+00
19                                     3.8298200123329158e+00
20                                     9.6474620181625603e-01
21                                     9.4686895543463756e-01
22                                     9.4948470987372635e-01
23                                     9.7814962634593650e-01
24                                     9.4928048111927255e-01
25                                     9.5029002124497830e-01
26                                     9.6469882466587464e-01
27                                     9.6943532984388647e-01
28                                     9.6415682536030789e-01
29                                     9.7025565984097528e-01
30                                     9.6874842368129377e-01
31                                     9.6406384797882672e-01
32                                     9.6673474069359988e-01
33                                     9.7028863929853104e-01
34                                     9.4846292577201696e-01
   &FA [&Type "ArrayOfDoubles", &Dim (35,1)] "Mayer's free valence"
                                                         0

0                                      1.7856068463411984e-01
1                                      5.3667157967956299e-02
2                                      2.2853440120073212e-01
3                                      1.2300243784133963e-01
4                                      4.5152096988155539e-02
5                                      5.1823722139897062e-02
6                                      7.4014972767164233e-02
7                                      1.1646004561956178e-01
8                                      1.5042130076055715e-01
9                                      9.5408021339676324e-02
10                                     1.7888139532282007e-02
11                                     1.7799306269703841e-01
12                                     1.9039105838684905e-01
13                                     5.7411929219154396e-02
14                                     2.9015014537102629e-01
15                                     3.9306952753104408e-03
16                                     6.6209536590381441e-03
17                                     3.7961668041591092e-03
18                                     2.7168268313116132e-04
19                                     1.0110709893591128e-03
20                                     3.7031534264217122e-04
21                                     4.0151001300317611e-04
22                                     1.2601186511431760e-04
23                                     2.3459770192235117e-05
24                                     2.9636042009129195e-04
25                                     4.5394234984080767e-04
26                                     7.3618145287771247e-04
27                                     1.2004577892070617e-03
28                                     5.2536477245018786e-04
29                                     6.0699649192930464e-04
30                                     8.3389467959890727e-04
31                                     1.6670468221346025e-03
32                                     8.8790577543068107e-05
33                                     2.3084148841239480e-03
34                                     1.5479003131658527e-03
$End
$CIS_Nuc_Gradient
   &GeometryIndex 9
   &ListStatus       FIRST
   &NATOMS [&Type "Integer"] 35
   &ROOT [&Type "Integer"] 1
   &GRADNORM [&Type "Double"]       3.3625341305960362e-04
   &GRAD [&Type "ArrayOfDoubles", &Dim (105,1)] 
                                                         0

0                                      2.8068059208040939e-05
1                                      3.4093407152210181e-07
2                                      3.5012089548009181e-05
3                                     -6.0526707826127825e-05
4                                     -5.9902463056103901e-05
5                                      1.8731484970638674e-05
6                                      8.4086351995972715e-06
7                                     -2.4592552201540608e-05
8                                      2.4085100989366362e-06
9                                      8.8336636084420436e-05
10                                    -4.6484450158657377e-05
11                                    -7.6529771295687487e-05
12                                    -8.4633459067387065e-05
13                                     5.2586012074984541e-05
14                                     5.1877839000269763e-05
15                                    -5.6683176316439773e-05
16                                     6.6816075692934239e-05
17                                     1.2005945712562132e-04
18                                     3.7507017807523893e-06
19                                     1.8494321396799233e-05
20                                     1.8349745677547348e-05
21                                     5.3706271710992183e-06
22                                     2.6050645728357188e-06
23                                     1.1173702286828527e-05
24                                     3.4335426784409275e-05
25                                    -3.9065856422690272e-05
26                                    -3.9761004882732213e-05
27                                     4.1816338303190821e-05
28                                    -5.1163531431660896e-05
29                                    -4.3261715948992289e-05
30                                    -4.1209871855277485e-05
31                                     1.0197453129402047e-05
32                                     1.9269955026551583e-06
33                                    -3.9717476601348379e-05
34                                     7.7996884758861759e-06
35                                    -5.9492764046108898e-06
36                                    -9.6969160001520143e-06
37                                     3.7840470616588699e-05
38                                     9.7638591167829576e-06
39                                     1.3244415883531806e-05
40                                    -2.1497489893510186e-06
41                                    -4.1320179679006202e-05
42                                    -1.9715274718424994e-05
43                                     2.5285749751110588e-05
44                                    -8.3775073271742532e-07
45                                     6.4338793129650328e-05
46                                    -9.6162013918685220e-05
47                                    -7.6036811920528072e-05
48                                    -3.2706775722204646e-05
49                                     8.6247587559444582e-06
50                                     4.4817971791076918e-05
51                                     2.0501290588837470e-05
52                                     1.0067813713122108e-05
53                                     2.0191853815755914e-05
54                                     1.4178596037881701e-05
55                                     1.2456520991049934e-05
56                                     2.2031633154409903e-06
57                                    -1.1402533160431667e-05
58                                     2.4029678655531860e-05
59                                    -1.7322725962514015e-05
60                                     1.2485576120088451e-05
61                                     1.7290642888743338e-05
62                                     1.7344577560873017e-06
63                                     1.0554746108304018e-05
64                                    -5.3071728626771976e-06
65                                     1.7015407608097230e-05
66                                    -3.6567730169663357e-06
67                                     4.5767061491745666e-06
68                                     1.4262747755696737e-05
69                                    -2.0159023185832006e-05
70                                    -1.0242740037069427e-05
71                                     1.8156451619502666e-05
72                                    -1.1694902050636037e-05
73                                    -2.1060278285517831e-06
74                                    -3.0036124315528739e-06
75                                     3.3402431947247803e-06
76                                    -2.0926294966223426e-06
77                                     1.7736999653997148e-05
78                                    -1.3332585264714698e-05
79                                    -2.2906331906216108e-05
80                                     2.2985132968878066e-05
81                                    -3.1691396939641020e-06
82                                    -3.9914553053638148e-06
83                                     1.7291116842076021e-05
84                                     3.7228828209782429e-06
85                                    -1.1891865663021177e-05
86                                     2.5323124198758782e-05
87                                    -1.0490281538053006e-05
88                                    -6.7033459894132196e-06
89                                     1.2018413366951812e-06
90                                    -1.6682321796177447e-05
91                                    -2.1048999423152004e-06
92                                    -4.3913490386414335e-06
93                                     2.6560318542002871e-06
94                                     1.1608482927384580e-05
95                                    -2.6530703034889993e-05
96                                    -1.2983029745159726e-05
97                                     1.1987496374871767e-05
98                                    -2.5481601601674289e-05
99                                    -1.2352530329195143e-05
100                                    3.8941021156158496e-06
101                                   -2.2117348758693825e-05
102                                    8.2151256699977525e-06
103                                    2.0813811830623131e-05
104                                   -1.3284039658929478e-06
$End
$VdW_Correction
   &GeometryIndex 9
   &ListStatus       FIRST
   &VDW [&Type "Double"]      -7.7348403001814781e-02
$End
$SCF_Dipole_Moment
   &GeometryIndex 9
   &ListStatus       FIRST
   &METHOD [&Type "String"] "SCF"
   &LEVEL [&Type "String"] "Relaxed density"
   &MULT [&Type "Integer"] 1
   &STATE [&Type "Integer"] -1
   &IRREP [&Type "Integer"] 0
   &NATOMS [&Type "Integer"] 35
   &DODIPOLEATOM [&Type "Boolean"] false
   &DIPOLEELECCONTRIB [&Type "ArrayOfDoubles", &Dim (3,1)] "Electronic contribution"
                                                         0

0                                      8.6249426135189786e+00
1                                     -3.6375903631430999e+00
2                                     -6.0354127864759857e+00
   &DIPOLENUCCONTRIB [&Type "ArrayOfDoubles", &Dim (3,1)] "Nuclear contribution"
                                                         0

0                                     -5.9154065355579775e+00
1                                      5.3512299512221873e+00
2                                      8.1761737118006437e+00
   &DIPOLETOTAL [&Type "ArrayOfDoubles", &Dim (3,1)] "Total"
                                                         0

0                                      2.7095360779610012e+00
1                                      1.7136395880790873e+00
2                                      2.1407609253246580e+00
   &DIPOLEMAGNITUDE [&Type "Double", &Units "a.u."]       3.8549972418927920e+00
$End
$CIS_Dipole_Moment
   &GeometryIndex 9
   &ListStatus       LAST
   &METHOD [&Type "String"] "TDA/CIS"
   &LEVEL [&Type "String"] "Relaxed density"
   &MULT [&Type "Integer"] 1
   &STATE [&Type "Integer"] 1
   &IRREP [&Type "Integer"] 0
   &NATOMS [&Type "Integer"] 35
   &DODIPOLEATOM [&Type "Boolean"] false
   &DIPOLEELECCONTRIB [&Type "ArrayOfDoubles", &Dim (3,1)] "Electronic contribution"
                                                         0

0                                      6.3851949140452113e+00
1                                     -6.1103181876541166e+00
2                                     -7.0407271959555526e+00
   &DIPOLENUCCONTRIB [&Type "ArrayOfDoubles", &Dim (3,1)] "Nuclear contribution"
                                                         0

0                                     -5.9154065355579775e+00
1                                      5.3512299512221873e+00
2                                      8.1761737118006437e+00
   &DIPOLETOTAL [&Type "ArrayOfDoubles", &Dim (3,1)] "Total"
                                                         0

0                                      4.6978837848723387e-01
1                                     -7.5908823643192935e-01
2                                      1.1354465158450910e+00
   &DIPOLEMAGNITUDE [&Type "Double", &Units "a.u."]       1.4443527483256151e+00
$End
$SCF_Energy
   &GeometryIndex 9
   &ListStatus       LAST
   &SCF_ENERGY [&Type "Double"]      -8.7837036674250351e+02
$End
$DFT_Energy
   &GeometryIndex 9
   &ListStatus       LAST
   &NALPHAEL [&Type "Integer"] 70
   &NBETAEL [&Type "Integer"] 70
   &NTOTALEL [&Type "Integer"] 140
   &EEXCHANGE [&Type "Double"]      -9.3697212788667969e+01
   &ECORR [&Type "Double"]      -5.6390183441670345e+00
   &ECNL [&Type "Double"]       0.0000000000000000e+00
   &EXC [&Type "Double"]      -9.9336231132834996e+01
   &EEMBED [&Type "Double"]       0.0000000000000000e+00
   &FINALEN [&Type "Double"]      -8.7837036674250351e+02  "No Van der Waals correction"
$End
$Solvation_Details
   &GeometryIndex 9
   &ListStatus       LAST
   &SOLVENT [&Type "String"] "WATER"
   &EPSILON [&Type "Double"]       8.0150999999999996e+01
   &REFRAC [&Type "Double"]       1.3328000000000000e+00
   &RSOLV [&Type "Double"]       1.3000000000000000e+00
   &SURFACETYPE [&Type "String"] "GAUSSIAN VDW"
   &NPOINTS [&Type "Integer"] 3055
   &SURFACEAREA [&Type "Double"]       1.0855674297040000e+03
   &CPCMDIELENERGY [&Type "Double"]      -8.7051512999999997e-02
$End
$CIS_Absorption_Spectrum
   &GeometryIndex 9
   &ListStatus       IN
   &TEMPERATURE [&Type "Double"]       2.9814999999999998e+02
   &METHOD [&Type "Integer"] 20
   &RELCORRECTION [&Type "Integer"] 1 "Type of relativistic treatment in QDPT. 0->Unknow, 1->None, 2->SOC, 3->SSC, 4->SOC/SSC"
   &DENSTYPE [&Type "Integer"] 3 "Type of density (electron/spin ...). 0->Unknow, 1->Electronic, 2->Spin, 3->Trans/Electronic, 4->Tran/Spin"
   &DERITYPE [&Type "Integer"] 0 "Type of derivative (w.r.t. to what perturbation). 0->Unknown, 1->No Derivative, 2->Electric/Dipole, 3->Electric/Quad, 4->Magnetic/Dipole, 5->Magnetic/Quad"
   &DENSLEVEL [&Type "Integer"] 0 "// Source of density: relaxed, unrelaxed, ... 0->Unknown, 1->Linearized, 2->Unrelaxed, 3->Relaxed"
   &REPRESENTATION [&Type "String"] "Length" "Possible values: Unknown,  Length, Velocity"
   &POINTGROUP [&Type "String"] "C1"
   &NTRANS [&Type "Integer"] 1
   &DOHIGHERMOMENTS [&Type "Boolean"] false
   &STATES [&Type "ArrayOfIntegers", &Dim (1,4)] "The initial and Final states. Col1: Initial State  Col2: Initial Irrep Col3: Final State Col4: Final Irrep"
                                                         0                           1                           2                           3

0                                                        0                           0                           1                           0
   &MULTIPLICITIES [&Type "ArrayOfDoubles", &Dim (1,2)] "Col1: Multiplicity of the initial state  Col2: Multiplicity of the final state"
                                                         0                           1

0                                      1.0000000000000000e+00         1.0000000000000000e+00
   &EXCITATIONENERGIES [&Type "ArrayOfDoubles", &Dim (1,11)] 
                                                         0                           1                           2                           3                           4                           5                           6                           7

0                                      2.9090498865332335e+00         2.3463072129321386e+04         4.2620164763092453e+02         2.5164906579854346e-01         3.5309050096025723e+00        -1.6494732560139564e+00         0.0000000000000000e+00        -8.8627159613013851e-01
                                                         8                           9                          10

0                                      0.0000000000000000e+00        -1.5705300121368548e-01         0.0000000000000000e+00
$End
$CIS_Absorption_Spectrum
   &GeometryIndex 9
   &ListStatus       LAST
   &TEMPERATURE [&Type "Double"]       2.9814999999999998e+02
   &METHOD [&Type "Integer"] 20
   &RELCORRECTION [&Type "Integer"] 1 "Type of relativistic treatment in QDPT. 0->Unknow, 1->None, 2->SOC, 3->SSC, 4->SOC/SSC"
   &DENSTYPE [&Type "Integer"] 3 "Type of density (electron/spin ...). 0->Unknow, 1->Electronic, 2->Spin, 3->Trans/Electronic, 4->Tran/Spin"
   &DERITYPE [&Type "Integer"] 0 "Type of derivative (w.r.t. to what perturbation). 0->Unknown, 1->No Derivative, 2->Electric/Dipole, 3->Electric/Quad, 4->Magnetic/Dipole, 5->Magnetic/Quad"
   &DENSLEVEL [&Type "Integer"] 0 "// Source of density: relaxed, unrelaxed, ... 0->Unknown, 1->Linearized, 2->Unrelaxed, 3->Relaxed"
   &REPRESENTATION [&Type "String"] "Velocity" "Possible values: Unknown,  Length, Velocity"
   &POINTGROUP [&Type "String"] "C1"
   &NTRANS [&Type "Integer"] 1
   &DOHIGHERMOMENTS [&Type "Boolean"] false
   &STATES [&Type "ArrayOfIntegers", &Dim (1,4)] "The initial and Final states. Col1: Initial State  Col2: Initial Irrep Col3: Final State Col4: Final Irrep"
                                                         0                           1                           2                           3

0                                                        0                           0                           1                           0
   &MULTIPLICITIES [&Type "ArrayOfDoubles", &Dim (1,2)] "Col1: Multiplicity of the initial state  Col2: Multiplicity of the final state"
                                                         0                           1

0                                      1.0000000000000000e+00         1.0000000000000000e+00
   &EXCITATIONENERGIES [&Type "ArrayOfDoubles", &Dim (1,11)] 
                                                         0                           1                           2                           3                           4                           5                           6                           7

0                                      2.9090498865332335e+00         2.3463072129321386e+04         4.2620164763092453e+02         5.9187076096860296e-02         9.4911468376763213e-03         8.6509865060657790e-02         0.0000000000000000e+00         4.2746681481526064e-02
                                                         8                           9                          10

0                                      0.0000000000000000e+00         1.3413102071484401e-02         0.0000000000000000e+00
$End
$CIS_ECD_Spectrum
   &GeometryIndex 9
   &ListStatus       IN
   &TEMPERATURE [&Type "Double"]       2.9814999999999998e+02
   &METHOD [&Type "Integer"] 20
   &RELCORRECTION [&Type "Integer"] 1 "Type of relativistic treatment in QDPT. 0->Unknow, 1->None, 2->SOC, 3->SSC, 4->SOC/SSC"
   &DENSTYPE [&Type "Integer"] 3 "Type of density (electron/spin ...). 0->Unknow, 1->Electronic, 2->Spin, 3->Trans/Electronic, 4->Tran/Spin"
   &DERITYPE [&Type "Integer"] 0 "Type of derivative (w.r.t. to what perturbation). 0->Unknown, 1->No Derivative, 2->Electric/Dipole, 3->Electric/Quad, 4->Magnetic/Dipole, 5->Magnetic/Quad"
   &DENSLEVEL [&Type "Integer"] 0 "// Source of density: relaxed, unrelaxed, ... 0->Unknown, 1->Linearized, 2->Unrelaxed, 3->Relaxed"
   &REPRESENTATION [&Type "String"] "Length" "Possible values: Unknown,  Length, Velocity"
   &POINTGROUP [&Type "String"] "C1"
   &NTRANS [&Type "Integer"] 1
   &DOHIGHERMOMENTS [&Type "Boolean"] false
   &STATES [&Type "ArrayOfIntegers", &Dim (1,4)] "The initial and Final states. Col1: Initial State  Col2: Initial Irrep Col3: Final State Col4: Final Irrep"
                                                         0                           1                           2                           3

0                                                        0                           0                           1                           0
   &MULTIPLICITIES [&Type "ArrayOfDoubles", &Dim (1,2)] "Col1: Multiplicity of the initial state  Col2: Multiplicity of the final state"
                                                         0                           1

0                                      1.0000000000000000e+00         1.0000000000000000e+00
   &EXCITATIONENERGIES [&Type "ArrayOfDoubles", &Dim (1,10)] 
                                                         0                           1                           2                           3                           4                           5                           6                           7

0                                      2.9090498865332335e+00         2.3463072129321386e+04         4.2620164763092453e+02         1.2042532163436992e+00         7.1631006425909652e-02         0.0000000000000000e+00        -1.8756896020952513e-01         0.0000000000000000e+00
                                                         8                           9

0                                      3.2242599063805055e-01         0.0000000000000000e+00
$End
$CIS_ECD_Spectrum
   &GeometryIndex 9
   &ListStatus       LAST
   &TEMPERATURE [&Type "Double"]       2.9814999999999998e+02
   &METHOD [&Type "Integer"] 20
   &RELCORRECTION [&Type "Integer"] 1 "Type of relativistic treatment in QDPT. 0->Unknow, 1->None, 2->SOC, 3->SSC, 4->SOC/SSC"
   &DENSTYPE [&Type "Integer"] 3 "Type of density (electron/spin ...). 0->Unknow, 1->Electronic, 2->Spin, 3->Trans/Electronic, 4->Tran/Spin"
   &DERITYPE [&Type "Integer"] 0 "Type of derivative (w.r.t. to what perturbation). 0->Unknown, 1->No Derivative, 2->Electric/Dipole, 3->Electric/Quad, 4->Magnetic/Dipole, 5->Magnetic/Quad"
   &DENSLEVEL [&Type "Integer"] 0 "// Source of density: relaxed, unrelaxed, ... 0->Unknown, 1->Linearized, 2->Unrelaxed, 3->Relaxed"
   &REPRESENTATION [&Type "String"] "Velocity" "Possible values: Unknown,  Length, Velocity"
   &POINTGROUP [&Type "String"] "C1"
   &NTRANS [&Type "Integer"] 1
   &DOHIGHERMOMENTS [&Type "Boolean"] false
   &STATES [&Type "ArrayOfIntegers", &Dim (1,4)] "The initial and Final states. Col1: Initial State  Col2: Initial Irrep Col3: Final State Col4: Final Irrep"
                                                         0                           1                           2                           3

0                                                        0                           0                           1                           0
   &MULTIPLICITIES [&Type "ArrayOfDoubles", &Dim (1,2)] "Col1: Multiplicity of the initial state  Col2: Multiplicity of the final state"
                                                         0                           1

0                                      1.0000000000000000e+00         1.0000000000000000e+00
   &EXCITATIONENERGIES [&Type "ArrayOfDoubles", &Dim (1,10)] 
                                                         0                           1                           2                           3                           4                           5                           6                           7

0                                      2.9090498865332335e+00         2.3463072129321386e+04         4.2620164763092453e+02         1.1040672538840209e+01         7.1631006425909652e-02         0.0000000000000000e+00        -1.8756896020952513e-01         0.0000000000000000e+00
                                                         8                           9

0                                      3.2242599063805055e-01         0.0000000000000000e+00
$End
$CIS_Nuc_Gradient
   &GeometryIndex 9
   &ListStatus       LAST
   &NATOMS [&Type "Integer"] 35
   &ROOT [&Type "Integer"] 1
   &GRADNORM [&Type "Double"]       3.4259565239487413e-04
   &GRAD [&Type "ArrayOfDoubles", &Dim (105,1)] 
                                                         0

0                                      2.8124642252832220e-05
1                                     -1.0426456334639359e-06
2                                      3.4054257172363994e-05
3                                     -6.0701280732524548e-05
4                                     -5.9440887626076278e-05
5                                      1.9013204655651735e-05
6                                      7.4992825129679118e-06
7                                     -2.5229109869749134e-05
8                                      2.1735776259194342e-06
9                                      9.2098815979455321e-05
10                                    -4.8732182083955885e-05
11                                    -7.8802954091520329e-05
12                                    -8.6340686850830311e-05
13                                     5.1647885060839872e-05
14                                     5.1695437398488806e-05
15                                    -5.8094377515226345e-05
16                                     6.8838379143256362e-05
17                                     1.2210104976785819e-04
18                                     3.0474273856005967e-06
19                                     1.9927860804680778e-05
20                                     1.9539005141565725e-05
21                                     5.8711946433034944e-06
22                                     2.1515266571366706e-06
23                                     1.0755872435149014e-05
24                                     3.4351449646665018e-05
25                                    -4.0342739291148442e-05
26                                    -4.0675283333948588e-05
27                                     4.0443314667105718e-05
28                                    -5.2908722087073405e-05
29                                    -4.3919860175590570e-05
30                                    -4.0718973951041587e-05
31                                     1.0638562039567117e-05
32                                     2.0271302736839703e-06
33                                    -4.0061279424600572e-05
34                                     9.0359621725582184e-06
35                                    -5.0603691858497335e-06
36                                    -9.0880248321089762e-06
37                                     3.8826421453900585e-05
38                                     1.0205913191510963e-05
39                                     1.2552854449996147e-05
40                                    -1.3121940972221852e-06
41                                    -4.0624396016914177e-05
42                                    -1.8341876839978832e-05
43                                     2.5657441169080219e-05
44                                    -1.0620890435169964e-06
45                                     6.4795549020069403e-05
46                                    -9.8360957880025001e-05
47                                    -8.3364453120469853e-05
48                                    -3.1679540949738623e-05
49                                     8.8298968877105499e-06
50                                     4.7269778743311655e-05
51                                     2.0110704310015686e-05
52                                     1.0469539982155436e-05
53                                     2.1758939658294782e-05
54                                     1.0818317880536459e-05
55                                     1.4528385206259069e-05
56                                     2.1773689565189654e-06
57                                    -9.8438309014840309e-06
58                                     2.4182775610323627e-05
59                                    -1.3707656694937750e-05
60                                     1.2561499497326392e-05
61                                     1.7052602172920637e-05
62                                     1.5473677744855794e-06
63                                     1.0267937878495901e-05
64                                    -5.4498338052528914e-06
65                                     1.6886560525704872e-05
66                                    -3.6404399053288514e-06
67                                     4.8048654115605185e-06
68                                     1.3927503144057021e-05
69                                    -1.9946417375758590e-05
70                                    -1.0379199412764001e-05
71                                     1.8173011745637629e-05
72                                    -1.1347292908305343e-05
73                                    -2.1131635435533047e-06
74                                    -3.0332980860881070e-06
75                                     3.4991857817506756e-06
76                                    -2.3720974703313365e-06
77                                     1.7798158092126936e-05
78                                    -1.3380107911990398e-05
79                                    -2.2569267640488392e-05
80                                     2.3244685296758396e-05
81                                    -3.0116542807191509e-06
82                                    -3.9606099992466265e-06
83                                     1.7349671249589671e-05
84                                     4.2303178861568559e-06
85                                    -1.1317178707698976e-05
86                                     2.5520198162229938e-05
87                                    -1.0574085216988587e-05
88                                    -6.3573671709575585e-06
89                                     1.4442236780804201e-06
90                                    -1.6462789982109750e-05
91                                    -2.0683326134514921e-06
92                                    -4.3990761285538017e-06
93                                     2.7691490037277151e-06
94                                     1.1239000306302528e-05
95                                    -2.6745814298174627e-05
96                                    -1.2999548302848087e-05
97                                     1.1922622592657508e-05
98                                    -2.5501075124123378e-05
99                                    -1.2155344133524758e-05
100                                    3.7902138773161017e-06
101                                   -2.2216810111167343e-05
102                                    7.5604342125343114e-06
103                                    2.0835407066085835e-05
104                                   -1.1019572392001117e-06
$End
$VdW_Correction
   &GeometryIndex 9
   &ListStatus       LAST
   &VDW [&Type "Double"]      -7.7348403001814781e-02
$End
$THERMOCHEMISTRY_Energies
   &GeometryIndex 9
   &ListStatus       OUT
   &TEMPERATURE [&Type "Double"]       2.9814999999999998e+02
   &PRESSURE [&Type "Double"]       1.0000000000000000e+00
   &TOTALMASS [&Type "Double"]       2.6730799999999994e+02
   &SPINDEGENERACY [&Type "Integer"] 1
   &ELENERGY [&Type "Double"]      -8.7834080952281897e+02
   &TRANSENERGY [&Type "Double"]       1.4162714244859817e-03
   &ROTENERGY [&Type "Double"]       1.4162714244859817e-03
   &VIBENERGY [&Type "Double"]       1.4013573870869935e-02
   &NUMOFFREQS [&Type "Integer"] 105
   &FREQSCALINGFACTOR [&Type "Double"]       1.0000000000000000e+00
   &FREQ [&Type "ArrayOfDoubles", &Dim (105,1)] "In cm^-1"
                                                         0

0                                      0.0000000000000000e+00
1                                      0.0000000000000000e+00
2                                      0.0000000000000000e+00
3                                      0.0000000000000000e+00
4                                      0.0000000000000000e+00
5                                      0.0000000000000000e+00
6                                     -8.3597151527867872e+00
7                                      3.8283558580133111e+01
8                                      4.0124800845313388e+01
9                                      6.4580286825422405e+01
10                                     8.0152792153574254e+01
11                                     1.0135338575489901e+02
12                                     1.0653284814465951e+02
13                                     1.4178116868769663e+02
14                                     1.5359888900339561e+02
15                                     2.0064421275224902e+02
16                                     2.1849154132486632e+02
17                                     2.4155155716028639e+02
18                                     2.5607509958964778e+02
19                                     2.6248793182129782e+02
20                                     3.3295420674153900e+02
21                                     3.3474602174669565e+02
22                                     3.8735649789674085e+02
23                                     4.1005659016581359e+02
24                                     4.5416497090896155e+02
25                                     4.6386839672267530e+02
26                                     4.7329458305090105e+02
27                                     4.8819992253189946e+02
28                                     4.9630067755559088e+02
29                                     5.0487283465176910e+02
30                                     5.4345427363256829e+02
31                                     5.5537359710474311e+02
32                                     5.9557364055124083e+02
33                                     6.0455035082648396e+02
34                                     6.3249199077486969e+02
35                                     6.6112831922848466e+02
36                                     6.9225596922894317e+02
37                                     6.9394924717712968e+02
38                                     7.1587767412891878e+02
39                                     7.4545113633505014e+02
40                                     7.5495766308797010e+02
41                                     7.8575206286432228e+02
42                                     8.0021956426267457e+02
43                                     8.2207062657095639e+02
44                                     8.4213123781146442e+02
45                                     8.5099916481546700e+02
46                                     8.6940436751492086e+02
47                                     9.2564107756451494e+02
48                                     9.4176728496059684e+02
49                                     9.5739389352915134e+02
50                                     9.6864911507647832e+02
51                                     9.7690616353813834e+02
52                                     1.0103792518415225e+03
53                                     1.0346122816481161e+03
54                                     1.0701974987599385e+03
55                                     1.0747725286855216e+03
56                                     1.0926583341707092e+03
57                                     1.1127803885997666e+03
58                                     1.1253499303107590e+03
59                                     1.1293941488005146e+03
60                                     1.1549763258183075e+03
61                                     1.1737492640352714e+03
62                                     1.1897190401872626e+03
63                                     1.2052518477717706e+03
64                                     1.2240325545630074e+03
65                                     1.2341870998649943e+03
66                                     1.2552496098001793e+03
67                                     1.2710225069277130e+03
68                                     1.2874832191675021e+03
69                                     1.3529597024400623e+03
70                                     1.3672932568196597e+03
71                                     1.3846574787289981e+03
72                                     1.3995359117220166e+03
73                                     1.4139461138887045e+03
74                                     1.4407963739495967e+03
75                                     1.4468689249755830e+03
76                                     1.4588187460571939e+03
77                                     1.4630932212930059e+03
78                                     1.4745360380502677e+03
79                                     1.4842988391938643e+03
80                                     1.4889254085897012e+03
81                                     1.4897980454773049e+03
82                                     1.5115976416880030e+03
83                                     1.5175123858305963e+03
84                                     1.5259634563849650e+03
85                                     1.5718545675376793e+03
86                                     1.5790921534622089e+03
87                                     1.6126945285118356e+03
88                                     1.6263484480662505e+03
89                                     1.7616102208669622e+03
90                                     3.0394176677998817e+03
91                                     3.0433531406865782e+03
92                                     3.0977286466628361e+03
93                                     3.1043115979261606e+03
94                                     3.1751999156494517e+03
95                                     3.1820496728086773e+03
96                                     3.2061457215183618e+03
97                                     3.2141266886570197e+03
98                                     3.2171567584397726e+03
99                                     3.2208721169033388e+03
100                                    3.2273881746637808e+03
101                                    3.2328462755315022e+03
102                                    3.2376427901370107e+03
103                                    3.2426818582670162e+03
104                                    3.6408578551622286e+03
   &ZPE [&Type "Double"]       2.7859089402806986e-01
   &INNERENERGYU [&Type "Double"]      -8.7804537251207114e+02
   &ENTHALPYH [&Type "Double"]      -8.7804442830302889e+02
   &QEL [&Type "Double"]       0.0000000000000000e+00
   &QROT [&Type "Double"]       1.6026270278410831e-02
   &QVIB [&Type "Double"]       2.4195439042467119e-02
   &QTRANS [&Type "Double"]       2.0263764606356031e-02
   &ENTROPYS [&Type "Double"]       6.0485473927233982e-02
   &FREEENERGYG [&Type "Double"]      -8.7810491377695610e+02
   &ISLINEAR [&Type "Boolean"] false
$End
