*************************************************
******************* ORCA 6.0.1 ******************
*************************************************
$Calculation_Status
   &GeometryIndex 101
   &ListStatus       OUT
   &VERSION [&Type "String"] "6.0.1"
   &PROGNAME [&Type "String"] "ProgCIS"
   &STATUS [&Type "String"] "NORMAL TERMINATION"
$End
$Geometry
   &GeometryIndex 1
   &ListStatus       OUT
   &NATOMS [&Type "Integer"] 35
   &NCORELESSECP [&Type "Integer"] 0
   &NGHOSTATOMS [&Type "Integer"] 0
   &CartesianCoordinates [&Type "Coordinates", &Dim(35,4), &Units "Bohr"] 
              C     -3.125615499056   -3.693597455460   -0.710940155799
              C     -2.286888924420   -5.634207665449   -2.281995549723
              C      0.137826841985   -5.618823473942   -3.184754013983
              C     -1.530509925684   -1.763265603169   -0.067897197472
              C      0.995013917674   -1.697425556742   -0.917356970690
              O     -2.366710311322    0.104469913988    1.561132064617
              C      1.808324447726   -3.674085977258   -2.525541131136
              C      4.331213476879   -3.690242387627   -3.502045887058
              C      5.990884742862   -1.855036164712   -2.934463984798
              C      2.823027465296    0.213235877878   -0.279712364794
              C      5.275753240716    0.156543731954   -1.286049560483
              N      2.265740704369    2.124497864456    1.335682543160
              C      3.864123935327    3.944490912073    1.982169525623
              C      6.277911602912    3.977957623326    1.000556336976
              C      6.971493544535    2.075089188311   -0.622882621671
              C     -4.497149620868    1.485620115057    0.881750261350
              O     -5.246117623569    1.533039121427   -1.280041165286
              N     -5.464932154586    2.715708816095    2.853698191410
              C     -7.546193985198    4.462285997192    2.454277567565
              C     -4.584193752109    2.483560149219    5.447529951571
              H     -3.331260419331    0.878942295810    5.652886026371
              H     -6.216760056677    2.216880948517    6.674017581091
              H     -3.600588237800    4.201467442751    6.024479711597
              H     -7.918455751913    4.649373090064    0.449024632183
              H     -7.052107827031    6.303321870024    3.236315273116
              H     -9.238428781280    3.769914244557    3.405980058460
              H      0.803245733867   -7.109524437965   -4.414607572273
              H     -5.037774348700   -3.691461540543    0.006167532634
              H     -3.566974304540   -7.147252594176   -2.779848805836
              H      4.866561931906   -5.232288693735   -4.733179597295
              H      7.890761672175   -1.863708196529   -3.687197375715
              H      3.156734984978    5.341445255993    3.290187654572
              H      7.566389909845    5.467678533402    1.528368931242
              H      8.857842844383    2.030154126880   -1.412633528826
              H      0.503843834650    2.126161968137    2.099782733100
$End
$SCF_Energy
   &GeometryIndex 1
   &ListStatus       OUT
   &SCF_ENERGY [&Type "Double"]      -8.7844790954217581e+02
$End
$DFT_Energy
   &GeometryIndex 1
   &ListStatus       OUT
   &NALPHAEL [&Type "Integer"] 70
   &NBETAEL [&Type "Integer"] 70
   &NTOTALEL [&Type "Integer"] 139
   &EEXCHANGE [&Type "Double"]       0.0000000000000000e+00
   &ECORR [&Type "Double"]       0.0000000000000000e+00
   &ECNL [&Type "Double"]       0.0000000000000000e+00
   &EXC [&Type "Double"]      -8.9693500358930962e+01
   &EEMBED [&Type "Double"]       0.0000000000000000e+00
   &FINALEN [&Type "Double"]      -8.7844790954217581e+02  "No Van der Waals correction"
$End
$Solvation_Details
   &GeometryIndex 1
   &ListStatus       OUT
   &SOLVENT [&Type "String"] "WATER"
   &EPSILON [&Type "Double"]       8.0150999999999996e+01
   &REFRAC [&Type "Double"]       1.3328000000000000e+00
   &RSOLV [&Type "Double"]       1.3000000000000000e+00
   &SURFACETYPE [&Type "String"] "GAUSSIAN VDW"
   &NPOINTS [&Type "Integer"] 3048
   &SURFACEAREA [&Type "Double"]       1.0796887669759999e+03
   &CPCMDIELENERGY [&Type "Double"]      -8.8554569999999999e-02
$End
$Mulliken_Population_Analysis
   &GeometryIndex 1
   &ListStatus       OUT
   &NATOMS [&Type "Integer"] 35
   &ATNO [&Type "ArrayOfIntegers", &Dim (35,1)] 
                                                         0

0                                                        6
1                                                        6
2                                                        6
3                                                        6
4                                                        6
5                                                        8
6                                                        6
7                                                        6
8                                                        6
9                                                        6
10                                                       6
11                                                       7
12                                                       6
13                                                       6
14                                                       6
15                                                       6
16                                                       8
17                                                       7
18                                                       6
19                                                       6
20                                                       1
21                                                       1
22                                                       1
23                                                       1
24                                                       1
25                                                       1
26                                                       1
27                                                       1
28                                                       1
29                                                       1
30                                                       1
31                                                       1
32                                                       1
33                                                       1
34                                                       1
   &ATOMICCHARGES [&Type "ArrayOfDoubles", &Dim (35,1)] 
                                                         0

0                                     -1.4052064502735995e-01
1                                     -9.4039395219764010e-02
2                                     -1.8353022717615630e-01
3                                      1.9785541271912610e-01
4                                      2.3692223611419561e-01
5                                     -5.5506426213890947e-01
6                                      2.0945740548098790e-01
7                                     -2.0521412813533946e-01
8                                     -2.4896518551476898e-01
9                                     -4.3854382521715252e-03
10                                     3.5775295770016768e-01
11                                    -2.2796309922876468e-01
12                                     1.2936130286299719e-01
13                                    -6.2142240774933910e-02
14                                    -1.4258502542768525e-01
15                                     6.9551159485611436e-01
16                                    -5.9203826254541880e-01
17                                    -2.2558176525754625e-01
18                                    -2.7788403989005594e-01
19                                    -2.9917985627569799e-01
20                                     1.6724142218974836e-01
21                                     1.6151208665715355e-01
22                                     1.5761387814790484e-01
23                                     1.5778102515540637e-01
24                                     1.5175747941389461e-01
25                                     1.5507150192045049e-01
26                                     1.3641675272873954e-01
27                                     1.4356262627392291e-01
28                                     1.4025285577166668e-01
29                                     1.3832601897229435e-01
30                                     1.3587194407370351e-01
31                                     1.9946086034939337e-01
32                                     1.6579450078539559e-01
33                                     1.6349645193430129e-01
34                                     2.5807325675818760e-01
$End
$Loewdin_Population_Analysis
   &GeometryIndex 1
   &ListStatus       OUT
   &NATOMS [&Type "Integer"] 35
   &ATNO [&Type "ArrayOfIntegers", &Dim (35,1)] 
                                                         0

0                                                        6
1                                                        6
2                                                        6
3                                                        6
4                                                        6
5                                                        8
6                                                        6
7                                                        6
8                                                        6
9                                                        6
10                                                       6
11                                                       7
12                                                       6
13                                                       6
14                                                       6
15                                                       6
16                                                       8
17                                                       7
18                                                       6
19                                                       6
20                                                       1
21                                                       1
22                                                       1
23                                                       1
24                                                       1
25                                                       1
26                                                       1
27                                                       1
28                                                       1
29                                                       1
30                                                       1
31                                                       1
32                                                       1
33                                                       1
34                                                       1
   &ATOMICCHARGES [&Type "ArrayOfDoubles", &Dim (35,1)] 
                                                         0

0                                     -8.2091205873032536e-02
1                                     -9.9349477650920726e-02
2                                     -8.3563142316938510e-02
3                                     -1.2032216255255079e-01
4                                     -2.7012433516383716e-02
5                                      1.6158824651712411e-01
6                                     -6.7982035473432845e-02
7                                     -6.5713248204930963e-02
8                                     -7.6301184290072932e-02
9                                     -1.2642020955405009e-02
10                                    -7.3191974678749716e-02
11                                     2.2818637721688440e-01
12                                    -3.2854930831412332e-02
13                                    -9.5678906748670300e-02
14                                    -6.4642027436878635e-04
15                                    -3.4848770008280461e-01
16                                    -7.1429938600331866e-02
17                                     8.5896058649245433e-02
18                                    -2.1523236428813064e-01
19                                    -2.2132117245853600e-01
20                                     1.2230408357126721e-01
21                                     1.2112242026677411e-01
22                                     1.1744370274902871e-01
23                                     1.2268429983671858e-01
24                                     1.1916755110734811e-01
25                                     1.1804792726486224e-01
26                                     1.5376367267287594e-01
27                                     1.5788860873060395e-01
28                                     1.5209772734255733e-01
29                                     1.5722154016574785e-01
30                                     1.5761448826551183e-01
31                                     1.6666233473338443e-01
32                                     1.6281978281804632e-01
33                                     1.6712271278109680e-01
34                                     2.2218878410879728e-01
$End
$Mayer_Population_Analysis
   &GeometryIndex 1
   &ListStatus       OUT
   &NATOMS [&Type "Integer"] 35 "Total number of atoms"
   &BONDTHRESH [&Type "Double"]       1.0000000000000001e-01  "The threshold for printing"
   &NBONDORDERSPRINT [&Type "Integer"] 37 "The number of bond orders larger than threshold"
   &BONDORDERS [&Type "ArrayOfDoubles", &Dim (37,1)] "The bond orders"
                                                         0

0                                      1.2681461555723443e+00
1                                      1.4982964230019060e+00
2                                      9.7910074359685595e-01
3                                      1.4328191846163518e+00
4                                      9.8789036418643195e-01
5                                      1.2896166813989289e+00
6                                      9.8393728269922198e-01
7                                      1.2539563398546758e+00
8                                      8.0163588867834834e-01
9                                      1.3591715581026096e+00
10                                     1.0041756912925575e+00
11                                     9.5408043978215096e-01
12                                     1.1211742405208760e+00
13                                     1.5736129566080446e+00
14                                     9.8804772672919272e-01
15                                     1.1172776689962383e+00
16                                     1.0027404346581952e+00
17                                     1.3466530112301851e+00
18                                     1.2699779682987504e+00
19                                     1.3056054614477568e+00
20                                     1.3522434928358305e+00
21                                     8.5785231519556959e-01
22                                     1.3932719160997806e+00
23                                     9.3648792704316763e-01
24                                     1.4363241572478807e+00
25                                     9.6008291022061143e-01
26                                     9.5344396444182289e-01
27                                     1.8663598298535302e+00
28                                     1.3696299777645140e+00
29                                     9.2567492533702789e-01
30                                     9.2449638842777271e-01
31                                     9.6486415395276748e-01
32                                     9.6022947052939023e-01
33                                     9.6473536771917001e-01
34                                     9.6104045769861313e-01
35                                     9.5713925355622653e-01
36                                     9.6657957336303346e-01
   &COMPONENTS [&Type "ArrayOfIntegers", &Dim (37,4)] "The indices and atomic numbers of the bonding atoms"
                                                         0                           1                           2                           3

0                                                        0                           6                           1                           6
1                                                        0                           6                           3                           6
2                                                        0                           6                          27                           1
3                                                        1                           6                           2                           6
4                                                        1                           6                          28                           1
5                                                        2                           6                           6                           6
6                                                        2                           6                          26                           1
7                                                        3                           6                           4                           6
8                                                        3                           6                           5                           8
9                                                        4                           6                           6                           6
10                                                       4                           6                           9                           6
11                                                       5                           8                          15                           6
12                                                       6                           6                           7                           6
13                                                       7                           6                           8                           6
14                                                       7                           6                          29                           1
15                                                       8                           6                          10                           6
16                                                       8                           6                          30                           1
17                                                       9                           6                          10                           6
18                                                       9                           6                          11                           7
19                                                      10                           6                          14                           6
20                                                      11                           7                          12                           6
21                                                      11                           7                          34                           1
22                                                      12                           6                          13                           6
23                                                      12                           6                          31                           1
24                                                      13                           6                          14                           6
25                                                      13                           6                          32                           1
26                                                      14                           6                          33                           1
27                                                      15                           6                          16                           8
28                                                      15                           6                          17                           7
29                                                      17                           7                          18                           6
30                                                      17                           7                          19                           6
31                                                      18                           6                          23                           1
32                                                      18                           6                          24                           1
33                                                      18                           6                          25                           1
34                                                      19                           6                          20                           1
35                                                      19                           6                          21                           1
36                                                      19                           6                          22                           1
   &ATNO [&Type "ArrayOfIntegers", &Dim (35,1)] "Atomic number of the elements"
                                                         0

0                                                        6
1                                                        6
2                                                        6
3                                                        6
4                                                        6
5                                                        8
6                                                        6
7                                                        6
8                                                        6
9                                                        6
10                                                       6
11                                                       7
12                                                       6
13                                                       6
14                                                       6
15                                                       6
16                                                       8
17                                                       7
18                                                       6
19                                                       6
20                                                       1
21                                                       1
22                                                       1
23                                                       1
24                                                       1
25                                                       1
26                                                       1
27                                                       1
28                                                       1
29                                                       1
30                                                       1
31                                                       1
32                                                       1
33                                                       1
34                                                       1
   &NA [&Type "ArrayOfDoubles", &Dim (35,1)] "Mulliken gross atomic population"
                                                         0

0                                      6.1405206450274150e+00
1                                      6.0940393952197489e+00
2                                      6.1835302271761643e+00
3                                      5.8021445872809148e+00
4                                      5.7630777638858115e+00
5                                      8.5550642621388864e+00
6                                      5.7905425945190183e+00
7                                      6.2052141281353146e+00
8                                      6.2489651855147716e+00
9                                      6.0043854382521475e+00
10                                     5.6422470422998297e+00
11                                     7.2279630992287309e+00
12                                     5.8706386971370224e+00
13                                     6.0621422407749561e+00
14                                     6.1425850254277004e+00
15                                     5.3044884051438927e+00
16                                     8.5920382625454099e+00
17                                     7.2255817652575285e+00
18                                     6.2778840398900622e+00
19                                     6.2991798562756793e+00
20                                     8.3275857781025331e-01
21                                     8.3848791334284623e-01
22                                     8.4238612185209516e-01
23                                     8.4221897484459440e-01
24                                     8.4824252058610727e-01
25                                     8.4492849807954951e-01
26                                     8.6358324727126212e-01
27                                     8.5643737372607665e-01
28                                     8.5974714422833420e-01
29                                     8.6167398102770432e-01
30                                     8.6412805592629627e-01
31                                     8.0053913965060541e-01
32                                     8.3420549921460263e-01
33                                     8.3650354806569960e-01
34                                     7.4192674324181196e-01
   &ZA [&Type "ArrayOfDoubles", &Dim (35,1)] "Total nuclear charge"
                                                         0

0                                      6.0000000000000000e+00
1                                      6.0000000000000000e+00
2                                      6.0000000000000000e+00
3                                      6.0000000000000000e+00
4                                      6.0000000000000000e+00
5                                      8.0000000000000000e+00
6                                      6.0000000000000000e+00
7                                      6.0000000000000000e+00
8                                      6.0000000000000000e+00
9                                      6.0000000000000000e+00
10                                     6.0000000000000000e+00
11                                     7.0000000000000000e+00
12                                     6.0000000000000000e+00
13                                     6.0000000000000000e+00
14                                     6.0000000000000000e+00
15                                     6.0000000000000000e+00
16                                     8.0000000000000000e+00
17                                     7.0000000000000000e+00
18                                     6.0000000000000000e+00
19                                     6.0000000000000000e+00
20                                     1.0000000000000000e+00
21                                     1.0000000000000000e+00
22                                     1.0000000000000000e+00
23                                     1.0000000000000000e+00
24                                     1.0000000000000000e+00
25                                     1.0000000000000000e+00
26                                     1.0000000000000000e+00
27                                     1.0000000000000000e+00
28                                     1.0000000000000000e+00
29                                     1.0000000000000000e+00
30                                     1.0000000000000000e+00
31                                     1.0000000000000000e+00
32                                     1.0000000000000000e+00
33                                     1.0000000000000000e+00
34                                     1.0000000000000000e+00
   &QA [&Type "ArrayOfDoubles", &Dim (35,1)] "Mulliken gross atomic charge"
                                                         0

0                                     -1.4052064502741501e-01
1                                     -9.4039395219748911e-02
2                                     -1.8353022717616430e-01
3                                      1.9785541271908524e-01
4                                      2.3692223611418850e-01
5                                     -5.5506426213888638e-01
6                                      2.0945740548098168e-01
7                                     -2.0521412813531459e-01
8                                     -2.4896518551477165e-01
9                                     -4.3854382521475443e-03
10                                     3.5775295770017035e-01
11                                    -2.2796309922873093e-01
12                                     1.2936130286297765e-01
13                                    -6.2142240774956115e-02
14                                    -1.4258502542770035e-01
15                                     6.9551159485610725e-01
16                                    -5.9203826254540992e-01
17                                    -2.2558176525752849e-01
18                                    -2.7788403989006216e-01
19                                    -2.9917985627567933e-01
20                                     1.6724142218974669e-01
21                                     1.6151208665715377e-01
22                                     1.5761387814790484e-01
23                                     1.5778102515540560e-01
24                                     1.5175747941389273e-01
25                                     1.5507150192045049e-01
26                                     1.3641675272873788e-01
27                                     1.4356262627392335e-01
28                                     1.4025285577166580e-01
29                                     1.3832601897229568e-01
30                                     1.3587194407370373e-01
31                                     1.9946086034939459e-01
32                                     1.6579450078539737e-01
33                                     1.6349645193430040e-01
34                                     2.5807325675818804e-01
   &VA [&Type "ArrayOfDoubles", &Dim (35,1)] "Mayer's total valence"
                                                         0

0                                      3.9401718437696349e+00
1                                      3.8436478316177745e+00
2                                      3.8141233808023909e+00
3                                      3.7627353145185949e+00
4                                      3.6505324694450079e+00
5                                      1.9364051591122193e+00
6                                      3.9119175582244523e+00
7                                      3.7576695416612731e+00
8                                      3.8250019113836218e+00
9                                      3.8057499015946443e+00
10                                     3.8530930443749196e+00
11                                     3.5353181714005038e+00
12                                     3.9037455713421170e+00
13                                     3.8767069659132352e+00
14                                     3.9569084749649193e+00
15                                     4.2273836149843556e+00
16                                     2.0097830435265402e+00
17                                     3.2197930037840483e+00
18                                     3.8133499865719664e+00
19                                     3.8150846352718175e+00
20                                     9.6364276749340405e-01
21                                     9.4438330609267285e-01
22                                     9.4724083669197401e-01
23                                     9.7750536631400120e-01
24                                     9.4627679554001798e-01
25                                     9.4790261131640619e-01
26                                     9.7313725184437683e-01
27                                     9.6788411583474987e-01
28                                     9.6426974959301048e-01
29                                     9.7558430990717537e-01
30                                     9.7668942238621048e-01
31                                     9.5289039916228935e-01
32                                     9.6198162426644529e-01
33                                     9.6592175577008044e-01
34                                     9.4006390740971935e-01
   &BVA [&Type "ArrayOfDoubles", &Dim (35,1)] "Mayer's bonded valence"
                                                         0

0                                      3.9401718437693156e+00
1                                      3.8436478316176919e+00
2                                      3.8141233808022528e+00
3                                      3.7627353145179621e+00
4                                      3.6505324694446983e+00
5                                      1.9364051591119995e+00
6                                      3.9119175582245904e+00
7                                      3.7576695416610626e+00
8                                      3.8250019113833229e+00
9                                      3.8057499015948513e+00
10                                     3.8530930443747651e+00
11                                     3.5353181714005566e+00
12                                     3.9037455713421023e+00
13                                     3.8767069659131730e+00
14                                     3.9569084749647376e+00
15                                     4.2273836149843138e+00
16                                     2.0097830435265358e+00
17                                     3.2197930037840536e+00
18                                     3.8133499865719345e+00
19                                     3.8150846352718384e+00
20                                     9.6364276749342570e-01
21                                     9.4438330609265919e-01
22                                     9.4724083669196968e-01
23                                     9.7750536631400131e-01
24                                     9.4627679554001898e-01
25                                     9.4790261131639275e-01
26                                     9.7313725184432187e-01
27                                     9.6788411583475087e-01
28                                     9.6426974959301237e-01
29                                     9.7558430990715561e-01
30                                     9.7668942238616574e-01
31                                     9.5289039916231222e-01
32                                     9.6198162426644451e-01
33                                     9.6592175577005290e-01
34                                     9.4006390740970436e-01
   &FA [&Type "ArrayOfDoubles", &Dim (35,1)] "Mayer's free valence"
                                                         0

0                                      0.0000000000000000e+00
1                                      0.0000000000000000e+00
2                                      0.0000000000000000e+00
3                                      0.0000000000000000e+00
4                                      0.0000000000000000e+00
5                                      0.0000000000000000e+00
6                                      0.0000000000000000e+00
7                                      0.0000000000000000e+00
8                                      0.0000000000000000e+00
9                                      0.0000000000000000e+00
10                                     0.0000000000000000e+00
11                                     0.0000000000000000e+00
12                                     0.0000000000000000e+00
13                                     0.0000000000000000e+00
14                                     0.0000000000000000e+00
15                                     0.0000000000000000e+00
16                                     0.0000000000000000e+00
17                                     0.0000000000000000e+00
18                                     0.0000000000000000e+00
19                                     0.0000000000000000e+00
20                                     0.0000000000000000e+00
21                                     0.0000000000000000e+00
22                                     0.0000000000000000e+00
23                                     0.0000000000000000e+00
24                                     0.0000000000000000e+00
25                                     0.0000000000000000e+00
26                                     0.0000000000000000e+00
27                                     0.0000000000000000e+00
28                                     0.0000000000000000e+00
29                                     0.0000000000000000e+00
30                                     0.0000000000000000e+00
31                                     0.0000000000000000e+00
32                                     0.0000000000000000e+00
33                                     0.0000000000000000e+00
34                                     0.0000000000000000e+00
$End
$CIS_Absorption_Spectrum
   &GeometryIndex 1
   &ListStatus       FIRST
   &TEMPERATURE [&Type "Double"]       2.9814999999999998e+02
   &METHOD [&Type "Integer"] 20
   &RELCORRECTION [&Type "Integer"] 1 "Type of relativistic treatment in QDPT. 0->Unknow, 1->None, 2->SOC, 3->SSC, 4->SOC/SSC"
   &DENSTYPE [&Type "Integer"] 3 "Type of density (electron/spin ...). 0->Unknow, 1->Electronic, 2->Spin, 3->Trans/Electronic, 4->Tran/Spin"
   &DERITYPE [&Type "Integer"] 0 "Type of derivative (w.r.t. to what perturbation). 0->Unknown, 1->No Derivative, 2->Electric/Dipole, 3->Electric/Quad, 4->Magnetic/Dipole, 5->Magnetic/Quad"
   &DENSLEVEL [&Type "Integer"] 0 "// Source of density: relaxed, unrelaxed, ... 0->Unknown, 1->Linearized, 2->Unrelaxed, 3->Relaxed"
   &REPRESENTATION [&Type "String"] "Length" "Possible values: Unknown,  Length, Velocity"
   &POINTGROUP [&Type "String"] "C1"
   &NTRANS [&Type "Integer"] 5
   &DOHIGHERMOMENTS [&Type "Boolean"] false
   &STATES [&Type "ArrayOfIntegers", &Dim (5,4)] "The initial and Final states. Col1: Initial State  Col2: Initial Irrep Col3: Final State Col4: Final Irrep"
                                                         0                           1                           2                           3

0                                                        0                           0                           1                           0
1                                                        0                           0                           2                           0
2                                                        0                           0                           3                           0
3                                                        0                           0                           4                           0
4                                                        0                           0                           5                           0
   &MULTIPLICITIES [&Type "ArrayOfDoubles", &Dim (5,2)] "Col1: Multiplicity of the initial state  Col2: Multiplicity of the final state"
                                                         0                           1

0                                      1.0000000000000000e+00         1.0000000000000000e+00
1                                      1.0000000000000000e+00         1.0000000000000000e+00
2                                      1.0000000000000000e+00         1.0000000000000000e+00
3                                      1.0000000000000000e+00         1.0000000000000000e+00
4                                      1.0000000000000000e+00         1.0000000000000000e+00
   &EXCITATIONENERGIES [&Type "ArrayOfDoubles", &Dim (5,11)] 
                                                         0                           1                           2                           3                           4                           5                           6                           7

0                                      3.9236086162726149e+00         3.1646040996753298e+04         3.1599529309293195e+02         3.1942462763387314e-01         3.3229560565363605e+00        -1.5472887552562702e+00         0.0000000000000000e+00        -9.5825386491874021e-01
1                                      4.3986201318398228e+00         3.5477267646941014e+04         2.8187063613570700e+02         1.2179625759707756e-02         1.1302105760970710e-01         1.4520713608081032e-01         0.0000000000000000e+00         2.5273675341461399e-01
2                                      4.8279006643121045e+00         3.8939649005108062e+04         2.5680765634760115e+02         1.3731077158092684e+00         1.1608822271524931e+01        -1.2315412012942946e+00         0.0000000000000000e+00        -2.8328949049366798e+00
3                                      5.1368661662574659e+00         4.1431624096760788e+04         2.4136152559807135e+02         3.1992548241196161e-01         2.5420990190068857e+00         1.5363171797356925e+00         0.0000000000000000e+00         2.2621597482837869e-01
4                                      5.3593628214180917e+00         4.3226180832529870e+04         2.3134127992345086e+02         2.0530204839490102e-02         1.5635868305145276e-01        -1.5236787375503999e-01         0.0000000000000000e+00         2.5639496445371174e-01
                                                         8                           9                          10

0                                      0.0000000000000000e+00        -1.0297132980669550e-01         0.0000000000000000e+00
1                                      0.0000000000000000e+00         1.6751142860818996e-01         0.0000000000000000e+00
2                                      0.0000000000000000e+00        -1.4376491222211820e+00         0.0000000000000000e+00
3                                      0.0000000000000000e+00        -3.6146213493020307e-01         0.0000000000000000e+00
4                                      0.0000000000000000e+00         2.5962345098546247e-01         0.0000000000000000e+00
$End
$CIS_Absorption_Spectrum
   &GeometryIndex 1
   &ListStatus       LAST
   &TEMPERATURE [&Type "Double"]       2.9814999999999998e+02
   &METHOD [&Type "Integer"] 20
   &RELCORRECTION [&Type "Integer"] 1 "Type of relativistic treatment in QDPT. 0->Unknow, 1->None, 2->SOC, 3->SSC, 4->SOC/SSC"
   &DENSTYPE [&Type "Integer"] 3 "Type of density (electron/spin ...). 0->Unknow, 1->Electronic, 2->Spin, 3->Trans/Electronic, 4->Tran/Spin"
   &DERITYPE [&Type "Integer"] 0 "Type of derivative (w.r.t. to what perturbation). 0->Unknown, 1->No Derivative, 2->Electric/Dipole, 3->Electric/Quad, 4->Magnetic/Dipole, 5->Magnetic/Quad"
   &DENSLEVEL [&Type "Integer"] 0 "// Source of density: relaxed, unrelaxed, ... 0->Unknown, 1->Linearized, 2->Unrelaxed, 3->Relaxed"
   &REPRESENTATION [&Type "String"] "Velocity" "Possible values: Unknown,  Length, Velocity"
   &POINTGROUP [&Type "String"] "C1"
   &NTRANS [&Type "Integer"] 5
   &DOHIGHERMOMENTS [&Type "Boolean"] false
   &STATES [&Type "ArrayOfIntegers", &Dim (5,4)] "The initial and Final states. Col1: Initial State  Col2: Initial Irrep Col3: Final State Col4: Final Irrep"
                                                         0                           1                           2                           3

0                                                        0                           0                           1                           0
1                                                        0                           0                           2                           0
2                                                        0                           0                           3                           0
3                                                        0                           0                           4                           0
4                                                        0                           0                           5                           0
   &MULTIPLICITIES [&Type "ArrayOfDoubles", &Dim (5,2)] "Col1: Multiplicity of the initial state  Col2: Multiplicity of the final state"
                                                         0                           1

0                                      1.0000000000000000e+00         1.0000000000000000e+00
1                                      1.0000000000000000e+00         1.0000000000000000e+00
2                                      1.0000000000000000e+00         1.0000000000000000e+00
3                                      1.0000000000000000e+00         1.0000000000000000e+00
4                                      1.0000000000000000e+00         1.0000000000000000e+00
   &EXCITATIONENERGIES [&Type "ArrayOfDoubles", &Dim (5,11)] 
                                                         0                           1                           2                           3                           4                           5                           6                           7

0                                      3.9236086162726149e+00         3.1646040996753298e+04         3.1599529309293195e+02         1.2267157552389679e-01         2.6532016598830747e-02         1.3867512594582723e-01         0.0000000000000000e+00         8.3009100882356343e-02
1                                      4.3986201318398228e+00         3.5477267646941014e+04         2.8187063613570700e+02         1.4168639218018734e-02         3.4354626952824707e-03        -5.0795135635869716e-02         0.0000000000000000e+00        -2.6981430287910186e-02
2                                      4.8279006643121045e+00         3.8939649005108062e+04         2.5680765634760115e+02         6.1812158077202040e-01         1.6450263920254521e-01         1.9093605104517394e-01         0.0000000000000000e+00         3.2796016142948398e-01
3                                      5.1368661662574659e+00         4.1431624096760788e+04         2.4136152559807135e+02         1.3922729329985054e-01         3.9424234438496450e-02        -1.9295603142528767e-01         0.0000000000000000e+00        -4.2252105329405217e-02
4                                      5.3593628214180917e+00         4.3226180832529870e+04         2.3134127992345086e+02         1.0943355773457909e-02         3.2329896579507246e-03         2.7458067501425123e-02         0.0000000000000000e+00        -3.8928562935248767e-02
                                                         8                           9                          10

0                                      0.0000000000000000e+00         2.0266109973117369e-02         0.0000000000000000e+00
1                                      0.0000000000000000e+00        -1.1283585894329519e-02         0.0000000000000000e+00
2                                      0.0000000000000000e+00         1.4313698379163489e-01         0.0000000000000000e+00
3                                      0.0000000000000000e+00         2.0173348019917187e-02         0.0000000000000000e+00
4                                      0.0000000000000000e+00        -3.1042087153319478e-02         0.0000000000000000e+00
$End
$CIS_ECD_Spectrum
   &GeometryIndex 1
   &ListStatus       FIRST
   &TEMPERATURE [&Type "Double"]       2.9814999999999998e+02
   &METHOD [&Type "Integer"] 20
   &RELCORRECTION [&Type "Integer"] 1 "Type of relativistic treatment in QDPT. 0->Unknow, 1->None, 2->SOC, 3->SSC, 4->SOC/SSC"
   &DENSTYPE [&Type "Integer"] 3 "Type of density (electron/spin ...). 0->Unknow, 1->Electronic, 2->Spin, 3->Trans/Electronic, 4->Tran/Spin"
   &DERITYPE [&Type "Integer"] 0 "Type of derivative (w.r.t. to what perturbation). 0->Unknown, 1->No Derivative, 2->Electric/Dipole, 3->Electric/Quad, 4->Magnetic/Dipole, 5->Magnetic/Quad"
   &DENSLEVEL [&Type "Integer"] 0 "// Source of density: relaxed, unrelaxed, ... 0->Unknown, 1->Linearized, 2->Unrelaxed, 3->Relaxed"
   &REPRESENTATION [&Type "String"] "Length" "Possible values: Unknown,  Length, Velocity"
   &POINTGROUP [&Type "String"] "C1"
   &NTRANS [&Type "Integer"] 5
   &DOHIGHERMOMENTS [&Type "Boolean"] false
   &STATES [&Type "ArrayOfIntegers", &Dim (5,4)] "The initial and Final states. Col1: Initial State  Col2: Initial Irrep Col3: Final State Col4: Final Irrep"
                                                         0                           1                           2                           3

0                                                        0                           0                           1                           0
1                                                        0                           0                           2                           0
2                                                        0                           0                           3                           0
3                                                        0                           0                           4                           0
4                                                        0                           0                           5                           0
   &MULTIPLICITIES [&Type "ArrayOfDoubles", &Dim (5,2)] "Col1: Multiplicity of the initial state  Col2: Multiplicity of the final state"
                                                         0                           1

0                                      1.0000000000000000e+00         1.0000000000000000e+00
1                                      1.0000000000000000e+00         1.0000000000000000e+00
2                                      1.0000000000000000e+00         1.0000000000000000e+00
3                                      1.0000000000000000e+00         1.0000000000000000e+00
4                                      1.0000000000000000e+00         1.0000000000000000e+00
   &EXCITATIONENERGIES [&Type "ArrayOfDoubles", &Dim (5,10)] 
                                                         0                           1                           2                           3                           4                           5                           6                           7

0                                      3.9236086162726149e+00         3.1646040996753298e+04         3.1599529309293195e+02         4.3345931522934142e+00         1.3965448522825608e-01         0.0000000000000000e+00        -2.6586786087843728e-01         0.0000000000000000e+00
1                                      4.3986201318398228e+00         3.5477267646941014e+04         2.8187063613570700e+02         9.5523220247977370e-01        -5.1310277413875848e-03         0.0000000000000000e+00         6.1065607390152843e-03         0.0000000000000000e+00
2                                      4.8279006643121045e+00         3.8939649005108062e+04         2.5680765634760115e+02         3.4340175635891912e+00         2.2027240536282652e-01         0.0000000000000000e+00        -5.2731719002569077e-01         0.0000000000000000e+00
3                                      5.1368661662574659e+00         4.1431624096760788e+04         2.4136152559807135e+02         2.9274843734861900e-01        -6.2539210338106360e-02         0.0000000000000000e+00         7.6912181679552161e-02         0.0000000000000000e+00
4                                      5.3593628214180917e+00         4.3226180832529870e+04         2.3134127992345086e+02         2.5732263104211750e+00         1.9935668065656581e-02         0.0000000000000000e+00        -1.9332402464971039e-02         0.0000000000000000e+00
                                                         8                           9

0                                      4.6495711570966380e-01         0.0000000000000000e+00
1                                     -1.6861213332463012e-02         0.0000000000000000e+00
2                                      8.5545461578795257e-01         0.0000000000000000e+00
3                                     -2.1595718897105176e-01         0.0000000000000000e+00
4                                      9.7686946745629954e-03         0.0000000000000000e+00
$End
$CIS_ECD_Spectrum
   &GeometryIndex 1
   &ListStatus       LAST
   &TEMPERATURE [&Type "Double"]       2.9814999999999998e+02
   &METHOD [&Type "Integer"] 20
   &RELCORRECTION [&Type "Integer"] 1 "Type of relativistic treatment in QDPT. 0->Unknow, 1->None, 2->SOC, 3->SSC, 4->SOC/SSC"
   &DENSTYPE [&Type "Integer"] 3 "Type of density (electron/spin ...). 0->Unknow, 1->Electronic, 2->Spin, 3->Trans/Electronic, 4->Tran/Spin"
   &DERITYPE [&Type "Integer"] 0 "Type of derivative (w.r.t. to what perturbation). 0->Unknown, 1->No Derivative, 2->Electric/Dipole, 3->Electric/Quad, 4->Magnetic/Dipole, 5->Magnetic/Quad"
   &DENSLEVEL [&Type "Integer"] 0 "// Source of density: relaxed, unrelaxed, ... 0->Unknown, 1->Linearized, 2->Unrelaxed, 3->Relaxed"
   &REPRESENTATION [&Type "String"] "Velocity" "Possible values: Unknown,  Length, Velocity"
   &POINTGROUP [&Type "String"] "C1"
   &NTRANS [&Type "Integer"] 5
   &DOHIGHERMOMENTS [&Type "Boolean"] false
   &STATES [&Type "ArrayOfIntegers", &Dim (5,4)] "The initial and Final states. Col1: Initial State  Col2: Initial Irrep Col3: Final State Col4: Final Irrep"
                                                         0                           1                           2                           3

0                                                        0                           0                           1                           0
1                                                        0                           0                           2                           0
2                                                        0                           0                           3                           0
3                                                        0                           0                           4                           0
4                                                        0                           0                           5                           0
   &MULTIPLICITIES [&Type "ArrayOfDoubles", &Dim (5,2)] "Col1: Multiplicity of the initial state  Col2: Multiplicity of the final state"
                                                         0                           1

0                                      1.0000000000000000e+00         1.0000000000000000e+00
1                                      1.0000000000000000e+00         1.0000000000000000e+00
2                                      1.0000000000000000e+00         1.0000000000000000e+00
3                                      1.0000000000000000e+00         1.0000000000000000e+00
4                                      1.0000000000000000e+00         1.0000000000000000e+00
   &EXCITATIONENERGIES [&Type "ArrayOfDoubles", &Dim (5,10)] 
                                                         0                           1                           2                           3                           4                           5                           6                           7

0                                      3.9236086162726149e+00         3.1646040996753298e+04         3.1599529309293195e+02         2.1972117571531200e+01         1.3965448522825608e-01         0.0000000000000000e+00        -2.6586786087843728e-01         0.0000000000000000e+00
1                                      4.3986201318398228e+00         3.5477267646941014e+04         2.8187063613570700e+02         8.3449224079168671e-01        -5.1310277413875848e-03         0.0000000000000000e+00         6.1065607390152843e-03         0.0000000000000000e+00
2                                      4.8279006643121045e+00         3.8939649005108062e+04         2.5680765634760115e+02        -2.2410762419307080e+01         2.2027240536282652e-01         0.0000000000000000e+00        -5.2731719002569077e-01         0.0000000000000000e+00
3                                      5.1368661662574659e+00         4.1431624096760788e+04         2.4136152559807135e+02         1.1141004805577003e+01        -6.2539210338106360e-02         0.0000000000000000e+00         7.6912181679552161e-02         0.0000000000000000e+00
4                                      5.3593628214180917e+00         4.3226180832529870e+04         2.3134127992345086e+02         2.3859107326584268e+00         1.9935668065656581e-02         0.0000000000000000e+00        -1.9332402464971039e-02         0.0000000000000000e+00
                                                         8                           9

0                                      4.6495711570966380e-01         0.0000000000000000e+00
1                                     -1.6861213332463012e-02         0.0000000000000000e+00
2                                      8.5545461578795257e-01         0.0000000000000000e+00
3                                     -2.1595718897105176e-01         0.0000000000000000e+00
4                                      9.7686946745629954e-03         0.0000000000000000e+00
$End
$Calculation_Info
   &GeometryIndex 1
   &ListStatus       OUT
   &MULT [&Type "Integer"] 1
   &CHARGE [&Type "Integer"] 1
   &NUMOFATOMS [&Type "Integer"] 35
   &NUMOFELECTRONS [&Type "Integer"] 140
   &NUMOFFCELECTRONS [&Type "Integer"] 1
   &NUMOFCORRELECTRONS [&Type "Integer"] 0
   &NUMOFBASISFUNCTS [&Type "Integer"] 570
   &NUMOFAUXCBASISFUNCTS [&Type "Integer"] 1745
   &NUMOFAUXJBASISFUNCTS [&Type "Integer"] 1145
   &NUMOFAUXJKBASISFUNCTS [&Type "Integer"] 0
   &NUMOFCABSBASISFUNCTS [&Type "Integer"] 0
   &TOTALENERGY [&Type "Double"]      -8.7830371956996464e+02  "Hartrees"
$End
$SCF_Dipole_Moment
   &GeometryIndex 1
   &ListStatus       OUT
   &METHOD [&Type "String"] "SCF"
   &LEVEL [&Type "String"] "Relaxed density"
   &MULT [&Type "Integer"] 1
   &STATE [&Type "Integer"] -1
   &IRREP [&Type "Integer"] 0
   &NATOMS [&Type "Integer"] 35
   &DODIPOLEATOM [&Type "Boolean"] false
   &DIPOLEELECCONTRIB [&Type "ArrayOfDoubles", &Dim (3,1)] "Electronic contribution"
                                                         0

0                                      8.8614951640847508e+00
1                                     -4.4034881345520542e+00
2                                     -5.5590969356001558e+00
   &DIPOLENUCCONTRIB [&Type "ArrayOfDoubles", &Dim (3,1)] "Nuclear contribution"
                                                         0

0                                     -6.1838033946611368e+00
1                                      5.9552192242665640e+00
2                                      7.6300008239420398e+00
   &DIPOLETOTAL [&Type "ArrayOfDoubles", &Dim (3,1)] "Total"
                                                         0

0                                      2.6776917694236140e+00
1                                      1.5517310897145098e+00
2                                      2.0709038883418840e+00
   &DIPOLEMAGNITUDE [&Type "Double", &Units "a.u."]       3.7237810759462056e+00
$End
$Geometry
   &GeometryIndex 2
   &ListStatus       OUT
   &NATOMS [&Type "Integer"] 35
   &NCORELESSECP [&Type "Integer"] 0
   &NGHOSTATOMS [&Type "Integer"] 0
   &CartesianCoordinates [&Type "Coordinates", &Dim(35,4), &Units "Bohr"] 
              C     -3.190776673974   -3.459268891354   -0.921691166060
              C     -2.411002491840   -5.480436587504   -2.391280388759
              C      0.081502015899   -5.584090901998   -3.156506215801
              C     -1.511843063651   -1.540378699187   -0.224109302064
              C      1.066047097411   -1.580430259143   -0.934770239660
              O     -2.337181933520    0.347618887484    1.299187776035
              C      1.826436977336   -3.692936046760   -2.458821656748
              C      4.318986160506   -3.865748488872   -3.294594906551
              C      6.079071899830   -2.042087360031   -2.663919602568
              C      2.894723199487    0.258861211678   -0.288296217289
              C      5.434629030507    0.054083503343   -1.164581297612
              N      2.350364043841    2.319706886282    1.184793810298
              C      4.093279930538    4.133260422441    1.789824502230
              C      6.513959093719    3.966516800685    0.961773576955
              C      7.223755810896    1.898824156368   -0.538228902560
              C     -4.702839079052    1.460863937774    0.858554988359
              O     -5.639101871608    1.410740469724   -1.224733769119
              N     -5.596022707084    2.556355997065    2.931627585729
              C     -7.892793285177    4.057026054957    2.764929768455
              C     -4.402950023841    2.474023316844    5.409180030867
              H     -2.944457720903    1.040222238523    5.473523983436
              H     -5.841776297257    2.026808593270    6.811657398277
              H     -3.584066123813    4.310717748433    5.862073156473
              H     -8.576680061432    4.065715512360    0.834641534979
              H     -7.496266989270    5.987906904651    3.365042998002
              H     -9.331795433379    3.257065505600    4.002870913099
              H      0.752318359616   -7.138082477881   -4.302661177222
              H     -5.118174304818   -3.354386744304   -0.259744659812
              H     -3.730157291261   -6.949331745345   -2.906329542939
              H      4.870899134913   -5.453594739887   -4.457498164841
              H      8.005043625875   -2.213375408531   -3.327548344199
              H      3.392482420613    5.659941808590    2.945741446464
              H      7.850725331441    5.423001542960    1.463656046858
              H      9.132616700813    1.707445905103   -1.235519805135
              H      0.578261127634    2.513249822935    1.850449476672
$End
$SCF_Energy
   &GeometryIndex 2
   &ListStatus       OUT
   &SCF_ENERGY [&Type "Double"]      -8.7843946553968772e+02
$End
$DFT_Energy
   &GeometryIndex 2
   &ListStatus       OUT
   &NALPHAEL [&Type "Integer"] 70
   &NBETAEL [&Type "Integer"] 70
   &NTOTALEL [&Type "Integer"] 140
   &EEXCHANGE [&Type "Double"]       0.0000000000000000e+00
   &ECORR [&Type "Double"]       0.0000000000000000e+00
   &ECNL [&Type "Double"]       0.0000000000000000e+00
   &EXC [&Type "Double"]      -8.9650995501185506e+01
   &EEMBED [&Type "Double"]       0.0000000000000000e+00
   &FINALEN [&Type "Double"]      -8.7843946553968772e+02  "No Van der Waals correction"
$End
$Solvation_Details
   &GeometryIndex 2
   &ListStatus       OUT
   &SOLVENT [&Type "String"] "WATER"
   &EPSILON [&Type "Double"]       8.0150999999999996e+01
   &REFRAC [&Type "Double"]       1.3328000000000000e+00
   &RSOLV [&Type "Double"]       1.3000000000000000e+00
   &SURFACETYPE [&Type "String"] "GAUSSIAN VDW"
   &NPOINTS [&Type "Integer"] 3065
   &SURFACEAREA [&Type "Double"]       1.0820317014850000e+03
   &CPCMDIELENERGY [&Type "Double"]      -8.7948004999999996e-02
$End
$CIS_Absorption_Spectrum
   &GeometryIndex 2
   &ListStatus       OUT
   &TEMPERATURE [&Type "Double"]       2.9814999999999998e+02
   &METHOD [&Type "Integer"] 20
   &RELCORRECTION [&Type "Integer"] 1 "Type of relativistic treatment in QDPT. 0->Unknow, 1->None, 2->SOC, 3->SSC, 4->SOC/SSC"
   &DENSTYPE [&Type "Integer"] 3 "Type of density (electron/spin ...). 0->Unknow, 1->Electronic, 2->Spin, 3->Trans/Electronic, 4->Tran/Spin"
   &DERITYPE [&Type "Integer"] 0 "Type of derivative (w.r.t. to what perturbation). 0->Unknown, 1->No Derivative, 2->Electric/Dipole, 3->Electric/Quad, 4->Magnetic/Dipole, 5->Magnetic/Quad"
   &DENSLEVEL [&Type "Integer"] 0 "// Source of density: relaxed, unrelaxed, ... 0->Unknown, 1->Linearized, 2->Unrelaxed, 3->Relaxed"
   &REPRESENTATION [&Type "String"] "Length" "Possible values: Unknown,  Length, Velocity"
   &POINTGROUP [&Type "String"] "C1"
   &NTRANS [&Type "Integer"] 5
   &DOHIGHERMOMENTS [&Type "Boolean"] false
   &STATES [&Type "ArrayOfIntegers", &Dim (5,4)] "The initial and Final states. Col1: Initial State  Col2: Initial Irrep Col3: Final State Col4: Final Irrep"
                                                         0                           1                           2                           3

0                                                        0                           0                           1                           0
1                                                        0                           0                           2                           0
2                                                        0                           0                           3                           0
3                                                        0                           0                           4                           0
4                                                        0                           0                           5                           0
   &MULTIPLICITIES [&Type "ArrayOfDoubles", &Dim (5,2)] "Col1: Multiplicity of the initial state  Col2: Multiplicity of the final state"
                                                         0                           1

0                                      1.0000000000000000e+00         1.0000000000000000e+00
1                                      1.0000000000000000e+00         1.0000000000000000e+00
2                                      1.0000000000000000e+00         1.0000000000000000e+00
3                                      1.0000000000000000e+00         1.0000000000000000e+00
4                                      1.0000000000000000e+00         1.0000000000000000e+00
   &EXCITATIONENERGIES [&Type "ArrayOfDoubles", &Dim (5,11)] 
                                                         0                           1                           2                           3                           4                           5                           6                           7

0                                      3.4614551618396123e+00         2.7918521614437370e+04         3.5818515529234713e+02         3.5625110559858469e-01         4.2008714404226133e+00        -1.8339537218760955e+00         0.0000000000000000e+00        -9.1278360543617709e-01
1                                      4.1076512615646248e+00         3.3130445193926971e+04         3.0183717548815383e+02         2.3105461738892091e-03         2.2959528620190229e-02        -1.0713063914042437e-02         0.0000000000000000e+00        -1.4185988717767190e-01
2                                      4.5507088225688799e+00         3.6703945792664570e+04         2.7245027159991446e+02         1.2938752563729945e+00         1.1605269765336409e+01        -1.1595715935135895e+00         0.0000000000000000e+00        -2.8633235309473455e+00
3                                      4.9724386390432382e+00         4.0105426512823506e+04         2.4934281640920960e+02         3.0450787086410441e-01         2.4996026167137937e+00         1.4687345693710645e+00         0.0000000000000000e+00         5.8501266794285756e-01
4                                      5.2083746759142713e+00         4.2008379183603720e+04         2.3804774652917573e+02         7.9652456661099977e-02         6.2422166371218391e-01        -2.5347561012342840e-01         0.0000000000000000e+00         5.8055223736315231e-01
                                                         8                           9                          10

0                                      0.0000000000000000e+00        -6.5660308302381523e-02         0.0000000000000000e+00
1                                      0.0000000000000000e+00        -5.2158712519598027e-02         0.0000000000000000e+00
2                                      0.0000000000000000e+00        -1.4359811426254836e+00         0.0000000000000000e+00
3                                      0.0000000000000000e+00        -1.3474412587103083e-02         0.0000000000000000e+00
4                                      0.0000000000000000e+00         4.7215556597098135e-01         0.0000000000000000e+00
$End
$Geometry
   &GeometryIndex 3
   &ListStatus       OUT
   &NATOMS [&Type "Integer"] 35
   &NCORELESSECP [&Type "Integer"] 0
   &NGHOSTATOMS [&Type "Integer"] 0
   &CartesianCoordinates [&Type "Coordinates", &Dim(35,4), &Units "Bohr"] 
              C     -3.125862625115   -3.692552926479   -0.711787201821
              C     -2.287168238963   -5.633480648823   -2.282458675330
              C      0.137785277537   -5.618738717074   -3.184588874733
              C     -1.530519887559   -1.762457592042   -0.068587085802
              C      0.995179422865   -1.697149879245   -0.917586338637
              O     -2.366489624192    0.105457953463    1.560307200496
              C      1.808511427366   -3.674258975378   -2.525214215824
              C      4.331692343533   -3.691178796056   -3.500948933279
              C      5.991606093798   -1.856241857945   -2.933217577346
              C      2.823345505267    0.213383410934   -0.279986546949
              C      5.276368588201    0.155924960401   -1.285567206322
              N      2.265886797252    2.125342511040    1.334527162147
              C      3.864382590210    3.945307977965    1.980824352730
              C      6.278498556483    3.977969144012    0.999994609553
              C      6.972257325815    2.074377017638   -0.622520789036
              C     -4.497673952079    1.485887179171    0.881786199702
              O     -5.247266761497    1.533434063931   -1.279783747932
              N     -5.465346589350    2.715262186414    2.854228760663
              C     -7.547570678270    4.460907392706    2.455748257985
              C     -4.584101665464    2.482701107387    5.447852173094
              H     -3.329818499037    0.879034449334    5.652358816840
              H     -6.216283717603    2.214181262272    6.674460055796
              H     -3.601825380416    4.201175412860    6.025364893219
              H     -7.919888597558    4.648944053531    0.450593373896
              H     -7.054483453576    6.301751668688    3.238853540531
              H     -9.239463571711    3.767087123347    3.407014321217
              H      0.803217702387   -7.109761817077   -4.414043826923
              H     -5.038158088579   -3.690039452854    0.004941148604
              H     -3.567447989185   -7.146319605560   -2.780439234279
              H      4.867072437937   -5.233602043209   -4.731596806849
              H      7.891722405096   -1.865509879388   -3.685340006642
              H      3.156816848552    5.342889989980    3.288076501778
              H      7.567073999322    5.467654206720    1.527671435190
              H      8.858846305959    2.028817731426   -1.411662429336
              H      0.503757185833    2.127582478950    2.098097554440
$End
$SCF_Energy
   &GeometryIndex 3
   &ListStatus       OUT
   &SCF_ENERGY [&Type "Double"]      -8.7844790931032173e+02
$End
$DFT_Energy
   &GeometryIndex 3
   &ListStatus       OUT
   &NALPHAEL [&Type "Integer"] 70
   &NBETAEL [&Type "Integer"] 70
   &NTOTALEL [&Type "Integer"] 139
   &EEXCHANGE [&Type "Double"]       0.0000000000000000e+00
   &ECORR [&Type "Double"]       0.0000000000000000e+00
   &ECNL [&Type "Double"]       0.0000000000000000e+00
   &EXC [&Type "Double"]      -8.9693462462609517e+01
   &EEMBED [&Type "Double"]       0.0000000000000000e+00
   &FINALEN [&Type "Double"]      -8.7844790931032173e+02  "No Van der Waals correction"
$End
$Solvation_Details
   &GeometryIndex 3
   &ListStatus       OUT
   &SOLVENT [&Type "String"] "WATER"
   &EPSILON [&Type "Double"]       8.0150999999999996e+01
   &REFRAC [&Type "Double"]       1.3328000000000000e+00
   &RSOLV [&Type "Double"]       1.3000000000000000e+00
   &SURFACETYPE [&Type "String"] "GAUSSIAN VDW"
   &NPOINTS [&Type "Integer"] 3048
   &SURFACEAREA [&Type "Double"]       1.0797076986860000e+03
   &CPCMDIELENERGY [&Type "Double"]      -8.8548795000000000e-02
$End
$CIS_Absorption_Spectrum
   &GeometryIndex 3
   &ListStatus       OUT
   &TEMPERATURE [&Type "Double"]       2.9814999999999998e+02
   &METHOD [&Type "Integer"] 20
   &RELCORRECTION [&Type "Integer"] 1 "Type of relativistic treatment in QDPT. 0->Unknow, 1->None, 2->SOC, 3->SSC, 4->SOC/SSC"
   &DENSTYPE [&Type "Integer"] 3 "Type of density (electron/spin ...). 0->Unknow, 1->Electronic, 2->Spin, 3->Trans/Electronic, 4->Tran/Spin"
   &DERITYPE [&Type "Integer"] 0 "Type of derivative (w.r.t. to what perturbation). 0->Unknown, 1->No Derivative, 2->Electric/Dipole, 3->Electric/Quad, 4->Magnetic/Dipole, 5->Magnetic/Quad"
   &DENSLEVEL [&Type "Integer"] 0 "// Source of density: relaxed, unrelaxed, ... 0->Unknown, 1->Linearized, 2->Unrelaxed, 3->Relaxed"
   &REPRESENTATION [&Type "String"] "Length" "Possible values: Unknown,  Length, Velocity"
   &POINTGROUP [&Type "String"] "C1"
   &NTRANS [&Type "Integer"] 5
   &DOHIGHERMOMENTS [&Type "Boolean"] false
   &STATES [&Type "ArrayOfIntegers", &Dim (5,4)] "The initial and Final states. Col1: Initial State  Col2: Initial Irrep Col3: Final State Col4: Final Irrep"
                                                         0                           1                           2                           3

0                                                        0                           0                           1                           0
1                                                        0                           0                           2                           0
2                                                        0                           0                           3                           0
3                                                        0                           0                           4                           0
4                                                        0                           0                           5                           0
   &MULTIPLICITIES [&Type "ArrayOfDoubles", &Dim (5,2)] "Col1: Multiplicity of the initial state  Col2: Multiplicity of the final state"
                                                         0                           1

0                                      1.0000000000000000e+00         1.0000000000000000e+00
1                                      1.0000000000000000e+00         1.0000000000000000e+00
2                                      1.0000000000000000e+00         1.0000000000000000e+00
3                                      1.0000000000000000e+00         1.0000000000000000e+00
4                                      1.0000000000000000e+00         1.0000000000000000e+00
   &EXCITATIONENERGIES [&Type "ArrayOfDoubles", &Dim (5,11)] 
                                                         0                           1                           2                           3                           4                           5                           6                           7

0                                      3.9237032964193839e+00         3.1646804643716914e+04         3.1598766803097692e+02         3.1957687873790441e-01         3.3244596938744713e+00        -1.5477787733601882e+00         0.0000000000000000e+00        -9.5823687947091107e-01
1                                      4.3988574063233328e+00         3.5479181394913096e+04         2.8185543202622398e+02         1.2116330048568715e-02         1.1242763923602035e-01         1.4499777158417251e-01         0.0000000000000000e+00         2.5205102477584052e-01
2                                      4.8280847269693430e+00         3.8941133570712489e+04         2.5679786598510759e+02         1.3731806502556536e+00         1.1608996299146293e+01        -1.2313237410421309e+00         0.0000000000000000e+00        -2.8331191853430071e+00
3                                      5.1370392573391790e+00         4.1433020170631491e+04         2.4135339298987884e+02         3.1996428159832996e-01         2.5423216481474284e+00         1.5364853323130359e+00         0.0000000000000000e+00         2.2612255633373526e-01
4                                      5.3595461273250358e+00         4.3227659294530909e+04         2.3133336764466407e+02         2.0594430621503738e-02         1.5684246414709108e-01        -1.5299668906449471e-01         0.0000000000000000e+00         2.5663933327848681e-01
                                                         8                           9                          10

0                                      0.0000000000000000e+00        -1.0306621867495390e-01         0.0000000000000000e+00
1                                      0.0000000000000000e+00         1.6695378516551554e-01         0.0000000000000000e+00
2                                      0.0000000000000000e+00        -1.4374539385780964e+00         0.0000000000000000e+00
3                                      0.0000000000000000e+00        -3.6111364035636301e-01         0.0000000000000000e+00
4                                      0.0000000000000000e+00         2.5994370524551497e-01         0.0000000000000000e+00
$End
$Geometry
   &GeometryIndex 4
   &ListStatus       OUT
   &NATOMS [&Type "Integer"] 35
   &NCORELESSECP [&Type "Integer"] 0
   &NGHOSTATOMS [&Type "Integer"] 0
   &CartesianCoordinates [&Type "Coordinates", &Dim(35,4), &Units "Bohr"] 
              C     -3.125560899426   -3.693587760239   -0.710371108743
              C     -2.287000082243   -5.634229707887   -2.281474370727
              C      0.137626487079   -5.618857770726   -3.184475901124
              C     -1.530377630183   -1.763262951939   -0.067506643215
              C      0.995058749065   -1.697444452867   -0.917198530997
              O     -2.366487296751    0.104497588927    1.561542398412
              C      1.808194348603   -3.674111555356   -2.525462805825
              C      4.330963191549   -3.690242960838   -3.502275024452
              C      5.990670292980   -1.854999432364   -2.934917365662
              C      2.823128867913    0.213225545259   -0.279745895833
              C      5.275722888002    0.156568092030   -1.286405574210
              N      2.266036127153    2.124447172438    1.335770412664
              C      3.864495907782    3.944442057998    1.982069711205
              C      6.278145888203    3.977958729528    1.000117270059
              C      6.971529785321    2.075127046977   -0.623448319358
              C     -4.496554706310    1.486038227199    0.881804217871
              O     -5.244871172141    1.533893790507   -1.280209641303
              N     -5.464693826734    2.716168599271    2.853539670943
              C     -7.546497712705    4.462008764095    2.453721446104
              C     -4.586329155066    2.482332779872    5.448014183398
              H     -3.329795278705    0.880432672897    5.652460861432
              H     -6.219521753558    2.210186134310    6.672534570492
              H     -3.607353435693    4.201777667562    6.028209976846
              H     -7.915392927715    4.652613544470    0.448167526052
              H     -7.054847651747    6.301847493010    3.240052507002
              H     -9.240011470251    3.766873965306    3.401189338705
              H      0.802916155787   -7.109569781155   -4.414386268035
              H     -5.037656457448   -3.691405750957    0.006916749427
              H     -3.567139001737   -7.147276354432   -2.779184484137
              H      4.866184156351   -5.232287572914   -4.733466233929
              H      7.890451280431   -1.863638274722   -3.687893576573
              H      3.157278350506    5.341362766974    3.290216106208
              H      7.566677126721    5.467688079726    1.527777306913
              H      8.857771467035    2.030226407057   -1.413458201965
              H      0.504241539861    2.126104306502    2.100120287696
$End
$SCF_Energy
   &GeometryIndex 4
   &ListStatus       OUT
   &SCF_ENERGY [&Type "Double"]      -8.7844790936815104e+02
$End
$DFT_Energy
   &GeometryIndex 4
   &ListStatus       OUT
   &NALPHAEL [&Type "Integer"] 70
   &NBETAEL [&Type "Integer"] 70
   &NTOTALEL [&Type "Integer"] 139
   &EEXCHANGE [&Type "Double"]       0.0000000000000000e+00
   &ECORR [&Type "Double"]       0.0000000000000000e+00
   &ECNL [&Type "Double"]       0.0000000000000000e+00
   &EXC [&Type "Double"]      -8.9693410235015364e+01
   &EEMBED [&Type "Double"]       0.0000000000000000e+00
   &FINALEN [&Type "Double"]      -8.7844790936815104e+02  "No Van der Waals correction"
$End
$Solvation_Details
   &GeometryIndex 4
   &ListStatus       OUT
   &SOLVENT [&Type "String"] "WATER"
   &EPSILON [&Type "Double"]       8.0150999999999996e+01
   &REFRAC [&Type "Double"]       1.3328000000000000e+00
   &RSOLV [&Type "Double"]       1.3000000000000000e+00
   &SURFACETYPE [&Type "String"] "GAUSSIAN VDW"
   &NPOINTS [&Type "Integer"] 3048
   &SURFACEAREA [&Type "Double"]       1.0796915169599999e+03
   &CPCMDIELENERGY [&Type "Double"]      -8.8544822999999995e-02
$End
$CIS_Absorption_Spectrum
   &GeometryIndex 4
   &ListStatus       OUT
   &TEMPERATURE [&Type "Double"]       2.9814999999999998e+02
   &METHOD [&Type "Integer"] 20
   &RELCORRECTION [&Type "Integer"] 1 "Type of relativistic treatment in QDPT. 0->Unknow, 1->None, 2->SOC, 3->SSC, 4->SOC/SSC"
   &DENSTYPE [&Type "Integer"] 3 "Type of density (electron/spin ...). 0->Unknow, 1->Electronic, 2->Spin, 3->Trans/Electronic, 4->Tran/Spin"
   &DERITYPE [&Type "Integer"] 0 "Type of derivative (w.r.t. to what perturbation). 0->Unknown, 1->No Derivative, 2->Electric/Dipole, 3->Electric/Quad, 4->Magnetic/Dipole, 5->Magnetic/Quad"
   &DENSLEVEL [&Type "Integer"] 0 "// Source of density: relaxed, unrelaxed, ... 0->Unknown, 1->Linearized, 2->Unrelaxed, 3->Relaxed"
   &REPRESENTATION [&Type "String"] "Length" "Possible values: Unknown,  Length, Velocity"
   &POINTGROUP [&Type "String"] "C1"
   &NTRANS [&Type "Integer"] 5
   &DOHIGHERMOMENTS [&Type "Boolean"] false
   &STATES [&Type "ArrayOfIntegers", &Dim (5,4)] "The initial and Final states. Col1: Initial State  Col2: Initial Irrep Col3: Final State Col4: Final Irrep"
                                                         0                           1                           2                           3

0                                                        0                           0                           1                           0
1                                                        0                           0                           2                           0
2                                                        0                           0                           3                           0
3                                                        0                           0                           4                           0
4                                                        0                           0                           5                           0
   &MULTIPLICITIES [&Type "ArrayOfDoubles", &Dim (5,2)] "Col1: Multiplicity of the initial state  Col2: Multiplicity of the final state"
                                                         0                           1

0                                      1.0000000000000000e+00         1.0000000000000000e+00
1                                      1.0000000000000000e+00         1.0000000000000000e+00
2                                      1.0000000000000000e+00         1.0000000000000000e+00
3                                      1.0000000000000000e+00         1.0000000000000000e+00
4                                      1.0000000000000000e+00         1.0000000000000000e+00
   &EXCITATIONENERGIES [&Type "ArrayOfDoubles", &Dim (5,11)] 
                                                         0                           1                           2                           3                           4                           5                           6                           7

0                                      3.9237977701417170e+00         3.1647566625754996e+04         3.1598005996018452e+02         3.1953087604801217e-01         3.3239011102117653e+00        -1.5474663049552666e+00         0.0000000000000000e+00        -9.5846864787790054e-01
1                                      4.3988852869765296e+00         3.5479406267569975e+04         2.8185364559328946e+02         1.2154075002594649e-02         1.1277716052762014e-01         1.4509938068082323e-01         0.0000000000000000e+00         2.5242225699098103e-01
2                                      4.8281305078066632e+00         3.8941502818105990e+04         2.5679543100094389e+02         1.3732951529442634e+00         1.1609854228579316e+01        -1.2316851853163697e+00         0.0000000000000000e+00        -2.8330303803240100e+00
3                                      5.1370776398652378e+00         4.1433329746614225e+04         2.4135158967804566e+02         3.1988952297591555e-01         2.5417086519552092e+00         1.5361536294773404e+00         0.0000000000000000e+00         2.2616114638012566e-01
4                                      5.3588780895156907e+00         4.3222271205664394e+04         2.3136220566515425e+02         2.0501386476507483e-02         1.5615332491009451e-01        -1.5155320322545868e-01         0.0000000000000000e+00         2.5664317656401742e-01
                                                         8                           9                          10

0                                      0.0000000000000000e+00        -1.0289313035848556e-01         0.0000000000000000e+00
1                                      0.0000000000000000e+00         1.6735093196406409e-01         0.0000000000000000e+00
2                                      0.0000000000000000e+00        -1.4376177158802306e+00         0.0000000000000000e+00
3                                      0.0000000000000000e+00        -3.6165150969798343e-01         0.0000000000000000e+00
4                                      0.0000000000000000e+00         2.5945949862228579e-01         0.0000000000000000e+00
$End
$Geometry
   &GeometryIndex 5
   &ListStatus       OUT
   &NATOMS [&Type "Integer"] 35
   &NCORELESSECP [&Type "Integer"] 0
   &NGHOSTATOMS [&Type "Integer"] 0
   &CartesianCoordinates [&Type "Coordinates", &Dim(35,4), &Units "Bohr"] 
              C     -3.125690930068   -3.693502492124   -0.710901872460
              C     -2.286975110494   -5.634192461100   -2.281863950778
              C      0.137802809382   -5.618957286630   -3.184461664990
              C     -1.530518354915   -1.763246991367   -0.067802626664
              C      0.995017969374   -1.697485447936   -0.917204868826
              O     -2.366732394368    0.104451008695    1.561265970738
              C      1.808336678793   -3.674245504174   -2.525260846419
              C      4.331254927546   -3.690495062049   -3.501687646300
              C      5.990894438787   -1.855212130675   -2.934258416292
              C      2.822994938053    0.213259238491   -0.279716204625
              C      5.275707243753    0.156542764693   -1.286080275670
              N      2.265656897994    2.124673733478    1.335481173162
              C      3.863955749309    3.944846598216    1.981672860023
              C      6.277706349810    3.978331047816    0.999967349636
              C      6.971361624952    2.075267502793   -0.623212007977
              C     -4.496904780486    1.485899279811    0.881643376974
              O     -5.244877310985    1.534443071480   -1.280469760419
              N     -5.465589626330    2.714779608499    2.853896296379
              C     -7.545697018819    4.462736683366    2.454486452295
              C     -4.584910255486    2.481825477167    5.447691733121
              H     -3.335879594812    0.874211651477    5.653589991163
              H     -6.218006944812    2.219585192475    6.674391562230
              H     -3.597078183652    4.197577375609    6.023904737325
              H     -7.918811595855    4.648874644433    0.449304507321
              H     -7.049950027591    6.303922092496    3.235167484350
              H     -9.237919780308    3.772108062634    3.407440614561
              H      0.803230802649   -7.109739240069   -4.414212162097
              H     -5.037880314013   -3.691264972852    0.006140328855
              H     -3.567102372952   -7.147190676810   -2.779750954829
              H      4.866640065418   -5.232650893474   -4.732668119122
              H      7.890780198454   -1.863931014627   -3.686969047246
              H      3.156534683880    5.341923897728    3.289542513749
              H      7.566108797899    5.468206058950    1.527530407184
              H      8.857695861629    2.030323918969   -1.412998483553
              H      0.503799464373    2.126308755503    2.099677292087
$End
$SCF_Energy
   &GeometryIndex 5
   &ListStatus       OUT
   &SCF_ENERGY [&Type "Double"]      -8.7844790979561549e+02
$End
$DFT_Energy
   &GeometryIndex 5
   &ListStatus       OUT
   &NALPHAEL [&Type "Integer"] 70
   &NBETAEL [&Type "Integer"] 70
   &NTOTALEL [&Type "Integer"] 139
   &EEXCHANGE [&Type "Double"]       0.0000000000000000e+00
   &ECORR [&Type "Double"]       0.0000000000000000e+00
   &ECNL [&Type "Double"]       0.0000000000000000e+00
   &EXC [&Type "Double"]      -8.9693432399879924e+01
   &EEMBED [&Type "Double"]       0.0000000000000000e+00
   &FINALEN [&Type "Double"]      -8.7844790979561549e+02  "No Van der Waals correction"
$End
$Solvation_Details
   &GeometryIndex 5
   &ListStatus       OUT
   &SOLVENT [&Type "String"] "WATER"
   &EPSILON [&Type "Double"]       8.0150999999999996e+01
   &REFRAC [&Type "Double"]       1.3328000000000000e+00
   &RSOLV [&Type "Double"]       1.3000000000000000e+00
   &SURFACETYPE [&Type "String"] "GAUSSIAN VDW"
   &NPOINTS [&Type "Integer"] 3048
   &SURFACEAREA [&Type "Double"]       1.0796921154320000e+03
   &CPCMDIELENERGY [&Type "Double"]      -8.8548421000000002e-02
$End
$CIS_Absorption_Spectrum
   &GeometryIndex 5
   &ListStatus       OUT
   &TEMPERATURE [&Type "Double"]       2.9814999999999998e+02
   &METHOD [&Type "Integer"] 20
   &RELCORRECTION [&Type "Integer"] 1 "Type of relativistic treatment in QDPT. 0->Unknow, 1->None, 2->SOC, 3->SSC, 4->SOC/SSC"
   &DENSTYPE [&Type "Integer"] 3 "Type of density (electron/spin ...). 0->Unknow, 1->Electronic, 2->Spin, 3->Trans/Electronic, 4->Tran/Spin"
   &DERITYPE [&Type "Integer"] 0 "Type of derivative (w.r.t. to what perturbation). 0->Unknown, 1->No Derivative, 2->Electric/Dipole, 3->Electric/Quad, 4->Magnetic/Dipole, 5->Magnetic/Quad"
   &DENSLEVEL [&Type "Integer"] 0 "// Source of density: relaxed, unrelaxed, ... 0->Unknown, 1->Linearized, 2->Unrelaxed, 3->Relaxed"
   &REPRESENTATION [&Type "String"] "Length" "Possible values: Unknown,  Length, Velocity"
   &POINTGROUP [&Type "String"] "C1"
   &NTRANS [&Type "Integer"] 5
   &DOHIGHERMOMENTS [&Type "Boolean"] false
   &STATES [&Type "ArrayOfIntegers", &Dim (5,4)] "The initial and Final states. Col1: Initial State  Col2: Initial Irrep Col3: Final State Col4: Final Irrep"
                                                         0                           1                           2                           3

0                                                        0                           0                           1                           0
1                                                        0                           0                           2                           0
2                                                        0                           0                           3                           0
3                                                        0                           0                           4                           0
4                                                        0                           0                           5                           0
   &MULTIPLICITIES [&Type "ArrayOfDoubles", &Dim (5,2)] "Col1: Multiplicity of the initial state  Col2: Multiplicity of the final state"
                                                         0                           1

0                                      1.0000000000000000e+00         1.0000000000000000e+00
1                                      1.0000000000000000e+00         1.0000000000000000e+00
2                                      1.0000000000000000e+00         1.0000000000000000e+00
3                                      1.0000000000000000e+00         1.0000000000000000e+00
4                                      1.0000000000000000e+00         1.0000000000000000e+00
   &EXCITATIONENERGIES [&Type "ArrayOfDoubles", &Dim (5,11)] 
                                                         0                           1                           2                           3                           4                           5                           6                           7

0                                      3.9237677121878960e+00         3.1647324191982436e+04         3.1598248051989839e+02         3.1955790146459312e-01         3.3242077053551364e+00        -1.5475165824827684e+00         0.0000000000000000e+00        -9.5853779561412511e-01
1                                      4.3988977318607549e+00         3.5479506642340981e+04         2.8185284820353377e+02         1.2128707974687302e-02         1.1254146253119834e-01         1.4492090518945888e-01         0.0000000000000000e+00         2.5216832087152086e-01
2                                      4.8281427974657607e+00         3.8941601940901783e+04         2.5679477734829999e+02         1.3732474152720839e+00         1.1609421102760795e+01        -1.2313018378880864e+00         0.0000000000000000e+00        -2.8331417364512812e+00
3                                      5.1370930054998611e+00         4.1433453678828359e+04         2.4135086776774764e+02         3.1987825594954611e-01         2.5416115265912325e+00         1.5361594430345520e+00         0.0000000000000000e+00         2.2641621450219629e-01
4                                      5.3591669179185084e+00         4.3224600764081268e+04         2.3134973656737134e+02         2.0464536985988633e-02         1.5586425200733550e-01        -1.5178414583025371e-01         0.0000000000000000e+00         2.5618225849321546e-01
                                                         8                           9                          10

0                                      0.0000000000000000e+00        -1.0298265230223536e-01         0.0000000000000000e+00
1                                      0.0000000000000000e+00         1.6718412520064194e-01         0.0000000000000000e+00
2                                      0.0000000000000000e+00        -1.4375760111910720e+00         0.0000000000000000e+00
3                                      0.0000000000000000e+00        -3.6133279670893809e-01         0.0000000000000000e+00
4                                      0.0000000000000000e+00         2.5922282984959311e-01         0.0000000000000000e+00
$End
$Geometry
   &GeometryIndex 6
   &ListStatus       OUT
   &NATOMS [&Type "Integer"] 35
   &NCORELESSECP [&Type "Integer"] 0
   &NGHOSTATOMS [&Type "Integer"] 0
   &CartesianCoordinates [&Type "Coordinates", &Dim(35,4), &Units "Bohr"] 
              C     -3.125747312289   -3.693868080718   -0.711653269760
              C     -2.286808845075   -5.634358749874   -2.282757029949
              C      0.138080033797   -5.619014727532   -3.185049893922
              C     -1.530686130907   -1.763644205568   -0.068187547526
              C      0.994931796560   -1.697712356088   -0.917379200596
              O     -2.366898700838    0.103834339808    1.561127440578
              C      1.808506889843   -3.674339252524   -2.525464722006
              C      4.331576437457   -3.690511205021   -3.501505365009
              C      5.991099732716   -1.855218862444   -2.933764347218
              C      2.822747725553    0.213118182326   -0.279665405884
              C      5.275594176044    0.156518953958   -1.285707320856
              N      2.265097608637    2.124577157595    1.335368347708
              C      3.863166716055    3.944913777042    1.981649332338
              C      6.277036551499    3.978517054289    1.000248685471
              C      6.971034843653    2.075390394768   -0.622709670709
              C     -4.497022188783    1.485537197522    0.881936483175
              O     -5.246360918119    1.532967868353   -1.279723643743
              N     -5.463954594901    2.716310502598    2.853878438084
              C     -7.544812875084    4.463391093969    2.454570932438
              C     -4.583767589393    2.483277847827    5.447822414244
              H     -3.330312755196    0.879019259239    5.652756728553
              H     -6.216500885039    2.215507667531    6.673870516356
              H     -3.600884867212    4.201280388762    6.025693337949
              H     -7.915366908046    4.652681308191    0.449201517752
              H     -7.051135525403    6.303508302746    3.238991355039
              H     -9.237961908328    3.770232170051    3.404102460173
              H      0.803683217227   -7.109684228514   -4.414842001248
              H     -5.037998799033   -3.691782872910    0.005202923514
              H     -3.566853806623   -7.147324797114   -2.780954176365
              H      4.867175887203   -5.232617832944   -4.732454469297
              H      7.891099847921   -1.863883617255   -3.686186508290
              H      3.155471634786    5.342011870315    3.289348520245
              H      7.565263634780    5.468520596066    1.527875950591
              H      8.857475909954    2.030527366367   -1.412245908135
              H      0.503171395422    2.126083094500    2.099377660158
$End
$SCF_Energy
   &GeometryIndex 6
   &ListStatus       OUT
   &SCF_ENERGY [&Type "Double"]      -8.7844790948600587e+02
$End
$DFT_Energy
   &GeometryIndex 6
   &ListStatus       OUT
   &NALPHAEL [&Type "Integer"] 70
   &NBETAEL [&Type "Integer"] 70
   &NTOTALEL [&Type "Integer"] 139
   &EEXCHANGE [&Type "Double"]       0.0000000000000000e+00
   &ECORR [&Type "Double"]       0.0000000000000000e+00
   &ECNL [&Type "Double"]       0.0000000000000000e+00
   &EXC [&Type "Double"]      -8.9693430564876607e+01
   &EEMBED [&Type "Double"]       0.0000000000000000e+00
   &FINALEN [&Type "Double"]      -8.7844790948600587e+02  "No Van der Waals correction"
$End
$Solvation_Details
   &GeometryIndex 6
   &ListStatus       OUT
   &SOLVENT [&Type "String"] "WATER"
   &EPSILON [&Type "Double"]       8.0150999999999996e+01
   &REFRAC [&Type "Double"]       1.3328000000000000e+00
   &RSOLV [&Type "Double"]       1.3000000000000000e+00
   &SURFACETYPE [&Type "String"] "GAUSSIAN VDW"
   &NPOINTS [&Type "Integer"] 3049
   &SURFACEAREA [&Type "Double"]       1.0796986527070001e+03
   &CPCMDIELENERGY [&Type "Double"]      -8.8549487999999996e-02
$End
$CIS_Absorption_Spectrum
   &GeometryIndex 6
   &ListStatus       OUT
   &TEMPERATURE [&Type "Double"]       2.9814999999999998e+02
   &METHOD [&Type "Integer"] 20
   &RELCORRECTION [&Type "Integer"] 1 "Type of relativistic treatment in QDPT. 0->Unknow, 1->None, 2->SOC, 3->SSC, 4->SOC/SSC"
   &DENSTYPE [&Type "Integer"] 3 "Type of density (electron/spin ...). 0->Unknow, 1->Electronic, 2->Spin, 3->Trans/Electronic, 4->Tran/Spin"
   &DERITYPE [&Type "Integer"] 0 "Type of derivative (w.r.t. to what perturbation). 0->Unknown, 1->No Derivative, 2->Electric/Dipole, 3->Electric/Quad, 4->Magnetic/Dipole, 5->Magnetic/Quad"
   &DENSLEVEL [&Type "Integer"] 0 "// Source of density: relaxed, unrelaxed, ... 0->Unknown, 1->Linearized, 2->Unrelaxed, 3->Relaxed"
   &REPRESENTATION [&Type "String"] "Length" "Possible values: Unknown,  Length, Velocity"
   &POINTGROUP [&Type "String"] "C1"
   &NTRANS [&Type "Integer"] 5
   &DOHIGHERMOMENTS [&Type "Boolean"] false
   &STATES [&Type "ArrayOfIntegers", &Dim (5,4)] "The initial and Final states. Col1: Initial State  Col2: Initial Irrep Col3: Final State Col4: Final Irrep"
                                                         0                           1                           2                           3

0                                                        0                           0                           1                           0
1                                                        0                           0                           2                           0
2                                                        0                           0                           3                           0
3                                                        0                           0                           4                           0
4                                                        0                           0                           5                           0
   &MULTIPLICITIES [&Type "ArrayOfDoubles", &Dim (5,2)] "Col1: Multiplicity of the initial state  Col2: Multiplicity of the final state"
                                                         0                           1

0                                      1.0000000000000000e+00         1.0000000000000000e+00
1                                      1.0000000000000000e+00         1.0000000000000000e+00
2                                      1.0000000000000000e+00         1.0000000000000000e+00
3                                      1.0000000000000000e+00         1.0000000000000000e+00
4                                      1.0000000000000000e+00         1.0000000000000000e+00
   &EXCITATIONENERGIES [&Type "ArrayOfDoubles", &Dim (5,11)] 
                                                         0                           1                           2                           3                           4                           5                           6                           7

0                                      3.9238078533768479e+00         3.1647647952539479e+04         3.1597924796801766e+02         3.1951653490110721e-01         3.3237433860392755e+00        -1.5473742304709805e+00         0.0000000000000000e+00        -9.5851408232727109e-01
1                                      4.3988901954712958e+00         3.5479445857254315e+04         2.8185333108733846e+02         1.2142209044382762e-02         1.1266693107154746e-01         1.4496720601716503e-01         0.0000000000000000e+00         2.5236184364248709e-01
2                                      4.8281445085678225e+00         3.8941615741872090e+04         2.5679468633982412e+02         1.3733297549590993e+00         1.1610113087078641e+01        -1.2311842338082926e+00         0.0000000000000000e+00        -2.8332280634195750e+00
3                                      5.1370908471923897e+00         4.1433436270902799e+04         2.4135096916937681e+02         3.1992523507888176e-01         2.5419858700254010e+00         1.5362832255906114e+00         0.0000000000000000e+00         2.2624004904425193e-01
4                                      5.3589407726225726e+00         4.3222776779069944e+04         2.3135949943971130e+02         2.0533772711460820e-02         1.5639817240224158e-01        -1.5166676551512900e-01         0.0000000000000000e+00         2.5693260497012288e-01
                                                         8                           9                          10

0                                      0.0000000000000000e+00        -1.0308797647604467e-01         0.0000000000000000e+00
1                                      0.0000000000000000e+00         1.6722721107669405e-01         0.0000000000000000e+00
2                                      0.0000000000000000e+00        -1.4377472692209481e+00         0.0000000000000000e+00
3                                      0.0000000000000000e+00        -3.6143486412182479e-01         0.0000000000000000e+00
4                                      0.0000000000000000e+00         2.5957850670594290e-01         0.0000000000000000e+00
$End
$Geometry
   &GeometryIndex 7
   &ListStatus       OUT
   &NATOMS [&Type "Integer"] 35
   &NCORELESSECP [&Type "Integer"] 0
   &NGHOSTATOMS [&Type "Integer"] 0
   &CartesianCoordinates [&Type "Coordinates", &Dim(35,4), &Units "Bohr"] 
              C     -3.125727667458   -3.693588966635   -0.711224872038
              C     -2.287043376197   -5.634046680727   -2.282492757039
              C      0.137752231165   -5.618749209235   -3.185039625094
              C     -1.530529671761   -1.763450718224   -0.067832453917
              C      0.995015907084   -1.697617660556   -0.917212010598
              O     -2.366718296556    0.104083622247    1.561454436205
              C      1.808330396987   -3.674190495245   -2.525503305268
              C      4.331281807018   -3.690395415552   -3.501846022234
              C      5.990931737477   -1.855187010142   -2.934206946177
              C      2.822987585517    0.213078567177   -0.279560200243
              C      5.275703411643    0.156462051197   -1.285919262637
              N      2.265614892958    2.124407189392    1.335724034982
              C      3.863846589458    3.944620954108    1.981958916200
              C      6.277582625234    3.978227615269    1.000226013075
              C      6.971296754658    2.075222860940   -0.622996987982
              C     -4.496801024149    1.485688862527    0.881880103063
              O     -5.245267167308    1.533519442728   -1.280075229352
              N     -5.464916902623    2.715583517419    2.853806565769
              C     -7.546240448147    4.462053110681    2.454293181383
              C     -4.584217658369    2.483959807363    5.447683261329
              H     -3.328402049885    0.881559377141    5.652644011377
              H     -6.216446114137    2.213992246887    6.673930912882
              H     -3.603750681393    4.203449078174    6.025266714544
              H     -7.921389867390    4.645624690664    0.449258948020
              H     -7.050739303443    6.304414406437    3.232375166235
              H     -9.237167195377    3.771619855357    3.409703494781
              H      0.803161727675   -7.109363901719   -4.415002897576
              H     -5.037927816662   -3.691416137580    0.005776540099
              H     -3.567210713209   -7.146923120450   -2.780647108897
              H      4.866678028203   -5.232446491336   -4.732953073190
              H      7.890837151348   -1.863862672200   -3.686868163135
              H      3.156383170137    5.341629449908    3.289878831146
              H      7.565932070998    5.468141486725    1.527808269032
              H      8.857627791043    2.030367069952   -1.412796262037
              H      0.503765411848    2.125966342044    2.099918550871
$End
$SCF_Energy
   &GeometryIndex 7
   &ListStatus       OUT
   &SCF_ENERGY [&Type "Double"]      -8.7844790951330810e+02
$End
$DFT_Energy
   &GeometryIndex 7
   &ListStatus       OUT
   &NALPHAEL [&Type "Integer"] 70
   &NBETAEL [&Type "Integer"] 70
   &NTOTALEL [&Type "Integer"] 139
   &EEXCHANGE [&Type "Double"]       0.0000000000000000e+00
   &ECORR [&Type "Double"]       0.0000000000000000e+00
   &ECNL [&Type "Double"]       0.0000000000000000e+00
   &EXC [&Type "Double"]      -8.9693437466740917e+01
   &EEMBED [&Type "Double"]       0.0000000000000000e+00
   &FINALEN [&Type "Double"]      -8.7844790951330810e+02  "No Van der Waals correction"
$End
$Solvation_Details
   &GeometryIndex 7
   &ListStatus       OUT
   &SOLVENT [&Type "String"] "WATER"
   &EPSILON [&Type "Double"]       8.0150999999999996e+01
   &REFRAC [&Type "Double"]       1.3328000000000000e+00
   &RSOLV [&Type "Double"]       1.3000000000000000e+00
   &SURFACETYPE [&Type "String"] "GAUSSIAN VDW"
   &NPOINTS [&Type "Integer"] 3048
   &SURFACEAREA [&Type "Double"]       1.0796876802530001e+03
   &CPCMDIELENERGY [&Type "Double"]      -8.8548077000000003e-02
$End
$CIS_Absorption_Spectrum
   &GeometryIndex 7
   &ListStatus       OUT
   &TEMPERATURE [&Type "Double"]       2.9814999999999998e+02
   &METHOD [&Type "Integer"] 20
   &RELCORRECTION [&Type "Integer"] 1 "Type of relativistic treatment in QDPT. 0->Unknow, 1->None, 2->SOC, 3->SSC, 4->SOC/SSC"
   &DENSTYPE [&Type "Integer"] 3 "Type of density (electron/spin ...). 0->Unknow, 1->Electronic, 2->Spin, 3->Trans/Electronic, 4->Tran/Spin"
   &DERITYPE [&Type "Integer"] 0 "Type of derivative (w.r.t. to what perturbation). 0->Unknown, 1->No Derivative, 2->Electric/Dipole, 3->Electric/Quad, 4->Magnetic/Dipole, 5->Magnetic/Quad"
   &DENSLEVEL [&Type "Integer"] 0 "// Source of density: relaxed, unrelaxed, ... 0->Unknown, 1->Linearized, 2->Unrelaxed, 3->Relaxed"
   &REPRESENTATION [&Type "String"] "Length" "Possible values: Unknown,  Length, Velocity"
   &POINTGROUP [&Type "String"] "C1"
   &NTRANS [&Type "Integer"] 5
   &DOHIGHERMOMENTS [&Type "Boolean"] false
   &STATES [&Type "ArrayOfIntegers", &Dim (5,4)] "The initial and Final states. Col1: Initial State  Col2: Initial Irrep Col3: Final State Col4: Final Irrep"
                                                         0                           1                           2                           3

0                                                        0                           0                           1                           0
1                                                        0                           0                           2                           0
2                                                        0                           0                           3                           0
3                                                        0                           0                           4                           0
4                                                        0                           0                           5                           0
   &MULTIPLICITIES [&Type "ArrayOfDoubles", &Dim (5,2)] "Col1: Multiplicity of the initial state  Col2: Multiplicity of the final state"
                                                         0                           1

0                                      1.0000000000000000e+00         1.0000000000000000e+00
1                                      1.0000000000000000e+00         1.0000000000000000e+00
2                                      1.0000000000000000e+00         1.0000000000000000e+00
3                                      1.0000000000000000e+00         1.0000000000000000e+00
4                                      1.0000000000000000e+00         1.0000000000000000e+00
   &EXCITATIONENERGIES [&Type "ArrayOfDoubles", &Dim (5,11)] 
                                                         0                           1                           2                           3                           4                           5                           6                           7

0                                      3.9237694445540567e+00         3.1647338164459285e+04         3.1598234101186551e+02         3.1952135637358364e-01         3.3238260767986239e+00        -1.5474532068665727e+00         0.0000000000000000e+00        -9.5843833196997164e-01
1                                      4.3988764070571422e+00         3.5479334646182506e+04         2.8185421456532237e+02         1.2137887088774358e-02         1.1262718090078577e-01         1.4497950553366054e-01         0.0000000000000000e+00         2.5227351125669989e-01
2                                      4.8281173770560617e+00         3.8941396911449010e+04         2.5679612939257288e+02         1.3732728829889702e+00         1.1609697532236165e+01        -1.2314334352701670e+00         0.0000000000000000e+00        -2.8330290496744523e+00
3                                      5.1370850865654170e+00         4.1433389808307984e+04         2.4135123981564399e+02         3.1988936990295830e-01         2.5417037512513581e+00         1.5361779237519353e+00         0.0000000000000000e+00         2.2620592707821116e-01
4                                      5.3591375932868797e+00         4.3224364244951692e+04         2.3135100248855437e+02         2.0550305216924435e-02         1.5651834586554617e-01        -1.5205830202418952e-01         0.0000000000000000e+00         2.5680589328872666e-01
                                                         8                           9                          10

0                                      0.0000000000000000e+00        -1.0300783061302710e-01         0.0000000000000000e+00
1                                      0.0000000000000000e+00         1.6723097618030214e-01         0.0000000000000000e+00
2                                      0.0000000000000000e+00        -1.4377814960680051e+00         0.0000000000000000e+00
3                                      0.0000000000000000e+00        -3.6151350788488967e-01         0.0000000000000000e+00
4                                      0.0000000000000000e+00         2.5970627990721684e-01         0.0000000000000000e+00
$End
$Geometry
   &GeometryIndex 8
   &ListStatus       OUT
   &NATOMS [&Type "Integer"] 35
   &NCORELESSECP [&Type "Integer"] 0
   &NGHOSTATOMS [&Type "Integer"] 0
   &CartesianCoordinates [&Type "Coordinates", &Dim(35,4), &Units "Bohr"] 
              C     -3.125462150610   -3.693935166047   -0.710699054762
              C     -2.286473837912   -5.634879654907   -2.281219304435
              C      0.138152985077   -5.619293358976   -3.184215920751
              C     -1.530618422480   -1.763187815671   -0.068265801687
              C      0.994868613143   -1.697215976711   -0.917840576039
              O     -2.366825658114    0.104656255915    1.560611470426
              C      1.808364309921   -3.674076068577   -2.525674449159
              C      4.331211404113   -3.690069711017   -3.502296778333
              C      5.990823640021   -1.854805455164   -2.934718422146
              C      2.822816801920    0.213503982015   -0.280186454273
              C      5.275669337834    0.156682970320   -1.286200687024
              N      2.265448291498    2.124735775456    1.335213478445
              C      3.863978990479    3.944384660441    1.982286770556
              C      6.278009159334    3.977541348455    1.001263180018
              C      6.971583023526    2.074856055566   -0.622394351407
              C     -4.497310536989    1.485846442407    0.881524053870
              O     -5.246456567228    1.533498173355   -1.280198825015
              N     -5.464833421564    2.715783761336    2.853713675558
              C     -7.545811231562    4.462787039079    2.454742625176
              C     -4.584172746253    2.483000166241    5.447514910480
              H     -3.330022799129    0.879259072260    5.652203244492
              H     -6.216629728379    2.214522169101    6.673774110458
              H     -3.601912519240    4.201385243240    6.025325138674
              H     -7.919265373479    4.649020002437    0.449632927844
              H     -7.050756379469    6.304066690294    3.235618447826
              H     -9.237633211341    3.771313940432    3.407823549888
              H      0.803737783798   -7.110230628856   -4.413693801759
              H     -5.037556948474   -3.691951238779    0.006590094855
              H     -3.566299548727   -7.148339107041   -2.778480696578
              H      4.866629690219   -5.232126621197   -4.733386756372
              H      7.890717982808   -1.863450861015   -3.687408570734
              H      3.156519316307    5.341299316015    3.290309060737
              H      7.566651637214    5.466923307808    1.529630924054
              H      8.858084453953    2.029745062979   -1.411771227726
              H      0.503425963993    2.126514159050    2.099020798208
$End
$SCF_Energy
   &GeometryIndex 8
   &ListStatus       OUT
   &SCF_ENERGY [&Type "Double"]      -8.7844790948849811e+02
$End
$DFT_Energy
   &GeometryIndex 8
   &ListStatus       OUT
   &NALPHAEL [&Type "Integer"] 70
   &NBETAEL [&Type "Integer"] 70
   &NTOTALEL [&Type "Integer"] 139
   &EEXCHANGE [&Type "Double"]       0.0000000000000000e+00
   &ECORR [&Type "Double"]       0.0000000000000000e+00
   &ECNL [&Type "Double"]       0.0000000000000000e+00
   &EXC [&Type "Double"]      -8.9693438070055123e+01
   &EEMBED [&Type "Double"]       0.0000000000000000e+00
   &FINALEN [&Type "Double"]      -8.7844790948849811e+02  "No Van der Waals correction"
$End
$Solvation_Details
   &GeometryIndex 8
   &ListStatus       OUT
   &SOLVENT [&Type "String"] "WATER"
   &EPSILON [&Type "Double"]       8.0150999999999996e+01
   &REFRAC [&Type "Double"]       1.3328000000000000e+00
   &RSOLV [&Type "Double"]       1.3000000000000000e+00
   &SURFACETYPE [&Type "String"] "GAUSSIAN VDW"
   &NPOINTS [&Type "Integer"] 3049
   &SURFACEAREA [&Type "Double"]       1.0796938573620000e+03
   &CPCMDIELENERGY [&Type "Double"]      -8.8548612999999998e-02
$End
$CIS_Absorption_Spectrum
   &GeometryIndex 8
   &ListStatus       OUT
   &TEMPERATURE [&Type "Double"]       2.9814999999999998e+02
   &METHOD [&Type "Integer"] 20
   &RELCORRECTION [&Type "Integer"] 1 "Type of relativistic treatment in QDPT. 0->Unknow, 1->None, 2->SOC, 3->SSC, 4->SOC/SSC"
   &DENSTYPE [&Type "Integer"] 3 "Type of density (electron/spin ...). 0->Unknow, 1->Electronic, 2->Spin, 3->Trans/Electronic, 4->Tran/Spin"
   &DERITYPE [&Type "Integer"] 0 "Type of derivative (w.r.t. to what perturbation). 0->Unknown, 1->No Derivative, 2->Electric/Dipole, 3->Electric/Quad, 4->Magnetic/Dipole, 5->Magnetic/Quad"
   &DENSLEVEL [&Type "Integer"] 0 "// Source of density: relaxed, unrelaxed, ... 0->Unknown, 1->Linearized, 2->Unrelaxed, 3->Relaxed"
   &REPRESENTATION [&Type "String"] "Length" "Possible values: Unknown,  Length, Velocity"
   &POINTGROUP [&Type "String"] "C1"
   &NTRANS [&Type "Integer"] 5
   &DOHIGHERMOMENTS [&Type "Boolean"] false
   &STATES [&Type "ArrayOfIntegers", &Dim (5,4)] "The initial and Final states. Col1: Initial State  Col2: Initial Irrep Col3: Final State Col4: Final Irrep"
                                                         0                           1                           2                           3

0                                                        0                           0                           1                           0
1                                                        0                           0                           2                           0
2                                                        0                           0                           3                           0
3                                                        0                           0                           4                           0
4                                                        0                           0                           5                           0
   &MULTIPLICITIES [&Type "ArrayOfDoubles", &Dim (5,2)] "Col1: Multiplicity of the initial state  Col2: Multiplicity of the final state"
                                                         0                           1

0                                      1.0000000000000000e+00         1.0000000000000000e+00
1                                      1.0000000000000000e+00         1.0000000000000000e+00
2                                      1.0000000000000000e+00         1.0000000000000000e+00
3                                      1.0000000000000000e+00         1.0000000000000000e+00
4                                      1.0000000000000000e+00         1.0000000000000000e+00
   &EXCITATIONENERGIES [&Type "ArrayOfDoubles", &Dim (5,11)] 
                                                         0                           1                           2                           3                           4                           5                           6                           7

0                                      3.9237620019705255e+00         3.1647278135968525e+04         3.1598294036650685e+02         3.1959243145316396e-01         3.3245717424920884e+00        -1.5475977761800159e+00         0.0000000000000000e+00        -9.5857896586082769e-01
1                                      4.3988956590731414e+00         3.5479489924179659e+04         2.8185298101438855e+02         1.2122458094355542e-02         1.1248352331643378e-01         1.4489796943950753e-01         0.0000000000000000e+00         2.5205552882044385e-01
2                                      4.8281645521893752e+00         3.8941777404599292e+04         2.5679362028346787e+02         1.3730958759875218e+00         1.1608087687125018e+01        -1.2309058513855080e+00         0.0000000000000000e+00        -2.8329969724080382e+00
3                                      5.1370627878882233e+00         4.1433209957328530e+04         2.4135228745971784e+02         3.1998771405741627e-01         2.5424961880070907e+00         1.5364870772569827e+00         0.0000000000000000e+00         2.2649930149572289e-01
4                                      5.3590912742122514e+00         4.3223990656381080e+04         2.3135300207464110e+02         2.0548397768273156e-02         1.5650517074194908e-01        -1.5199057500105825e-01         0.0000000000000000e+00         2.5678572652299225e-01
                                                         8                           9                          10

0                                      0.0000000000000000e+00        -1.0314665221878921e-01         0.0000000000000000e+00
1                                      0.0000000000000000e+00         1.6720081387298244e-01         0.0000000000000000e+00
2                                      0.0000000000000000e+00        -1.4377366332109727e+00         0.0000000000000000e+00
3                                      0.0000000000000000e+00        -3.6111177750294282e-01         0.0000000000000000e+00
4                                      0.0000000000000000e+00         2.5974049839571767e-01         0.0000000000000000e+00
$End
$Geometry
   &GeometryIndex 9
   &ListStatus       OUT
   &NATOMS [&Type "Integer"] 35
   &NCORELESSECP [&Type "Integer"] 0
   &NGHOSTATOMS [&Type "Integer"] 0
   &CartesianCoordinates [&Type "Coordinates", &Dim(35,4), &Units "Bohr"] 
              C     -3.125433424656   -3.693859076702   -0.710363241367
              C     -2.286949425061   -5.634116883578   -2.281974678694
              C      0.137541737952   -5.618353417049   -3.185322867706
              C     -1.530411956539   -1.763383092841   -0.067558845628
              C      0.994923579492   -1.697202791779   -0.917542991693
              O     -2.366639554192    0.104187828372    1.561687121442
              C      1.808087812303   -3.673685412657   -2.526028699057
              C      4.331005567411   -3.689966489445   -3.502447165170
              C      5.990978039326   -1.855238166036   -2.934212448114
              C      2.822970174130    0.213448436458   -0.279947754348
              C      5.275911317756    0.156315405789   -1.285742026858
              N      2.265505080263    2.125127142429    1.334894410661
              C      3.863990254419    3.944991593079    1.981501094095
              C      6.278155531318    3.977749034876    1.000791140328
              C      6.971880130311    2.074512364375   -0.622151677805
              C     -4.497053671229    1.485279738493    0.882042829929
              O     -5.245831001152    1.532464131742   -1.279818871355
              N     -5.465019348514    2.715589342578    2.853755059568
              C     -7.545986820683    4.462404894984    2.453821082962
              C     -4.584632212184    2.483630607842    5.447720160192
              H     -3.331980018348    0.878832496781    5.653411936263
              H     -6.217395927526    2.217357145104    6.674032250950
              H     -3.600820454467    4.201445873054    6.024593311799
              H     -7.918090816225    4.649095133924    0.448502957085
              H     -7.051661844057    6.303542105378    3.235474420210
              H     -9.238387499089    3.770510470004    3.405571439395
              H      0.802820370418   -7.108819685180   -4.415536582671
              H     -5.037397924246   -3.692024325234    0.007267688656
              H     -3.567018710716   -7.147198775166   -2.779755958711
              H      4.866218975921   -5.231868419888   -4.733820317439
              H      7.890985937507   -1.864177931561   -3.686611959386
              H      3.156403714172    5.342371225653    3.288958225306
              H      7.566769879169    5.467270044361    1.528835674177
              H      8.858478739184    2.029083470827   -1.411277629486
              H      0.503454961815    2.127111668684    2.098639644590
$End
$SCF_Energy
   &GeometryIndex 9
   &ListStatus       OUT
   &SCF_ENERGY [&Type "Double"]      -8.7844790960672981e+02
$End
$DFT_Energy
   &GeometryIndex 9
   &ListStatus       OUT
   &NALPHAEL [&Type "Integer"] 70
   &NBETAEL [&Type "Integer"] 70
   &NTOTALEL [&Type "Integer"] 139
   &EEXCHANGE [&Type "Double"]       0.0000000000000000e+00
   &ECORR [&Type "Double"]       0.0000000000000000e+00
   &ECNL [&Type "Double"]       0.0000000000000000e+00
   &EXC [&Type "Double"]      -8.9693417340550852e+01
   &EEMBED [&Type "Double"]       0.0000000000000000e+00
   &FINALEN [&Type "Double"]      -8.7844790960672981e+02  "No Van der Waals correction"
$End
$Solvation_Details
   &GeometryIndex 9
   &ListStatus       OUT
   &SOLVENT [&Type "String"] "WATER"
   &EPSILON [&Type "Double"]       8.0150999999999996e+01
   &REFRAC [&Type "Double"]       1.3328000000000000e+00
   &RSOLV [&Type "Double"]       1.3000000000000000e+00
   &SURFACETYPE [&Type "String"] "GAUSSIAN VDW"
   &NPOINTS [&Type "Integer"] 3049
   &SURFACEAREA [&Type "Double"]       1.0796696308149999e+03
   &CPCMDIELENERGY [&Type "Double"]      -8.8542605999999996e-02
$End
$CIS_Absorption_Spectrum
   &GeometryIndex 9
   &ListStatus       OUT
   &TEMPERATURE [&Type "Double"]       2.9814999999999998e+02
   &METHOD [&Type "Integer"] 20
   &RELCORRECTION [&Type "Integer"] 1 "Type of relativistic treatment in QDPT. 0->Unknow, 1->None, 2->SOC, 3->SSC, 4->SOC/SSC"
   &DENSTYPE [&Type "Integer"] 3 "Type of density (electron/spin ...). 0->Unknow, 1->Electronic, 2->Spin, 3->Trans/Electronic, 4->Tran/Spin"
   &DERITYPE [&Type "Integer"] 0 "Type of derivative (w.r.t. to what perturbation). 0->Unknown, 1->No Derivative, 2->Electric/Dipole, 3->Electric/Quad, 4->Magnetic/Dipole, 5->Magnetic/Quad"
   &DENSLEVEL [&Type "Integer"] 0 "// Source of density: relaxed, unrelaxed, ... 0->Unknown, 1->Linearized, 2->Unrelaxed, 3->Relaxed"
   &REPRESENTATION [&Type "String"] "Length" "Possible values: Unknown,  Length, Velocity"
   &POINTGROUP [&Type "String"] "C1"
   &NTRANS [&Type "Integer"] 5
   &DOHIGHERMOMENTS [&Type "Boolean"] false
   &STATES [&Type "ArrayOfIntegers", &Dim (5,4)] "The initial and Final states. Col1: Initial State  Col2: Initial Irrep Col3: Final State Col4: Final Irrep"
                                                         0                           1                           2                           3

0                                                        0                           0                           1                           0
1                                                        0                           0                           2                           0
2                                                        0                           0                           3                           0
3                                                        0                           0                           4                           0
4                                                        0                           0                           5                           0
   &MULTIPLICITIES [&Type "ArrayOfDoubles", &Dim (5,2)] "Col1: Multiplicity of the initial state  Col2: Multiplicity of the final state"
                                                         0                           1

0                                      1.0000000000000000e+00         1.0000000000000000e+00
1                                      1.0000000000000000e+00         1.0000000000000000e+00
2                                      1.0000000000000000e+00         1.0000000000000000e+00
3                                      1.0000000000000000e+00         1.0000000000000000e+00
4                                      1.0000000000000000e+00         1.0000000000000000e+00
   &EXCITATIONENERGIES [&Type "ArrayOfDoubles", &Dim (5,11)] 
                                                         0                           1                           2                           3                           4                           5                           6                           7

0                                      3.9237550794072473e+00         3.1647222301724407e+04         3.1598349784572139e+02         3.1952806941461814e-01         3.3239080783362089e+00        -1.5475122243527604e+00         0.0000000000000000e+00        -9.5838913073539622e-01
1                                      4.3988978673731882e+00         3.5479507735322586e+04         2.8185283952077577e+02         1.2132704964339854e-02         1.1257854686026736e-01         1.4493259134110448e-01         0.0000000000000000e+00         2.5231962790980611e-01
2                                      4.8281447108376536e+00         3.8941617373288464e+04         2.5679467558169216e+02         1.3732389511832328e+00         1.1609344946698302e+01        -1.2314168094464315e+00         0.0000000000000000e+00        -2.8329656562398791e+00
3                                      5.1371110298137728e+00         4.1433599054739359e+04         2.4135002095252824e+02         3.1985620657506053e-01         2.5414274149820431e+00         1.5361181026575774e+00         0.0000000000000000e+00         2.2618969686305448e-01
4                                      5.3591045496687135e+00         4.3224097730169655e+04         2.3135242897204944e+02         2.0542915316244865e-02         1.5646302651213270e-01        -1.5186606500428215e-01         0.0000000000000000e+00         2.5684842997595303e-01
                                                         8                           9                          10

0                                      0.0000000000000000e+00        -1.0297702609432921e-01         0.0000000000000000e+00
1                                      0.0000000000000000e+00         1.6705656586580714e-01         0.0000000000000000e+00
2                                      0.0000000000000000e+00        -1.4377980312534939e+00         0.0000000000000000e+00
3                                      0.0000000000000000e+00        -3.6139564289394360e-01         0.0000000000000000e+00
4                                      0.0000000000000000e+00         2.5967019241941458e-01         0.0000000000000000e+00
$End
$Geometry
   &GeometryIndex 10
   &ListStatus       OUT
   &NATOMS [&Type "Integer"] 35
   &NCORELESSECP [&Type "Integer"] 0
   &NGHOSTATOMS [&Type "Integer"] 0
   &CartesianCoordinates [&Type "Coordinates", &Dim(35,4), &Units "Bohr"] 
              C     -3.125610981630   -3.693364648437   -0.711085635060
              C     -2.286919853848   -5.633951121662   -2.282172580175
              C      0.137851494647   -5.618674222619   -3.184766357909
              C     -1.530453444468   -1.763134321328   -0.067850333460
              C      0.995145268960   -1.697383746776   -0.917166552094
              O     -2.366750617958    0.104648485026    1.561062839082
              C      1.808408552978   -3.674052443976   -2.525383800786
              C      4.331283749648   -3.690305293486   -3.501916170999
              C      5.990966175348   -1.855064369947   -2.934511802709
              C      2.823251808977    0.213218274051   -0.279551570137
              C      5.275894922473    0.156558319568   -1.286131268680
              N      2.266141448036    2.124441216075    1.335959805023
              C      3.864596324060    3.944460868013    1.982243604218
              C      6.278229935637    3.978045830098    1.000248102840
              C      6.971651976603    2.075189974315   -0.623269166826
              C     -4.497574858933    1.485297467782    0.881831679964
              O     -5.246976418584    1.532191555724   -1.279818379276
              N     -5.465184465143    2.715668802215    2.853701285853
              C     -7.545697011401    4.463086650969    2.454054990816
              C     -4.585021966529    2.483011292900    5.447670534600
              H     -3.331694314064    0.878680065571    5.652845328294
              H     -6.217816370694    2.215534702788    6.673696454036
              H     -3.602018068762    4.201011545688    6.025360703774
              H     -7.918648763605    4.649152489893    0.448836974130
              H     -7.050356119074    6.304345227543    3.234802802361
              H     -9.237911047937    3.772163025839    3.406836008809
              H      0.803261459665   -7.109344303692   -4.414661281753
              H     -5.037823612989   -3.691139825745    0.005865272220
              H     -3.567076833336   -7.146882234808   -2.780187280358
              H      4.866568939758   -5.232406880324   -4.733007610933
              H      7.890801895103   -1.863736640529   -3.687348676196
              H      3.157367804499    5.341377989693    3.290387830594
              H      7.566716744782    5.467832849945    1.527854683108
              H      8.857883400731    2.030312923581   -1.413305377733
              H      0.504299712293    2.126165259686    2.100206931538
$End
$SCF_Energy
   &GeometryIndex 10
   &ListStatus       OUT
   &SCF_ENERGY [&Type "Double"]      -8.7844790957880684e+02
$End
$DFT_Energy
   &GeometryIndex 10
   &ListStatus       OUT
   &NALPHAEL [&Type "Integer"] 70
   &NBETAEL [&Type "Integer"] 70
   &NTOTALEL [&Type "Integer"] 139
   &EEXCHANGE [&Type "Double"]       0.0000000000000000e+00
   &ECORR [&Type "Double"]       0.0000000000000000e+00
   &ECNL [&Type "Double"]       0.0000000000000000e+00
   &EXC [&Type "Double"]      -8.9693405186029082e+01
   &EEMBED [&Type "Double"]       0.0000000000000000e+00
   &FINALEN [&Type "Double"]      -8.7844790957880684e+02  "No Van der Waals correction"
$End
$Solvation_Details
   &GeometryIndex 10
   &ListStatus       OUT
   &SOLVENT [&Type "String"] "WATER"
   &EPSILON [&Type "Double"]       8.0150999999999996e+01
   &REFRAC [&Type "Double"]       1.3328000000000000e+00
   &RSOLV [&Type "Double"]       1.3000000000000000e+00
   &SURFACETYPE [&Type "String"] "GAUSSIAN VDW"
   &NPOINTS [&Type "Integer"] 3049
   &SURFACEAREA [&Type "Double"]       1.0797011795980000e+03
   &CPCMDIELENERGY [&Type "Double"]      -8.8550120999999996e-02
$End
$CIS_Absorption_Spectrum
   &GeometryIndex 10
   &ListStatus       OUT
   &TEMPERATURE [&Type "Double"]       2.9814999999999998e+02
   &METHOD [&Type "Integer"] 20
   &RELCORRECTION [&Type "Integer"] 1 "Type of relativistic treatment in QDPT. 0->Unknow, 1->None, 2->SOC, 3->SSC, 4->SOC/SSC"
   &DENSTYPE [&Type "Integer"] 3 "Type of density (electron/spin ...). 0->Unknow, 1->Electronic, 2->Spin, 3->Trans/Electronic, 4->Tran/Spin"
   &DERITYPE [&Type "Integer"] 0 "Type of derivative (w.r.t. to what perturbation). 0->Unknown, 1->No Derivative, 2->Electric/Dipole, 3->Electric/Quad, 4->Magnetic/Dipole, 5->Magnetic/Quad"
   &DENSLEVEL [&Type "Integer"] 0 "// Source of density: relaxed, unrelaxed, ... 0->Unknown, 1->Linearized, 2->Unrelaxed, 3->Relaxed"
   &REPRESENTATION [&Type "String"] "Length" "Possible values: Unknown,  Length, Velocity"
   &POINTGROUP [&Type "String"] "C1"
   &NTRANS [&Type "Integer"] 5
   &DOHIGHERMOMENTS [&Type "Boolean"] false
   &STATES [&Type "ArrayOfIntegers", &Dim (5,4)] "The initial and Final states. Col1: Initial State  Col2: Initial Irrep Col3: Final State Col4: Final Irrep"
                                                         0                           1                           2                           3

0                                                        0                           0                           1                           0
1                                                        0                           0                           2                           0
2                                                        0                           0                           3                           0
3                                                        0                           0                           4                           0
4                                                        0                           0                           5                           0
   &MULTIPLICITIES [&Type "ArrayOfDoubles", &Dim (5,2)] "Col1: Multiplicity of the initial state  Col2: Multiplicity of the final state"
                                                         0                           1

0                                      1.0000000000000000e+00         1.0000000000000000e+00
1                                      1.0000000000000000e+00         1.0000000000000000e+00
2                                      1.0000000000000000e+00         1.0000000000000000e+00
3                                      1.0000000000000000e+00         1.0000000000000000e+00
4                                      1.0000000000000000e+00         1.0000000000000000e+00
   &EXCITATIONENERGIES [&Type "ArrayOfDoubles", &Dim (5,11)] 
                                                         0                           1                           2                           3                           4                           5                           6                           7

0                                      3.9236615843562794e+00         3.1646468213204043e+04         3.1599102726501530e+02         3.1954538969885993e-01         3.3241674616382513e+00        -1.5476333526512638e+00         0.0000000000000000e+00        -9.5833577905606926e-01
1                                      4.3988094328831755e+00         3.5478794462983220e+04         2.8185850594313439e+02         1.2124157934181930e-02         1.1250150125267033e-01         1.4508147047455747e-01         0.0000000000000000e+00         2.5202067541711809e-01
2                                      4.8280410436908996e+00         3.8940781241274031e+04         2.5680018944768420e+02         1.3731980832616451e+00         1.1609248716911910e+01        -1.2314271131917494e+00         0.0000000000000000e+00        -2.8329479040927787e+00
3                                      5.1370155300838016e+00         4.1432828797390728e+04         2.4135450777210170e+02         3.1991941782071981e-01         2.5419769176605107e+00         1.5362685755195200e+00         0.0000000000000000e+00         2.2630606703650039e-01
4                                      5.3591209895336407e+00         4.3224230326636411e+04         2.3135171926560875e+02         2.0587227348404891e-02         1.5680004359329486e-01        -1.5223375974497921e-01         0.0000000000000000e+00         2.5700169216294022e-01
                                                         8                           9                          10

0                                      0.0000000000000000e+00        -1.0291259388751797e-01         0.0000000000000000e+00
1                                      0.0000000000000000e+00         1.6714798036443657e-01         0.0000000000000000e+00
2                                      0.0000000000000000e+00        -1.4377907199952560e+00         0.0000000000000000e+00
3                                      0.0000000000000000e+00        -3.6144341957518911e-01         0.0000000000000000e+00
4                                      0.0000000000000000e+00         2.5995202675222229e-01         0.0000000000000000e+00
$End
$Geometry
   &GeometryIndex 11
   &ListStatus       OUT
   &NATOMS [&Type "Integer"] 35
   &NCORELESSECP [&Type "Integer"] 0
   &NGHOSTATOMS [&Type "Integer"] 0
   &CartesianCoordinates [&Type "Coordinates", &Dim(35,4), &Units "Bohr"] 
              C     -3.125533686762   -3.693723891261   -0.710301264768
              C     -2.287025925397   -5.634179972081   -2.281652204583
              C      0.137446587899   -5.618485368751   -3.185090305727
              C     -1.530403613005   -1.763275311662   -0.067716130199
              C      0.995069446302   -1.697507963195   -0.917210932540
              O     -2.366493920703    0.104857954781    1.560771344995
              C      1.808132297051   -3.673928900327   -2.525774271360
              C      4.331011693876   -3.690055807619   -3.502299410301
              C      5.990874132122   -1.855170143555   -2.934187653793
              C      2.823123105624    0.213011929354   -0.279298029392
              C      5.275847261761    0.156313993361   -1.285595047454
              N      2.265785761503    2.124291886479    1.336065380073
              C      3.863940951672    3.944628796481    1.982117396019
              C      6.277631206611    3.978286935455    1.000273344671
              C      6.971424456268    2.075114703386   -0.622727314844
              C     -4.497086399288    1.485726381109    0.881349179393
              O     -5.246271059863    1.532897494803   -1.280372145821
              N     -5.464594863423    2.715841796198    2.853390193136
              C     -7.546102815876    4.462197883900    2.454460841854
              C     -4.583816106520    2.483007801573    5.447153557156
              H     -3.330754221116    0.878444005223    5.652043958732
              H     -6.216357183433    2.215827411971    6.673568917617
              H     -3.600350007657    4.200821270631    6.024609014709
              H     -7.918885722497    4.649211248958    0.449294120120
              H     -7.052026619072    6.303301349509    3.236345930063
              H     -9.238027150930    3.769657702310    3.406594943288
              H      0.802606153880   -7.108959646077   -4.415359183277
              H     -5.037566558792   -3.691635472606    0.007145227143
              H     -3.567119667086   -7.147273289740   -2.779337069549
              H      4.866259830059   -5.231864130365   -4.733775954526
              H      7.890773517374   -1.863895021667   -3.686865044287
              H      3.156452496348    5.341699753288    3.289957977554
              H      7.565907036333    5.468343498351    1.527632913800
              H      8.857752436549    2.030266749857   -1.412534393113
              H      0.503880350617    2.125909434520    2.100142361576
$End
$SCF_Energy
   &GeometryIndex 11
   &ListStatus       OUT
   &SCF_ENERGY [&Type "Double"]      -8.7844790944805982e+02
$End
$DFT_Energy
   &GeometryIndex 11
   &ListStatus       OUT
   &NALPHAEL [&Type "Integer"] 70
   &NBETAEL [&Type "Integer"] 70
   &NTOTALEL [&Type "Integer"] 139
   &EEXCHANGE [&Type "Double"]       0.0000000000000000e+00
   &ECORR [&Type "Double"]       0.0000000000000000e+00
   &ECNL [&Type "Double"]       0.0000000000000000e+00
   &EXC [&Type "Double"]      -8.9693498422150242e+01
   &EEMBED [&Type "Double"]       0.0000000000000000e+00
   &FINALEN [&Type "Double"]      -8.7844790944805982e+02  "No Van der Waals correction"
$End
$Solvation_Details
   &GeometryIndex 11
   &ListStatus       OUT
   &SOLVENT [&Type "String"] "WATER"
   &EPSILON [&Type "Double"]       8.0150999999999996e+01
   &REFRAC [&Type "Double"]       1.3328000000000000e+00
   &RSOLV [&Type "Double"]       1.3000000000000000e+00
   &SURFACETYPE [&Type "String"] "GAUSSIAN VDW"
   &NPOINTS [&Type "Integer"] 3048
   &SURFACEAREA [&Type "Double"]       1.0796829054689999e+03
   &CPCMDIELENERGY [&Type "Double"]      -8.8549799999999998e-02
$End
$CIS_Absorption_Spectrum
   &GeometryIndex 11
   &ListStatus       OUT
   &TEMPERATURE [&Type "Double"]       2.9814999999999998e+02
   &METHOD [&Type "Integer"] 20
   &RELCORRECTION [&Type "Integer"] 1 "Type of relativistic treatment in QDPT. 0->Unknow, 1->None, 2->SOC, 3->SSC, 4->SOC/SSC"
   &DENSTYPE [&Type "Integer"] 3 "Type of density (electron/spin ...). 0->Unknow, 1->Electronic, 2->Spin, 3->Trans/Electronic, 4->Tran/Spin"
   &DERITYPE [&Type "Integer"] 0 "Type of derivative (w.r.t. to what perturbation). 0->Unknown, 1->No Derivative, 2->Electric/Dipole, 3->Electric/Quad, 4->Magnetic/Dipole, 5->Magnetic/Quad"
   &DENSLEVEL [&Type "Integer"] 0 "// Source of density: relaxed, unrelaxed, ... 0->Unknown, 1->Linearized, 2->Unrelaxed, 3->Relaxed"
   &REPRESENTATION [&Type "String"] "Length" "Possible values: Unknown,  Length, Velocity"
   &POINTGROUP [&Type "String"] "C1"
   &NTRANS [&Type "Integer"] 5
   &DOHIGHERMOMENTS [&Type "Boolean"] false
   &STATES [&Type "ArrayOfIntegers", &Dim (5,4)] "The initial and Final states. Col1: Initial State  Col2: Initial Irrep Col3: Final State Col4: Final Irrep"
                                                         0                           1                           2                           3

0                                                        0                           0                           1                           0
1                                                        0                           0                           2                           0
2                                                        0                           0                           3                           0
3                                                        0                           0                           4                           0
4                                                        0                           0                           5                           0
   &MULTIPLICITIES [&Type "ArrayOfDoubles", &Dim (5,2)] "Col1: Multiplicity of the initial state  Col2: Multiplicity of the final state"
                                                         0                           1

0                                      1.0000000000000000e+00         1.0000000000000000e+00
1                                      1.0000000000000000e+00         1.0000000000000000e+00
2                                      1.0000000000000000e+00         1.0000000000000000e+00
3                                      1.0000000000000000e+00         1.0000000000000000e+00
4                                      1.0000000000000000e+00         1.0000000000000000e+00
   &EXCITATIONENERGIES [&Type "ArrayOfDoubles", &Dim (5,11)] 
                                                         0                           1                           2                           3                           4                           5                           6                           7

0                                      3.9237029969173736e+00         3.1646802228070039e+04         3.1598769215077954e+02         3.1957768416785953e-01         3.3244683262753827e+00        -1.5476089273407305e+00         0.0000000000000000e+00        -9.5852817247538791e-01
1                                      4.3988739979554996e+00         3.5479315215465322e+04         2.8185436892651836e+02         1.2097589669328042e-02         1.1225332353039638e-01         1.4477494491841350e-01         0.0000000000000000e+00         2.5185192202038270e-01
2                                      4.8280975195926894e+00         3.8941236750188946e+04         2.5679718556836741e+02         1.3731323529113575e+00         1.1608557230581969e+01        -1.2311088384168625e+00         0.0000000000000000e+00        -2.8329259201745418e+00
3                                      5.1370631701043061e+00         4.1433213040109455e+04         2.4135226950223463e+02         3.2004891502779254e-01         2.5429822775758621e+00         1.5365496358962523e+00         0.0000000000000000e+00         2.2678124414177317e-01
4                                      5.3591097866843125e+00         4.3224139969553486e+04         2.3135220289041882e+02         2.0548202276113803e-02         1.5650314116685482e-01        -1.5209854712806162e-01         0.0000000000000000e+00         2.5673434912331666e-01
                                                         8                           9                          10

0                                      0.0000000000000000e+00        -1.0294987548146338e-01         0.0000000000000000e+00
1                                      0.0000000000000000e+00         1.6692557691649831e-01         0.0000000000000000e+00
2                                      0.0000000000000000e+00        -1.4378661235862953e+00         0.0000000000000000e+00
3                                      0.0000000000000000e+00        -3.6134161303185958e-01         0.0000000000000000e+00
4                                      0.0000000000000000e+00         2.5972417505618262e-01         0.0000000000000000e+00
$End
$Geometry
   &GeometryIndex 12
   &ListStatus       OUT
   &NATOMS [&Type "Integer"] 35
   &NCORELESSECP [&Type "Integer"] 0
   &NGHOSTATOMS [&Type "Integer"] 0
   &CartesianCoordinates [&Type "Coordinates", &Dim(35,4), &Units "Bohr"] 
              C     -3.125872983623   -3.693151939920   -0.711046484656
              C     -2.287304133808   -5.633826705039   -2.282058424415
              C      0.137583019611   -5.618877103355   -3.184420835995
              C     -1.530426374108   -1.763171194934   -0.067843618573
              C      0.994999933321   -1.697414143985   -0.917324419354
              O     -2.366284613104    0.104628208399    1.561161744007
              C      1.808254526086   -3.674262538119   -2.525259725139
              C      4.331139258707   -3.690398243368   -3.501764573522
              C      5.990631943386   -1.854883316111   -2.934597982345
              C      2.822848953188    0.213476805706   -0.279908022858
              C      5.275521538168    0.156827709131   -1.286304801769
              N      2.265517035324    2.124754283802    1.335457414687
              C      3.864003504791    3.944504857325    1.982337725281
              C      6.277892524124    3.977809007158    1.000979902254
              C      6.971341593568    2.075209687420   -0.622844189484
              C     -4.496783568245    1.485516004453    0.881682949610
              O     -5.245873506129    1.532427635356   -1.280077251746
              N     -5.464353827939    2.715882104267    2.853510532129
              C     -7.546000775818    4.461943424883    2.454065918709
              C     -4.584000803068    2.483105077721    5.447427401575
              H     -3.331375826563    0.878230703100    5.652640381738
              H     -6.216797972491    2.216434988380    6.673609672367
              H     -3.600183559745    4.200711790276    6.024893579251
              H     -7.918642272584    4.648451222857    0.448829044408
              H     -7.052196352565    6.303282797460    3.235564060659
              H     -9.237922970424    3.769422138012    3.406217784807
              H      0.802922011415   -7.109740685478   -4.414121129548
              H     -5.038085506849   -3.690688550513    0.005901791745
              H     -3.567576692776   -7.146640800173   -2.780131587565
              H      4.866618928420   -5.232583965136   -4.732667791146
              H      7.890468985109   -1.863521853305   -3.687433644757
              H      3.156619875979    5.341370795075    3.290453891792
              H      7.566529368295    5.467252099036    1.529189485933
              H      8.857722112819    2.030266814322   -1.412519913828
              H      0.503591061138    2.126407783101    2.099476176162
$End
$SCF_Energy
   &GeometryIndex 12
   &ListStatus       OUT
   &SCF_ENERGY [&Type "Double"]      -8.7844790951650555e+02
$End
$DFT_Energy
   &GeometryIndex 12
   &ListStatus       OUT
   &NALPHAEL [&Type "Integer"] 70
   &NBETAEL [&Type "Integer"] 70
   &NTOTALEL [&Type "Integer"] 139
   &EEXCHANGE [&Type "Double"]       0.0000000000000000e+00
   &ECORR [&Type "Double"]       0.0000000000000000e+00
   &ECNL [&Type "Double"]       0.0000000000000000e+00
   &EXC [&Type "Double"]      -8.9693525445763498e+01
   &EEMBED [&Type "Double"]       0.0000000000000000e+00
   &FINALEN [&Type "Double"]      -8.7844790951650555e+02  "No Van der Waals correction"
$End
$Solvation_Details
   &GeometryIndex 12
   &ListStatus       OUT
   &SOLVENT [&Type "String"] "WATER"
   &EPSILON [&Type "Double"]       8.0150999999999996e+01
   &REFRAC [&Type "Double"]       1.3328000000000000e+00
   &RSOLV [&Type "Double"]       1.3000000000000000e+00
   &SURFACETYPE [&Type "String"] "GAUSSIAN VDW"
   &NPOINTS [&Type "Integer"] 3049
   &SURFACEAREA [&Type "Double"]       1.0796632384590000e+03
   &CPCMDIELENERGY [&Type "Double"]      -8.8542221000000004e-02
$End
$CIS_Absorption_Spectrum
   &GeometryIndex 12
   &ListStatus       OUT
   &TEMPERATURE [&Type "Double"]       2.9814999999999998e+02
   &METHOD [&Type "Integer"] 20
   &RELCORRECTION [&Type "Integer"] 1 "Type of relativistic treatment in QDPT. 0->Unknow, 1->None, 2->SOC, 3->SSC, 4->SOC/SSC"
   &DENSTYPE [&Type "Integer"] 3 "Type of density (electron/spin ...). 0->Unknow, 1->Electronic, 2->Spin, 3->Trans/Electronic, 4->Tran/Spin"
   &DERITYPE [&Type "Integer"] 0 "Type of derivative (w.r.t. to what perturbation). 0->Unknown, 1->No Derivative, 2->Electric/Dipole, 3->Electric/Quad, 4->Magnetic/Dipole, 5->Magnetic/Quad"
   &DENSLEVEL [&Type "Integer"] 0 "// Source of density: relaxed, unrelaxed, ... 0->Unknown, 1->Linearized, 2->Unrelaxed, 3->Relaxed"
   &REPRESENTATION [&Type "String"] "Length" "Possible values: Unknown,  Length, Velocity"
   &POINTGROUP [&Type "String"] "C1"
   &NTRANS [&Type "Integer"] 5
   &DOHIGHERMOMENTS [&Type "Boolean"] false
   &STATES [&Type "ArrayOfIntegers", &Dim (5,4)] "The initial and Final states. Col1: Initial State  Col2: Initial Irrep Col3: Final State Col4: Final Irrep"
                                                         0                           1                           2                           3

0                                                        0                           0                           1                           0
1                                                        0                           0                           2                           0
2                                                        0                           0                           3                           0
3                                                        0                           0                           4                           0
4                                                        0                           0                           5                           0
   &MULTIPLICITIES [&Type "ArrayOfDoubles", &Dim (5,2)] "Col1: Multiplicity of the initial state  Col2: Multiplicity of the final state"
                                                         0                           1

0                                      1.0000000000000000e+00         1.0000000000000000e+00
1                                      1.0000000000000000e+00         1.0000000000000000e+00
2                                      1.0000000000000000e+00         1.0000000000000000e+00
3                                      1.0000000000000000e+00         1.0000000000000000e+00
4                                      1.0000000000000000e+00         1.0000000000000000e+00
   &EXCITATIONENERGIES [&Type "ArrayOfDoubles", &Dim (5,11)] 
                                                         0                           1                           2                           3                           4                           5                           6                           7

0                                      3.9236875081656737e+00         3.1646677302849603e+04         3.1598893951181270e+02         3.1956732651788844e-01         3.3243737017387653e+00        -1.5475685843957019e+00         0.0000000000000000e+00        -9.5852697639123574e-01
1                                      4.3988583138235153e+00         3.5479188714396456e+04         2.8185537387844164e+02         1.2063311564978006e-02         1.1193565670325446e-01         1.4458279200759591e-01         0.0000000000000000e+00         2.5132438845405036e-01
2                                      4.8280475091945307e+00         3.8940833389083091e+04         2.5679984555244414e+02         1.3729707375548734e+00         1.1607311153868284e+01        -1.2310155953797852e+00         0.0000000000000000e+00        -2.8327923583871306e+00
3                                      5.1370423935896596e+00         4.1433045466200187e+04         2.4135324563958721e+02         3.1994393474404409e-01         2.5421584272952953e+00         1.5363574520638283e+00         0.0000000000000000e+00         2.2671791720441606e-01
4                                      5.3591664582820071e+00         4.3224597056862491e+04         2.3134975640940911e+02         2.0587113701328316e-02         1.5679784768408450e-01        -1.5211609731443104e-01         0.0000000000000000e+00         2.5707321881120471e-01
                                                         8                           9                          10

0                                      0.0000000000000000e+00        -1.0310777788568630e-01         0.0000000000000000e+00
1                                      0.0000000000000000e+00         1.6693569039225947e-01         0.0000000000000000e+00
2                                      0.0000000000000000e+00        -1.4377757864366458e+00         0.0000000000000000e+00
3                                      0.0000000000000000e+00        -3.6105843405427845e-01         0.0000000000000000e+00
4                                      0.0000000000000000e+00         2.5994595744492255e-01         0.0000000000000000e+00
$End
$Geometry
   &GeometryIndex 13
   &ListStatus       OUT
   &NATOMS [&Type "Integer"] 35
   &NCORELESSECP [&Type "Integer"] 0
   &NGHOSTATOMS [&Type "Integer"] 0
   &CartesianCoordinates [&Type "Coordinates", &Dim(35,4), &Units "Bohr"] 
              C     -3.125830613075   -3.693379515740   -0.711252579761
              C     -2.287030175071   -5.634132566846   -2.282064475380
              C      0.137853025503   -5.618976711455   -3.184379060671
              C     -1.530527640407   -1.763343833220   -0.067784511027
              C      0.995100837227   -1.697631161982   -0.916864949319
              O     -2.366733157785    0.104441022143    1.561079277533
              C      1.808334629917   -3.674224180896   -2.525165622046
              C      4.330942282297   -3.689938294836   -3.502365941691
              C      5.990581282112   -1.854691098311   -2.934853360934
              C      2.823078966983    0.213140839429   -0.279306496830
              C      5.275736470863    0.156475966397   -1.285816087603
              N      2.265789167536    2.124706698697    1.335749872121
              C      3.864158516122    3.944867051911    1.981869574653
              C      6.278075135616    3.977976818069    1.000560588760
              C      6.971635519329    2.074855131820   -0.622584384204
              C     -4.497233246106    1.485412011518    0.881630137168
              O     -5.246003271440    1.533024094923   -1.280230262860
              N     -5.465281055570    2.715087337494    2.853684594065
              C     -7.545937455207    4.462363275070    2.454272613267
              C     -4.583836207280    2.483530552080    5.447323265530
              H     -3.330084672600    0.879543154887    5.652520853934
              H     -6.215953829279    2.216211692779    6.674270141360
              H     -3.600901580250    4.201980302408    6.023816927816
              H     -7.917661244861    4.650140551855    0.448980270820
              H     -7.051416292304    6.303016329616    3.236940546780
              H     -9.238632582258    3.770300256155    3.405375377158
              H      0.803326419801   -7.109696244231   -4.414180100248
              H     -5.038156580129   -3.690924437625    0.005402444705
              H     -3.567186716210   -7.147037191002   -2.780160666047
              H      4.866075734428   -5.231624699500   -4.734042920314
              H      7.890232131092   -1.862988627619   -3.688160787296
              H      3.156674776859    5.342188405372    3.289444922211
              H      7.566601045378    5.467699598834    1.528253058962
              H      8.858016396475    2.029715525759   -1.412246920809
              H      0.503869520022    2.126568421937    2.099777050989
$End
$SCF_Energy
   &GeometryIndex 13
   &ListStatus       OUT
   &SCF_ENERGY [&Type "Double"]      -8.7844790952342646e+02
$End
$DFT_Energy
   &GeometryIndex 13
   &ListStatus       OUT
   &NALPHAEL [&Type "Integer"] 70
   &NBETAEL [&Type "Integer"] 70
   &NTOTALEL [&Type "Integer"] 139
   &EEXCHANGE [&Type "Double"]       0.0000000000000000e+00
   &ECORR [&Type "Double"]       0.0000000000000000e+00
   &ECNL [&Type "Double"]       0.0000000000000000e+00
   &EXC [&Type "Double"]      -8.9693461812953274e+01
   &EEMBED [&Type "Double"]       0.0000000000000000e+00
   &FINALEN [&Type "Double"]      -8.7844790952342646e+02  "No Van der Waals correction"
$End
$Solvation_Details
   &GeometryIndex 13
   &ListStatus       OUT
   &SOLVENT [&Type "String"] "WATER"
   &EPSILON [&Type "Double"]       8.0150999999999996e+01
   &REFRAC [&Type "Double"]       1.3328000000000000e+00
   &RSOLV [&Type "Double"]       1.3000000000000000e+00
   &SURFACETYPE [&Type "String"] "GAUSSIAN VDW"
   &NPOINTS [&Type "Integer"] 3049
   &SURFACEAREA [&Type "Double"]       1.0796712849109999e+03
   &CPCMDIELENERGY [&Type "Double"]      -8.8553055000000006e-02
$End
$CIS_Absorption_Spectrum
   &GeometryIndex 13
   &ListStatus       OUT
   &TEMPERATURE [&Type "Double"]       2.9814999999999998e+02
   &METHOD [&Type "Integer"] 20
   &RELCORRECTION [&Type "Integer"] 1 "Type of relativistic treatment in QDPT. 0->Unknow, 1->None, 2->SOC, 3->SSC, 4->SOC/SSC"
   &DENSTYPE [&Type "Integer"] 3 "Type of density (electron/spin ...). 0->Unknow, 1->Electronic, 2->Spin, 3->Trans/Electronic, 4->Tran/Spin"
   &DERITYPE [&Type "Integer"] 0 "Type of derivative (w.r.t. to what perturbation). 0->Unknown, 1->No Derivative, 2->Electric/Dipole, 3->Electric/Quad, 4->Magnetic/Dipole, 5->Magnetic/Quad"
   &DENSLEVEL [&Type "Integer"] 0 "// Source of density: relaxed, unrelaxed, ... 0->Unknown, 1->Linearized, 2->Unrelaxed, 3->Relaxed"
   &REPRESENTATION [&Type "String"] "Length" "Possible values: Unknown,  Length, Velocity"
   &POINTGROUP [&Type "String"] "C1"
   &NTRANS [&Type "Integer"] 5
   &DOHIGHERMOMENTS [&Type "Boolean"] false
   &STATES [&Type "ArrayOfIntegers", &Dim (5,4)] "The initial and Final states. Col1: Initial State  Col2: Initial Irrep Col3: Final State Col4: Final Irrep"
                                                         0                           1                           2                           3

0                                                        0                           0                           1                           0
1                                                        0                           0                           2                           0
2                                                        0                           0                           3                           0
3                                                        0                           0                           4                           0
4                                                        0                           0                           5                           0
   &MULTIPLICITIES [&Type "ArrayOfDoubles", &Dim (5,2)] "Col1: Multiplicity of the initial state  Col2: Multiplicity of the final state"
                                                         0                           1

0                                      1.0000000000000000e+00         1.0000000000000000e+00
1                                      1.0000000000000000e+00         1.0000000000000000e+00
2                                      1.0000000000000000e+00         1.0000000000000000e+00
3                                      1.0000000000000000e+00         1.0000000000000000e+00
4                                      1.0000000000000000e+00         1.0000000000000000e+00
   &EXCITATIONENERGIES [&Type "ArrayOfDoubles", &Dim (5,11)] 
                                                         0                           1                           2                           3                           4                           5                           6                           7

0                                      3.9236107117442884e+00         3.1646057897873918e+04         3.1599512433021971e+02         3.1955669998677844e-01         3.3243282222231265e+00        -1.5476303341239592e+00         0.0000000000000000e+00        -9.5842612964442409e-01
1                                      4.3988206163250112e+00         3.5478884663534154e+04         2.8185778935373872e+02         1.2098826784836012e-02         1.1226616508656811e-01         1.4487925069218771e-01         0.0000000000000000e+00         2.5178795357050598e-01
2                                      4.8280326185489697e+00         3.8940713287914507e+04         2.5680063757598305e+02         1.3731691682944573e+00         1.1609024523145093e+01        -1.2312498918588688e+00         0.0000000000000000e+00        -2.8329810223160412e+00
3                                      5.1370427567263013e+00         4.1433048395095037e+04         2.4135322857836906e+02         3.1985104304784373e-01         2.5414201639265728e+00         1.5361353249424672e+00         0.0000000000000000e+00         2.2652223378231995e-01
4                                      5.3592314946417901e+00         4.3225121610534698e+04         2.3134694889008315e+02         2.0582201184582757e-02         1.5675853008297336e-01        -1.5244443162930948e-01         0.0000000000000000e+00         2.5686607179199183e-01
                                                         8                           9                          10

0                                      0.0000000000000000e+00        -1.0289764398322374e-01         0.0000000000000000e+00
1                                      0.0000000000000000e+00         1.6697003995392429e-01         0.0000000000000000e+00
2                                      0.0000000000000000e+00        -1.4377992746345973e+00         0.0000000000000000e+00
3                                      0.0000000000000000e+00        -3.6110400855257996e-01         0.0000000000000000e+00
4                                      0.0000000000000000e+00         2.5988275531543342e-01         0.0000000000000000e+00
$End
$Geometry
   &GeometryIndex 14
   &ListStatus       OUT
   &NATOMS [&Type "Integer"] 35
   &NCORELESSECP [&Type "Integer"] 0
   &NGHOSTATOMS [&Type "Integer"] 0
   &CartesianCoordinates [&Type "Coordinates", &Dim(35,4), &Units "Bohr"] 
              C     -3.125594721864   -3.693687941792   -0.710586718856
              C     -2.287041424662   -5.634120561712   -2.281924249413
              C      0.137580741171   -5.618572934247   -3.184948172669
              C     -1.530516847742   -1.763223308148   -0.067893202901
              C      0.994878270403   -1.697171600852   -0.917602590332
              O     -2.366668465393    0.104493144307    1.561083838450
              C      1.808168254270   -3.673933331407   -2.525654007682
              C      4.331268000762   -3.690490438384   -3.501583550906
              C      5.990914706703   -1.855234330505   -2.934084041463
              C      2.822869949959    0.213534204363   -0.279964035876
              C      5.275607649908    0.156761763653   -1.286249195610
              N      2.265736155907    2.124640100235    1.335681906928
              C      3.864310870926    3.944351087131    1.982515199973
              C      6.277995269063    3.977945208811    1.000649082220
              C      6.971367265098    2.075324577567   -0.623170472827
              C     -4.497213369543    1.485384177481    0.881656396045
              O     -5.245929268210    1.533002090938   -1.280223873021
              N     -5.465379584462    2.714937585468    2.853724090359
              C     -7.545879846226    4.462382885009    2.454248718624
              C     -4.583811683381    2.483554701299    5.447334790020
              H     -3.329908799875    0.879687213785    5.652543981528
              H     -6.215850194418    2.216145539526    6.674367243595
              H     -3.601003331346    4.202118832824    6.023707318531
              H     -7.917452925730    4.650271143387    0.448938192267
              H     -7.051252521792    6.302963778472    3.237021336731
              H     -9.238698302321    3.770428488210    3.405208861382
              H      0.802941545550   -7.109221817925   -4.414895755911
              H     -5.037609266773   -3.691690942026    0.006912497056
              H     -3.567115752143   -7.147196497105   -2.779710686809
              H      4.866822339234   -5.232885173518   -4.732191102900
              H      7.890964734165   -1.864231472129   -3.686376609347
              H      3.157119340927    5.341031128294    3.290933402648
              H      7.566579601016    5.467517851876    1.528622284685
              H      8.857652362089    2.030439304820   -1.413078229395
              H      0.503880309919    2.126287644065    2.099866358729
$End
$SCF_Energy
   &GeometryIndex 14
   &ListStatus       OUT
   &SCF_ENERGY [&Type "Double"]      -8.7844790959849593e+02
$End
$DFT_Energy
   &GeometryIndex 14
   &ListStatus       OUT
   &NALPHAEL [&Type "Integer"] 70
   &NBETAEL [&Type "Integer"] 70
   &NTOTALEL [&Type "Integer"] 139
   &EEXCHANGE [&Type "Double"]       0.0000000000000000e+00
   &ECORR [&Type "Double"]       0.0000000000000000e+00
   &ECNL [&Type "Double"]       0.0000000000000000e+00
   &EXC [&Type "Double"]      -8.9693474415251245e+01
   &EEMBED [&Type "Double"]       0.0000000000000000e+00
   &FINALEN [&Type "Double"]      -8.7844790959849593e+02  "No Van der Waals correction"
$End
$Solvation_Details
   &GeometryIndex 14
   &ListStatus       OUT
   &SOLVENT [&Type "String"] "WATER"
   &EPSILON [&Type "Double"]       8.0150999999999996e+01
   &REFRAC [&Type "Double"]       1.3328000000000000e+00
   &RSOLV [&Type "Double"]       1.3000000000000000e+00
   &SURFACETYPE [&Type "String"] "GAUSSIAN VDW"
   &NPOINTS [&Type "Integer"] 3050
   &SURFACEAREA [&Type "Double"]       1.0796839995910000e+03
   &CPCMDIELENERGY [&Type "Double"]      -8.8553693000000003e-02
$End
$CIS_Absorption_Spectrum
   &GeometryIndex 14
   &ListStatus       OUT
   &TEMPERATURE [&Type "Double"]       2.9814999999999998e+02
   &METHOD [&Type "Integer"] 20
   &RELCORRECTION [&Type "Integer"] 1 "Type of relativistic treatment in QDPT. 0->Unknow, 1->None, 2->SOC, 3->SSC, 4->SOC/SSC"
   &DENSTYPE [&Type "Integer"] 3 "Type of density (electron/spin ...). 0->Unknow, 1->Electronic, 2->Spin, 3->Trans/Electronic, 4->Tran/Spin"
   &DERITYPE [&Type "Integer"] 0 "Type of derivative (w.r.t. to what perturbation). 0->Unknown, 1->No Derivative, 2->Electric/Dipole, 3->Electric/Quad, 4->Magnetic/Dipole, 5->Magnetic/Quad"
   &DENSLEVEL [&Type "Integer"] 0 "// Source of density: relaxed, unrelaxed, ... 0->Unknown, 1->Linearized, 2->Unrelaxed, 3->Relaxed"
   &REPRESENTATION [&Type "String"] "Length" "Possible values: Unknown,  Length, Velocity"
   &POINTGROUP [&Type "String"] "C1"
   &NTRANS [&Type "Integer"] 5
   &DOHIGHERMOMENTS [&Type "Boolean"] false
   &STATES [&Type "ArrayOfIntegers", &Dim (5,4)] "The initial and Final states. Col1: Initial State  Col2: Initial Irrep Col3: Final State Col4: Final Irrep"
                                                         0                           1                           2                           3

0                                                        0                           0                           1                           0
1                                                        0                           0                           2                           0
2                                                        0                           0                           3                           0
3                                                        0                           0                           4                           0
4                                                        0                           0                           5                           0
   &MULTIPLICITIES [&Type "ArrayOfDoubles", &Dim (5,2)] "Col1: Multiplicity of the initial state  Col2: Multiplicity of the final state"
                                                         0                           1

0                                      1.0000000000000000e+00         1.0000000000000000e+00
1                                      1.0000000000000000e+00         1.0000000000000000e+00
2                                      1.0000000000000000e+00         1.0000000000000000e+00
3                                      1.0000000000000000e+00         1.0000000000000000e+00
4                                      1.0000000000000000e+00         1.0000000000000000e+00
   &EXCITATIONENERGIES [&Type "ArrayOfDoubles", &Dim (5,11)] 
                                                         0                           1                           2                           3                           4                           5                           6                           7

0                                      3.9237179666398916e+00         3.1646922967037361e+04         3.1598648659826256e+02         3.1956532338168514e-01         3.3243270578379840e+00        -1.5476121146446868e+00         0.0000000000000000e+00        -9.5843773581660441e-01
1                                      4.3988884118876834e+00         3.5479431471680822e+04         2.8185344536825113e+02         1.2087994879379470e-02         1.1216392611066878e-01         1.4477820978591019e-01         0.0000000000000000e+00         2.5162018081379950e-01
2                                      4.8280948501438194e+00         3.8941215219629550e+04         2.5679732755127742e+02         1.3731908232528700e+00         1.1609057961583670e+01        -1.2313003936184364e+00         0.0000000000000000e+00        -2.8329598240135563e+00
3                                      5.1370851373461832e+00         4.1433390217882530e+04         2.4135123742985505e+02         3.1990466758069286e-01         2.5418252749120711e+00         1.5362206143687278e+00         0.0000000000000000e+00         2.2655959017532842e-01
4                                      5.3592591912109961e+00         4.3225344998453897e+04         2.3134575329260375e+02         2.0562458560386149e-02         1.5660735660561859e-01        -1.5228663438543316e-01         0.0000000000000000e+00         2.5671271121125588e-01
                                                         8                           9                          10

0                                      0.0000000000000000e+00        -1.0305778478953243e-01         0.0000000000000000e+00
1                                      0.0000000000000000e+00         1.6700443314201754e-01         0.0000000000000000e+00
2                                      0.0000000000000000e+00        -1.4378094233186240e+00         0.0000000000000000e+00
3                                      0.0000000000000000e+00        -3.6127863346761419e-01         0.0000000000000000e+00
4                                      0.0000000000000000e+00         2.5983595112251562e-01         0.0000000000000000e+00
$End
$Geometry
   &GeometryIndex 15
   &ListStatus       OUT
   &NATOMS [&Type "Integer"] 35
   &NCORELESSECP [&Type "Integer"] 0
   &NGHOSTATOMS [&Type "Integer"] 0
   &CartesianCoordinates [&Type "Coordinates", &Dim(35,4), &Units "Bohr"] 
              C     -3.125711618542   -3.694027284072   -0.711030218546
              C     -2.286840759141   -5.634466710764   -2.282220185450
              C      0.137903793633   -5.618733217086   -3.184831309911
              C     -1.530796624655   -1.763536082981   -0.067858121765
              C      0.994774203890   -1.697270242934   -0.917174392037
              O     -2.367188987979    0.103986576122    1.561226307641
              C      1.808190973689   -3.673901773676   -2.525373315767
              C      4.331063266718   -3.690173784417   -3.501794518677
              C      5.990688104531   -1.854960382819   -2.934272342590
              C      2.822811569565    0.213525809103   -0.279544855502
              C      5.275517781027    0.156667816411   -1.285994735307
              N      2.265942550810    2.124974437666    1.335843586967
              C      3.864723238322    3.944748151920    1.982197242074
              C      6.278461074633    3.977934919356    1.000426463367
              C      6.971587488962    2.074987752330   -0.623072501305
              C     -4.497204446014    1.485598450213    0.881590873044
              O     -5.246120354339    1.533078802964   -1.280227722401
              N     -5.464603026864    2.716055895866    2.853498640409
              C     -7.546291443811    4.462175738080    2.454427756661
              C     -4.583998623301    2.483329313548    5.447331210288
              H     -3.331283727234    0.878520790589    5.652459579455
              H     -6.216649043979    2.216632941962    6.673705158501
              H     -3.600190266480    4.200994921131    6.024644967355
              H     -7.918979799048    4.649137921783    0.449240171632
              H     -7.052513497151    6.303346646188    3.236336176498
              H     -9.238183467725    3.769412438937    3.406465541005
              H      0.803592606202   -7.109251805481   -4.414757946857
              H     -5.037868728404   -3.692079891685    0.006090659470
              H     -3.566766819492   -7.147590704073   -2.780242444006
              H      4.866416720007   -5.232305811077   -4.732813689720
              H      7.890599292322   -1.863651615251   -3.686913603055
              H      3.157643257156    5.341800144765    3.290278466852
              H      7.567182681478    5.467473699327    1.528162931472
              H      8.857838518444    2.029720047483   -1.413037513311
              H      0.504166285827    2.126934093370    2.100184714776
$End
$SCF_Energy
   &GeometryIndex 15
   &ListStatus       OUT
   &SCF_ENERGY [&Type "Double"]      -8.7844790954465157e+02
$End
$DFT_Energy
   &GeometryIndex 15
   &ListStatus       OUT
   &NALPHAEL [&Type "Integer"] 70
   &NBETAEL [&Type "Integer"] 70
   &NTOTALEL [&Type "Integer"] 139
   &EEXCHANGE [&Type "Double"]       0.0000000000000000e+00
   &ECORR [&Type "Double"]       0.0000000000000000e+00
   &ECNL [&Type "Double"]       0.0000000000000000e+00
   &EXC [&Type "Double"]      -8.9693383543838792e+01
   &EEMBED [&Type "Double"]       0.0000000000000000e+00
   &FINALEN [&Type "Double"]      -8.7844790954465157e+02  "No Van der Waals correction"
$End
$Solvation_Details
   &GeometryIndex 15
   &ListStatus       OUT
   &SOLVENT [&Type "String"] "WATER"
   &EPSILON [&Type "Double"]       8.0150999999999996e+01
   &REFRAC [&Type "Double"]       1.3328000000000000e+00
   &RSOLV [&Type "Double"]       1.3000000000000000e+00
   &SURFACETYPE [&Type "String"] "GAUSSIAN VDW"
   &NPOINTS [&Type "Integer"] 3048
   &SURFACEAREA [&Type "Double"]       1.0796994202169999e+03
   &CPCMDIELENERGY [&Type "Double"]      -8.8553461000000000e-02
$End
$CIS_Absorption_Spectrum
   &GeometryIndex 15
   &ListStatus       OUT
   &TEMPERATURE [&Type "Double"]       2.9814999999999998e+02
   &METHOD [&Type "Integer"] 20
   &RELCORRECTION [&Type "Integer"] 1 "Type of relativistic treatment in QDPT. 0->Unknow, 1->None, 2->SOC, 3->SSC, 4->SOC/SSC"
   &DENSTYPE [&Type "Integer"] 3 "Type of density (electron/spin ...). 0->Unknow, 1->Electronic, 2->Spin, 3->Trans/Electronic, 4->Tran/Spin"
   &DERITYPE [&Type "Integer"] 0 "Type of derivative (w.r.t. to what perturbation). 0->Unknown, 1->No Derivative, 2->Electric/Dipole, 3->Electric/Quad, 4->Magnetic/Dipole, 5->Magnetic/Quad"
   &DENSLEVEL [&Type "Integer"] 0 "// Source of density: relaxed, unrelaxed, ... 0->Unknown, 1->Linearized, 2->Unrelaxed, 3->Relaxed"
   &REPRESENTATION [&Type "String"] "Length" "Possible values: Unknown,  Length, Velocity"
   &POINTGROUP [&Type "String"] "C1"
   &NTRANS [&Type "Integer"] 5
   &DOHIGHERMOMENTS [&Type "Boolean"] false
   &STATES [&Type "ArrayOfIntegers", &Dim (5,4)] "The initial and Final states. Col1: Initial State  Col2: Initial Irrep Col3: Final State Col4: Final Irrep"
                                                         0                           1                           2                           3

0                                                        0                           0                           1                           0
1                                                        0                           0                           2                           0
2                                                        0                           0                           3                           0
3                                                        0                           0                           4                           0
4                                                        0                           0                           5                           0
   &MULTIPLICITIES [&Type "ArrayOfDoubles", &Dim (5,2)] "Col1: Multiplicity of the initial state  Col2: Multiplicity of the final state"
                                                         0                           1

0                                      1.0000000000000000e+00         1.0000000000000000e+00
1                                      1.0000000000000000e+00         1.0000000000000000e+00
2                                      1.0000000000000000e+00         1.0000000000000000e+00
3                                      1.0000000000000000e+00         1.0000000000000000e+00
4                                      1.0000000000000000e+00         1.0000000000000000e+00
   &EXCITATIONENERGIES [&Type "ArrayOfDoubles", &Dim (5,11)] 
                                                         0                           1                           2                           3                           4                           5                           6                           7

0                                      3.9235869502816918e+00         3.1645866248733291e+04         3.1599703801441291e+02         3.1949556995398853e-01         3.3237124188092708e+00        -1.5476138171419054e+00         0.0000000000000000e+00        -9.5814315128897032e-01
1                                      4.3988189074519424e+00         3.5478870880541894e+04         2.8185789885112780e+02         1.2129394807007745e-02         1.1254985239707643e-01         1.4518567954538797e-01         0.0000000000000000e+00         2.5208256255744094e-01
2                                      4.8280510481874295e+00         3.8940861932988795e+04         2.5679965731648298e+02         1.3735808158787908e+00         1.1612460340222020e+01        -1.2318583389960824e+00         0.0000000000000000e+00        -2.8333079532958894e+00
3                                      5.1371086938764110e+00         4.1433580214131965e+04         2.4135013069880088e+02         3.1960917056164945e-01         2.5394657374126028e+00         1.5355165342402599e+00         0.0000000000000000e+00         2.2607394675407866e-01
4                                      5.3588251977174801e+00         4.3221844604497390e+04         2.3136448921847875e+02         2.0527638166623716e-02         1.5635481990149436e-01        -1.5158384769870134e-01         0.0000000000000000e+00         2.5686370452932017e-01
                                                         8                           9                          10

0                                      0.0000000000000000e+00        -1.0278907256499979e-01         0.0000000000000000e+00
1                                      0.0000000000000000e+00         1.6710880439550224e-01         0.0000000000000000e+00
2                                      0.0000000000000000e+00        -1.4378287153406319e+00         0.0000000000000000e+00
3                                      0.0000000000000000e+00        -3.6131050508726864e-01         0.0000000000000000e+00
4                                      0.0000000000000000e+00         2.5961162207001709e-01         0.0000000000000000e+00
$End
$Geometry
   &GeometryIndex 16
   &ListStatus       OUT
   &NATOMS [&Type "Integer"] 35
   &NCORELESSECP [&Type "Integer"] 0
   &NGHOSTATOMS [&Type "Integer"] 0
   &CartesianCoordinates [&Type "Coordinates", &Dim(35,4), &Units "Bohr"] 
              C     -3.125382481184   -3.693862592846   -0.710491004270
              C     -2.286894780760   -5.633977311829   -2.282320774655
              C      0.137805078832   -5.618623796020   -3.185101267276
              C     -1.530333505588   -1.763514921162   -0.067385582915
              C      0.995245668158   -1.697786832312   -0.916882673315
              O     -2.366806150371    0.104563759662    1.561153784759
              C      1.808563562235   -3.674354320139   -2.525177219034
              C      4.331414917311   -3.690420044560   -3.501836855706
              C      5.990921448134   -1.854891703611   -2.934791715440
              C      2.823127334338    0.213128230372   -0.279777273168
              C      5.275766813459    0.156672753644   -1.286366526788
              N      2.265620369235    2.124527507769    1.335340863935
              C      3.863988282766    3.944424812271    1.982067331905
              C      6.277940953195    3.977709982250    1.000859638153
              C      6.971491533318    2.075150953958   -0.622963442627
              C     -4.497325515918    1.485739560309    0.881606882546
              O     -5.246268739593    1.533196184465   -1.280181852644
              N     -5.465059877716    2.715845922833    2.853592858247
              C     -7.546371695078    4.462492087066    2.454593280865
              C     -4.584225891085    2.483571134351    5.447375797629
              H     -3.331255423290    0.878977261772    5.652623920662
              H     -6.216748034692    2.216808912848    6.673905011721
              H     -3.600642200646    4.201476197343    6.024369529057
              H     -7.918890667999    4.649868006191    0.449411326035
              H     -7.052170859216    6.303410451429    3.236835508863
              H     -9.238483466615    3.770000615409    3.406428332812
              H      0.802971346333   -7.108930283659   -4.415569333336
              H     -5.037531234039   -3.691820576558    0.006650151424
              H     -3.567214850068   -7.146622984627   -2.780784369510
              H      4.866758147680   -5.232523543839   -4.732902294873
              H      7.890683372218   -1.863385687905   -3.687818823525
              H      3.156473545780    5.341435665318    3.289956186463
              H      7.566498829900    5.467221638264    1.529067151632
              H      8.857856176128    2.030323963917   -1.412684448885
              H      0.503630482524    2.126206864753    2.099247038434
$End
$SCF_Energy
   &GeometryIndex 16
   &ListStatus       OUT
   &SCF_ENERGY [&Type "Double"]      -8.7844790951018888e+02
$End
$DFT_Energy
   &GeometryIndex 16
   &ListStatus       OUT
   &NALPHAEL [&Type "Integer"] 70
   &NBETAEL [&Type "Integer"] 70
   &NTOTALEL [&Type "Integer"] 139
   &EEXCHANGE [&Type "Double"]       0.0000000000000000e+00
   &ECORR [&Type "Double"]       0.0000000000000000e+00
   &ECNL [&Type "Double"]       0.0000000000000000e+00
   &EXC [&Type "Double"]      -8.9693370672527436e+01
   &EEMBED [&Type "Double"]       0.0000000000000000e+00
   &FINALEN [&Type "Double"]      -8.7844790951018888e+02  "No Van der Waals correction"
$End
$Solvation_Details
   &GeometryIndex 16
   &ListStatus       OUT
   &SOLVENT [&Type "String"] "WATER"
   &EPSILON [&Type "Double"]       8.0150999999999996e+01
   &REFRAC [&Type "Double"]       1.3328000000000000e+00
   &RSOLV [&Type "Double"]       1.3000000000000000e+00
   &SURFACETYPE [&Type "String"] "GAUSSIAN VDW"
   &NPOINTS [&Type "Integer"] 3048
   &SURFACEAREA [&Type "Double"]       1.0796986552400001e+03
   &CPCMDIELENERGY [&Type "Double"]      -8.8545735000000000e-02
$End
$CIS_Absorption_Spectrum
   &GeometryIndex 16
   &ListStatus       OUT
   &TEMPERATURE [&Type "Double"]       2.9814999999999998e+02
   &METHOD [&Type "Integer"] 20
   &RELCORRECTION [&Type "Integer"] 1 "Type of relativistic treatment in QDPT. 0->Unknow, 1->None, 2->SOC, 3->SSC, 4->SOC/SSC"
   &DENSTYPE [&Type "Integer"] 3 "Type of density (electron/spin ...). 0->Unknow, 1->Electronic, 2->Spin, 3->Trans/Electronic, 4->Tran/Spin"
   &DERITYPE [&Type "Integer"] 0 "Type of derivative (w.r.t. to what perturbation). 0->Unknown, 1->No Derivative, 2->Electric/Dipole, 3->Electric/Quad, 4->Magnetic/Dipole, 5->Magnetic/Quad"
   &DENSLEVEL [&Type "Integer"] 0 "// Source of density: relaxed, unrelaxed, ... 0->Unknown, 1->Linearized, 2->Unrelaxed, 3->Relaxed"
   &REPRESENTATION [&Type "String"] "Length" "Possible values: Unknown,  Length, Velocity"
   &POINTGROUP [&Type "String"] "C1"
   &NTRANS [&Type "Integer"] 5
   &DOHIGHERMOMENTS [&Type "Boolean"] false
   &STATES [&Type "ArrayOfIntegers", &Dim (5,4)] "The initial and Final states. Col1: Initial State  Col2: Initial Irrep Col3: Final State Col4: Final Irrep"
                                                         0                           1                           2                           3

0                                                        0                           0                           1                           0
1                                                        0                           0                           2                           0
2                                                        0                           0                           3                           0
3                                                        0                           0                           4                           0
4                                                        0                           0                           5                           0
   &MULTIPLICITIES [&Type "ArrayOfDoubles", &Dim (5,2)] "Col1: Multiplicity of the initial state  Col2: Multiplicity of the final state"
                                                         0                           1

0                                      1.0000000000000000e+00         1.0000000000000000e+00
1                                      1.0000000000000000e+00         1.0000000000000000e+00
2                                      1.0000000000000000e+00         1.0000000000000000e+00
3                                      1.0000000000000000e+00         1.0000000000000000e+00
4                                      1.0000000000000000e+00         1.0000000000000000e+00
   &EXCITATIONENERGIES [&Type "ArrayOfDoubles", &Dim (5,11)] 
                                                         0                           1                           2                           3                           4                           5                           6                           7

0                                      3.9238826455112266e+00         3.1648251191848562e+04         3.1597322516751370e+02         3.1960584964829652e-01         3.3246091043057175e+00        -1.5475627076893905e+00         0.0000000000000000e+00        -9.5866199085300241e-01
1                                      4.3989282223442467e+00         3.5479752564700975e+04         2.8185089458456542e+02         1.2152340803099609e-02         1.1275996836715235e-01         1.4510676282317972e-01         0.0000000000000000e+00         2.5233807230254340e-01
2                                      4.8282351729314685e+00         3.8942346999357098e+04         2.5678986426177886e+02         1.3730567036289960e+00         1.1607586743658116e+01        -1.2310231791228803e+00         0.0000000000000000e+00        -2.8328277535007693e+00
3                                      5.1370460034774128e+00         4.1433074581911518e+04         2.4135307603664322e+02         3.2013753111426679e-01         2.5436948863167932e+00         1.5367699328382374e+00         0.0000000000000000e+00         2.2645408139372397e-01
4                                      5.3592612589526629e+00         4.3225361675916916e+04         2.3134566403342592e+02         2.0542901979421775e-02         1.5645834982671880e-01        -1.5219045561634284e-01         0.0000000000000000e+00         2.5664534079020140e-01
                                                         8                           9                          10

0                                      0.0000000000000000e+00        -1.0308228445546433e-01         0.0000000000000000e+00
1                                      0.0000000000000000e+00         1.6742010935597371e-01         0.0000000000000000e+00
2                                      0.0000000000000000e+00        -1.4377953940377255e+00         0.0000000000000000e+00
3                                      0.0000000000000000e+00        -3.6159591930949242e-01         0.0000000000000000e+00
4                                      0.0000000000000000e+00         2.5967207030539535e-01         0.0000000000000000e+00
$End
$Geometry
   &GeometryIndex 17
   &ListStatus       OUT
   &NATOMS [&Type "Integer"] 35
   &NCORELESSECP [&Type "Integer"] 0
   &NGHOSTATOMS [&Type "Integer"] 0
   &CartesianCoordinates [&Type "Coordinates", &Dim(35,4), &Units "Bohr"] 
              C     -3.125576203249   -3.693890789622   -0.710827126337
              C     -2.286877594402   -5.634369052557   -2.282113318618
              C      0.137784894785   -5.618833113452   -3.185021472450
              C     -1.530507071176   -1.763431690302   -0.067983267869
              C      0.995033005406   -1.697622031634   -0.917234482026
              O     -2.366387825918    0.104754606180    1.560665423326
              C      1.808353029598   -3.674250785915   -2.525475771474
              C      4.331218719482   -3.690309636242   -3.501964693677
              C      5.990681305896   -1.854915084741   -2.934433613840
              C      2.822858310947    0.213260378829   -0.279524528089
              C      5.275505401368    0.156598974120   -1.285982565082
              N      2.265705689823    2.124706620482    1.335773302246
              C      3.864230576535    3.944637327589    1.982174789645
              C      6.278038680961    3.977918281650    1.000601612424
              C      6.971376570618    2.075045630308   -0.622909674656
              C     -4.497029605013    1.485677438634    0.881835738970
              O     -5.246479412836    1.533467029346   -1.279791170222
              N     -5.464786533524    2.715525729225    2.853931435061
              C     -7.545970239532    4.461991452668    2.453730840839
              C     -4.584224796231    2.483634941086    5.447858160354
              H     -3.331360372586    0.878968574164    5.653417305280
              H     -6.216881784051    2.217133692429    6.674262506098
              H     -3.600578553321    4.201551789063    6.024711919015
              H     -7.917772295318    4.648500692278    0.448352964776
              H     -7.052087719752    6.303258129622    3.235353386561
              H     -9.238423433454    3.769854890958    3.405212063472
              H      0.803145222769   -7.109314987184   -4.415173233829
              H     -5.037718927849   -3.691826255045    0.006330856007
              H     -3.566980396228   -7.147359335972   -2.780092409892
              H      4.866690792096   -5.232301127759   -4.733111845288
              H      7.890538031236   -1.863392964294   -3.687217861421
              H      3.156914516849    5.341705821124    3.290112368416
              H      7.566647975607    5.467530415272    1.528401776949
              H      8.857665764946    2.029981892830   -1.412794053034
              H      0.503826827677    2.126550122906    2.099884053383
$End
$SCF_Energy
   &GeometryIndex 17
   &ListStatus       OUT
   &SCF_ENERGY [&Type "Double"]      -8.7844790946685043e+02
$End
$DFT_Energy
   &GeometryIndex 17
   &ListStatus       OUT
   &NALPHAEL [&Type "Integer"] 70
   &NBETAEL [&Type "Integer"] 70
   &NTOTALEL [&Type "Integer"] 139
   &EEXCHANGE [&Type "Double"]       0.0000000000000000e+00
   &ECORR [&Type "Double"]       0.0000000000000000e+00
   &ECNL [&Type "Double"]       0.0000000000000000e+00
   &EXC [&Type "Double"]      -8.9693434932045534e+01
   &EEMBED [&Type "Double"]       0.0000000000000000e+00
   &FINALEN [&Type "Double"]      -8.7844790946685043e+02  "No Van der Waals correction"
$End
$Solvation_Details
   &GeometryIndex 17
   &ListStatus       OUT
   &SOLVENT [&Type "String"] "WATER"
   &EPSILON [&Type "Double"]       8.0150999999999996e+01
   &REFRAC [&Type "Double"]       1.3328000000000000e+00
   &RSOLV [&Type "Double"]       1.3000000000000000e+00
   &SURFACETYPE [&Type "String"] "GAUSSIAN VDW"
   &NPOINTS [&Type "Integer"] 3049
   &SURFACEAREA [&Type "Double"]       1.0796795627350000e+03
   &CPCMDIELENERGY [&Type "Double"]      -8.8548995000000005e-02
$End
$CIS_Absorption_Spectrum
   &GeometryIndex 17
   &ListStatus       OUT
   &TEMPERATURE [&Type "Double"]       2.9814999999999998e+02
   &METHOD [&Type "Integer"] 20
   &RELCORRECTION [&Type "Integer"] 1 "Type of relativistic treatment in QDPT. 0->Unknow, 1->None, 2->SOC, 3->SSC, 4->SOC/SSC"
   &DENSTYPE [&Type "Integer"] 3 "Type of density (electron/spin ...). 0->Unknow, 1->Electronic, 2->Spin, 3->Trans/Electronic, 4->Tran/Spin"
   &DERITYPE [&Type "Integer"] 0 "Type of derivative (w.r.t. to what perturbation). 0->Unknown, 1->No Derivative, 2->Electric/Dipole, 3->Electric/Quad, 4->Magnetic/Dipole, 5->Magnetic/Quad"
   &DENSLEVEL [&Type "Integer"] 0 "// Source of density: relaxed, unrelaxed, ... 0->Unknown, 1->Linearized, 2->Unrelaxed, 3->Relaxed"
   &REPRESENTATION [&Type "String"] "Length" "Possible values: Unknown,  Length, Velocity"
   &POINTGROUP [&Type "String"] "C1"
   &NTRANS [&Type "Integer"] 5
   &DOHIGHERMOMENTS [&Type "Boolean"] false
   &STATES [&Type "ArrayOfIntegers", &Dim (5,4)] "The initial and Final states. Col1: Initial State  Col2: Initial Irrep Col3: Final State Col4: Final Irrep"
                                                         0                           1                           2                           3

0                                                        0                           0                           1                           0
1                                                        0                           0                           2                           0
2                                                        0                           0                           3                           0
3                                                        0                           0                           4                           0
4                                                        0                           0                           5                           0
   &MULTIPLICITIES [&Type "ArrayOfDoubles", &Dim (5,2)] "Col1: Multiplicity of the initial state  Col2: Multiplicity of the final state"
                                                         0                           1

0                                      1.0000000000000000e+00         1.0000000000000000e+00
1                                      1.0000000000000000e+00         1.0000000000000000e+00
2                                      1.0000000000000000e+00         1.0000000000000000e+00
3                                      1.0000000000000000e+00         1.0000000000000000e+00
4                                      1.0000000000000000e+00         1.0000000000000000e+00
   &EXCITATIONENERGIES [&Type "ArrayOfDoubles", &Dim (5,11)] 
                                                         0                           1                           2                           3                           4                           5                           6                           7

0                                      3.9236766946492825e+00         3.1646590085948912e+04         3.1598981036633074e+02         3.1953360420610127e-01         3.3240320584109462e+00        -1.5475741317950475e+00         0.0000000000000000e+00        -9.5835994053166673e-01
1                                      4.3988542999309832e+00         3.5479156340166490e+04         2.8185563106749657e+02         1.2137053017765713e-02         1.1262000756119553e-01         1.4502506747615340e-01         0.0000000000000000e+00         2.5220448210201996e-01
2                                      4.8281127216058701e+00         3.8941359362707015e+04         2.5679637700518236e+02         1.3733935489939089e+00         1.1610728842406683e+01        -1.2315026393121411e+00         0.0000000000000000e+00        -2.8331642057622628e+00
3                                      5.1370937198104674e+00         4.1433459440132538e+04         2.4135083420801635e+02         3.1984226759518147e-01         2.5413252256313683e+00         1.5360766044763501e+00         0.0000000000000000e+00         2.2636369090671085e-01
4                                      5.3589048665741288e+00         4.3222487177228322e+04         2.3136104960818818e+02         2.0531193165047690e-02         1.5637957272529351e-01        -1.5162215612235028e-01         0.0000000000000000e+00         2.5686160707071892e-01
                                                         8                           9                          10

0                                      0.0000000000000000e+00        -1.0292030603282788e-01         0.0000000000000000e+00
1                                      0.0000000000000000e+00         1.6727413599353777e-01         0.0000000000000000e+00
2                                      0.0000000000000000e+00        -1.4378145481811622e+00         0.0000000000000000e+00
3                                      0.0000000000000000e+00        -3.6132169911432915e-01         0.0000000000000000e+00
4                                      0.0000000000000000e+00         2.5963899805528207e-01         0.0000000000000000e+00
$End
$Geometry
   &GeometryIndex 18
   &ListStatus       OUT
   &NATOMS [&Type "Integer"] 35
   &NCORELESSECP [&Type "Integer"] 0
   &NGHOSTATOMS [&Type "Integer"] 0
   &CartesianCoordinates [&Type "Coordinates", &Dim(35,4), &Units "Bohr"] 
              C     -3.125544635743   -3.693677655683   -0.711050328540
              C     -2.286736608447   -5.634314496211   -2.282084306716
              C      0.137956854599   -5.618918743485   -3.184896179254
              C     -1.530468431695   -1.763303832416   -0.067976582760
              C      0.994985104180   -1.697515167405   -0.917385619773
              O     -2.366293029895    0.104766998971    1.560935299347
              C      1.808368578295   -3.674152305340   -2.525629852775
              C      4.331220837689   -3.690284201303   -3.502111791690
              C      5.990705155291   -1.855012686135   -2.934335841982
              C      2.822762223459    0.213286948154   -0.279557533974
              C      5.275416508508    0.156485630551   -1.285934148899
              N      2.265628755702    2.124685361555    1.335809026352
              C      3.864212966252    3.944557310269    1.982210562257
              C      6.277957786718    3.977845763452    1.000486302082
              C      6.971273668215    2.074928951859   -0.622966904040
              C     -4.496968896720    1.485633753472    0.881654506280
              O     -5.245810513391    1.532680033673   -1.280186936265
              N     -5.464977698167    2.715646194046    2.853607107491
              C     -7.546203264740    4.462419488356    2.454854981418
              C     -4.584594596134    2.483892550992    5.447585815033
              H     -3.331783935297    0.879243400283    5.653533793828
              H     -6.217423491612    2.217598323825    6.673809402299
              H     -3.601049714059    4.201900021683    6.024348911186
              H     -7.918933308934    4.650091332930    0.449736336160
              H     -7.051794532444    6.303198868885    3.237305214449
              H     -9.238249078497    3.769937382633    3.406814936232
              H      0.803408786861   -7.109586277307   -4.414772992564
              H     -5.037751351074   -3.691593030571    0.005927660729
              H     -3.566816382621   -7.147373102688   -2.779914111447
              H      4.866673709361   -5.232266663772   -4.733277247601
              H      7.890636025955   -1.863492901313   -3.686930095168
              H      3.156998947192    5.341593491148    3.290237547525
              H      7.566583563266    5.467474190753    1.528195756938
              H      8.857545497888    2.029839458513   -1.412887994290
              H      0.503759285511    2.126505476732    2.099952979401
$End
$SCF_Energy
   &GeometryIndex 18
   &ListStatus       OUT
   &SCF_ENERGY [&Type "Double"]      -8.7844790948527304e+02
$End
$DFT_Energy
   &GeometryIndex 18
   &ListStatus       OUT
   &NALPHAEL [&Type "Integer"] 70
   &NBETAEL [&Type "Integer"] 70
   &NTOTALEL [&Type "Integer"] 139
   &EEXCHANGE [&Type "Double"]       0.0000000000000000e+00
   &ECORR [&Type "Double"]       0.0000000000000000e+00
   &ECNL [&Type "Double"]       0.0000000000000000e+00
   &EXC [&Type "Double"]      -8.9693427736464315e+01
   &EEMBED [&Type "Double"]       0.0000000000000000e+00
   &FINALEN [&Type "Double"]      -8.7844790948527304e+02  "No Van der Waals correction"
$End
$Solvation_Details
   &GeometryIndex 18
   &ListStatus       OUT
   &SOLVENT [&Type "String"] "WATER"
   &EPSILON [&Type "Double"]       8.0150999999999996e+01
   &REFRAC [&Type "Double"]       1.3328000000000000e+00
   &RSOLV [&Type "Double"]       1.3000000000000000e+00
   &SURFACETYPE [&Type "String"] "GAUSSIAN VDW"
   &NPOINTS [&Type "Integer"] 3048
   &SURFACEAREA [&Type "Double"]       1.0796913492950000e+03
   &CPCMDIELENERGY [&Type "Double"]      -8.8550210000000004e-02
$End
$CIS_Absorption_Spectrum
   &GeometryIndex 18
   &ListStatus       OUT
   &TEMPERATURE [&Type "Double"]       2.9814999999999998e+02
   &METHOD [&Type "Integer"] 20
   &RELCORRECTION [&Type "Integer"] 1 "Type of relativistic treatment in QDPT. 0->Unknow, 1->None, 2->SOC, 3->SSC, 4->SOC/SSC"
   &DENSTYPE [&Type "Integer"] 3 "Type of density (electron/spin ...). 0->Unknow, 1->Electronic, 2->Spin, 3->Trans/Electronic, 4->Tran/Spin"
   &DERITYPE [&Type "Integer"] 0 "Type of derivative (w.r.t. to what perturbation). 0->Unknown, 1->No Derivative, 2->Electric/Dipole, 3->Electric/Quad, 4->Magnetic/Dipole, 5->Magnetic/Quad"
   &DENSLEVEL [&Type "Integer"] 0 "// Source of density: relaxed, unrelaxed, ... 0->Unknown, 1->Linearized, 2->Unrelaxed, 3->Relaxed"
   &REPRESENTATION [&Type "String"] "Length" "Possible values: Unknown,  Length, Velocity"
   &POINTGROUP [&Type "String"] "C1"
   &NTRANS [&Type "Integer"] 5
   &DOHIGHERMOMENTS [&Type "Boolean"] false
   &STATES [&Type "ArrayOfIntegers", &Dim (5,4)] "The initial and Final states. Col1: Initial State  Col2: Initial Irrep Col3: Final State Col4: Final Irrep"
                                                         0                           1                           2                           3

0                                                        0                           0                           1                           0
1                                                        0                           0                           2                           0
2                                                        0                           0                           3                           0
3                                                        0                           0                           4                           0
4                                                        0                           0                           5                           0
   &MULTIPLICITIES [&Type "ArrayOfDoubles", &Dim (5,2)] "Col1: Multiplicity of the initial state  Col2: Multiplicity of the final state"
                                                         0                           1

0                                      1.0000000000000000e+00         1.0000000000000000e+00
1                                      1.0000000000000000e+00         1.0000000000000000e+00
2                                      1.0000000000000000e+00         1.0000000000000000e+00
3                                      1.0000000000000000e+00         1.0000000000000000e+00
4                                      1.0000000000000000e+00         1.0000000000000000e+00
   &EXCITATIONENERGIES [&Type "ArrayOfDoubles", &Dim (5,11)] 
                                                         0                           1                           2                           3                           4                           5                           6                           7

0                                      3.9237694087246933e+00         3.1647337875475947e+04         3.1598234389721506e+02         3.1946287580458083e-01         3.3232177620793650e+00        -1.5473884940717431e+00         0.0000000000000000e+00        -9.5823518993676049e-01
1                                      4.3988317867019555e+00         3.5478974758709614e+04         2.8185707360512538e+02         1.2202750199308787e-02         1.1323019280197685e-01         1.4527343270088228e-01         0.0000000000000000e+00         2.5300953583511815e-01
2                                      4.8281247112051107e+00         3.8941456065356593e+04         2.5679573930714622e+02         1.3734775955174399e+00         1.1611410540886741e+01        -1.2318866211097137e+00         0.0000000000000000e+00        -2.8331715029513753e+00
3                                      5.1371007648105289e+00         4.1433516261896017e+04         2.4135050322041855e+02         3.1985660639460789e-01         2.5414356700712646e+00         1.5361110309284161e+00         0.0000000000000000e+00         2.2587986175825328e-01
4                                      5.3593295746841578e+00         4.3225912679508518e+04         2.3134271505481837e+02         2.0527248153116202e-02         1.5633713467070331e-01        -1.5207714444139461e-01         0.0000000000000000e+00         2.5653283426617768e-01
                                                         8                           9                          10

0                                      0.0000000000000000e+00        -1.0291710868756899e-01         0.0000000000000000e+00
1                                      0.0000000000000000e+00         1.6766632735817036e-01         0.0000000000000000e+00
2                                      0.0000000000000000e+00        -1.4377082904685077e+00         0.0000000000000000e+00
3                                      0.0000000000000000e+00        -3.6163083218024356e-01         0.0000000000000000e+00
4                                      0.0000000000000000e+00         2.5961622012620156e-01         0.0000000000000000e+00
$End
$Geometry
   &GeometryIndex 19
   &ListStatus       OUT
   &NATOMS [&Type "Integer"] 35
   &NCORELESSECP [&Type "Integer"] 0
   &NGHOSTATOMS [&Type "Integer"] 0
   &CartesianCoordinates [&Type "Coordinates", &Dim(35,4), &Units "Bohr"] 
              C     -3.125656658069   -3.693483613990   -0.711097009320
              C     -2.286795013865   -5.634238435028   -2.281911462411
              C      0.137907524684   -5.618845914513   -3.184685206372
              C     -1.530476496092   -1.763323533195   -0.067742144352
              C      0.995100894028   -1.697594596031   -0.917077796225
              O     -2.366709233585    0.104501577059    1.561175224265
              C      1.808326025163   -3.674013508413   -2.525602255770
              C      4.331089383180   -3.690001805143   -3.502425043083
              C      5.991045520472   -1.855290699385   -2.934110333795
              C      2.823073320682    0.213104024542   -0.279538976600
              C      5.275841678307    0.156308482524   -1.285765392028
              N      2.265532954133    2.124805767585    1.335240042156
              C      3.864207213753    3.944293625366    1.982405904909
              C      6.277973220576    3.977767217458    1.000743486153
              C      6.971260613148    2.075399912995   -0.623402472826
              C     -4.497180869988    1.485638230127    0.881766361294
              O     -5.246153809640    1.533090586280   -1.280017933897
              N     -5.464945957978    2.715731670617    2.853709764166
              C     -7.546216392157    4.462292038632    2.454204988304
              C     -4.584129716297    2.483505690109    5.447510893553
              H     -3.331174650354    0.878892364638    5.652746260676
              H     -6.216643107196    2.216756472379    6.674052744088
              H     -3.600508290381    4.201392724534    6.024491609750
              H     -7.918415610125    4.649304599038    0.448934060477
              H     -7.052166527679    6.303358667280    3.236190610150
              H     -9.238475816363    3.769934917281    3.405872868097
              H      0.803341866735   -7.109556323168   -4.414518278344
              H     -5.037945943355   -3.691188702283    0.005658045767
              H     -3.566852813396   -7.147320825320   -2.779720338031
              H      4.866207785621   -5.231714546624   -4.734075929903
              H      7.890975577244   -1.864016865368   -3.686707894514
              H      3.156904765690    5.341126645059    3.290599839808
              H      7.566514722844    5.467390107802    1.528676647164
              H      8.857278649588    2.031025094342   -1.413977299762
              H      0.503471028426    2.126741663393    2.098955693628
$End
$SCF_Energy
   &GeometryIndex 19
   &ListStatus       OUT
   &SCF_ENERGY [&Type "Double"]      -8.7844790943072280e+02
$End
$DFT_Energy
   &GeometryIndex 19
   &ListStatus       OUT
   &NALPHAEL [&Type "Integer"] 70
   &NBETAEL [&Type "Integer"] 70
   &NTOTALEL [&Type "Integer"] 139
   &EEXCHANGE [&Type "Double"]       0.0000000000000000e+00
   &ECORR [&Type "Double"]       0.0000000000000000e+00
   &ECNL [&Type "Double"]       0.0000000000000000e+00
   &EXC [&Type "Double"]      -8.9693451133525244e+01
   &EEMBED [&Type "Double"]       0.0000000000000000e+00
   &FINALEN [&Type "Double"]      -8.7844790943072280e+02  "No Van der Waals correction"
$End
$Solvation_Details
   &GeometryIndex 19
   &ListStatus       OUT
   &SOLVENT [&Type "String"] "WATER"
   &EPSILON [&Type "Double"]       8.0150999999999996e+01
   &REFRAC [&Type "Double"]       1.3328000000000000e+00
   &RSOLV [&Type "Double"]       1.3000000000000000e+00
   &SURFACETYPE [&Type "String"] "GAUSSIAN VDW"
   &NPOINTS [&Type "Integer"] 3050
   &SURFACEAREA [&Type "Double"]       1.0796740694550001e+03
   &CPCMDIELENERGY [&Type "Double"]      -8.8547590999999995e-02
$End
$CIS_Absorption_Spectrum
   &GeometryIndex 19
   &ListStatus       OUT
   &TEMPERATURE [&Type "Double"]       2.9814999999999998e+02
   &METHOD [&Type "Integer"] 20
   &RELCORRECTION [&Type "Integer"] 1 "Type of relativistic treatment in QDPT. 0->Unknow, 1->None, 2->SOC, 3->SSC, 4->SOC/SSC"
   &DENSTYPE [&Type "Integer"] 3 "Type of density (electron/spin ...). 0->Unknow, 1->Electronic, 2->Spin, 3->Trans/Electronic, 4->Tran/Spin"
   &DERITYPE [&Type "Integer"] 0 "Type of derivative (w.r.t. to what perturbation). 0->Unknown, 1->No Derivative, 2->Electric/Dipole, 3->Electric/Quad, 4->Magnetic/Dipole, 5->Magnetic/Quad"
   &DENSLEVEL [&Type "Integer"] 0 "// Source of density: relaxed, unrelaxed, ... 0->Unknown, 1->Linearized, 2->Unrelaxed, 3->Relaxed"
   &REPRESENTATION [&Type "String"] "Length" "Possible values: Unknown,  Length, Velocity"
   &POINTGROUP [&Type "String"] "C1"
   &NTRANS [&Type "Integer"] 5
   &DOHIGHERMOMENTS [&Type "Boolean"] false
   &STATES [&Type "ArrayOfIntegers", &Dim (5,4)] "The initial and Final states. Col1: Initial State  Col2: Initial Irrep Col3: Final State Col4: Final Irrep"
                                                         0                           1                           2                           3

0                                                        0                           0                           1                           0
1                                                        0                           0                           2                           0
2                                                        0                           0                           3                           0
3                                                        0                           0                           4                           0
4                                                        0                           0                           5                           0
   &MULTIPLICITIES [&Type "ArrayOfDoubles", &Dim (5,2)] "Col1: Multiplicity of the initial state  Col2: Multiplicity of the final state"
                                                         0                           1

0                                      1.0000000000000000e+00         1.0000000000000000e+00
1                                      1.0000000000000000e+00         1.0000000000000000e+00
2                                      1.0000000000000000e+00         1.0000000000000000e+00
3                                      1.0000000000000000e+00         1.0000000000000000e+00
4                                      1.0000000000000000e+00         1.0000000000000000e+00
   &EXCITATIONENERGIES [&Type "ArrayOfDoubles", &Dim (5,11)] 
                                                         0                           1                           2                           3                           4                           5                           6                           7

0                                      3.9237893337576710e+00         3.1647498581721688e+04         3.1598073933639716e+02         3.1955244394142895e-01         3.3241326160226978e+00        -1.5475240546858173e+00         0.0000000000000000e+00        -9.5847831859319077e-01
1                                      4.3988682695593333e+00         3.5479269012829522e+04         2.8185473596944564e+02         1.2151098192742063e-02         1.1274997501353051e-01         1.4509581336547880e-01         0.0000000000000000e+00         2.5241448209102479e-01
2                                      4.8281398965908711e+00         3.8941578543765456e+04         2.5679493163743354e+02         1.3731551438165124e+00         1.1608648015498737e+01        -1.2312776062607536e+00         0.0000000000000000e+00        -2.8328404901872180e+00
3                                      5.1370421076760913e+00         4.1433043160151501e+04         2.4135325907264192e+02         3.1999602852260645e-01         2.5425724870722690e+00         1.5364456878719039e+00         0.0000000000000000e+00         2.2631004605928232e-01
4                                      5.3591972325695254e+00         4.3224845268256562e+04         2.3134842792239661e+02         2.0530191893252708e-02         1.5636341563091294e-01        -1.5196207620371810e-01         0.0000000000000000e+00         2.5665185597234214e-01
                                                         8                           9                          10

0                                      0.0000000000000000e+00        -1.0305934687467791e-01         0.0000000000000000e+00
1                                      0.0000000000000000e+00         1.6728451568528507e-01         0.0000000000000000e+00
2                                      0.0000000000000000e+00        -1.4379214961100510e+00         0.0000000000000000e+00
3                                      0.0000000000000000e+00        -3.6151196155140780e-01         0.0000000000000000e+00
4                                      0.0000000000000000e+00         2.5961657853981601e-01         0.0000000000000000e+00
$End
$Geometry
   &GeometryIndex 20
   &ListStatus       OUT
   &NATOMS [&Type "Integer"] 35
   &NCORELESSECP [&Type "Integer"] 0
   &NGHOSTATOMS [&Type "Integer"] 0
   &CartesianCoordinates [&Type "Coordinates", &Dim(35,4), &Units "Bohr"] 
              C     -3.125437587002   -3.693475919403   -0.710928437129
              C     -2.286442847571   -5.633956150334   -2.282018141719
              C      0.138249693167   -5.618555568503   -3.184717511767
              C     -1.530532579602   -1.763073167540   -0.067756249172
              C      0.994913406322   -1.697261757332   -0.917302345074
              O     -2.366701034814    0.104650983022    1.561307680177
              C      1.808525149990   -3.673813152142   -2.525459445185
              C      4.331321746698   -3.690285256774   -3.502045722288
              C      5.990861226894   -1.855055196134   -2.934529674959
              C      2.822748987660    0.213259694306   -0.279644429613
              C      5.275388013481    0.156329455950   -1.286119465867
              N      2.265514627058    2.124433276916    1.335836927668
              C      3.864027993708    3.944367851474    1.982069921936
              C      6.277740345397    3.977570931953    1.000292297783
              C      6.971239207196    2.074598840387   -0.622999895430
              C     -4.497184869373    1.485717015045    0.881854596105
              O     -5.246071138464    1.533001646770   -1.279955874951
              N     -5.465038971896    2.715777526901    2.853752109724
              C     -7.546294413236    4.462344178137    2.454057075004
              C     -4.583935142742    2.483333940144    5.447444687970
              H     -3.330886412507    0.878752914242    5.652302894508
              H     -6.216257812617    2.216331997099    6.674182726080
              H     -3.600287636952    4.201175763842    6.024512260506
              H     -7.918312475768    4.649211882813    0.448736731746
              H     -7.052299309940    6.303466337654    3.235942458020
              H     -9.238644951300    3.770053062881    3.405606839117
              H      0.803766001749   -7.109235120233   -4.414536773656
              H     -5.037646366337   -3.691595555095    0.006040842826
              H     -3.566435114209   -7.147051246223   -2.779945030363
              H      4.866513923770   -5.232468674252   -4.733066898472
              H      7.890798341043   -1.863479317261   -3.687103613354
              H      3.156879397153    5.341462923136    3.290064410634
              H      7.566340239957    5.467226901108    1.527973191899
              H      8.857598320304    2.029446274009   -1.412702975455
              H      0.503658037140    2.126108079437    2.100026194321
$End
$SCF_Energy
   &GeometryIndex 20
   &ListStatus       OUT
   &SCF_ENERGY [&Type "Double"]      -8.7844790958988085e+02
$End
$DFT_Energy
   &GeometryIndex 20
   &ListStatus       OUT
   &NALPHAEL [&Type "Integer"] 70
   &NBETAEL [&Type "Integer"] 70
   &NTOTALEL [&Type "Integer"] 139
   &EEXCHANGE [&Type "Double"]       0.0000000000000000e+00
   &ECORR [&Type "Double"]       0.0000000000000000e+00
   &ECNL [&Type "Double"]       0.0000000000000000e+00
   &EXC [&Type "Double"]      -8.9693679623495569e+01
   &EEMBED [&Type "Double"]       0.0000000000000000e+00
   &FINALEN [&Type "Double"]      -8.7844790958988085e+02  "No Van der Waals correction"
$End
$Solvation_Details
   &GeometryIndex 20
   &ListStatus       OUT
   &SOLVENT [&Type "String"] "WATER"
   &EPSILON [&Type "Double"]       8.0150999999999996e+01
   &REFRAC [&Type "Double"]       1.3328000000000000e+00
   &RSOLV [&Type "Double"]       1.3000000000000000e+00
   &SURFACETYPE [&Type "String"] "GAUSSIAN VDW"
   &NPOINTS [&Type "Integer"] 3048
   &SURFACEAREA [&Type "Double"]       1.0796626114040000e+03
   &CPCMDIELENERGY [&Type "Double"]      -8.8548149000000007e-02
$End
$CIS_Absorption_Spectrum
   &GeometryIndex 20
   &ListStatus       OUT
   &TEMPERATURE [&Type "Double"]       2.9814999999999998e+02
   &METHOD [&Type "Integer"] 20
   &RELCORRECTION [&Type "Integer"] 1 "Type of relativistic treatment in QDPT. 0->Unknow, 1->None, 2->SOC, 3->SSC, 4->SOC/SSC"
   &DENSTYPE [&Type "Integer"] 3 "Type of density (electron/spin ...). 0->Unknow, 1->Electronic, 2->Spin, 3->Trans/Electronic, 4->Tran/Spin"
   &DERITYPE [&Type "Integer"] 0 "Type of derivative (w.r.t. to what perturbation). 0->Unknown, 1->No Derivative, 2->Electric/Dipole, 3->Electric/Quad, 4->Magnetic/Dipole, 5->Magnetic/Quad"
   &DENSLEVEL [&Type "Integer"] 0 "// Source of density: relaxed, unrelaxed, ... 0->Unknown, 1->Linearized, 2->Unrelaxed, 3->Relaxed"
   &REPRESENTATION [&Type "String"] "Length" "Possible values: Unknown,  Length, Velocity"
   &POINTGROUP [&Type "String"] "C1"
   &NTRANS [&Type "Integer"] 5
   &DOHIGHERMOMENTS [&Type "Boolean"] false
   &STATES [&Type "ArrayOfIntegers", &Dim (5,4)] "The initial and Final states. Col1: Initial State  Col2: Initial Irrep Col3: Final State Col4: Final Irrep"
                                                         0                           1                           2                           3

0                                                        0                           0                           1                           0
1                                                        0                           0                           2                           0
2                                                        0                           0                           3                           0
3                                                        0                           0                           4                           0
4                                                        0                           0                           5                           0
   &MULTIPLICITIES [&Type "ArrayOfDoubles", &Dim (5,2)] "Col1: Multiplicity of the initial state  Col2: Multiplicity of the final state"
                                                         0                           1

0                                      1.0000000000000000e+00         1.0000000000000000e+00
1                                      1.0000000000000000e+00         1.0000000000000000e+00
2                                      1.0000000000000000e+00         1.0000000000000000e+00
3                                      1.0000000000000000e+00         1.0000000000000000e+00
4                                      1.0000000000000000e+00         1.0000000000000000e+00
   &EXCITATIONENERGIES [&Type "ArrayOfDoubles", &Dim (5,11)] 
                                                         0                           1                           2                           3                           4                           5                           6                           7

0                                      3.9240240224730076e+00         3.1649391474064778e+04         3.1596184110505067e+02         3.1952848321873695e-01         3.3236845700829267e+00        -1.5474310137508105e+00         0.0000000000000000e+00        -9.5839759875534003e-01
1                                      4.3989359661871728e+00         3.5479815023012867e+04         2.8185039841706657e+02         1.2318371154644330e-02         1.1430034089916495e-01         1.4592574143581985e-01         0.0000000000000000e+00         2.5432063197082538e-01
2                                      4.8283609504334501e+00         3.8943361463431735e+04         2.5678317495499493e+02         1.3731248055929124e+00         1.1607860076518799e+01        -1.2312632812002537e+00         0.0000000000000000e+00        -2.8328436242484005e+00
3                                      5.1371481037672657e+00         4.1433898076371450e+04         2.4134827916909677e+02         3.2008696100041695e-01         2.5432425271336290e+00         1.5366523442646196e+00         0.0000000000000000e+00         2.2596696046311945e-01
4                                      5.3593614535781100e+00         4.3226169800155243e+04         2.3134133896739758e+02         2.0487130350258915e-02         1.5603066621522843e-01        -1.5174532835373461e-01         0.0000000000000000e+00         2.5636899332558882e-01
                                                         8                           9                          10

0                                      0.0000000000000000e+00        -1.0303334637419057e-01         0.0000000000000000e+00
1                                      0.0000000000000000e+00         1.6830637254581654e-01         0.0000000000000000e+00
2                                      0.0000000000000000e+00        -1.4376535776889960e+00         0.0000000000000000e+00
3                                      0.0000000000000000e+00        -3.6177483712764924e-01         0.0000000000000000e+00
4                                      0.0000000000000000e+00         2.5938188217234814e-01         0.0000000000000000e+00
$End
$Geometry
   &GeometryIndex 21
   &ListStatus       OUT
   &NATOMS [&Type "Integer"] 35
   &NCORELESSECP [&Type "Integer"] 0
   &NGHOSTATOMS [&Type "Integer"] 0
   &CartesianCoordinates [&Type "Coordinates", &Dim(35,4), &Units "Bohr"] 
              C     -3.125657096271   -3.693471836732   -0.710838219096
              C     -2.286849185266   -5.633967658687   -2.281874121803
              C      0.137889289879   -5.618460890967   -3.184521773326
              C     -1.530494321473   -1.763236964328   -0.067879064704
              C      0.995032921458   -1.697253778457   -0.917248049263
              O     -2.366953659593    0.104278875579    1.561020699457
              C      1.808403462195   -3.673809104703   -2.525375276426
              C      4.331215855016   -3.690198611295   -3.502035123598
              C      5.990992761235   -1.855103660486   -2.934541955375
              C      2.823058470647    0.213262235753   -0.279701567695
              C      5.275781741120    0.156432647545   -1.286109548358
              N      2.265640520709    2.124446825963    1.335664698085
              C      3.864031465451    3.944395953044    1.982151872587
              C      6.277787430019    3.977777011220    1.000480163054
              C      6.971462957816    2.074958901285   -0.622976811564
              C     -4.497154174642    1.485439084862    0.881484254284
              O     -5.246319825360    1.533186563180   -1.280276948747
              N     -5.464563486480    2.715465296844    2.853603173626
              C     -7.545741526739    4.461908641258    2.454412193169
              C     -4.584427453947    2.483789097266    5.447683476098
              H     -3.331585127378    0.879202047278    5.653913494307
              H     -6.217422757891    2.217544228255    6.673700496557
              H     -3.601038873000    4.201882083206    6.024454361925
              H     -7.918228321476    4.649153515889    0.449222929527
              H     -7.051632430445    6.302898917067    3.236552475987
              H     -9.237870379403    3.769460945759    3.406259719531
              H      0.803335147016   -7.109151866006   -4.414364691724
              H     -5.037788080103   -3.691285717927    0.006337598462
              H     -3.566810267191   -7.147076369543   -2.779835480183
              H      4.866317176742   -5.232327260446   -4.733168675227
              H      7.890864157231   -1.863766535911   -3.687287252954
              H      3.156716066598    5.341381861731    3.290172844014
              H      7.566261446819    5.467500417941    1.528287052886
              H      8.857818704697    2.030100868315   -1.412713863611
              H      0.503728865914    2.126061704158    2.099734925633
$End
$SCF_Energy
   &GeometryIndex 21
   &ListStatus       OUT
   &SCF_ENERGY [&Type "Double"]      -8.7844790957731891e+02
$End
$DFT_Energy
   &GeometryIndex 21
   &ListStatus       OUT
   &NALPHAEL [&Type "Integer"] 70
   &NBETAEL [&Type "Integer"] 70
   &NTOTALEL [&Type "Integer"] 139
   &EEXCHANGE [&Type "Double"]       0.0000000000000000e+00
   &ECORR [&Type "Double"]       0.0000000000000000e+00
   &ECNL [&Type "Double"]       0.0000000000000000e+00
   &EXC [&Type "Double"]      -8.9693685708511154e+01
   &EEMBED [&Type "Double"]       0.0000000000000000e+00
   &FINALEN [&Type "Double"]      -8.7844790957731891e+02  "No Van der Waals correction"
$End
$Solvation_Details
   &GeometryIndex 21
   &ListStatus       OUT
   &SOLVENT [&Type "String"] "WATER"
   &EPSILON [&Type "Double"]       8.0150999999999996e+01
   &REFRAC [&Type "Double"]       1.3328000000000000e+00
   &RSOLV [&Type "Double"]       1.3000000000000000e+00
   &SURFACETYPE [&Type "String"] "GAUSSIAN VDW"
   &NPOINTS [&Type "Integer"] 3048
   &SURFACEAREA [&Type "Double"]       1.0796711385350000e+03
   &CPCMDIELENERGY [&Type "Double"]      -8.8552308999999996e-02
$End
$CIS_Absorption_Spectrum
   &GeometryIndex 21
   &ListStatus       OUT
   &TEMPERATURE [&Type "Double"]       2.9814999999999998e+02
   &METHOD [&Type "Integer"] 20
   &RELCORRECTION [&Type "Integer"] 1 "Type of relativistic treatment in QDPT. 0->Unknow, 1->None, 2->SOC, 3->SSC, 4->SOC/SSC"
   &DENSTYPE [&Type "Integer"] 3 "Type of density (electron/spin ...). 0->Unknow, 1->Electronic, 2->Spin, 3->Trans/Electronic, 4->Tran/Spin"
   &DERITYPE [&Type "Integer"] 0 "Type of derivative (w.r.t. to what perturbation). 0->Unknown, 1->No Derivative, 2->Electric/Dipole, 3->Electric/Quad, 4->Magnetic/Dipole, 5->Magnetic/Quad"
   &DENSLEVEL [&Type "Integer"] 0 "// Source of density: relaxed, unrelaxed, ... 0->Unknown, 1->Linearized, 2->Unrelaxed, 3->Relaxed"
   &REPRESENTATION [&Type "String"] "Length" "Possible values: Unknown,  Length, Velocity"
   &POINTGROUP [&Type "String"] "C1"
   &NTRANS [&Type "Integer"] 5
   &DOHIGHERMOMENTS [&Type "Boolean"] false
   &STATES [&Type "ArrayOfIntegers", &Dim (5,4)] "The initial and Final states. Col1: Initial State  Col2: Initial Irrep Col3: Final State Col4: Final Irrep"
                                                         0                           1                           2                           3

0                                                        0                           0                           1                           0
1                                                        0                           0                           2                           0
2                                                        0                           0                           3                           0
3                                                        0                           0                           4                           0
4                                                        0                           0                           5                           0
   &MULTIPLICITIES [&Type "ArrayOfDoubles", &Dim (5,2)] "Col1: Multiplicity of the initial state  Col2: Multiplicity of the final state"
                                                         0                           1

0                                      1.0000000000000000e+00         1.0000000000000000e+00
1                                      1.0000000000000000e+00         1.0000000000000000e+00
2                                      1.0000000000000000e+00         1.0000000000000000e+00
3                                      1.0000000000000000e+00         1.0000000000000000e+00
4                                      1.0000000000000000e+00         1.0000000000000000e+00
   &EXCITATIONENERGIES [&Type "ArrayOfDoubles", &Dim (5,11)] 
                                                         0                           1                           2                           3                           4                           5                           6                           7

0                                      3.9238764862781905e+00         3.1648201514278695e+04         3.1597372114457460e+02         3.1962982794914263e-01         3.3248637507381744e+00        -1.5476568287141044e+00         0.0000000000000000e+00        -9.5863807334482187e-01
1                                      4.3989644310436447e+00         3.5480044607587421e+04         2.8184857461711016e+02         1.2134187280710513e-02         1.1259059746403116e-01         1.4508675916624286e-01         0.0000000000000000e+00         2.5217261515791739e-01
2                                      4.8282260644845003e+00         3.8942273534770189e+04         2.5679034869577788e+02         1.3728122854070712e+00         1.1605542367587073e+01        -1.2305526783541187e+00         0.0000000000000000e+00        -2.8326512742274876e+00
3                                      5.1370898602952337e+00         4.1433428311039599e+04         2.4135101553581995e+02         3.2014468625759296e-01         2.5437300217074879e+00         1.5368047060026198e+00         0.0000000000000000e+00         2.2698561891588181e-01
4                                      5.3589303697654165e+00         4.3222692874359702e+04         2.3135994855915462e+02         2.0534146553887477e-02         1.5640132343072793e-01        -1.5147879848666490e-01         0.0000000000000000e+00         2.5696781194844431e-01
                                                         8                           9                          10

0                                      0.0000000000000000e+00        -1.0312679383411151e-01         0.0000000000000000e+00
1                                      0.0000000000000000e+00         1.6718074632889010e-01         0.0000000000000000e+00
2                                      0.0000000000000000e+00        -1.4378349112467570e+00         0.0000000000000000e+00
3                                      0.0000000000000000e+00        -3.6116318489162674e-01         0.0000000000000000e+00
4                                      0.0000000000000000e+00         2.5965947058059186e-01         0.0000000000000000e+00
$End
$Geometry
   &GeometryIndex 22
   &ListStatus       OUT
   &NATOMS [&Type "Integer"] 35
   &NCORELESSECP [&Type "Integer"] 0
   &NGHOSTATOMS [&Type "Integer"] 0
   &CartesianCoordinates [&Type "Coordinates", &Dim(35,4), &Units "Bohr"] 
              C     -3.125597139104   -3.693746156133   -0.710738789091
              C     -2.287022856918   -5.633990354432   -2.282370924948
              C      0.137960421682   -5.619089684838   -3.184429650939
              C     -1.530429124565   -1.763510668198   -0.067546563188
              C      0.994959311688   -1.697426051390   -0.917455304973
              O     -2.366607279121    0.104545216918    1.561129483696
              C      1.808399547579   -3.674206087706   -2.525435846420
              C      4.331152775785   -3.690019769398   -3.502335373360
              C      5.990977392746   -1.855112644501   -2.934229158995
              C      2.822817727406    0.213512607231   -0.280145069680
              C      5.275735087654    0.156541187697   -1.285987994448
              N      2.265733074919    2.124514566849    1.335637155158
              C      3.864248766579    3.944305165357    1.982375625706
              C      6.277821712853    3.978183361326    1.000241153611
              C      6.971562118381    2.074969780715   -0.622706600826
              C     -4.497147890402    1.485640405423    0.881704408299
              O     -5.246248625450    1.533146408762   -1.280036718993
              N     -5.464929897566    2.715685322442    2.853666918072
              C     -7.546183438399    4.462275240242    2.454275193319
              C     -4.584213286026    2.483567427447    5.447489439877
              H     -3.331273825419    0.878960128502    5.652881005156
              H     -6.216792245574    2.216898925983    6.673962948416
              H     -3.600627274822    4.201489994305    6.024429035804
              H     -7.918478314483    4.649385817474    0.449032724296
              H     -7.052071319452    6.303297552460    3.236329351196
              H     -9.238404329533    3.769904699860    3.406003038854
              H      0.803379311768   -7.109852701730   -4.414210026572
              H     -5.037811750592   -3.691569462646    0.006224196064
              H     -3.567367905015   -7.146578168898   -2.780949187721
              H      4.866418195546   -5.231801360505   -4.733837212759
              H      7.890921287577   -1.863839238177   -3.686792942257
              H      3.157117666545    5.340805923061    3.291017300384
              H      7.566244410979    5.467996334527    1.527929608148
              H      8.858068886067    2.029696314621   -1.412060673302
              H      0.503993214717    2.125955135969    2.100100781172
$End
$SCF_Energy
   &GeometryIndex 22
   &ListStatus       OUT
   &SCF_ENERGY [&Type "Double"]      -8.7844790951689288e+02
$End
$DFT_Energy
   &GeometryIndex 22
   &ListStatus       OUT
   &NALPHAEL [&Type "Integer"] 70
   &NBETAEL [&Type "Integer"] 70
   &NTOTALEL [&Type "Integer"] 139
   &EEXCHANGE [&Type "Double"]       0.0000000000000000e+00
   &ECORR [&Type "Double"]       0.0000000000000000e+00
   &ECNL [&Type "Double"]       0.0000000000000000e+00
   &EXC [&Type "Double"]      -8.9693373310821698e+01
   &EEMBED [&Type "Double"]       0.0000000000000000e+00
   &FINALEN [&Type "Double"]      -8.7844790951689288e+02  "No Van der Waals correction"
$End
$Solvation_Details
   &GeometryIndex 22
   &ListStatus       OUT
   &SOLVENT [&Type "String"] "WATER"
   &EPSILON [&Type "Double"]       8.0150999999999996e+01
   &REFRAC [&Type "Double"]       1.3328000000000000e+00
   &RSOLV [&Type "Double"]       1.3000000000000000e+00
   &SURFACETYPE [&Type "String"] "GAUSSIAN VDW"
   &NPOINTS [&Type "Integer"] 3049
   &SURFACEAREA [&Type "Double"]       1.0796995170109999e+03
   &CPCMDIELENERGY [&Type "Double"]      -8.8549959999999997e-02
$End
$CIS_Absorption_Spectrum
   &GeometryIndex 22
   &ListStatus       OUT
   &TEMPERATURE [&Type "Double"]       2.9814999999999998e+02
   &METHOD [&Type "Integer"] 20
   &RELCORRECTION [&Type "Integer"] 1 "Type of relativistic treatment in QDPT. 0->Unknow, 1->None, 2->SOC, 3->SSC, 4->SOC/SSC"
   &DENSTYPE [&Type "Integer"] 3 "Type of density (electron/spin ...). 0->Unknow, 1->Electronic, 2->Spin, 3->Trans/Electronic, 4->Tran/Spin"
   &DERITYPE [&Type "Integer"] 0 "Type of derivative (w.r.t. to what perturbation). 0->Unknown, 1->No Derivative, 2->Electric/Dipole, 3->Electric/Quad, 4->Magnetic/Dipole, 5->Magnetic/Quad"
   &DENSLEVEL [&Type "Integer"] 0 "// Source of density: relaxed, unrelaxed, ... 0->Unknown, 1->Linearized, 2->Unrelaxed, 3->Relaxed"
   &REPRESENTATION [&Type "String"] "Length" "Possible values: Unknown,  Length, Velocity"
   &POINTGROUP [&Type "String"] "C1"
   &NTRANS [&Type "Integer"] 5
   &DOHIGHERMOMENTS [&Type "Boolean"] false
   &STATES [&Type "ArrayOfIntegers", &Dim (5,4)] "The initial and Final states. Col1: Initial State  Col2: Initial Irrep Col3: Final State Col4: Final Irrep"
                                                         0                           1                           2                           3

0                                                        0                           0                           1                           0
1                                                        0                           0                           2                           0
2                                                        0                           0                           3                           0
3                                                        0                           0                           4                           0
4                                                        0                           0                           5                           0
   &MULTIPLICITIES [&Type "ArrayOfDoubles", &Dim (5,2)] "Col1: Multiplicity of the initial state  Col2: Multiplicity of the final state"
                                                         0                           1

0                                      1.0000000000000000e+00         1.0000000000000000e+00
1                                      1.0000000000000000e+00         1.0000000000000000e+00
2                                      1.0000000000000000e+00         1.0000000000000000e+00
3                                      1.0000000000000000e+00         1.0000000000000000e+00
4                                      1.0000000000000000e+00         1.0000000000000000e+00
   &EXCITATIONENERGIES [&Type "ArrayOfDoubles", &Dim (5,11)] 
                                                         0                           1                           2                           3                           4                           5                           6                           7

0                                      3.9237882400105200e+00         3.1647489760055061e+04         3.1598082741531789e+02         3.1953269339274343e-01         3.3239280881992537e+00        -1.5475565151716446e+00         0.0000000000000000e+00        -9.5831808820416231e-01
1                                      4.3989046039491120e+00         3.5479562069477361e+04         2.8185240788535208e+02         1.2147173124653229e-02         1.1271262332821624e-01         1.4508454661310874e-01         0.0000000000000000e+00         2.5235447577417619e-01
2                                      4.8281610885341815e+00         3.8941749468333219e+04         2.5679380450361720e+02         1.3733645601625708e+00         1.1610367459560637e+01        -1.2315469732036455e+00         0.0000000000000000e+00        -2.8331041425811758e+00
3                                      5.1370990990879140e+00         4.1433502826935677e+04         2.4135058147917579e+02         3.1990404703637476e-01         2.5418134361075482e+00         1.5362362643846046e+00         0.0000000000000000e+00         2.2616934749288747e-01
4                                      5.3591817129905035e+00         4.3224720094396987e+04         2.3134909788105838e+02         2.0518698724330337e-02         1.5627633314898753e-01        -1.5203124493841741e-01         0.0000000000000000e+00         2.5645758437045896e-01
                                                         8                           9                          10

0                                      0.0000000000000000e+00        -1.0306969666089476e-01         0.0000000000000000e+00
1                                      0.0000000000000000e+00         1.6727317842088621e-01         0.0000000000000000e+00
2                                      0.0000000000000000e+00        -1.4377692546590912e+00         0.0000000000000000e+00
3                                      0.0000000000000000e+00        -3.6144017810949691e-01         0.0000000000000000e+00
4                                      0.0000000000000000e+00         2.5960034886404026e-01         0.0000000000000000e+00
$End
$Geometry
   &GeometryIndex 23
   &ListStatus       OUT
   &NATOMS [&Type "Integer"] 35
   &NCORELESSECP [&Type "Integer"] 0
   &NGHOSTATOMS [&Type "Integer"] 0
   &CartesianCoordinates [&Type "Coordinates", &Dim(35,4), &Units "Bohr"] 
              C     -3.125089243309   -3.693486879081   -0.710939671782
              C     -2.286861265599   -5.634150340068   -2.282106599512
              C      0.137836277485   -5.619016939932   -3.184801362536
              C     -1.530124635615   -1.763070137066   -0.067993983884
              C      0.995278835795   -1.697239139440   -0.917478509501
              O     -2.366814562425    0.104275396195    1.561238362874
              C      1.808291713029   -3.674270635926   -2.525547888589
              C      4.331001120480   -3.690663808060   -3.502236658158
              C      5.990593084668   -1.855374982892   -2.934642224535
              C      2.823138774282    0.213450978529   -0.279595093301
              C      5.275752126460    0.156349542527   -1.286022402972
              N      2.265709651067    2.124795687321    1.335834748001
              C      3.864072508360    3.944777157585    1.982473045400
              C      6.277767286873    3.978028986144    1.000622414046
              C      6.971314538084    2.075074916877   -0.622833379532
              C     -4.497204626559    1.485554540065    0.881732220975
              O     -5.246229060821    1.533152770373   -1.280035423714
              N     -5.464914632504    2.715727806437    2.853655562768
              C     -7.546198810767    4.462290025978    2.454277690686
              C     -4.584200924497    2.483559867248    5.447470338901
              H     -3.331272245046    0.878941718692    5.652832393220
              H     -6.216770953598    2.216879025153    6.673953844419
              H     -3.600594534377    4.201462079313    6.024435794505
              H     -7.918509700118    4.649401744276    0.449037938925
              H     -7.052110018762    6.303318122917    3.236331857098
              H     -9.238404099807    3.769893184871    3.406016491034
              H      0.803291592561   -7.109722846261   -4.414628263415
              H     -5.037116198176   -3.691296349570    0.006505893592
              H     -3.567228784798   -7.146987618298   -2.779855524727
              H      4.866242488190   -5.232672893902   -4.733466448983
              H      7.890392278143   -1.863992831279   -3.687575165643
              H      3.156775278541    5.341736651607    3.290546245911
              H      7.566391733841    5.467701668197    1.528217547503
              H      8.857665025920    2.030360274256   -1.412595985437
              H      0.503776866574    2.126373319497    2.099858468954
$End
$SCF_Energy
   &GeometryIndex 23
   &ListStatus       OUT
   &SCF_ENERGY [&Type "Double"]      -8.7844790949700916e+02
$End
$DFT_Energy
   &GeometryIndex 23
   &ListStatus       OUT
   &NALPHAEL [&Type "Integer"] 70
   &NBETAEL [&Type "Integer"] 70
   &NTOTALEL [&Type "Integer"] 139
   &EEXCHANGE [&Type "Double"]       0.0000000000000000e+00
   &ECORR [&Type "Double"]       0.0000000000000000e+00
   &ECNL [&Type "Double"]       0.0000000000000000e+00
   &EXC [&Type "Double"]      -8.9693371229467360e+01
   &EEMBED [&Type "Double"]       0.0000000000000000e+00
   &FINALEN [&Type "Double"]      -8.7844790949700916e+02  "No Van der Waals correction"
$End
$Solvation_Details
   &GeometryIndex 23
   &ListStatus       OUT
   &SOLVENT [&Type "String"] "WATER"
   &EPSILON [&Type "Double"]       8.0150999999999996e+01
   &REFRAC [&Type "Double"]       1.3328000000000000e+00
   &RSOLV [&Type "Double"]       1.3000000000000000e+00
   &SURFACETYPE [&Type "String"] "GAUSSIAN VDW"
   &NPOINTS [&Type "Integer"] 3048
   &SURFACEAREA [&Type "Double"]       1.0796928805390000e+03
   &CPCMDIELENERGY [&Type "Double"]      -8.8553924000000006e-02
$End
$CIS_Absorption_Spectrum
   &GeometryIndex 23
   &ListStatus       OUT
   &TEMPERATURE [&Type "Double"]       2.9814999999999998e+02
   &METHOD [&Type "Integer"] 20
   &RELCORRECTION [&Type "Integer"] 1 "Type of relativistic treatment in QDPT. 0->Unknow, 1->None, 2->SOC, 3->SSC, 4->SOC/SSC"
   &DENSTYPE [&Type "Integer"] 3 "Type of density (electron/spin ...). 0->Unknow, 1->Electronic, 2->Spin, 3->Trans/Electronic, 4->Tran/Spin"
   &DERITYPE [&Type "Integer"] 0 "Type of derivative (w.r.t. to what perturbation). 0->Unknown, 1->No Derivative, 2->Electric/Dipole, 3->Electric/Quad, 4->Magnetic/Dipole, 5->Magnetic/Quad"
   &DENSLEVEL [&Type "Integer"] 0 "// Source of density: relaxed, unrelaxed, ... 0->Unknown, 1->Linearized, 2->Unrelaxed, 3->Relaxed"
   &REPRESENTATION [&Type "String"] "Length" "Possible values: Unknown,  Length, Velocity"
   &POINTGROUP [&Type "String"] "C1"
   &NTRANS [&Type "Integer"] 5
   &DOHIGHERMOMENTS [&Type "Boolean"] false
   &STATES [&Type "ArrayOfIntegers", &Dim (5,4)] "The initial and Final states. Col1: Initial State  Col2: Initial Irrep Col3: Final State Col4: Final Irrep"
                                                         0                           1                           2                           3

0                                                        0                           0                           1                           0
1                                                        0                           0                           2                           0
2                                                        0                           0                           3                           0
3                                                        0                           0                           4                           0
4                                                        0                           0                           5                           0
   &MULTIPLICITIES [&Type "ArrayOfDoubles", &Dim (5,2)] "Col1: Multiplicity of the initial state  Col2: Multiplicity of the final state"
                                                         0                           1

0                                      1.0000000000000000e+00         1.0000000000000000e+00
1                                      1.0000000000000000e+00         1.0000000000000000e+00
2                                      1.0000000000000000e+00         1.0000000000000000e+00
3                                      1.0000000000000000e+00         1.0000000000000000e+00
4                                      1.0000000000000000e+00         1.0000000000000000e+00
   &EXCITATIONENERGIES [&Type "ArrayOfDoubles", &Dim (5,11)] 
                                                         0                           1                           2                           3                           4                           5                           6                           7

0                                      3.9235776172038586e+00         3.1645790972376082e+04         3.1599778968170193e+02         3.1928866103554054e-01         3.3215678463763063e+00        -1.5471876488632190e+00         0.0000000000000000e+00        -9.5772513225893541e-01
1                                      4.3985929131007904e+00         3.5477048112982469e+04         2.8187238036697312e+02         1.2338262006941724e-02         1.1449383402607170e-01         1.4556222432795682e-01         0.0000000000000000e+00         2.5465798061466466e-01
2                                      4.8279155776398683e+00         3.8939769289220974e+04         2.5680686307425367e+02         1.3735046509578068e+00         1.1612142256172232e+01        -1.2324552528968262e+00         0.0000000000000000e+00        -2.8331791686643988e+00
3                                      5.1371778833609474e+00         4.1434138265017849e+04         2.4134688010255624e+02         3.1971617658320256e-01         2.5402817435131695e+00         1.5357688964739129e+00         0.0000000000000000e+00         2.2525592263297625e-01
4                                      5.3587331898276123e+00         4.3221102510741468e+04         2.3136846167944842e+02         2.0434470795809272e-02         1.5564785548282462e-01        -1.5048851551551568e-01         0.0000000000000000e+00         2.5665102578724974e-01
                                                         8                           9                          10

0                                      0.0000000000000000e+00        -1.0266838179797950e-01         0.0000000000000000e+00
1                                      0.0000000000000000e+00         1.6868546405671819e-01         0.0000000000000000e+00
2                                      0.0000000000000000e+00        -1.4374602965039973e+00         0.0000000000000000e+00
3                                      0.0000000000000000e+00        -3.6187761668171164e-01         0.0000000000000000e+00
4                                      0.0000000000000000e+00         2.5909711141406710e-01         0.0000000000000000e+00
$End
$Geometry
   &GeometryIndex 24
   &ListStatus       OUT
   &NATOMS [&Type "Integer"] 35
   &NCORELESSECP [&Type "Integer"] 0
   &NGHOSTATOMS [&Type "Integer"] 0
   &CartesianCoordinates [&Type "Coordinates", &Dim(35,4), &Units "Bohr"] 
              C     -3.125472252003   -3.693846133705   -0.711083647999
              C     -2.286697618123   -5.634444487602   -2.282247539842
              C      0.138002038479   -5.618741441413   -3.184781273210
              C     -1.530645305443   -1.763220019460   -0.067888290578
              C      0.994883169358   -1.697196284761   -0.917161775754
              O     -2.366608407629    0.104727307098    1.561009122800
              C      1.808022830436   -3.673844874215   -2.525156516503
              C      4.330654742979   -3.690178807496   -3.501811384824
              C      5.990737825774   -1.855271358137   -2.934570892372
              C      2.823219295551    0.213264032456   -0.279831336374
              C      5.276020768929    0.156468086915   -1.286129358492
              N      2.265807381100    2.124408098399    1.335548199220
              C      3.864010202627    3.944412565223    1.982240105464
              C      6.277774219234    3.978023571211    1.000581510401
              C      6.971617682395    2.075180946142   -0.622842240678
              C     -4.497092002114    1.485702698891    0.881766670915
              O     -5.245983198144    1.532906340473   -1.280057709102
              N     -5.464941187666    2.715690568233    2.853762135570
              C     -7.546176807201    4.462273285399    2.454271937319
              C     -4.584179089193    2.483561371651    5.447627606178
              H     -3.331241382932    0.878943664886    5.652984100896
              H     -6.216748295646    2.216884200405    6.674110645786
              H     -3.600577810726    4.201474692441    6.024563797814
              H     -7.918362187599    4.649312305174    0.448998047174
              H     -7.052107711742    6.303328819296    3.236274542225
              H     -9.238456159646    3.769936704568    3.405918738997
              H      0.803907489658   -7.109118725522   -4.414753832724
              H     -5.037686865247   -3.691908458190    0.005883578003
              H     -3.566719417620   -7.147490379098   -2.780257964459
              H      4.865542548030   -5.232326146665   -4.733007052771
              H      7.890465678799   -1.864361076130   -3.687666667959
              H      3.156516146070    5.341227735028    3.290348760584
              H      7.566135784691    5.467835541932    1.528424758816
              H      8.858032115026    2.030466493863   -1.412457018920
              H      0.503852085118    2.125899649001    2.099527203169
$End
$SCF_Energy
   &GeometryIndex 24
   &ListStatus       OUT
   &SCF_ENERGY [&Type "Double"]      -8.7844790943806390e+02
$End
$DFT_Energy
   &GeometryIndex 24
   &ListStatus       OUT
   &NALPHAEL [&Type "Integer"] 70
   &NBETAEL [&Type "Integer"] 70
   &NTOTALEL [&Type "Integer"] 139
   &EEXCHANGE [&Type "Double"]       0.0000000000000000e+00
   &ECORR [&Type "Double"]       0.0000000000000000e+00
   &ECNL [&Type "Double"]       0.0000000000000000e+00
   &EXC [&Type "Double"]      -8.9693557688086898e+01
   &EEMBED [&Type "Double"]       0.0000000000000000e+00
   &FINALEN [&Type "Double"]      -8.7844790943806390e+02  "No Van der Waals correction"
$End
$Solvation_Details
   &GeometryIndex 24
   &ListStatus       OUT
   &SOLVENT [&Type "String"] "WATER"
   &EPSILON [&Type "Double"]       8.0150999999999996e+01
   &REFRAC [&Type "Double"]       1.3328000000000000e+00
   &RSOLV [&Type "Double"]       1.3000000000000000e+00
   &SURFACETYPE [&Type "String"] "GAUSSIAN VDW"
   &NPOINTS [&Type "Integer"] 3049
   &SURFACEAREA [&Type "Double"]       1.0796865198070000e+03
   &CPCMDIELENERGY [&Type "Double"]      -8.8547423000000000e-02
$End
$CIS_Absorption_Spectrum
   &GeometryIndex 24
   &ListStatus       OUT
   &TEMPERATURE [&Type "Double"]       2.9814999999999998e+02
   &METHOD [&Type "Integer"] 20
   &RELCORRECTION [&Type "Integer"] 1 "Type of relativistic treatment in QDPT. 0->Unknow, 1->None, 2->SOC, 3->SSC, 4->SOC/SSC"
   &DENSTYPE [&Type "Integer"] 3 "Type of density (electron/spin ...). 0->Unknow, 1->Electronic, 2->Spin, 3->Trans/Electronic, 4->Tran/Spin"
   &DERITYPE [&Type "Integer"] 0 "Type of derivative (w.r.t. to what perturbation). 0->Unknown, 1->No Derivative, 2->Electric/Dipole, 3->Electric/Quad, 4->Magnetic/Dipole, 5->Magnetic/Quad"
   &DENSLEVEL [&Type "Integer"] 0 "// Source of density: relaxed, unrelaxed, ... 0->Unknown, 1->Linearized, 2->Unrelaxed, 3->Relaxed"
   &REPRESENTATION [&Type "String"] "Length" "Possible values: Unknown,  Length, Velocity"
   &POINTGROUP [&Type "String"] "C1"
   &NTRANS [&Type "Integer"] 5
   &DOHIGHERMOMENTS [&Type "Boolean"] false
   &STATES [&Type "ArrayOfIntegers", &Dim (5,4)] "The initial and Final states. Col1: Initial State  Col2: Initial Irrep Col3: Final State Col4: Final Irrep"
                                                         0                           1                           2                           3

0                                                        0                           0                           1                           0
1                                                        0                           0                           2                           0
2                                                        0                           0                           3                           0
3                                                        0                           0                           4                           0
4                                                        0                           0                           5                           0
   &MULTIPLICITIES [&Type "ArrayOfDoubles", &Dim (5,2)] "Col1: Multiplicity of the initial state  Col2: Multiplicity of the final state"
                                                         0                           1

0                                      1.0000000000000000e+00         1.0000000000000000e+00
1                                      1.0000000000000000e+00         1.0000000000000000e+00
2                                      1.0000000000000000e+00         1.0000000000000000e+00
3                                      1.0000000000000000e+00         1.0000000000000000e+00
4                                      1.0000000000000000e+00         1.0000000000000000e+00
   &EXCITATIONENERGIES [&Type "ArrayOfDoubles", &Dim (5,11)] 
                                                         0                           1                           2                           3                           4                           5                           6                           7

0                                      3.9238015475073338e+00         3.1647597092266533e+04         3.1597975577247280e+02         3.1945276688441315e-01         3.3230853851686839e+00        -1.5474259865386015e+00         0.0000000000000000e+00        -9.5811333500459994e-01
1                                      4.3989744176353991e+00         3.5480125154890418e+04         2.8184793476191118e+02         1.2028226024732020e-02         1.1160715165858312e-01         1.4429068896054076e-01         0.0000000000000000e+00         2.5099795609707315e-01
2                                      4.8281361726620116e+00         3.8941548508250482e+04         2.5679512970269570e+02         1.3736589188814083e+00         1.1612915884858637e+01        -1.2320562333056937e+00         0.0000000000000000e+00        -2.8333395191921054e+00
3                                      5.1372336227836914e+00         4.1434587833828038e+04         2.4134426146833289e+02         3.1971546031470283e-01         2.5402484902419187e+00         1.5357651139539321e+00         0.0000000000000000e+00         2.2598923717675853e-01
4                                      5.3594393346983527e+00         4.3226797953818139e+04         2.3133797721227509e+02         2.0558809271264265e-02         1.5657429995688160e-01        -1.5246730169959127e-01         0.0000000000000000e+00         2.5659954080947167e-01
                                                         8                           9                          10

0                                      0.0000000000000000e+00        -1.0284473073562560e-01         0.0000000000000000e+00
1                                      0.0000000000000000e+00         1.6669545516590228e-01         0.0000000000000000e+00
2                                      0.0000000000000000e+00        -1.4377553657752324e+00         0.0000000000000000e+00
3                                      0.0000000000000000e+00        -3.6139019035420900e-01         0.0000000000000000e+00
4                                      0.0000000000000000e+00         2.5977816984053081e-01         0.0000000000000000e+00
$End
$Geometry
   &GeometryIndex 25
   &ListStatus       OUT
   &NATOMS [&Type "Integer"] 35
   &NCORELESSECP [&Type "Integer"] 0
   &NGHOSTATOMS [&Type "Integer"] 0
   &CartesianCoordinates [&Type "Coordinates", &Dim(35,4), &Units "Bohr"] 
              C     -3.125599701649   -3.693412654287   -0.711255650659
              C     -2.286752247555   -5.634384914775   -2.281815238999
              C      0.137829849899   -5.618840249614   -3.184865414025
              C     -1.530323267910   -1.763451175170   -0.067520256909
              C      0.995187785787   -1.697633234977   -0.916985339896
              O     -2.366653675432    0.104494729246    1.561193752827
              C      1.808173877983   -3.673931436113   -2.525795919382
              C      4.331059118075   -3.690242848920   -3.502186397768
              C      5.990889496451   -1.855279496703   -2.934280066714
              C      2.823006303937    0.213384419449   -0.279861584158
              C      5.275587103989    0.156846615397   -1.286547857581
              N      2.265818957469    2.124425746946    1.335858917914
              C      3.864039376407    3.944653408373    1.982081376569
              C      6.277892968536    3.977956093606    1.000627012754
              C      6.971495666849    2.075066920333   -0.622808842216
              C     -4.497150190664    1.485620181210    0.881702776271
              O     -5.246255827360    1.533146515408   -1.280037827331
              N     -5.464914438841    2.715681485650    2.853651554703
              C     -7.546165108739    4.462260876192    2.454281333409
              C     -4.584215299938    2.483565635244    5.447469778266
              H     -3.331277076462    0.878961589873    5.652884065638
              H     -6.216804961128    2.216901728547    6.673930362333
              H     -3.600639199193    4.201493312735    6.024411599278
              H     -7.918479652906    4.649387757697    0.449044352001
              H     -7.052050006038    6.303277596251    3.236347082164
              H     -9.238375523804    3.769881117735    3.406021956603
              H      0.803316859147   -7.109528023203   -4.414697083340
              H     -5.038010772481   -3.690879269650    0.005168280555
              H     -3.566810686045   -7.147540952050   -2.779398790828
              H      4.866516289951   -5.232564669516   -4.732927181756
              H      7.891071121244   -1.864566761666   -3.686237315401
              H      3.156637310514    5.341608384607    3.290094182559
              H      7.566537642971    5.467416251903    1.528770537837
              H      8.858097299406    2.029775199054   -1.411937490478
              H      0.504047398692    2.125825239014    2.100253631030
$End
$SCF_Energy
   &GeometryIndex 25
   &ListStatus       OUT
   &SCF_ENERGY [&Type "Double"]      -8.7844790942494819e+02
$End
$DFT_Energy
   &GeometryIndex 25
   &ListStatus       OUT
   &NALPHAEL [&Type "Integer"] 70
   &NBETAEL [&Type "Integer"] 70
   &NTOTALEL [&Type "Integer"] 139
   &EEXCHANGE [&Type "Double"]       0.0000000000000000e+00
   &ECORR [&Type "Double"]       0.0000000000000000e+00
   &ECNL [&Type "Double"]       0.0000000000000000e+00
   &EXC [&Type "Double"]      -8.9693402222269214e+01
   &EEMBED [&Type "Double"]       0.0000000000000000e+00
   &FINALEN [&Type "Double"]      -8.7844790942494819e+02  "No Van der Waals correction"
$End
$Solvation_Details
   &GeometryIndex 25
   &ListStatus       OUT
   &SOLVENT [&Type "String"] "WATER"
   &EPSILON [&Type "Double"]       8.0150999999999996e+01
   &REFRAC [&Type "Double"]       1.3328000000000000e+00
   &RSOLV [&Type "Double"]       1.3000000000000000e+00
   &SURFACETYPE [&Type "String"] "GAUSSIAN VDW"
   &NPOINTS [&Type "Integer"] 3048
   &SURFACEAREA [&Type "Double"]       1.0796943200230000e+03
   &CPCMDIELENERGY [&Type "Double"]      -8.8550822000000001e-02
$End
$CIS_Absorption_Spectrum
   &GeometryIndex 25
   &ListStatus       OUT
   &TEMPERATURE [&Type "Double"]       2.9814999999999998e+02
   &METHOD [&Type "Integer"] 20
   &RELCORRECTION [&Type "Integer"] 1 "Type of relativistic treatment in QDPT. 0->Unknow, 1->None, 2->SOC, 3->SSC, 4->SOC/SSC"
   &DENSTYPE [&Type "Integer"] 3 "Type of density (electron/spin ...). 0->Unknow, 1->Electronic, 2->Spin, 3->Trans/Electronic, 4->Tran/Spin"
   &DERITYPE [&Type "Integer"] 0 "Type of derivative (w.r.t. to what perturbation). 0->Unknown, 1->No Derivative, 2->Electric/Dipole, 3->Electric/Quad, 4->Magnetic/Dipole, 5->Magnetic/Quad"
   &DENSLEVEL [&Type "Integer"] 0 "// Source of density: relaxed, unrelaxed, ... 0->Unknown, 1->Linearized, 2->Unrelaxed, 3->Relaxed"
   &REPRESENTATION [&Type "String"] "Length" "Possible values: Unknown,  Length, Velocity"
   &POINTGROUP [&Type "String"] "C1"
   &NTRANS [&Type "Integer"] 5
   &DOHIGHERMOMENTS [&Type "Boolean"] false
   &STATES [&Type "ArrayOfIntegers", &Dim (5,4)] "The initial and Final states. Col1: Initial State  Col2: Initial Irrep Col3: Final State Col4: Final Irrep"
                                                         0                           1                           2                           3

0                                                        0                           0                           1                           0
1                                                        0                           0                           2                           0
2                                                        0                           0                           3                           0
3                                                        0                           0                           4                           0
4                                                        0                           0                           5                           0
   &MULTIPLICITIES [&Type "ArrayOfDoubles", &Dim (5,2)] "Col1: Multiplicity of the initial state  Col2: Multiplicity of the final state"
                                                         0                           1

0                                      1.0000000000000000e+00         1.0000000000000000e+00
1                                      1.0000000000000000e+00         1.0000000000000000e+00
2                                      1.0000000000000000e+00         1.0000000000000000e+00
3                                      1.0000000000000000e+00         1.0000000000000000e+00
4                                      1.0000000000000000e+00         1.0000000000000000e+00
   &EXCITATIONENERGIES [&Type "ArrayOfDoubles", &Dim (5,11)] 
                                                         0                           1                           2                           3                           4                           5                           6                           7

0                                      3.9236797016110727e+00         3.1646614338733885e+04         3.1598956820352487e+02         3.1952580658485569e-01         3.3239483942603694e+00        -1.5475624559820449e+00         0.0000000000000000e+00        -9.5833413449176974e-01
1                                      4.3988169784865256e+00         3.5478855322384938e+04         2.8185802245120982e+02         1.2177135735502762e-02         1.1299289473733046e-01         1.4508460610029020e-01         0.0000000000000000e+00         2.5277355825624331e-01
2                                      4.8281055646010635e+00         3.8941301637564247e+04         2.5679675767061730e+02         1.3732321713038604e+00         1.1609381757682662e+01        -1.2314907657243297e+00         0.0000000000000000e+00        -2.8329193890262672e+00
3                                      5.1371432878788337e+00         4.1433859233607647e+04         2.4134850542449215e+02         3.1989985172183327e-01         2.5417582380888630e+00         1.5361792946132997e+00         0.0000000000000000e+00         2.2619914776953401e-01
4                                      5.3589301342186575e+00         4.3222690974546771e+04         2.3135995872836463e+02         2.0532965638750972e-02         1.5639233569235811e-01        -1.5140927527987566e-01         0.0000000000000000e+00         2.5696047561932528e-01
                                                         8                           9                          10

0                                      0.0000000000000000e+00        -1.0292971273204463e-01         0.0000000000000000e+00
1                                      0.0000000000000000e+00         1.6747799872380748e-01         0.0000000000000000e+00
2                                      0.0000000000000000e+00        -1.4378386512044417e+00         0.0000000000000000e+00
3                                      0.0000000000000000e+00        -3.6158727637817240e-01         0.0000000000000000e+00
4                                      0.0000000000000000e+00         2.5968997096744240e-01         0.0000000000000000e+00
$End
$Geometry
   &GeometryIndex 26
   &ListStatus       OUT
   &NATOMS [&Type "Integer"] 35
   &NCORELESSECP [&Type "Integer"] 0
   &NGHOSTATOMS [&Type "Integer"] 0
   &CartesianCoordinates [&Type "Coordinates", &Dim(35,4), &Units "Bohr"] 
              C     -3.125191160179   -3.693436200344   -0.710961007506
              C     -2.286837929271   -5.634180330027   -2.282079973792
              C      0.137825890246   -5.619120937408   -3.184860627986
              C     -1.530268832611   -1.763083256005   -0.067832660159
              C      0.995082781051   -1.697383218178   -0.917464957524
              O     -2.366750306698    0.104447919005    1.561263192117
              C      1.808113777681   -3.674170814613   -2.525598080370
              C      4.330968320119   -3.689987425829   -3.501772504670
              C      5.990542157835   -1.854730218845   -2.934129953424
              C      2.823006374723    0.213156196415   -0.279663644082
              C      5.275719546982    0.156772594361   -1.285851580109
              N      2.265550486793    2.124295919770    1.335669735295
              C      3.864098001914    3.944173590300    1.981872266296
              C      6.278034402583    3.977763289085    1.000466830685
              C      6.971781309892    2.075127496071   -0.623031251488
              C     -4.497180824863    1.485597179295    0.881701912538
              O     -5.246215647715    1.533113599463   -1.280067035547
              N     -5.464880736030    2.715675273838    2.853651298391
              C     -7.546117219558    4.462221522960    2.454283126286
              C     -4.584209750536    2.483566705940    5.447485147413
              H     -3.331274299451    0.878967808143    5.652949560891
              H     -6.216826145639    2.216920780842    6.673913991054
              H     -3.600652194602    4.201506587965    6.024420341030
              H     -7.918427856137    4.649343787602    0.449044780091
              H     -7.052016240774    6.303243923342    3.236344161499
              H     -9.238328285018    3.769836555688    3.406019886058
              H      0.803338221098   -7.109880302140   -4.414594371212
              H     -5.037297072390   -3.691281274055    0.006275146648
              H     -3.567234669554   -7.147032190868   -2.779715682756
              H      4.866657260075   -5.231926179046   -4.732881398879
              H      7.890399767904   -1.863513867832   -3.686888681833
              H      3.156780598443    5.341297046677    3.289736625310
              H      7.566241812572    5.467640362340    1.528496276962
              H      8.858035969565    2.030084787393   -1.413001169227
              H      0.503638767164    2.126109169119    2.099749853276
$End
$SCF_Energy
   &GeometryIndex 26
   &ListStatus       OUT
   &SCF_ENERGY [&Type "Double"]      -8.7844790950825416e+02
$End
$DFT_Energy
   &GeometryIndex 26
   &ListStatus       OUT
   &NALPHAEL [&Type "Integer"] 70
   &NBETAEL [&Type "Integer"] 70
   &NTOTALEL [&Type "Integer"] 139
   &EEXCHANGE [&Type "Double"]       0.0000000000000000e+00
   &ECORR [&Type "Double"]       0.0000000000000000e+00
   &ECNL [&Type "Double"]       0.0000000000000000e+00
   &EXC [&Type "Double"]      -8.9693694361956474e+01
   &EEMBED [&Type "Double"]       0.0000000000000000e+00
   &FINALEN [&Type "Double"]      -8.7844790950825416e+02  "No Van der Waals correction"
$End
$Solvation_Details
   &GeometryIndex 26
   &ListStatus       OUT
   &SOLVENT [&Type "String"] "WATER"
   &EPSILON [&Type "Double"]       8.0150999999999996e+01
   &REFRAC [&Type "Double"]       1.3328000000000000e+00
   &RSOLV [&Type "Double"]       1.3000000000000000e+00
   &SURFACETYPE [&Type "String"] "GAUSSIAN VDW"
   &NPOINTS [&Type "Integer"] 3048
   &SURFACEAREA [&Type "Double"]       1.0796649278460000e+03
   &CPCMDIELENERGY [&Type "Double"]      -8.8552091999999999e-02
$End
$CIS_Absorption_Spectrum
   &GeometryIndex 26
   &ListStatus       OUT
   &TEMPERATURE [&Type "Double"]       2.9814999999999998e+02
   &METHOD [&Type "Integer"] 20
   &RELCORRECTION [&Type "Integer"] 1 "Type of relativistic treatment in QDPT. 0->Unknow, 1->None, 2->SOC, 3->SSC, 4->SOC/SSC"
   &DENSTYPE [&Type "Integer"] 3 "Type of density (electron/spin ...). 0->Unknow, 1->Electronic, 2->Spin, 3->Trans/Electronic, 4->Tran/Spin"
   &DERITYPE [&Type "Integer"] 0 "Type of derivative (w.r.t. to what perturbation). 0->Unknown, 1->No Derivative, 2->Electric/Dipole, 3->Electric/Quad, 4->Magnetic/Dipole, 5->Magnetic/Quad"
   &DENSLEVEL [&Type "Integer"] 0 "// Source of density: relaxed, unrelaxed, ... 0->Unknown, 1->Linearized, 2->Unrelaxed, 3->Relaxed"
   &REPRESENTATION [&Type "String"] "Length" "Possible values: Unknown,  Length, Velocity"
   &POINTGROUP [&Type "String"] "C1"
   &NTRANS [&Type "Integer"] 5
   &DOHIGHERMOMENTS [&Type "Boolean"] false
   &STATES [&Type "ArrayOfIntegers", &Dim (5,4)] "The initial and Final states. Col1: Initial State  Col2: Initial Irrep Col3: Final State Col4: Final Irrep"
                                                         0                           1                           2                           3

0                                                        0                           0                           1                           0
1                                                        0                           0                           2                           0
2                                                        0                           0                           3                           0
3                                                        0                           0                           4                           0
4                                                        0                           0                           5                           0
   &MULTIPLICITIES [&Type "ArrayOfDoubles", &Dim (5,2)] "Col1: Multiplicity of the initial state  Col2: Multiplicity of the final state"
                                                         0                           1

0                                      1.0000000000000000e+00         1.0000000000000000e+00
1                                      1.0000000000000000e+00         1.0000000000000000e+00
2                                      1.0000000000000000e+00         1.0000000000000000e+00
3                                      1.0000000000000000e+00         1.0000000000000000e+00
4                                      1.0000000000000000e+00         1.0000000000000000e+00
   &EXCITATIONENERGIES [&Type "ArrayOfDoubles", &Dim (5,11)] 
                                                         0                           1                           2                           3                           4                           5                           6                           7

0                                      3.9236840702336626e+00         3.1646649574055013e+04         3.1598921638132384e+02         3.1937341092967325e-01         3.3223593606208270e+00        -1.5471594341536254e+00         0.0000000000000000e+00        -9.5815799226400966e-01
1                                      4.3988935573429933e+00         3.5479472972581039e+04         2.8185311567982194e+02         1.2086023010832161e-02         1.1214549805825168e-01         1.4461685760022738e-01         0.0000000000000000e+00         2.5166856017702555e-01
2                                      4.8280934933832436e+00         3.8941204276616365e+04         2.5679739971485310e+02         1.3737783440583886e+00         1.1614028170132181e+01        -1.2322388249538294e+00         0.0000000000000000e+00        -2.8334391650436896e+00
3                                      5.1372246737506044e+00         4.1434515655000934e+04         2.4134468188945874e+02         3.1953343542939366e-01         2.5388066629681787e+00         1.5353238820899222e+00         0.0000000000000000e+00         2.2527534423428008e-01
4                                      5.3592117325156723e+00         4.3224962218221532e+04         2.3134780198337543e+02         2.0503243943923232e-02         1.5615775036003160e-01        -1.5185639904526799e-01         0.0000000000000000e+00         2.5648441723324999e-01
                                                         8                           9                          10

0                                      0.0000000000000000e+00        -1.0290922111678213e-01         0.0000000000000000e+00
1                                      0.0000000000000000e+00         1.6701616201586630e-01         0.0000000000000000e+00
2                                      0.0000000000000000e+00        -1.4377893261549504e+00         0.0000000000000000e+00
3                                      0.0000000000000000e+00        -3.6171571618141768e-01         0.0000000000000000e+00
4                                      0.0000000000000000e+00         2.5944773682874184e-01         0.0000000000000000e+00
$End
$Geometry
   &GeometryIndex 27
   &ListStatus       OUT
   &NATOMS [&Type "Integer"] 35
   &NCORELESSECP [&Type "Integer"] 0
   &NGHOSTATOMS [&Type "Integer"] 0
   &CartesianCoordinates [&Type "Coordinates", &Dim(35,4), &Units "Bohr"] 
              C     -3.125579600336   -3.693414955717   -0.711101086029
              C     -2.286796492551   -5.634357056966   -2.281665041521
              C      0.137675453064   -5.618653489500   -3.185086107002
              C     -1.530482143751   -1.763113930369   -0.068076108937
              C      0.995173852615   -1.697617075274   -0.917087886760
              O     -2.366845144056    0.104408964733    1.561098192151
              C      1.808420076397   -3.674307792806   -2.525304590698
              C      4.331236126753   -3.690242623170   -3.501979745169
              C      5.990813502505   -1.854937088110   -2.934447021164
              C      2.822937925824    0.213391924363   -0.279904462917
              C      5.275751124242    0.156566256688   -1.285972341090
              N      2.265582840317    2.124644563981    1.335459145093
              C      3.864236897707    3.944227465845    1.982397540441
              C      6.277800352638    3.978125757828    1.000209068331
              C      6.971626658424    2.074946717222   -0.622729723871
              C     -4.497192116238    1.485601409713    0.881763954597
              O     -5.246032897952    1.532974062510   -1.280080080947
              N     -5.464926506969    2.715735849360    2.853744651389
              C     -7.546203727645    4.462293971414    2.454271050277
              C     -4.584168000736    2.483558448301    5.447616689817
              H     -3.331238912762    0.878931786077    5.652946693551
              H     -6.216729110315    2.216870466232    6.674108945810
              H     -3.600548959317    4.201454411505    6.024573547234
              H     -7.918408890060    4.649328073848    0.449000514988
              H     -7.052163421237    6.303358802545    3.236268033216
              H     -9.238464088087    3.769926677921    3.405931744183
              H      0.802846407897   -7.109034420944   -4.415462031766
              H     -5.037767031532   -3.691124756895    0.005919757619
              H     -3.566848724708   -7.147550206795   -2.779150524402
              H      4.866552165673   -5.232030353528   -4.733451069671
              H      7.890562899308   -1.863358827557   -3.687502379337
              H      3.157222853821    5.340653710728    3.291179942098
              H      7.566216052131    5.467899186282    1.528024503751
              H      8.858138844470    2.029673977475   -1.412070691483
              H      0.503850269027    2.126065438012    2.099942394924
$End
$SCF_Energy
   &GeometryIndex 27
   &ListStatus       OUT
   &SCF_ENERGY [&Type "Double"]      -8.7844790947226500e+02
$End
$DFT_Energy
   &GeometryIndex 27
   &ListStatus       OUT
   &NALPHAEL [&Type "Integer"] 70
   &NBETAEL [&Type "Integer"] 70
   &NTOTALEL [&Type "Integer"] 139
   &EEXCHANGE [&Type "Double"]       0.0000000000000000e+00
   &ECORR [&Type "Double"]       0.0000000000000000e+00
   &ECNL [&Type "Double"]       0.0000000000000000e+00
   &EXC [&Type "Double"]      -8.9693457398076490e+01
   &EEMBED [&Type "Double"]       0.0000000000000000e+00
   &FINALEN [&Type "Double"]      -8.7844790947226500e+02  "No Van der Waals correction"
$End
$Solvation_Details
   &GeometryIndex 27
   &ListStatus       OUT
   &SOLVENT [&Type "String"] "WATER"
   &EPSILON [&Type "Double"]       8.0150999999999996e+01
   &REFRAC [&Type "Double"]       1.3328000000000000e+00
   &RSOLV [&Type "Double"]       1.3000000000000000e+00
   &SURFACETYPE [&Type "String"] "GAUSSIAN VDW"
   &NPOINTS [&Type "Integer"] 3049
   &SURFACEAREA [&Type "Double"]       1.0796929812320000e+03
   &CPCMDIELENERGY [&Type "Double"]      -8.8552566999999999e-02
$End
$CIS_Absorption_Spectrum
   &GeometryIndex 27
   &ListStatus       OUT
   &TEMPERATURE [&Type "Double"]       2.9814999999999998e+02
   &METHOD [&Type "Integer"] 20
   &RELCORRECTION [&Type "Integer"] 1 "Type of relativistic treatment in QDPT. 0->Unknow, 1->None, 2->SOC, 3->SSC, 4->SOC/SSC"
   &DENSTYPE [&Type "Integer"] 3 "Type of density (electron/spin ...). 0->Unknow, 1->Electronic, 2->Spin, 3->Trans/Electronic, 4->Tran/Spin"
   &DERITYPE [&Type "Integer"] 0 "Type of derivative (w.r.t. to what perturbation). 0->Unknown, 1->No Derivative, 2->Electric/Dipole, 3->Electric/Quad, 4->Magnetic/Dipole, 5->Magnetic/Quad"
   &DENSLEVEL [&Type "Integer"] 0 "// Source of density: relaxed, unrelaxed, ... 0->Unknown, 1->Linearized, 2->Unrelaxed, 3->Relaxed"
   &REPRESENTATION [&Type "String"] "Length" "Possible values: Unknown,  Length, Velocity"
   &POINTGROUP [&Type "String"] "C1"
   &NTRANS [&Type "Integer"] 5
   &DOHIGHERMOMENTS [&Type "Boolean"] false
   &STATES [&Type "ArrayOfIntegers", &Dim (5,4)] "The initial and Final states. Col1: Initial State  Col2: Initial Irrep Col3: Final State Col4: Final Irrep"
                                                         0                           1                           2                           3

0                                                        0                           0                           1                           0
1                                                        0                           0                           2                           0
2                                                        0                           0                           3                           0
3                                                        0                           0                           4                           0
4                                                        0                           0                           5                           0
   &MULTIPLICITIES [&Type "ArrayOfDoubles", &Dim (5,2)] "Col1: Multiplicity of the initial state  Col2: Multiplicity of the final state"
                                                         0                           1

0                                      1.0000000000000000e+00         1.0000000000000000e+00
1                                      1.0000000000000000e+00         1.0000000000000000e+00
2                                      1.0000000000000000e+00         1.0000000000000000e+00
3                                      1.0000000000000000e+00         1.0000000000000000e+00
4                                      1.0000000000000000e+00         1.0000000000000000e+00
   &EXCITATIONENERGIES [&Type "ArrayOfDoubles", &Dim (5,11)] 
                                                         0                           1                           2                           3                           4                           5                           6                           7

0                                      3.9236813451115764e+00         3.1646627594460799e+04         3.1598943584593286e+02         3.1946097918695249e-01         3.3232726187713841e+00        -1.5474480489288616e+00         0.0000000000000000e+00        -9.5815456318035730e-01
1                                      4.3988261995617011e+00         3.5478929695379695e+04         2.8185743160403928e+02         1.2128731622506736e-02         1.1254351207440975e-01         1.4501625370038954e-01         0.0000000000000000e+00         2.5216348331548649e-01
2                                      4.8280176182438543e+00         3.8940592302281875e+04         2.5680143543718032e+02         1.3733133535217246e+00         1.1610279563751556e+01        -1.2315790302422618e+00         0.0000000000000000e+00        -2.8330900470803031e+00
3                                      5.1370436639515447e+00         4.1433055712360860e+04         2.4135318595429268e+02         3.1976728197211468e-01         2.5407541801462479e+00         1.5358954599338168e+00         0.0000000000000000e+00         2.2607346058218952e-01
4                                      5.3592208246652762e+00         4.3225035551361318e+04         2.3134740949183703e+02         2.0547181929461502e-02         1.5649212737199997e-01        -1.5212634511039169e-01         0.0000000000000000e+00         2.5668761089228870e-01
                                                         8                           9                          10

0                                      0.0000000000000000e+00        -1.0303876791918011e-01         0.0000000000000000e+00
1                                      0.0000000000000000e+00         1.6711485846361590e-01         0.0000000000000000e+00
2                                      0.0000000000000000e+00        -1.4377390031412554e+00         0.0000000000000000e+00
3                                      0.0000000000000000e+00        -3.6148320392700189e-01         0.0000000000000000e+00
4                                      0.0000000000000000e+00         2.5973288761680330e-01         0.0000000000000000e+00
$End
$Geometry
   &GeometryIndex 28
   &ListStatus       OUT
   &NATOMS [&Type "Integer"] 35
   &NCORELESSECP [&Type "Integer"] 0
   &NGHOSTATOMS [&Type "Integer"] 0
   &CartesianCoordinates [&Type "Coordinates", &Dim(35,4), &Units "Bohr"] 
              C     -3.125744723827   -3.693581409535   -0.711077384707
              C     -2.286856941787   -5.634306128318   -2.281938083436
              C      0.137817238976   -5.618691096974   -3.184782628738
              C     -1.530456721392   -1.763460464318   -0.067742890131
              C      0.994957054751   -1.697353558375   -0.917435371299
              O     -2.366357294268    0.104379594192    1.561338349026
              C      1.808249152126   -3.673901389214   -2.525637045973
              C      4.331234326837   -3.690331013792   -3.501805327684
              C      5.990804754705   -1.854908238116   -2.934670637807
              C      2.823056969349    0.213176000736   -0.279658144253
              C      5.275826141762    0.156409246699   -1.285884809665
              N      2.265707888603    2.124578800149    1.335517156599
              C      3.864168525445    3.944381953002    1.982298972099
              C      6.277851373436    3.978034172052    1.000452214901
              C      6.971507327290    2.075032154891   -0.622797948047
              C     -4.496934444462    1.485572923043    0.881832893229
              O     -5.246374289946    1.533275053159   -1.279739993317
              N     -5.464951458140    2.715629019700    2.853474471297
              C     -7.546164694542    4.462263582384    2.454314071044
              C     -4.584328074576    2.483567794266    5.447032268051
              H     -3.331397024109    0.878966119581    5.652462143822
              H     -6.216886781964    2.216906415717    6.673537069107
              H     -3.600740960553    4.201490143360    6.023990251801
              H     -7.918729284230    4.649628270633    0.449153461756
              H     -7.051866334393    6.303152402138    3.236570901662
              H     -9.238248780564    3.769838005825    3.406246058540
              H      0.803402536500   -7.109487364472   -4.414427813189
              H     -5.037959678231   -3.691378085626    0.005883479550
              H     -3.566753342156   -7.147569696103   -2.779612605570
              H      4.866599522570   -5.232562131912   -4.732696728355
              H      7.890571619253   -1.863454396022   -3.687680745157
              H      3.156818946460    5.341192342908    3.290491404284
              H      7.566240435676    5.467910662422    1.528042101810
              H      8.857804438878    2.030202336423   -1.412678531690
              H      0.503778878680    2.126263262235    2.099531954832
$End
$SCF_Energy
   &GeometryIndex 28
   &ListStatus       OUT
   &SCF_ENERGY [&Type "Double"]      -8.7844790946325406e+02
$End
$DFT_Energy
   &GeometryIndex 28
   &ListStatus       OUT
   &NALPHAEL [&Type "Integer"] 70
   &NBETAEL [&Type "Integer"] 70
   &NTOTALEL [&Type "Integer"] 139
   &EEXCHANGE [&Type "Double"]       0.0000000000000000e+00
   &ECORR [&Type "Double"]       0.0000000000000000e+00
   &ECNL [&Type "Double"]       0.0000000000000000e+00
   &EXC [&Type "Double"]      -8.9693578714827211e+01
   &EEMBED [&Type "Double"]       0.0000000000000000e+00
   &FINALEN [&Type "Double"]      -8.7844790946325406e+02  "No Van der Waals correction"
$End
$Solvation_Details
   &GeometryIndex 28
   &ListStatus       OUT
   &SOLVENT [&Type "String"] "WATER"
   &EPSILON [&Type "Double"]       8.0150999999999996e+01
   &REFRAC [&Type "Double"]       1.3328000000000000e+00
   &RSOLV [&Type "Double"]       1.3000000000000000e+00
   &SURFACETYPE [&Type "String"] "GAUSSIAN VDW"
   &NPOINTS [&Type "Integer"] 3049
   &SURFACEAREA [&Type "Double"]       1.0796623919690001e+03
   &CPCMDIELENERGY [&Type "Double"]      -8.8549035999999998e-02
$End
$CIS_Absorption_Spectrum
   &GeometryIndex 28
   &ListStatus       OUT
   &TEMPERATURE [&Type "Double"]       2.9814999999999998e+02
   &METHOD [&Type "Integer"] 20
   &RELCORRECTION [&Type "Integer"] 1 "Type of relativistic treatment in QDPT. 0->Unknow, 1->None, 2->SOC, 3->SSC, 4->SOC/SSC"
   &DENSTYPE [&Type "Integer"] 3 "Type of density (electron/spin ...). 0->Unknow, 1->Electronic, 2->Spin, 3->Trans/Electronic, 4->Tran/Spin"
   &DERITYPE [&Type "Integer"] 0 "Type of derivative (w.r.t. to what perturbation). 0->Unknown, 1->No Derivative, 2->Electric/Dipole, 3->Electric/Quad, 4->Magnetic/Dipole, 5->Magnetic/Quad"
   &DENSLEVEL [&Type "Integer"] 0 "// Source of density: relaxed, unrelaxed, ... 0->Unknown, 1->Linearized, 2->Unrelaxed, 3->Relaxed"
   &REPRESENTATION [&Type "String"] "Length" "Possible values: Unknown,  Length, Velocity"
   &POINTGROUP [&Type "String"] "C1"
   &NTRANS [&Type "Integer"] 5
   &DOHIGHERMOMENTS [&Type "Boolean"] false
   &STATES [&Type "ArrayOfIntegers", &Dim (5,4)] "The initial and Final states. Col1: Initial State  Col2: Initial Irrep Col3: Final State Col4: Final Irrep"
                                                         0                           1                           2                           3

0                                                        0                           0                           1                           0
1                                                        0                           0                           2                           0
2                                                        0                           0                           3                           0
3                                                        0                           0                           4                           0
4                                                        0                           0                           5                           0
   &MULTIPLICITIES [&Type "ArrayOfDoubles", &Dim (5,2)] "Col1: Multiplicity of the initial state  Col2: Multiplicity of the final state"
                                                         0                           1

0                                      1.0000000000000000e+00         1.0000000000000000e+00
1                                      1.0000000000000000e+00         1.0000000000000000e+00
2                                      1.0000000000000000e+00         1.0000000000000000e+00
3                                      1.0000000000000000e+00         1.0000000000000000e+00
4                                      1.0000000000000000e+00         1.0000000000000000e+00
   &EXCITATIONENERGIES [&Type "ArrayOfDoubles", &Dim (5,11)] 
                                                         0                           1                           2                           3                           4                           5                           6                           7

0                                      3.9238823337852877e+00         3.1648248677609041e+04         3.1597325026945151e+02         3.1956768356629095e-01         3.3242123565604564e+00        -1.5475147057565908e+00         0.0000000000000000e+00        -9.5853982461139720e-01
1                                      4.3989862248734717e+00         3.5480220386697838e+04         2.8184717825904983e+02         1.2098774191803904e-02         1.1226145060706708e-01         1.4484401776212677e-01         0.0000000000000000e+00         2.5178322336413927e-01
2                                      4.8282261223312757e+00         3.8942274001335943e+04         2.5679034561918343e+02         1.3732712455300307e+00         1.1609422206266727e+01        -1.2313755780608575e+00         0.0000000000000000e+00        -2.8329951269621336e+00
3                                      5.1371231364949690e+00         4.1433696701718691e+04         2.4134945216184860e+02         3.1996092724743219e-01         2.5422534849796792e+00         1.5363553057443475e+00         0.0000000000000000e+00         2.2646239302188256e-01
4                                      5.3590443952833811e+00         4.3223612552280996e+04         2.3135502586472910e+02         2.0536631181256353e-02         1.5641691977101391e-01        -1.5168159399193923e-01         0.0000000000000000e+00         2.5684208046784812e-01
                                                         8                           9                          10

0                                      0.0000000000000000e+00        -1.0301454587338785e-01         0.0000000000000000e+00
1                                      0.0000000000000000e+00         1.6699362130918571e-01         0.0000000000000000e+00
2                                      0.0000000000000000e+00        -1.4378021430749155e+00         0.0000000000000000e+00
3                                      0.0000000000000000e+00        -3.6135943883849786e-01         0.0000000000000000e+00
4                                      0.0000000000000000e+00         2.5969551308412292e-01         0.0000000000000000e+00
$End
$Geometry
   &GeometryIndex 29
   &ListStatus       OUT
   &NATOMS [&Type "Integer"] 35
   &NCORELESSECP [&Type "Integer"] 0
   &NGHOSTATOMS [&Type "Integer"] 0
   &CartesianCoordinates [&Type "Coordinates", &Dim(35,4), &Units "Bohr"] 
              C     -3.125589511887   -3.693468461900   -0.710962402809
              C     -2.286653787161   -5.634108963512   -2.281975761912
              C      0.137958097011   -5.619056893117   -3.184979862030
              C     -1.530651079950   -1.763169058542   -0.067488791852
              C      0.994762177064   -1.697504937875   -0.917446232816
              O     -2.366907699484    0.104718840373    1.561351519029
              C      1.808222933951   -3.674141941892   -2.525787388562
              C      4.331269605081   -3.690376002650   -3.501952557624
              C      5.990826683720   -1.854972833408   -2.934623962815
              C      2.822963393641    0.213004303438   -0.279758714964
              C      5.275694496717    0.156404993015   -1.285942772524
              N      2.265951566310    2.124503135414    1.335480451694
              C      3.864270773795    3.944511645928    1.982259981616
              C      6.278006836855    3.978253911365    1.000624935613
              C      6.971288075039    2.075135312968   -0.622683176418
              C     -4.497279011000    1.485722451420    0.881607674041
              O     -5.246146057260    1.532993670697   -1.280264703826
              N     -5.464846792094    2.715655037804    2.853733713899
              C     -7.546011079996    4.462128125687    2.454271101416
              C     -4.584147820835    2.483551924263    5.447695096664
              H     -3.331195054156    0.878979375252    5.653235785026
              H     -6.216820788937    2.216933683078    6.674052970232
              H     -3.600651017282    4.201535907131    6.024591747720
              H     -7.918178523568    4.649128868555    0.448991195543
              H     -7.052003202110    6.303217488316    3.236232925873
              H     -9.238303865070    3.769785525974    3.405894232825
              H      0.803326533305   -7.109945076857   -4.414638571405
              H     -5.037910344647   -3.691535432405    0.005716891397
              H     -3.566862591036   -7.147115660012   -2.779629137122
              H      4.866755878669   -5.232566287592   -4.732849486633
              H      7.890668210076   -1.863559835692   -3.687448627339
              H      3.156620619638    5.341274063619    3.290344861140
              H      7.566530797105    5.468032662118    1.528174333493
              H      8.857563330265    2.030193512612   -1.412607353146
              H      0.504040234583    2.126403161794    2.099523368324
$End
$SCF_Energy
   &GeometryIndex 29
   &ListStatus       OUT
   &SCF_ENERGY [&Type "Double"]      -8.7844790935552226e+02
$End
$DFT_Energy
   &GeometryIndex 29
   &ListStatus       OUT
   &NALPHAEL [&Type "Integer"] 70
   &NBETAEL [&Type "Integer"] 70
   &NTOTALEL [&Type "Integer"] 139
   &EEXCHANGE [&Type "Double"]       0.0000000000000000e+00
   &ECORR [&Type "Double"]       0.0000000000000000e+00
   &ECNL [&Type "Double"]       0.0000000000000000e+00
   &EXC [&Type "Double"]      -8.9693361193264622e+01
   &EEMBED [&Type "Double"]       0.0000000000000000e+00
   &FINALEN [&Type "Double"]      -8.7844790935552226e+02  "No Van der Waals correction"
$End
$Solvation_Details
   &GeometryIndex 29
   &ListStatus       OUT
   &SOLVENT [&Type "String"] "WATER"
   &EPSILON [&Type "Double"]       8.0150999999999996e+01
   &REFRAC [&Type "Double"]       1.3328000000000000e+00
   &RSOLV [&Type "Double"]       1.3000000000000000e+00
   &SURFACETYPE [&Type "String"] "GAUSSIAN VDW"
   &NPOINTS [&Type "Integer"] 3049
   &SURFACEAREA [&Type "Double"]       1.0796846795750000e+03
   &CPCMDIELENERGY [&Type "Double"]      -8.8549215000000001e-02
$End
$CIS_Absorption_Spectrum
   &GeometryIndex 29
   &ListStatus       OUT
   &TEMPERATURE [&Type "Double"]       2.9814999999999998e+02
   &METHOD [&Type "Integer"] 20
   &RELCORRECTION [&Type "Integer"] 1 "Type of relativistic treatment in QDPT. 0->Unknow, 1->None, 2->SOC, 3->SSC, 4->SOC/SSC"
   &DENSTYPE [&Type "Integer"] 3 "Type of density (electron/spin ...). 0->Unknow, 1->Electronic, 2->Spin, 3->Trans/Electronic, 4->Tran/Spin"
   &DERITYPE [&Type "Integer"] 0 "Type of derivative (w.r.t. to what perturbation). 0->Unknown, 1->No Derivative, 2->Electric/Dipole, 3->Electric/Quad, 4->Magnetic/Dipole, 5->Magnetic/Quad"
   &DENSLEVEL [&Type "Integer"] 0 "// Source of density: relaxed, unrelaxed, ... 0->Unknown, 1->Linearized, 2->Unrelaxed, 3->Relaxed"
   &REPRESENTATION [&Type "String"] "Length" "Possible values: Unknown,  Length, Velocity"
   &POINTGROUP [&Type "String"] "C1"
   &NTRANS [&Type "Integer"] 5
   &DOHIGHERMOMENTS [&Type "Boolean"] false
   &STATES [&Type "ArrayOfIntegers", &Dim (5,4)] "The initial and Final states. Col1: Initial State  Col2: Initial Irrep Col3: Final State Col4: Final Irrep"
                                                         0                           1                           2                           3

0                                                        0                           0                           1                           0
1                                                        0                           0                           2                           0
2                                                        0                           0                           3                           0
3                                                        0                           0                           4                           0
4                                                        0                           0                           5                           0
   &MULTIPLICITIES [&Type "ArrayOfDoubles", &Dim (5,2)] "Col1: Multiplicity of the initial state  Col2: Multiplicity of the final state"
                                                         0                           1

0                                      1.0000000000000000e+00         1.0000000000000000e+00
1                                      1.0000000000000000e+00         1.0000000000000000e+00
2                                      1.0000000000000000e+00         1.0000000000000000e+00
3                                      1.0000000000000000e+00         1.0000000000000000e+00
4                                      1.0000000000000000e+00         1.0000000000000000e+00
   &EXCITATIONENERGIES [&Type "ArrayOfDoubles", &Dim (5,11)] 
                                                         0                           1                           2                           3                           4                           5                           6                           7

0                                      3.9239626499453184e+00         3.1648896471194388e+04         3.1596678288930599e+02         3.1952851152801498e-01         3.3237368484666772e+00        -1.5474369387217002e+00         0.0000000000000000e+00        -9.5842465068159022e-01
1                                      4.3988971634208713e+00         3.5479502057563644e+04         2.8185288462548095e+02         1.2237237156154457e-02         1.1354851215272151e-01         1.4544947429280569e-01         0.0000000000000000e+00         2.5340848812249051e-01
2                                      4.8283039754941415e+00         3.8942901929507367e+04         2.5678620504711063e+02         1.3735760330691145e+00         1.1611811597177713e+01        -1.2321591179268554e+00         0.0000000000000000e+00        -2.8331686342272588e+00
3                                      5.1371194263599422e+00         4.1433666777458486e+04         2.4134962646946769e+02         3.2000503382256507e-01         2.5426057706368939e+00         1.5364532481146234e+00         0.0000000000000000e+00         2.2558933738038991e-01
4                                      5.3594682087348451e+00         4.3227030838652470e+04         2.3133673088317374e+02         2.0565366241287159e-02         1.5662339352280169e-01        -1.5241601159123450e-01         0.0000000000000000e+00         2.5668275108448901e-01
                                                         8                           9                          10

0                                      0.0000000000000000e+00        -1.0294638464832893e-01         0.0000000000000000e+00
1                                      0.0000000000000000e+00         1.6786036080070113e-01         0.0000000000000000e+00
2                                      0.0000000000000000e+00        -1.4376199064141659e+00         0.0000000000000000e+00
3                                      0.0000000000000000e+00        -3.6197601834264426e-01         0.0000000000000000e+00
4                                      0.0000000000000000e+00         2.5982055005160887e-01         0.0000000000000000e+00
$End
$Geometry
   &GeometryIndex 30
   &ListStatus       OUT
   &NATOMS [&Type "Integer"] 35
   &NCORELESSECP [&Type "Integer"] 0
   &NGHOSTATOMS [&Type "Integer"] 0
   &CartesianCoordinates [&Type "Coordinates", &Dim(35,4), &Units "Bohr"] 
              C     -3.125650921537   -3.693648298345   -0.710999774703
              C     -2.287042427005   -5.634324305464   -2.282047750158
              C      0.137744410692   -5.618835016542   -3.184648519935
              C     -1.530323547516   -1.763574951951   -0.067596493847
              C      0.995142825076   -1.697322280537   -0.917398160774
              O     -2.366730720635    0.104512395050    1.560962761088
              C      1.808242404333   -3.673849163847   -2.525874951727
              C      4.331330013284   -3.690364045013   -3.501947116637
              C      5.990856157212   -1.854910586822   -2.934668335237
              C      2.823136401592    0.213332931618   -0.279512524282
              C      5.275916231896    0.156535385104   -1.285962942359
              N      2.265473099575    2.124670932972    1.335734248080
              C      3.864081640772    3.944399882327    1.982310541707
              C      6.277784982963    3.977835090226    1.000373473416
              C      6.971766603733    2.075000080505   -0.622923684044
              C     -4.497296083120    1.485617388688    0.881661981351
              O     -5.246036558234    1.532975428451   -1.280235598349
              N     -5.464947421204    2.715779352005    2.853822172117
              C     -7.546312452264    4.462385814563    2.454249263711
              C     -4.584101468324    2.483553956523    5.447858611111
              H     -3.331163687304    0.878918822236    5.653103155822
              H     -6.216644736907    2.216843164880    6.674366995956
              H     -3.600459442504    4.201434933709    6.024808431375
              H     -7.918407839578    4.649311745688    0.448943797918
              H     -7.052341172831    6.303503900895    3.236158418361
              H     -9.238625804620    3.770036353092    3.405824893680
              H      0.803343702675   -7.109763644699   -4.414131384534
              H     -5.037954047758   -3.691088962959    0.005722378589
              H     -3.567100351733   -7.147380839729   -2.779946803002
              H      4.866920522724   -5.232769603514   -4.732529077426
              H      7.890779293486   -1.863649983235   -3.687291889243
              H      3.157006650707    5.341454466980    3.290392732428
              H      7.566066498645    5.467774377902    1.528044818999
              H      8.858102235185    2.030265596621   -1.412727630022
              H      0.503459562492    2.126352179130    2.099602753093
$End
$SCF_Energy
   &GeometryIndex 30
   &ListStatus       OUT
   &SCF_ENERGY [&Type "Double"]      -8.7844790933555623e+02
$End
$DFT_Energy
   &GeometryIndex 30
   &ListStatus       OUT
   &NALPHAEL [&Type "Integer"] 70
   &NBETAEL [&Type "Integer"] 70
   &NTOTALEL [&Type "Integer"] 139
   &EEXCHANGE [&Type "Double"]       0.0000000000000000e+00
   &ECORR [&Type "Double"]       0.0000000000000000e+00
   &ECNL [&Type "Double"]       0.0000000000000000e+00
   &EXC [&Type "Double"]      -8.9693178150197923e+01
   &EEMBED [&Type "Double"]       0.0000000000000000e+00
   &FINALEN [&Type "Double"]      -8.7844790933555623e+02  "No Van der Waals correction"
$End
$Solvation_Details
   &GeometryIndex 30
   &ListStatus       OUT
   &SOLVENT [&Type "String"] "WATER"
   &EPSILON [&Type "Double"]       8.0150999999999996e+01
   &REFRAC [&Type "Double"]       1.3328000000000000e+00
   &RSOLV [&Type "Double"]       1.3000000000000000e+00
   &SURFACETYPE [&Type "String"] "GAUSSIAN VDW"
   &NPOINTS [&Type "Integer"] 3048
   &SURFACEAREA [&Type "Double"]       1.0797053205870000e+03
   &CPCMDIELENERGY [&Type "Double"]      -8.8547476000000000e-02
$End
$CIS_Absorption_Spectrum
   &GeometryIndex 30
   &ListStatus       OUT
   &TEMPERATURE [&Type "Double"]       2.9814999999999998e+02
   &METHOD [&Type "Integer"] 20
   &RELCORRECTION [&Type "Integer"] 1 "Type of relativistic treatment in QDPT. 0->Unknow, 1->None, 2->SOC, 3->SSC, 4->SOC/SSC"
   &DENSTYPE [&Type "Integer"] 3 "Type of density (electron/spin ...). 0->Unknow, 1->Electronic, 2->Spin, 3->Trans/Electronic, 4->Tran/Spin"
   &DERITYPE [&Type "Integer"] 0 "Type of derivative (w.r.t. to what perturbation). 0->Unknown, 1->No Derivative, 2->Electric/Dipole, 3->Electric/Quad, 4->Magnetic/Dipole, 5->Magnetic/Quad"
   &DENSLEVEL [&Type "Integer"] 0 "// Source of density: relaxed, unrelaxed, ... 0->Unknown, 1->Linearized, 2->Unrelaxed, 3->Relaxed"
   &REPRESENTATION [&Type "String"] "Length" "Possible values: Unknown,  Length, Velocity"
   &POINTGROUP [&Type "String"] "C1"
   &NTRANS [&Type "Integer"] 5
   &DOHIGHERMOMENTS [&Type "Boolean"] false
   &STATES [&Type "ArrayOfIntegers", &Dim (5,4)] "The initial and Final states. Col1: Initial State  Col2: Initial Irrep Col3: Final State Col4: Final Irrep"
                                                         0                           1                           2                           3

0                                                        0                           0                           1                           0
1                                                        0                           0                           2                           0
2                                                        0                           0                           3                           0
3                                                        0                           0                           4                           0
4                                                        0                           0                           5                           0
   &MULTIPLICITIES [&Type "ArrayOfDoubles", &Dim (5,2)] "Col1: Multiplicity of the initial state  Col2: Multiplicity of the final state"
                                                         0                           1

0                                      1.0000000000000000e+00         1.0000000000000000e+00
1                                      1.0000000000000000e+00         1.0000000000000000e+00
2                                      1.0000000000000000e+00         1.0000000000000000e+00
3                                      1.0000000000000000e+00         1.0000000000000000e+00
4                                      1.0000000000000000e+00         1.0000000000000000e+00
   &EXCITATIONENERGIES [&Type "ArrayOfDoubles", &Dim (5,11)] 
                                                         0                           1                           2                           3                           4                           5                           6                           7

0                                      3.9235061356877470e+00         3.1645214435006888e+04         3.1600354677760373e+02         3.1958304442281527e-01         3.3246908947693390e+00        -1.5475868534118862e+00         0.0000000000000000e+00        -9.5867128383779998e-01
1                                      4.3986648602805669e+00         3.5477628406182812e+04         2.8186776989459827e+02         1.2164487860476664e-02         1.1287943735782681e-01         1.4513745334567574e-01         0.0000000000000000e+00         2.5254002934504954e-01
2                                      4.8279103084163042e+00         3.8939726790062356e+04         2.5680714335551158e+02         1.3727304309686261e+00         1.1605609365862790e+01        -1.2305947418736150e+00         0.0000000000000000e+00        -2.8326353232554582e+00
3                                      5.1368699727904135e+00         4.1431654798522737e+04         2.4136134674390448e+02         3.1998243023540895e-01         2.5425496371878054e+00         1.5364445547330170e+00         0.0000000000000000e+00         2.2673535078370516e-01
4                                      5.3588507966169603e+00         4.3222051073567483e+04         2.3136338400459474e+02         2.0555458965021069e-02         1.5656597732108946e-01        -1.5211497490940926e-01         0.0000000000000000e+00         2.5677769124069139e-01
                                                         8                           9                          10

0                                      0.0000000000000000e+00        -1.0303007066298833e-01         0.0000000000000000e+00
1                                      0.0000000000000000e+00         1.6744578397965154e-01         0.0000000000000000e+00
2                                      0.0000000000000000e+00        -1.4378536339214945e+00         0.0000000000000000e+00
3                                      0.0000000000000000e+00        -3.6121856004925468e-01         0.0000000000000000e+00
4                                      0.0000000000000000e+00         2.5979266542860563e-01         0.0000000000000000e+00
$End
$Geometry
   &GeometryIndex 31
   &ListStatus       OUT
   &NATOMS [&Type "Integer"] 35
   &NCORELESSECP [&Type "Integer"] 0
   &NGHOSTATOMS [&Type "Integer"] 0
   &CartesianCoordinates [&Type "Coordinates", &Dim(35,4), &Units "Bohr"] 
              C     -3.125511393435   -3.693547760760   -0.710890346589
              C     -2.286849134895   -5.634008816897   -2.281970610298
              C      0.137884361957   -5.618610816741   -3.184553488319
              C     -1.530290584363   -1.763401478143   -0.067995389135
              C      0.995131601996   -1.697512043405   -0.917322518543
              O     -2.366631123072    0.104237596005    1.560820783706
              C      1.808286754663   -3.673889243892   -2.525620653512
              C      4.331069777652   -3.690228444140   -3.501975427511
              C      5.990627506941   -1.854974121944   -2.934406331015
              C      2.823032752531    0.213003584240   -0.279724716993
              C      5.275532732440    0.156532499536   -1.286027390710
              N      2.265965397200    2.124369153372    1.335406235470
              C      3.864243429454    3.944383099593    1.982123682434
              C      6.278008709831    3.978189553795    1.000596420261
              C      6.971198877477    2.075077266461   -0.622708554600
              C     -4.497262373696    1.485356616316    0.881797002384
              O     -5.246030838786    1.533084432363   -1.280049688341
              N     -5.464928871011    2.715797552163    2.853731780348
              C     -7.546379578302    4.462447867194    2.454260241400
              C     -4.584171368909    2.483573752585    5.447652993328
              H     -3.331254704788    0.878913877445    5.652863837486
              H     -6.216686185408    2.216858204858    6.674201775179
              H     -3.600474770595    4.201413844260    6.024640799431
              H     -7.918640362966    4.649508791920    0.449001664788
              H     -7.052324914679    6.303496192262    3.236280798101
              H     -9.238594607644    3.770037473458    3.405967439832
              H      0.803403303144   -7.109433070924   -4.414189731758
              H     -5.037611197475   -3.691219475645    0.006349273411
              H     -3.566834607287   -7.147114271223   -2.779864572674
              H      4.866530986744   -5.232486715991   -4.732781594556
              H      7.890602046667   -1.863795185465   -3.686867760412
              H      3.156528956042    5.341073813817    3.290239860682
              H      7.566588520725    5.467853393177    1.528326339122
              H      8.857510530927    2.029884973397   -1.412516540954
              H      0.504079602371    2.126154336655    2.099501708624
$End
$SCF_Energy
   &GeometryIndex 31
   &ListStatus       OUT
   &SCF_ENERGY [&Type "Double"]      -8.7844790942527345e+02
$End
$DFT_Energy
   &GeometryIndex 31
   &ListStatus       OUT
   &NALPHAEL [&Type "Integer"] 70
   &NBETAEL [&Type "Integer"] 70
   &NTOTALEL [&Type "Integer"] 139
   &EEXCHANGE [&Type "Double"]       0.0000000000000000e+00
   &ECORR [&Type "Double"]       0.0000000000000000e+00
   &ECNL [&Type "Double"]       0.0000000000000000e+00
   &EXC [&Type "Double"]      -8.9693730355129901e+01
   &EEMBED [&Type "Double"]       0.0000000000000000e+00
   &FINALEN [&Type "Double"]      -8.7844790942527345e+02  "No Van der Waals correction"
$End
$Solvation_Details
   &GeometryIndex 31
   &ListStatus       OUT
   &SOLVENT [&Type "String"] "WATER"
   &EPSILON [&Type "Double"]       8.0150999999999996e+01
   &REFRAC [&Type "Double"]       1.3328000000000000e+00
   &RSOLV [&Type "Double"]       1.3000000000000000e+00
   &SURFACETYPE [&Type "String"] "GAUSSIAN VDW"
   &NPOINTS [&Type "Integer"] 3049
   &SURFACEAREA [&Type "Double"]       1.0796816394140001e+03
   &CPCMDIELENERGY [&Type "Double"]      -8.8546957999999995e-02
$End
$CIS_Absorption_Spectrum
   &GeometryIndex 31
   &ListStatus       OUT
   &TEMPERATURE [&Type "Double"]       2.9814999999999998e+02
   &METHOD [&Type "Integer"] 20
   &RELCORRECTION [&Type "Integer"] 1 "Type of relativistic treatment in QDPT. 0->Unknow, 1->None, 2->SOC, 3->SSC, 4->SOC/SSC"
   &DENSTYPE [&Type "Integer"] 3 "Type of density (electron/spin ...). 0->Unknow, 1->Electronic, 2->Spin, 3->Trans/Electronic, 4->Tran/Spin"
   &DERITYPE [&Type "Integer"] 0 "Type of derivative (w.r.t. to what perturbation). 0->Unknown, 1->No Derivative, 2->Electric/Dipole, 3->Electric/Quad, 4->Magnetic/Dipole, 5->Magnetic/Quad"
   &DENSLEVEL [&Type "Integer"] 0 "// Source of density: relaxed, unrelaxed, ... 0->Unknown, 1->Linearized, 2->Unrelaxed, 3->Relaxed"
   &REPRESENTATION [&Type "String"] "Length" "Possible values: Unknown,  Length, Velocity"
   &POINTGROUP [&Type "String"] "C1"
   &NTRANS [&Type "Integer"] 5
   &DOHIGHERMOMENTS [&Type "Boolean"] false
   &STATES [&Type "ArrayOfIntegers", &Dim (5,4)] "The initial and Final states. Col1: Initial State  Col2: Initial Irrep Col3: Final State Col4: Final Irrep"
                                                         0                           1                           2                           3

0                                                        0                           0                           1                           0
1                                                        0                           0                           2                           0
2                                                        0                           0                           3                           0
3                                                        0                           0                           4                           0
4                                                        0                           0                           5                           0
   &MULTIPLICITIES [&Type "ArrayOfDoubles", &Dim (5,2)] "Col1: Multiplicity of the initial state  Col2: Multiplicity of the final state"
                                                         0                           1

0                                      1.0000000000000000e+00         1.0000000000000000e+00
1                                      1.0000000000000000e+00         1.0000000000000000e+00
2                                      1.0000000000000000e+00         1.0000000000000000e+00
3                                      1.0000000000000000e+00         1.0000000000000000e+00
4                                      1.0000000000000000e+00         1.0000000000000000e+00
   &EXCITATIONENERGIES [&Type "ArrayOfDoubles", &Dim (5,11)] 
                                                         0                           1                           2                           3                           4                           5                           6                           7

0                                      3.9238241646220779e+00         3.1647779511618312e+04         3.1597793444967817e+02         3.1968939817303355e-01         3.3255277572203097e+00        -1.5478682311295271e+00         0.0000000000000000e+00        -9.5865382900904883e-01
1                                      4.3991631678245495e+00         3.5481647527993395e+04         2.8183584181400983e+02         1.2028952666123225e-02         1.1160910509948123e-01         1.4467681786884690e-01         0.0000000000000000e+00         2.5089135582231309e-01
2                                      4.8284056611457009e+00         3.8943722079683575e+04         2.5678079716003487e+02         1.3729526471367040e+00         1.1606297241732854e+01        -1.2304925446605430e+00         0.0000000000000000e+00        -2.8327511345724741e+00
3                                      5.1374097855259953e+00         4.1436008682314801e+04         2.4133598572847279e+02         3.1996049264281762e-01         2.5421081833941632e+00         1.5363356361732186e+00         0.0000000000000000e+00         2.2742535414782070e-01
4                                      5.3592624109698717e+00         4.3225370967563293e+04         2.3134561430378676e+02         2.0543139638063850e-02         1.5646012624429279e-01        -1.5150536374594967e-01         0.0000000000000000e+00         2.5701194206151690e-01
                                                         8                           9                          10

0                                      0.0000000000000000e+00        -1.0302685284209964e-01         0.0000000000000000e+00
1                                      0.0000000000000000e+00         1.6652702796983798e-01         0.0000000000000000e+00
2                                      0.0000000000000000e+00        -1.4379521371888693e+00         0.0000000000000000e+00
3                                      0.0000000000000000e+00        -3.6063652714212635e-01         0.0000000000000000e+00
4                                      0.0000000000000000e+00         2.5971352032242712e-01         0.0000000000000000e+00
$End
$Geometry
   &GeometryIndex 32
   &ListStatus       OUT
   &NATOMS [&Type "Integer"] 35
   &NCORELESSECP [&Type "Integer"] 0
   &NGHOSTATOMS [&Type "Integer"] 0
   &CartesianCoordinates [&Type "Coordinates", &Dim(35,4), &Units "Bohr"] 
              C     -3.125866952608   -3.693581495937   -0.710875541676
              C     -2.286595900460   -5.633968828993   -2.281852493258
              C      0.138011399970   -5.618644517296   -3.184756968618
              C     -1.530608765967   -1.763401219421   -0.067829119316
              C      0.994964047289   -1.697464248235   -0.917500597896
              O     -2.366689123332    0.104449770380    1.561084217592
              C      1.808489051513   -3.674173144178   -2.525559277057
              C      4.331143128638   -3.690639969093   -3.502253593614
              C      5.990485961195   -1.855219913146   -2.934404337836
              C      2.822908582226    0.213325366154   -0.279763107975
              C      5.275825756622    0.156661968479   -1.285897356297
              N      2.265572884088    2.124430965845    1.335796259194
              C      3.864111302543    3.944375220605    1.982041602558
              C      6.278066063621    3.978078976221    1.000659995945
              C      6.971866473907    2.075325898215   -0.622905284875
              C     -4.497193872766    1.485544432942    0.881776079324
              O     -5.246092102263    1.533059606672   -1.280031827120
              N     -5.464921064258    2.715726718535    2.853694366802
              C     -7.546208852678    4.462299911131    2.454276174754
              C     -4.584194963620    2.483564026577    5.447523961606
              H     -3.331264519068    0.878940565580    5.652863288803
              H     -6.216754741864    2.216880905731    6.674019475517
              H     -3.600577109471    4.201462254776    6.024478878176
              H     -7.918484069784    4.649390035257    0.449026095061
              H     -7.052127191908    6.303334008282    3.236319166261
              H     -9.238429630822    3.769911596449    3.405991495232
              H      0.803180889050   -7.109298569691   -4.414791278443
              H     -5.038179439501   -3.691531586287    0.005821943568
              H     -3.566502987774   -7.147054097455   -2.780012155379
              H      4.866472234233   -5.232530803218   -4.733595233246
              H      7.890268779292   -1.863770735937   -3.687374241627
              H      3.156712480043    5.341461773448    3.289909902549
              H      7.566157148245    5.468084397552    1.528651421725
              H      8.858164762554    2.030485132605   -1.412813839258
              H      0.503674952091    2.126215595152    2.099904382433
$End
$SCF_Energy
   &GeometryIndex 32
   &ListStatus       OUT
   &SCF_ENERGY [&Type "Double"]      -8.7844790939410473e+02
$End
$DFT_Energy
   &GeometryIndex 32
   &ListStatus       OUT
   &NALPHAEL [&Type "Integer"] 70
   &NBETAEL [&Type "Integer"] 70
   &NTOTALEL [&Type "Integer"] 139
   &EEXCHANGE [&Type "Double"]       0.0000000000000000e+00
   &ECORR [&Type "Double"]       0.0000000000000000e+00
   &ECNL [&Type "Double"]       0.0000000000000000e+00
   &EXC [&Type "Double"]      -8.9693356021345281e+01
   &EEMBED [&Type "Double"]       0.0000000000000000e+00
   &FINALEN [&Type "Double"]      -8.7844790939410473e+02  "No Van der Waals correction"
$End
$Solvation_Details
   &GeometryIndex 32
   &ListStatus       OUT
   &SOLVENT [&Type "String"] "WATER"
   &EPSILON [&Type "Double"]       8.0150999999999996e+01
   &REFRAC [&Type "Double"]       1.3328000000000000e+00
   &RSOLV [&Type "Double"]       1.3000000000000000e+00
   &SURFACETYPE [&Type "String"] "GAUSSIAN VDW"
   &NPOINTS [&Type "Integer"] 3048
   &SURFACEAREA [&Type "Double"]       1.0796929742180000e+03
   &CPCMDIELENERGY [&Type "Double"]      -8.8549025000000003e-02
$End
$CIS_Absorption_Spectrum
   &GeometryIndex 32
   &ListStatus       OUT
   &TEMPERATURE [&Type "Double"]       2.9814999999999998e+02
   &METHOD [&Type "Integer"] 20
   &RELCORRECTION [&Type "Integer"] 1 "Type of relativistic treatment in QDPT. 0->Unknow, 1->None, 2->SOC, 3->SSC, 4->SOC/SSC"
   &DENSTYPE [&Type "Integer"] 3 "Type of density (electron/spin ...). 0->Unknow, 1->Electronic, 2->Spin, 3->Trans/Electronic, 4->Tran/Spin"
   &DERITYPE [&Type "Integer"] 0 "Type of derivative (w.r.t. to what perturbation). 0->Unknown, 1->No Derivative, 2->Electric/Dipole, 3->Electric/Quad, 4->Magnetic/Dipole, 5->Magnetic/Quad"
   &DENSLEVEL [&Type "Integer"] 0 "// Source of density: relaxed, unrelaxed, ... 0->Unknown, 1->Linearized, 2->Unrelaxed, 3->Relaxed"
   &REPRESENTATION [&Type "String"] "Length" "Possible values: Unknown,  Length, Velocity"
   &POINTGROUP [&Type "String"] "C1"
   &NTRANS [&Type "Integer"] 5
   &DOHIGHERMOMENTS [&Type "Boolean"] false
   &STATES [&Type "ArrayOfIntegers", &Dim (5,4)] "The initial and Final states. Col1: Initial State  Col2: Initial Irrep Col3: Final State Col4: Final Irrep"
                                                         0                           1                           2                           3

0                                                        0                           0                           1                           0
1                                                        0                           0                           2                           0
2                                                        0                           0                           3                           0
3                                                        0                           0                           4                           0
4                                                        0                           0                           5                           0
   &MULTIPLICITIES [&Type "ArrayOfDoubles", &Dim (5,2)] "Col1: Multiplicity of the initial state  Col2: Multiplicity of the final state"
                                                         0                           1

0                                      1.0000000000000000e+00         1.0000000000000000e+00
1                                      1.0000000000000000e+00         1.0000000000000000e+00
2                                      1.0000000000000000e+00         1.0000000000000000e+00
3                                      1.0000000000000000e+00         1.0000000000000000e+00
4                                      1.0000000000000000e+00         1.0000000000000000e+00
   &EXCITATIONENERGIES [&Type "ArrayOfDoubles", &Dim (5,11)] 
                                                         0                           1                           2                           3                           4                           5                           6                           7

0                                      3.9236278818796211e+00         3.1646196384369337e+04         3.1599374150819563e+02         3.1971493321970484e-01         3.3259597578271443e+00        -1.5477171714087956e+00         0.0000000000000000e+00        -9.5908585914450151e-01
1                                      4.3986203151348695e+00         3.5477269125315419e+04         2.8187062438986675e+02         1.2216341588108449e-02         1.1336175807976889e-01         1.4549832716631983e-01         0.0000000000000000e+00         2.5314804322179851e-01
2                                      4.8279519854653783e+00         3.8940062938167990e+04         2.5680492648095520e+02         1.3723084373898420e+00         1.1601941510175466e+01        -1.2300867221777256e+00         0.0000000000000000e+00        -2.8322693778010466e+00
3                                      5.1367758669193995e+00         4.1430895783405933e+04         2.4136576849022023e+02         3.2016315713720006e-01         2.5440322816652974e+00         1.5368979448229623e+00         0.0000000000000000e+00         2.2701906505104613e-01
4                                      5.3588861932924088e+00         4.3222336567038408e+04         2.3136185579624714e+02         2.0514455920341953e-02         1.5625263491960623e-01        -1.5158436608767659e-01         0.0000000000000000e+00         2.5672207231234617e-01
                                                         8                           9                          10

0                                      0.0000000000000000e+00        -1.0337132069657427e-01         0.0000000000000000e+00
1                                      0.0000000000000000e+00         1.6765459458227172e-01         0.0000000000000000e+00
2                                      0.0000000000000000e+00        -1.4377337506186594e+00         0.0000000000000000e+00
3                                      0.0000000000000000e+00        -3.6116385888901104e-01         0.0000000000000000e+00
4                                      0.0000000000000000e+00         2.5955460401437302e-01         0.0000000000000000e+00
$End
$Geometry
   &GeometryIndex 33
   &ListStatus       OUT
   &NATOMS [&Type "Integer"] 35
   &NCORELESSECP [&Type "Integer"] 0
   &NGHOSTATOMS [&Type "Integer"] 0
   &CartesianCoordinates [&Type "Coordinates", &Dim(35,4), &Units "Bohr"] 
              C     -3.125672127281   -3.693661144181   -0.710811399248
              C     -2.286871336551   -5.633999655548   -2.282183196050
              C      0.137933054399   -5.618907885101   -3.184692501398
              C     -1.530708548765   -1.763075146105   -0.068138801283
              C      0.995052161009   -1.697632878308   -0.917095112392
              O     -2.366777121272    0.104511509607    1.561165249270
              C      1.808279767872   -3.674000995716   -2.525765519291
              C      4.331187186756   -3.690308591838   -3.502178400776
              C      5.990809769662   -1.855067516342   -2.934528006898
              C      2.823125384237    0.213028162871   -0.279361394845
              C      5.275734162637    0.156725973423   -1.286234061040
              N      2.265567125791    2.124650590824    1.335557276812
              C      3.864141285428    3.944412387825    1.982230058926
              C      6.277871880036    3.978088252942    1.000409496665
              C      6.971684830025    2.075120786613   -0.622847887991
              C     -4.497056597353    1.485725537708    0.881779918827
              O     -5.246115277999    1.532999819207   -1.279971853331
              N     -5.464945917430    2.715675716803    2.853686611247
              C     -7.546123221001    4.462224016511    2.454290223144
              C     -4.584223217705    2.483561068367    5.447427389388
              H     -3.331290513577    0.878949239627    5.652816768228
              H     -6.216791922902    2.216889157628    6.673914052390
              H     -3.600632799407    4.201480441766    6.024374288289
              H     -7.918396815364    4.649334969957    0.449043557241
              H     -7.052012566965    6.303246354555    3.236348978124
              H     -9.238359141234    3.769866114667    3.406002340322
              H      0.803520852168   -7.110062801891   -4.413904829111
              H     -5.037548646656   -3.692191194673    0.007063119120
              H     -3.566749743362   -7.147355531835   -2.779619561225
              H      4.866751273170   -5.232716006377   -4.732769680656
              H      7.890919168957   -1.864177306836   -3.686674336836
              H      3.157056201366    5.341006858705    3.290797253536
              H      7.566421942308    5.467548017708    1.528795159775
              H      8.858268014623    2.029854221451   -1.412033777921
              H      0.503799280981    2.126147530860    2.099956530443
$End
$SCF_Energy
   &GeometryIndex 33
   &ListStatus       OUT
   &SCF_ENERGY [&Type "Double"]      -8.7844790944486999e+02
$End
$DFT_Energy
   &GeometryIndex 33
   &ListStatus       OUT
   &NALPHAEL [&Type "Integer"] 70
   &NBETAEL [&Type "Integer"] 70
   &NTOTALEL [&Type "Integer"] 139
   &EEXCHANGE [&Type "Double"]       0.0000000000000000e+00
   &ECORR [&Type "Double"]       0.0000000000000000e+00
   &ECNL [&Type "Double"]       0.0000000000000000e+00
   &EXC [&Type "Double"]      -8.9693393496652845e+01
   &EEMBED [&Type "Double"]       0.0000000000000000e+00
   &FINALEN [&Type "Double"]      -8.7844790944486999e+02  "No Van der Waals correction"
$End
$Solvation_Details
   &GeometryIndex 33
   &ListStatus       OUT
   &SOLVENT [&Type "String"] "WATER"
   &EPSILON [&Type "Double"]       8.0150999999999996e+01
   &REFRAC [&Type "Double"]       1.3328000000000000e+00
   &RSOLV [&Type "Double"]       1.3000000000000000e+00
   &SURFACETYPE [&Type "String"] "GAUSSIAN VDW"
   &NPOINTS [&Type "Integer"] 3049
   &SURFACEAREA [&Type "Double"]       1.0796803002320000e+03
   &CPCMDIELENERGY [&Type "Double"]      -8.8553353000000001e-02
$End
$CIS_Absorption_Spectrum
   &GeometryIndex 33
   &ListStatus       OUT
   &TEMPERATURE [&Type "Double"]       2.9814999999999998e+02
   &METHOD [&Type "Integer"] 20
   &RELCORRECTION [&Type "Integer"] 1 "Type of relativistic treatment in QDPT. 0->Unknow, 1->None, 2->SOC, 3->SSC, 4->SOC/SSC"
   &DENSTYPE [&Type "Integer"] 3 "Type of density (electron/spin ...). 0->Unknow, 1->Electronic, 2->Spin, 3->Trans/Electronic, 4->Tran/Spin"
   &DERITYPE [&Type "Integer"] 0 "Type of derivative (w.r.t. to what perturbation). 0->Unknown, 1->No Derivative, 2->Electric/Dipole, 3->Electric/Quad, 4->Magnetic/Dipole, 5->Magnetic/Quad"
   &DENSLEVEL [&Type "Integer"] 0 "// Source of density: relaxed, unrelaxed, ... 0->Unknown, 1->Linearized, 2->Unrelaxed, 3->Relaxed"
   &REPRESENTATION [&Type "String"] "Length" "Possible values: Unknown,  Length, Velocity"
   &POINTGROUP [&Type "String"] "C1"
   &NTRANS [&Type "Integer"] 5
   &DOHIGHERMOMENTS [&Type "Boolean"] false
   &STATES [&Type "ArrayOfIntegers", &Dim (5,4)] "The initial and Final states. Col1: Initial State  Col2: Initial Irrep Col3: Final State Col4: Final Irrep"
                                                         0                           1                           2                           3

0                                                        0                           0                           1                           0
1                                                        0                           0                           2                           0
2                                                        0                           0                           3                           0
3                                                        0                           0                           4                           0
4                                                        0                           0                           5                           0
   &MULTIPLICITIES [&Type "ArrayOfDoubles", &Dim (5,2)] "Col1: Multiplicity of the initial state  Col2: Multiplicity of the final state"
                                                         0                           1

0                                      1.0000000000000000e+00         1.0000000000000000e+00
1                                      1.0000000000000000e+00         1.0000000000000000e+00
2                                      1.0000000000000000e+00         1.0000000000000000e+00
3                                      1.0000000000000000e+00         1.0000000000000000e+00
4                                      1.0000000000000000e+00         1.0000000000000000e+00
   &EXCITATIONENERGIES [&Type "ArrayOfDoubles", &Dim (5,11)] 
                                                         0                           1                           2                           3                           4                           5                           6                           7

0                                      3.9237506966847686e+00         3.1647186952679996e+04         3.1598385079066765e+02         3.1950486393963556e-01         3.3236703945686767e+00        -1.5473914990994131e+00         0.0000000000000000e+00        -9.5844619279762144e-01
1                                      4.3987333587750861e+00         3.5478180883857771e+04         2.8186338055877894e+02         1.2210202966763324e-02         1.1330188279914434e-01         1.4538806367988050e-01         0.0000000000000000e+00         2.5306328311749227e-01
2                                      4.8279809868839552e+00         3.8940296850408231e+04         2.5680338386776225e+02         1.3732125946854843e+00         1.1609515811643458e+01        -1.2316783893649714e+00         0.0000000000000000e+00        -2.8329573738633242e+00
3                                      5.1369088314065658e+00         4.1431968214431428e+04         2.4135952094394676e+02         3.1993388394697242e-01         2.5421446626146493e+00         1.5363213069245547e+00         0.0000000000000000e+00         2.2592252037179641e-01
4                                      5.3587104953447362e+00         4.3220919467373562e+04         2.3136944153973309e+02         2.0477999646014964e-02         1.5598007210415538e-01        -1.5125006298077401e-01         0.0000000000000000e+00         2.5662303562471439e-01
                                                         8                           9                          10

0                                      0.0000000000000000e+00        -1.0310595809792968e-01         0.0000000000000000e+00
1                                      0.0000000000000000e+00         1.6769963767508655e-01         0.0000000000000000e+00
2                                      0.0000000000000000e+00        -1.4376497051396713e+00         0.0000000000000000e+00
3                                      0.0000000000000000e+00        -3.6169119327560778e-01         0.0000000000000000e+00
4                                      0.0000000000000000e+00         2.5932240192321188e-01         0.0000000000000000e+00
$End
$Geometry
   &GeometryIndex 34
   &ListStatus       OUT
   &NATOMS [&Type "Integer"] 35
   &NCORELESSECP [&Type "Integer"] 0
   &NGHOSTATOMS [&Type "Integer"] 0
   &CartesianCoordinates [&Type "Coordinates", &Dim(35,4), &Units "Bohr"] 
              C     -3.125622313054   -3.693577281236   -0.710895330337
              C     -2.286844516371   -5.634168572630   -2.281984708354
              C      0.137849504666   -5.618979695003   -3.184839322783
              C     -1.530610254133   -1.763172214629   -0.067857645354
              C      0.994935396719   -1.697445112408   -0.917318714158
              O     -2.366691479103    0.104660711696    1.561004111243
              C      1.808266892319   -3.674137900176   -2.525555496782
              C      4.331210470356   -3.690160695181   -3.502027780224
              C      5.991007176772   -1.855030237419   -2.934527719041
              C      2.823029216575    0.213248098930   -0.279688754441
              C      5.275810063961    0.156550683018   -1.286120895808
              N      2.265709133036    2.124539841579    1.335754589192
              C      3.864119070312    3.944518769786    1.982254551892
              C      6.277861213813    3.977908837681    1.000523029395
              C      6.971552327653    2.075053062700   -0.622892404370
              C     -4.497659053799    1.484950303679    0.882046418292
              O     -5.245874349074    1.533215325887   -1.279945493825
              N     -5.464793992839    2.715868019707    2.853647809621
              C     -7.546101171061    4.462224033981    2.454293010972
              C     -4.584247449164    2.483592683047    5.447328687308
              H     -3.331336676480    0.878953917372    5.652630531655
              H     -6.216808137780    2.216904887688    6.673827784139
              H     -3.600586528043    4.201449075924    6.024335745971
              H     -7.918464231830    4.649334737333    0.449064386281
              H     -7.052072153684    6.303255921104    3.236369511314
              H     -9.238233794119    3.769733014843    3.406099116076
              H      0.803170593788   -7.109651425900   -4.414786512756
              H     -5.037843497819   -3.691546887507    0.006052277625
              H     -3.567075440570   -7.147088104501   -2.779849248500
              H      4.866586149273   -5.232319250257   -4.733010869502
              H      7.890943451488   -1.863894791070   -3.687117391962
              H      3.156762744430    5.341622924964    3.290134291915
              H      7.566294143154    5.467725022886    1.528173764694
              H      8.857908512946    2.030223740701   -1.412636849507
              H      0.503684713631    2.126414348973    2.099563223519
$End
$SCF_Energy
   &GeometryIndex 34
   &ListStatus       OUT
   &SCF_ENERGY [&Type "Double"]      -8.7844790925325242e+02
$End
$DFT_Energy
   &GeometryIndex 34
   &ListStatus       OUT
   &NALPHAEL [&Type "Integer"] 70
   &NBETAEL [&Type "Integer"] 70
   &NTOTALEL [&Type "Integer"] 139
   &EEXCHANGE [&Type "Double"]       0.0000000000000000e+00
   &ECORR [&Type "Double"]       0.0000000000000000e+00
   &ECNL [&Type "Double"]       0.0000000000000000e+00
   &EXC [&Type "Double"]      -8.9693470160580816e+01
   &EEMBED [&Type "Double"]       0.0000000000000000e+00
   &FINALEN [&Type "Double"]      -8.7844790925325242e+02  "No Van der Waals correction"
$End
$Solvation_Details
   &GeometryIndex 34
   &ListStatus       OUT
   &SOLVENT [&Type "String"] "WATER"
   &EPSILON [&Type "Double"]       8.0150999999999996e+01
   &REFRAC [&Type "Double"]       1.3328000000000000e+00
   &RSOLV [&Type "Double"]       1.3000000000000000e+00
   &SURFACETYPE [&Type "String"] "GAUSSIAN VDW"
   &NPOINTS [&Type "Integer"] 3048
   &SURFACEAREA [&Type "Double"]       1.0796905154750000e+03
   &CPCMDIELENERGY [&Type "Double"]      -8.8545594000000005e-02
$End
$CIS_Absorption_Spectrum
   &GeometryIndex 34
   &ListStatus       OUT
   &TEMPERATURE [&Type "Double"]       2.9814999999999998e+02
   &METHOD [&Type "Integer"] 20
   &RELCORRECTION [&Type "Integer"] 1 "Type of relativistic treatment in QDPT. 0->Unknow, 1->None, 2->SOC, 3->SSC, 4->SOC/SSC"
   &DENSTYPE [&Type "Integer"] 3 "Type of density (electron/spin ...). 0->Unknow, 1->Electronic, 2->Spin, 3->Trans/Electronic, 4->Tran/Spin"
   &DERITYPE [&Type "Integer"] 0 "Type of derivative (w.r.t. to what perturbation). 0->Unknown, 1->No Derivative, 2->Electric/Dipole, 3->Electric/Quad, 4->Magnetic/Dipole, 5->Magnetic/Quad"
   &DENSLEVEL [&Type "Integer"] 0 "// Source of density: relaxed, unrelaxed, ... 0->Unknown, 1->Linearized, 2->Unrelaxed, 3->Relaxed"
   &REPRESENTATION [&Type "String"] "Length" "Possible values: Unknown,  Length, Velocity"
   &POINTGROUP [&Type "String"] "C1"
   &NTRANS [&Type "Integer"] 5
   &DOHIGHERMOMENTS [&Type "Boolean"] false
   &STATES [&Type "ArrayOfIntegers", &Dim (5,4)] "The initial and Final states. Col1: Initial State  Col2: Initial Irrep Col3: Final State Col4: Final Irrep"
                                                         0                           1                           2                           3

0                                                        0                           0                           1                           0
1                                                        0                           0                           2                           0
2                                                        0                           0                           3                           0
3                                                        0                           0                           4                           0
4                                                        0                           0                           5                           0
   &MULTIPLICITIES [&Type "ArrayOfDoubles", &Dim (5,2)] "Col1: Multiplicity of the initial state  Col2: Multiplicity of the final state"
                                                         0                           1

0                                      1.0000000000000000e+00         1.0000000000000000e+00
1                                      1.0000000000000000e+00         1.0000000000000000e+00
2                                      1.0000000000000000e+00         1.0000000000000000e+00
3                                      1.0000000000000000e+00         1.0000000000000000e+00
4                                      1.0000000000000000e+00         1.0000000000000000e+00
   &EXCITATIONENERGIES [&Type "ArrayOfDoubles", &Dim (5,11)] 
                                                         0                           1                           2                           3                           4                           5                           6                           7

0                                      3.9236571624502217e+00         3.1646432548122724e+04         3.1599138338242813e+02         3.1959230017895646e-01         3.3246592089202962e+00        -1.5476179967369981e+00         0.0000000000000000e+00        -9.5859530606927412e-01
1                                      4.3987511869864360e+00         3.5478324678094774e+04         2.8186223816183337e+02         1.2145818340597209e-02         1.1270398308178789e-01         1.4493290284606489e-01         0.0000000000000000e+00         2.5235793380798804e-01
2                                      4.8280323175348450e+00         3.8940710860071609e+04         2.5680065358677456e+02         1.3730950021342931e+00         1.1608398232546753e+01        -1.2312033057039942e+00         0.0000000000000000e+00        -2.8329013835092125e+00
3                                      5.1369482964241087e+00         4.1432286521297698e+04         2.4135766668005729e+02         3.2001490365366420e-01         2.5427688973711380e+00         1.5365212399019246e+00         0.0000000000000000e+00         2.2658851848068409e-01
4                                      5.3589873015062279e+00         4.3223152059864668e+04         2.3135749068346198e+02         2.0540151800724424e-02         1.5644540123838818e-01        -1.5195919136324970e-01         0.0000000000000000e+00         2.5674078198468991e-01
                                                         8                           9                          10

0                                      0.0000000000000000e+00        -1.0311539302166368e-01         0.0000000000000000e+00
1                                      0.0000000000000000e+00         1.6737356421658747e-01         0.0000000000000000e+00
2                                      0.0000000000000000e+00        -1.4377782874566922e+00         0.0000000000000000e+00
3                                      0.0000000000000000e+00        -3.6128800145329865e-01         0.0000000000000000e+00
4                                      0.0000000000000000e+00         2.5968822896794025e-01         0.0000000000000000e+00
$End
$Geometry
   &GeometryIndex 35
   &ListStatus       OUT
   &NATOMS [&Type "Integer"] 35
   &NCORELESSECP [&Type "Integer"] 0
   &NGHOSTATOMS [&Type "Integer"] 0
   &CartesianCoordinates [&Type "Coordinates", &Dim(35,4), &Units "Bohr"] 
              C     -3.125553371587   -3.693655036233   -0.710834024124
              C     -2.286840496938   -5.634280898264   -2.281854881841
              C      0.137872249949   -5.618907608864   -3.184609939853
              C     -1.530544746832   -1.763187850338   -0.068022339798
              C      0.995026428001   -1.697423872708   -0.917345821058
              O     -2.366841022560    0.104447679617    1.561100627933
              C      1.808339327542   -3.674102725685   -2.525532745991
              C      4.331165447830   -3.690162129027   -3.502206042493
              C      5.990813567796   -1.854945024564   -2.934585532551
              C      2.823049800391    0.213202408867   -0.279665723560
              C      5.275719831475    0.156587780761   -1.286101484158
              N      2.265736855159    2.124505728964    1.335654624983
              C      3.864182460050    3.944383394170    1.982303153465
              C      6.277925468522    3.977949502972    1.000578335105
              C      6.971539372982    2.075012081285   -0.622763306295
              C     -4.496997638784    1.485775260144    0.881783416902
              O     -5.246106400700    1.532979456745   -1.279943494777
              N     -5.464966163493    2.715677410451    2.853709451501
              C     -7.546143048564    4.462240249261    2.454291672791
              C     -4.584226908710    2.483564502129    5.447434928718
              H     -3.331297647465    0.878943525874    5.652785253136
              H     -6.216777853953    2.216882707464    6.673943407821
              H     -3.600615529788    4.201469248236    6.024392319863
              H     -7.918395702039    4.649335119515    0.449039335528
              H     -7.052039884852    6.303269891341    3.236339049282
              H     -9.238391444276    3.769890968443    3.405987884890
              H      0.802800003270   -7.108781525541   -4.415730567133
              H     -5.038035030734   -3.690943384441    0.005400918852
              H     -3.567397181866   -7.146527395395   -2.780919102125
              H      4.866973172875   -5.232946778540   -4.732215648287
              H      7.891183076802   -1.864430394421   -3.686065100769
              H      3.156519547640    5.341788125225    3.289691655002
              H      7.566007982817    5.468345401516    1.527453231656
              H      8.857663579431    2.030448533216   -1.413074204239
              H      0.503607697785    2.126574463778    2.099208528731
$End
$SCF_Energy
   &GeometryIndex 35
   &ListStatus       OUT
   &SCF_ENERGY [&Type "Double"]      -8.7844790946803096e+02
$End
$DFT_Energy
   &GeometryIndex 35
   &ListStatus       OUT
   &NALPHAEL [&Type "Integer"] 70
   &NBETAEL [&Type "Integer"] 70
   &NTOTALEL [&Type "Integer"] 139
   &EEXCHANGE [&Type "Double"]       0.0000000000000000e+00
   &ECORR [&Type "Double"]       0.0000000000000000e+00
   &ECNL [&Type "Double"]       0.0000000000000000e+00
   &EXC [&Type "Double"]      -8.9693524846292192e+01
   &EEMBED [&Type "Double"]       0.0000000000000000e+00
   &FINALEN [&Type "Double"]      -8.7844790946803096e+02  "No Van der Waals correction"
$End
$Solvation_Details
   &GeometryIndex 35
   &ListStatus       OUT
   &SOLVENT [&Type "String"] "WATER"
   &EPSILON [&Type "Double"]       8.0150999999999996e+01
   &REFRAC [&Type "Double"]       1.3328000000000000e+00
   &RSOLV [&Type "Double"]       1.3000000000000000e+00
   &SURFACETYPE [&Type "String"] "GAUSSIAN VDW"
   &NPOINTS [&Type "Integer"] 3047
   &SURFACEAREA [&Type "Double"]       1.0796744029419999e+03
   &CPCMDIELENERGY [&Type "Double"]      -8.8550102000000006e-02
$End
$CIS_Absorption_Spectrum
   &GeometryIndex 35
   &ListStatus       OUT
   &TEMPERATURE [&Type "Double"]       2.9814999999999998e+02
   &METHOD [&Type "Integer"] 20
   &RELCORRECTION [&Type "Integer"] 1 "Type of relativistic treatment in QDPT. 0->Unknow, 1->None, 2->SOC, 3->SSC, 4->SOC/SSC"
   &DENSTYPE [&Type "Integer"] 3 "Type of density (electron/spin ...). 0->Unknow, 1->Electronic, 2->Spin, 3->Trans/Electronic, 4->Tran/Spin"
   &DERITYPE [&Type "Integer"] 0 "Type of derivative (w.r.t. to what perturbation). 0->Unknown, 1->No Derivative, 2->Electric/Dipole, 3->Electric/Quad, 4->Magnetic/Dipole, 5->Magnetic/Quad"
   &DENSLEVEL [&Type "Integer"] 0 "// Source of density: relaxed, unrelaxed, ... 0->Unknown, 1->Linearized, 2->Unrelaxed, 3->Relaxed"
   &REPRESENTATION [&Type "String"] "Length" "Possible values: Unknown,  Length, Velocity"
   &POINTGROUP [&Type "String"] "C1"
   &NTRANS [&Type "Integer"] 5
   &DOHIGHERMOMENTS [&Type "Boolean"] false
   &STATES [&Type "ArrayOfIntegers", &Dim (5,4)] "The initial and Final states. Col1: Initial State  Col2: Initial Irrep Col3: Final State Col4: Final Irrep"
                                                         0                           1                           2                           3

0                                                        0                           0                           1                           0
1                                                        0                           0                           2                           0
2                                                        0                           0                           3                           0
3                                                        0                           0                           4                           0
4                                                        0                           0                           5                           0
   &MULTIPLICITIES [&Type "ArrayOfDoubles", &Dim (5,2)] "Col1: Multiplicity of the initial state  Col2: Multiplicity of the final state"
                                                         0                           1

0                                      1.0000000000000000e+00         1.0000000000000000e+00
1                                      1.0000000000000000e+00         1.0000000000000000e+00
2                                      1.0000000000000000e+00         1.0000000000000000e+00
3                                      1.0000000000000000e+00         1.0000000000000000e+00
4                                      1.0000000000000000e+00         1.0000000000000000e+00
   &EXCITATIONENERGIES [&Type "ArrayOfDoubles", &Dim (5,11)] 
                                                         0                           1                           2                           3                           4                           5                           6                           7

0                                      3.9238126657607526e+00         3.1647686767037365e+04         3.1597886043334756e+02         3.1948410968323526e-01         3.3234020094761494e+00        -1.5474168158708419e+00         0.0000000000000000e+00        -9.5827901143550576e-01
1                                      4.3988978094578268e+00         3.5479507268203641e+04         2.8185284323161648e+02         1.2158165466749008e-02         1.1281479462140220e-01         1.4509866989878853e-01         0.0000000000000000e+00         2.5244783833223461e-01
2                                      4.8281467353971008e+00         3.8941633702463354e+04         2.5679456790143411e+02         1.3734226258554927e+00         1.1610892861352141e+01        -1.2317382273389097e+00         0.0000000000000000e+00        -2.8331505387157572e+00
3                                      5.1371299661501340e+00         4.1433751786608256e+04         2.4134913129522789e+02         3.1984484621316089e-01         2.5413277830722882e+00         1.5361023877970017e+00         0.0000000000000000e+00         2.2590191562255063e-01
4                                      5.3589307970848381e+00         4.3222696320923635e+04         2.3135993011058656e+02         2.0474632703266889e-02         1.5594801506837414e-01        -1.5134000564055880e-01         0.0000000000000000e+00         2.5650262671976382e-01
                                                         8                           9                          10

0                                      0.0000000000000000e+00        -1.0297836509910305e-01         0.0000000000000000e+00
1                                      0.0000000000000000e+00         1.6742538498204668e-01         0.0000000000000000e+00
2                                      0.0000000000000000e+00        -1.4376967085024430e+00         0.0000000000000000e+00
3                                      0.0000000000000000e+00        -3.6150458059988710e-01         0.0000000000000000e+00
4                                      0.0000000000000000e+00         2.5932724547750718e-01         0.0000000000000000e+00
$End
$Geometry
   &GeometryIndex 36
   &ListStatus       OUT
   &NATOMS [&Type "Integer"] 35
   &NCORELESSECP [&Type "Integer"] 0
   &NGHOSTATOMS [&Type "Integer"] 0
   &CartesianCoordinates [&Type "Coordinates", &Dim(35,4), &Units "Bohr"] 
              C     -3.125678883273   -3.693549789740   -0.711040168597
              C     -2.286940730838   -5.634126103371   -2.282141340041
              C      0.137800615610   -5.618749086698   -3.184851089078
              C     -1.530520565426   -1.763257851303   -0.067924979653
              C      0.995079281953   -1.697563393479   -0.917161337612
              O     -2.366637745279    0.104459798739    1.561205546200
              C      1.808352196195   -3.674123544178   -2.525483185493
              C      4.331201839578   -3.690228634853   -3.502089235710
              C      5.990862105777   -1.855025769035   -2.934480048145
              C      2.822941110184    0.213401998436   -0.279929435199
              C      5.275736036398    0.156582179792   -1.286091566463
              N      2.265771249687    2.124447637661    1.335751746434
              C      3.864184954200    3.944378830261    1.982332815293
              C      6.277948757606    3.977880208228    1.000657247972
              C      6.971559351347    2.075002935410   -0.622763155632
              C     -4.497167731525    1.485633177067    0.881699874073
              O     -5.246154774571    1.533048749200   -1.280098431064
              N     -5.464928891147    2.715702197089    2.853691180327
              C     -7.546217524814    4.462305263755    2.454269113296
              C     -4.584173174388    2.483552964866    5.447588058992
              H     -3.331235251503    0.878941939611    5.652965688151
              H     -6.216756539977    2.216885697018    6.674053957839
              H     -3.600583350534    4.201472779700    6.024521312891
              H     -7.918479706666    4.649392983049    0.449015491315
              H     -7.052127247505    6.303340443012    3.236303443781
              H     -9.238452675767    3.769933772914    3.405969032231
              H      0.803572749512   -7.110049507266   -4.413787331040
              H     -5.037433135094   -3.692108523063    0.007159315892
              H     -3.566571816744   -7.147921734330   -2.778883860876
              H      4.866588326456   -5.232327427031   -4.733140652815
              H      7.890866667906   -1.863908648879   -3.686888277189
              H      3.156339177451    5.342134151910    3.289248773578
              H      7.565805183370    5.468664300506    1.526988465572
              H      8.857581850996    2.030635808664   -1.413329694325
              H      0.503526940711    2.126648227110    2.099053210508
$End
$SCF_Energy
   &GeometryIndex 36
   &ListStatus       OUT
   &SCF_ENERGY [&Type "Double"]      -8.7844790925770656e+02
$End
$DFT_Energy
   &GeometryIndex 36
   &ListStatus       OUT
   &NALPHAEL [&Type "Integer"] 70
   &NBETAEL [&Type "Integer"] 70
   &NTOTALEL [&Type "Integer"] 139
   &EEXCHANGE [&Type "Double"]       0.0000000000000000e+00
   &ECORR [&Type "Double"]       0.0000000000000000e+00
   &ECNL [&Type "Double"]       0.0000000000000000e+00
   &EXC [&Type "Double"]      -8.9693341195007918e+01
   &EEMBED [&Type "Double"]       0.0000000000000000e+00
   &FINALEN [&Type "Double"]      -8.7844790925770656e+02  "No Van der Waals correction"
$End
$Solvation_Details
   &GeometryIndex 36
   &ListStatus       OUT
   &SOLVENT [&Type "String"] "WATER"
   &EPSILON [&Type "Double"]       8.0150999999999996e+01
   &REFRAC [&Type "Double"]       1.3328000000000000e+00
   &RSOLV [&Type "Double"]       1.3000000000000000e+00
   &SURFACETYPE [&Type "String"] "GAUSSIAN VDW"
   &NPOINTS [&Type "Integer"] 3046
   &SURFACEAREA [&Type "Double"]       1.0796937553739999e+03
   &CPCMDIELENERGY [&Type "Double"]      -8.8550917000000007e-02
$End
$CIS_Absorption_Spectrum
   &GeometryIndex 36
   &ListStatus       OUT
   &TEMPERATURE [&Type "Double"]       2.9814999999999998e+02
   &METHOD [&Type "Integer"] 20
   &RELCORRECTION [&Type "Integer"] 1 "Type of relativistic treatment in QDPT. 0->Unknow, 1->None, 2->SOC, 3->SSC, 4->SOC/SSC"
   &DENSTYPE [&Type "Integer"] 3 "Type of density (electron/spin ...). 0->Unknow, 1->Electronic, 2->Spin, 3->Trans/Electronic, 4->Tran/Spin"
   &DERITYPE [&Type "Integer"] 0 "Type of derivative (w.r.t. to what perturbation). 0->Unknown, 1->No Derivative, 2->Electric/Dipole, 3->Electric/Quad, 4->Magnetic/Dipole, 5->Magnetic/Quad"
   &DENSLEVEL [&Type "Integer"] 0 "// Source of density: relaxed, unrelaxed, ... 0->Unknown, 1->Linearized, 2->Unrelaxed, 3->Relaxed"
   &REPRESENTATION [&Type "String"] "Length" "Possible values: Unknown,  Length, Velocity"
   &POINTGROUP [&Type "String"] "C1"
   &NTRANS [&Type "Integer"] 5
   &DOHIGHERMOMENTS [&Type "Boolean"] false
   &STATES [&Type "ArrayOfIntegers", &Dim (5,4)] "The initial and Final states. Col1: Initial State  Col2: Initial Irrep Col3: Final State Col4: Final Irrep"
                                                         0                           1                           2                           3

0                                                        0                           0                           1                           0
1                                                        0                           0                           2                           0
2                                                        0                           0                           3                           0
3                                                        0                           0                           4                           0
4                                                        0                           0                           5                           0
   &MULTIPLICITIES [&Type "ArrayOfDoubles", &Dim (5,2)] "Col1: Multiplicity of the initial state  Col2: Multiplicity of the final state"
                                                         0                           1

0                                      1.0000000000000000e+00         1.0000000000000000e+00
1                                      1.0000000000000000e+00         1.0000000000000000e+00
2                                      1.0000000000000000e+00         1.0000000000000000e+00
3                                      1.0000000000000000e+00         1.0000000000000000e+00
4                                      1.0000000000000000e+00         1.0000000000000000e+00
   &EXCITATIONENERGIES [&Type "ArrayOfDoubles", &Dim (5,11)] 
                                                         0                           1                           2                           3                           4                           5                           6                           7

0                                      3.9237363580412050e+00         3.1647071303708239e+04         3.1598500550122793e+02         3.1950280061793640e-01         3.3236610764523964e+00        -1.5474969080976879e+00         0.0000000000000000e+00        -9.5826561422258527e-01
1                                      4.3988355755676540e+00         3.5479005317975571e+04         2.8185683083210517e+02         1.2119328838474356e-02         1.1245602315966709e-01         1.4499160579170892e-01         0.0000000000000000e+00         2.5193885584322767e-01
2                                      4.8280435054928228e+00         3.8940801097047683e+04         2.5680005850619636e+02         1.3732114079598892e+00         1.1609355446591856e+01        -1.2316004919494754e+00         0.0000000000000000e+00        -2.8328269734791665e+00
3                                      5.1370070357583799e+00         4.1432760286028650e+04         2.4135490686513720e+02         3.1988993906997254e-01         2.5417468918895270e+00         1.5362298030126322e+00         0.0000000000000000e+00         2.2617109730097831e-01
4                                      5.3595402875520595e+00         4.3227612193580455e+04         2.3133361970627320e+02         2.0575767252910836e-02         1.5670049895002766e-01        -1.5258463253730520e-01         0.0000000000000000e+00         2.5664927013368577e-01
                                                         8                           9                          10

0                                      0.0000000000000000e+00        -1.0315720274951241e-01         0.0000000000000000e+00
1                                      0.0000000000000000e+00         1.6721324805772453e-01         0.0000000000000000e+00
2                                      0.0000000000000000e+00        -1.4379175960918389e+00         0.0000000000000000e+00
3                                      0.0000000000000000e+00        -3.6137448577752052e-01         0.0000000000000000e+00
4                                      0.0000000000000000e+00         2.5990302230510826e-01         0.0000000000000000e+00
$End
$Geometry
   &GeometryIndex 37
   &ListStatus       OUT
   &NATOMS [&Type "Integer"] 35
   &NCORELESSECP [&Type "Integer"] 0
   &NGHOSTATOMS [&Type "Integer"] 0
   &CartesianCoordinates [&Type "Coordinates", &Dim(35,4), &Units "Bohr"] 
              C     -3.125478353322   -3.693721000657   -0.711099298291
              C     -2.287164212423   -5.634608626121   -2.282142982597
              C      0.137698328062   -5.618586970690   -3.184550176992
              C     -1.530457611595   -1.763157048047   -0.067894304209
              C      0.995096628001   -1.697272940281   -0.917341261691
              O     -2.366715105910    0.104714682173    1.561363940753
              C      1.808460399116   -3.673991139088   -2.525461455667
              C      4.331392093813   -3.690473791057   -3.502297406937
              C      5.990785732922   -1.855057630873   -2.934413826055
              C      2.823019730452    0.213199398401   -0.279631376225
              C      5.275594221166    0.156623011024   -1.286021702407
              N      2.265716745747    2.124389512696    1.335626919447
              C      3.864176766953    3.944290926866    1.982038061090
              C      6.278024694061    3.978122993939    1.000574662844
              C      6.971445047194    2.075157115657   -0.622813068456
              C     -4.497360536480    1.485564836765    0.881785131565
              O     -5.246095307423    1.533069360619   -1.280100226583
              N     -5.464913971355    2.715756520988    2.853698880452
              C     -7.546073773855    4.462188656398    2.454296267101
              C     -4.584199811554    2.483559058847    5.447480482012
              H     -3.331262095172    0.878956058600    5.652845178690
              H     -6.216782844416    2.216885640814    6.673948242079
              H     -3.600616414518    4.201479736278    6.024426087736
              H     -7.918289245838    4.649224966148    0.449030758962
              H     -7.052037451769    6.303255387057    3.236293771878
              H     -9.238329178216    3.769819138754    3.405968504626
              H      0.803429561064   -7.109060581863   -4.414508143986
              H     -5.037562387757   -3.691458267164    0.006223422439
              H     -3.567101370852   -7.147754450285   -2.780108988695
              H      4.866781722280   -5.232496463528   -4.733457367227
              H      7.890758108891   -1.863405821076   -3.686915498552
              H      3.156656684647    5.341175430471    3.290045483984
              H      7.566409475109    5.467849883175    1.528616648407
              H      8.857799148631    2.029936893445   -1.412533608032
              H      0.503720374317    2.126301960303    2.099515221582
$End
$SCF_Energy
   &GeometryIndex 37
   &ListStatus       OUT
   &SCF_ENERGY [&Type "Double"]      -8.7844790938354708e+02
$End
$DFT_Energy
   &GeometryIndex 37
   &ListStatus       OUT
   &NALPHAEL [&Type "Integer"] 70
   &NBETAEL [&Type "Integer"] 70
   &NTOTALEL [&Type "Integer"] 139
   &EEXCHANGE [&Type "Double"]       0.0000000000000000e+00
   &ECORR [&Type "Double"]       0.0000000000000000e+00
   &ECNL [&Type "Double"]       0.0000000000000000e+00
   &EXC [&Type "Double"]      -8.9693380621363275e+01
   &EEMBED [&Type "Double"]       0.0000000000000000e+00
   &FINALEN [&Type "Double"]      -8.7844790938354708e+02  "No Van der Waals correction"
$End
$Solvation_Details
   &GeometryIndex 37
   &ListStatus       OUT
   &SOLVENT [&Type "String"] "WATER"
   &EPSILON [&Type "Double"]       8.0150999999999996e+01
   &REFRAC [&Type "Double"]       1.3328000000000000e+00
   &RSOLV [&Type "Double"]       1.3000000000000000e+00
   &SURFACETYPE [&Type "String"] "GAUSSIAN VDW"
   &NPOINTS [&Type "Integer"] 3049
   &SURFACEAREA [&Type "Double"]       1.0796888743510001e+03
   &CPCMDIELENERGY [&Type "Double"]      -8.8551325000000000e-02
$End
$CIS_Absorption_Spectrum
   &GeometryIndex 37
   &ListStatus       OUT
   &TEMPERATURE [&Type "Double"]       2.9814999999999998e+02
   &METHOD [&Type "Integer"] 20
   &RELCORRECTION [&Type "Integer"] 1 "Type of relativistic treatment in QDPT. 0->Unknow, 1->None, 2->SOC, 3->SSC, 4->SOC/SSC"
   &DENSTYPE [&Type "Integer"] 3 "Type of density (electron/spin ...). 0->Unknow, 1->Electronic, 2->Spin, 3->Trans/Electronic, 4->Tran/Spin"
   &DERITYPE [&Type "Integer"] 0 "Type of derivative (w.r.t. to what perturbation). 0->Unknown, 1->No Derivative, 2->Electric/Dipole, 3->Electric/Quad, 4->Magnetic/Dipole, 5->Magnetic/Quad"
   &DENSLEVEL [&Type "Integer"] 0 "// Source of density: relaxed, unrelaxed, ... 0->Unknown, 1->Linearized, 2->Unrelaxed, 3->Relaxed"
   &REPRESENTATION [&Type "String"] "Length" "Possible values: Unknown,  Length, Velocity"
   &POINTGROUP [&Type "String"] "C1"
   &NTRANS [&Type "Integer"] 5
   &DOHIGHERMOMENTS [&Type "Boolean"] false
   &STATES [&Type "ArrayOfIntegers", &Dim (5,4)] "The initial and Final states. Col1: Initial State  Col2: Initial Irrep Col3: Final State Col4: Final Irrep"
                                                         0                           1                           2                           3

0                                                        0                           0                           1                           0
1                                                        0                           0                           2                           0
2                                                        0                           0                           3                           0
3                                                        0                           0                           4                           0
4                                                        0                           0                           5                           0
   &MULTIPLICITIES [&Type "ArrayOfDoubles", &Dim (5,2)] "Col1: Multiplicity of the initial state  Col2: Multiplicity of the final state"
                                                         0                           1

0                                      1.0000000000000000e+00         1.0000000000000000e+00
1                                      1.0000000000000000e+00         1.0000000000000000e+00
2                                      1.0000000000000000e+00         1.0000000000000000e+00
3                                      1.0000000000000000e+00         1.0000000000000000e+00
4                                      1.0000000000000000e+00         1.0000000000000000e+00
   &EXCITATIONENERGIES [&Type "ArrayOfDoubles", &Dim (5,11)] 
                                                         0                           1                           2                           3                           4                           5                           6                           7

0                                      3.9238183189204814e+00         3.1647732362850311e+04         3.1597840519336859e+02         3.1940291032960488e-01         3.3225525542856444e+00        -1.5474189951609318e+00         0.0000000000000000e+00        -9.5786580296012114e-01
1                                      4.3989973607646684e+00         3.5480310203726956e+04         2.8184646477384996e+02         1.2122400737618050e-02         1.1248039058010281e-01         1.4514016771127167e-01         0.0000000000000000e+00         2.5204013622103488e-01
2                                      4.8281019600703576e+00         3.8941272565060433e+04         2.5679694938815055e+02         1.3735316399378326e+00         1.1611922151443480e+01        -1.2319548882689442e+00         0.0000000000000000e+00        -2.8332112218333392e+00
3                                      5.1371819506467933e+00         4.1434171069893971e+04         2.4134668901982667e+02         3.1958804977945932e-01         2.5392617108429172e+00         1.5354462732471308e+00         0.0000000000000000e+00         2.2506428312614524e-01
4                                      5.3591010966218811e+00         4.3224069879465795e+04         2.3135257804010354e+02         2.0488594556152043e-02         1.5604939851182553e-01        -1.5174870752925029e-01         0.0000000000000000e+00         2.5639786031493994e-01
                                                         8                           9                          10

0                                      0.0000000000000000e+00        -1.0266504380917091e-01         0.0000000000000000e+00
1                                      0.0000000000000000e+00         1.6700446709752684e-01         0.0000000000000000e+00
2                                      0.0000000000000000e+00        -1.4377494486840778e+00         0.0000000000000000e+00
3                                      0.0000000000000000e+00        -3.6195651848713722e-01         0.0000000000000000e+00
4                                      0.0000000000000000e+00         2.5938748138826617e-01         0.0000000000000000e+00
$End
$Geometry
   &GeometryIndex 38
   &ListStatus       OUT
   &NATOMS [&Type "Integer"] 35
   &NCORELESSECP [&Type "Integer"] 0
   &NGHOSTATOMS [&Type "Integer"] 0
   &CartesianCoordinates [&Type "Coordinates", &Dim(35,4), &Units "Bohr"] 
              C     -3.125473160472   -3.693631267655   -0.710879799420
              C     -2.286957588624   -5.634197669562   -2.282064761093
              C      0.137776261839   -5.618799908561   -3.184738830801
              C     -1.530472591746   -1.763282294251   -0.067827338403
              C      0.995121716673   -1.697494964743   -0.917149303843
              O     -2.367091503247    0.104565122406    1.560828713480
              C      1.808272716241   -3.673943489622   -2.525738934160
              C      4.331304150969   -3.690366899122   -3.501991075847
              C      5.990863481499   -1.855026594939   -2.934451888795
              C      2.822948024631    0.213386313363   -0.279928191565
              C      5.275771161181    0.156452747139   -1.285898727889
              N      2.265752449749    2.124458323614    1.335676256065
              C      3.864114794125    3.944482640643    1.982087049871
              C      6.277970028068    3.977932935301    1.000642182412
              C      6.971458924334    2.075104964923   -0.622872556003
              C     -4.497003732482    1.485775439572    0.881933513764
              O     -5.245960676004    1.532928915266   -1.279786384124
              N     -5.464989591939    2.715725915116    2.853772975819
              C     -7.546038291940    4.462156129388    2.454330600362
              C     -4.584296170733    2.483595377196    5.447264083222
              H     -3.331384567849    0.878945087739    5.652485270994
              H     -6.216777086856    2.216863130981    6.673860170549
              H     -3.600612367566    4.201444665400    6.024281680270
              H     -7.918217635495    4.649177553766    0.449059845314
              H     -7.051998112183    6.303223865768    3.236335794095
              H     -9.238319656575    3.769815333441    3.405982341872
              H      0.803434747893   -7.109890398308   -4.413990531074
              H     -5.037761684894   -3.691143199843    0.005865828241
              H     -3.567046891171   -7.147304746711   -2.779716452065
              H      4.866576497657   -5.232213696975   -4.733411434037
              H      7.890562408586   -1.863260636236   -3.687640455361
              H      3.156675514022    5.341427411362    3.290084687360
              H      7.566324524535    5.467846183666    1.528216025209
              H      8.857675339121    2.030327190624   -1.412947462978
              H      0.504064235429    2.125870402631    2.100241282517
$End
$SCF_Energy
   &GeometryIndex 38
   &ListStatus       OUT
   &SCF_ENERGY [&Type "Double"]      -8.7844790946473904e+02
$End
$DFT_Energy
   &GeometryIndex 38
   &ListStatus       OUT
   &NALPHAEL [&Type "Integer"] 70
   &NBETAEL [&Type "Integer"] 70
   &NTOTALEL [&Type "Integer"] 139
   &EEXCHANGE [&Type "Double"]       0.0000000000000000e+00
   &ECORR [&Type "Double"]       0.0000000000000000e+00
   &ECNL [&Type "Double"]       0.0000000000000000e+00
   &EXC [&Type "Double"]      -8.9693730066411845e+01
   &EEMBED [&Type "Double"]       0.0000000000000000e+00
   &FINALEN [&Type "Double"]      -8.7844790946473904e+02  "No Van der Waals correction"
$End
$Solvation_Details
   &GeometryIndex 38
   &ListStatus       OUT
   &SOLVENT [&Type "String"] "WATER"
   &EPSILON [&Type "Double"]       8.0150999999999996e+01
   &REFRAC [&Type "Double"]       1.3328000000000000e+00
   &RSOLV [&Type "Double"]       1.3000000000000000e+00
   &SURFACETYPE [&Type "String"] "GAUSSIAN VDW"
   &NPOINTS [&Type "Integer"] 3048
   &SURFACEAREA [&Type "Double"]       1.0796717999780001e+03
   &CPCMDIELENERGY [&Type "Double"]      -8.8558105999999998e-02
$End
$CIS_Absorption_Spectrum
   &GeometryIndex 38
   &ListStatus       OUT
   &TEMPERATURE [&Type "Double"]       2.9814999999999998e+02
   &METHOD [&Type "Integer"] 20
   &RELCORRECTION [&Type "Integer"] 1 "Type of relativistic treatment in QDPT. 0->Unknow, 1->None, 2->SOC, 3->SSC, 4->SOC/SSC"
   &DENSTYPE [&Type "Integer"] 3 "Type of density (electron/spin ...). 0->Unknow, 1->Electronic, 2->Spin, 3->Trans/Electronic, 4->Tran/Spin"
   &DERITYPE [&Type "Integer"] 0 "Type of derivative (w.r.t. to what perturbation). 0->Unknown, 1->No Derivative, 2->Electric/Dipole, 3->Electric/Quad, 4->Magnetic/Dipole, 5->Magnetic/Quad"
   &DENSLEVEL [&Type "Integer"] 0 "// Source of density: relaxed, unrelaxed, ... 0->Unknown, 1->Linearized, 2->Unrelaxed, 3->Relaxed"
   &REPRESENTATION [&Type "String"] "Length" "Possible values: Unknown,  Length, Velocity"
   &POINTGROUP [&Type "String"] "C1"
   &NTRANS [&Type "Integer"] 5
   &DOHIGHERMOMENTS [&Type "Boolean"] false
   &STATES [&Type "ArrayOfIntegers", &Dim (5,4)] "The initial and Final states. Col1: Initial State  Col2: Initial Irrep Col3: Final State Col4: Final Irrep"
                                                         0                           1                           2                           3

0                                                        0                           0                           1                           0
1                                                        0                           0                           2                           0
2                                                        0                           0                           3                           0
3                                                        0                           0                           4                           0
4                                                        0                           0                           5                           0
   &MULTIPLICITIES [&Type "ArrayOfDoubles", &Dim (5,2)] "Col1: Multiplicity of the initial state  Col2: Multiplicity of the final state"
                                                         0                           1

0                                      1.0000000000000000e+00         1.0000000000000000e+00
1                                      1.0000000000000000e+00         1.0000000000000000e+00
2                                      1.0000000000000000e+00         1.0000000000000000e+00
3                                      1.0000000000000000e+00         1.0000000000000000e+00
4                                      1.0000000000000000e+00         1.0000000000000000e+00
   &EXCITATIONENERGIES [&Type "ArrayOfDoubles", &Dim (5,11)] 
                                                         0                           1                           2                           3                           4                           5                           6                           7

0                                      3.9237511157038805e+00         3.1647190332297407e+04         3.1598381704661290e+02         3.1948160492296129e-01         3.3234280862051429e+00        -1.5474796312646046e+00         0.0000000000000000e+00        -9.5820190912590697e-01
1                                      4.3988623255332699e+00         3.5479221071021129e+04         2.8185511682971651e+02         1.2179952557904420e-02         1.1301786723005768e-01         1.4533512816696278e-01         0.0000000000000000e+00         2.5260493754199159e-01
2                                      4.8281244887403512e+00         3.8941454271057111e+04         2.5679575113948454e+02         1.3732896837309714e+00         1.1609822465353748e+01        -1.2315374106064148e+00         0.0000000000000000e+00        -2.8330367384634552e+00
3                                      5.1371243116956515e+00         4.1433706180352419e+04         2.4134939694923867e+02         3.1987087912326301e-01         2.5415374250828067e+00         1.5361502268098970e+00         0.0000000000000000e+00         2.2595848723456857e-01
4                                      5.3586747098041263e+00         4.3220630837493263e+04         2.3137098663828723e+02         2.0466025266855942e-02         1.5588990479071108e-01        -1.5073757307427801e-01         0.0000000000000000e+00         2.5674817726746801e-01
                                                         8                           9                          10

0                                      0.0000000000000000e+00        -1.0287846409124290e-01         0.0000000000000000e+00
1                                      0.0000000000000000e+00         1.6758971710745468e-01         0.0000000000000000e+00
2                                      0.0000000000000000e+00        -1.4377207344080922e+00         0.0000000000000000e+00
3                                      0.0000000000000000e+00        -3.6155589858467835e-01         0.0000000000000000e+00
4                                      0.0000000000000000e+00         2.5932308482705624e-01         0.0000000000000000e+00
$End
$Geometry
   &GeometryIndex 39
   &ListStatus       OUT
   &NATOMS [&Type "Integer"] 35
   &NCORELESSECP [&Type "Integer"] 0
   &NGHOSTATOMS [&Type "Integer"] 0
   &CartesianCoordinates [&Type "Coordinates", &Dim(35,4), &Units "Bohr"] 
              C     -3.125614140029   -3.693628574229   -0.710867763567
              C     -2.286856005416   -5.634186134416   -2.281958126174
              C      0.137833783474   -5.618831495713   -3.184764483960
              C     -1.530500563989   -1.763307014727   -0.067880153075
              C      0.995002688310   -1.697363515088   -0.917469422536
              O     -2.366785844181    0.104452620482    1.561077352221
              C      1.808307981098   -3.674060382111   -2.525612641593
              C      4.331250913188   -3.690314625674   -3.501907234732
              C      5.990926742240   -1.855169563692   -2.934202421199
              C      2.823148880702    0.213096811389   -0.279509300578
              C      5.275630172095    0.156784788459   -1.286389916178
              N      2.265792844931    2.124487581354    1.335686540654
              C      3.864189324243    3.944391557857    1.982385712396
              C      6.277840028401    3.977976220651    1.000463089161
              C      6.971507146951    2.075033351183   -0.622848223455
              C     -4.497090099258    1.485696854185    0.881770813012
              O     -5.246097466929    1.533008692844   -1.279989601773
              N     -5.464951325237    2.715703449437    2.853716817072
              C     -7.546168107366    4.462263962462    2.454287536626
              C     -4.584213819391    2.483566448306    5.447484751251
              H     -3.331284183239    0.878942283182    5.652809709514
              H     -6.216765347784    2.216882502203    6.673991636383
              H     -3.600591975064    4.201463392872    6.024442515621
              H     -7.918408928158    4.649335205494    0.449029950923
              H     -7.052088582692    6.303306036431    3.236317251051
              H     -9.238414903549    3.769900468579    3.405975623441
              H      0.803254503741   -7.109630120556   -4.414498631326
              H     -5.037956829643   -3.691190371231    0.005744070257
              H     -3.567024659539   -7.147081497259   -2.780046451944
              H      4.866181972485   -5.231521844154   -4.734271177925
              H      7.890331091055   -1.863047341587   -3.688131030049
              H      3.156498059225    5.341858338930    3.289695090570
              H      7.566266370646    5.467830674285    1.528017492015
              H      8.858048805147    2.029810346226   -1.412119539112
              H      0.503340203473    2.127015912782    2.098494740364
$End
$SCF_Energy
   &GeometryIndex 39
   &ListStatus       OUT
   &SCF_ENERGY [&Type "Double"]      -8.7844790937414541e+02
$End
$DFT_Energy
   &GeometryIndex 39
   &ListStatus       OUT
   &NALPHAEL [&Type "Integer"] 70
   &NBETAEL [&Type "Integer"] 70
   &NTOTALEL [&Type "Integer"] 139
   &EEXCHANGE [&Type "Double"]       0.0000000000000000e+00
   &ECORR [&Type "Double"]       0.0000000000000000e+00
   &ECNL [&Type "Double"]       0.0000000000000000e+00
   &EXC [&Type "Double"]      -8.9693513760132575e+01
   &EEMBED [&Type "Double"]       0.0000000000000000e+00
   &FINALEN [&Type "Double"]      -8.7844790937414541e+02  "No Van der Waals correction"
$End
$Solvation_Details
   &GeometryIndex 39
   &ListStatus       OUT
   &SOLVENT [&Type "String"] "WATER"
   &EPSILON [&Type "Double"]       8.0150999999999996e+01
   &REFRAC [&Type "Double"]       1.3328000000000000e+00
   &RSOLV [&Type "Double"]       1.3000000000000000e+00
   &SURFACETYPE [&Type "String"] "GAUSSIAN VDW"
   &NPOINTS [&Type "Integer"] 3048
   &SURFACEAREA [&Type "Double"]       1.0796815913840001e+03
   &CPCMDIELENERGY [&Type "Double"]      -8.8551376000000001e-02
$End
$CIS_Absorption_Spectrum
   &GeometryIndex 39
   &ListStatus       OUT
   &TEMPERATURE [&Type "Double"]       2.9814999999999998e+02
   &METHOD [&Type "Integer"] 20
   &RELCORRECTION [&Type "Integer"] 1 "Type of relativistic treatment in QDPT. 0->Unknow, 1->None, 2->SOC, 3->SSC, 4->SOC/SSC"
   &DENSTYPE [&Type "Integer"] 3 "Type of density (electron/spin ...). 0->Unknow, 1->Electronic, 2->Spin, 3->Trans/Electronic, 4->Tran/Spin"
   &DERITYPE [&Type "Integer"] 0 "Type of derivative (w.r.t. to what perturbation). 0->Unknown, 1->No Derivative, 2->Electric/Dipole, 3->Electric/Quad, 4->Magnetic/Dipole, 5->Magnetic/Quad"
   &DENSLEVEL [&Type "Integer"] 0 "// Source of density: relaxed, unrelaxed, ... 0->Unknown, 1->Linearized, 2->Unrelaxed, 3->Relaxed"
   &REPRESENTATION [&Type "String"] "Length" "Possible values: Unknown,  Length, Velocity"
   &POINTGROUP [&Type "String"] "C1"
   &NTRANS [&Type "Integer"] 5
   &DOHIGHERMOMENTS [&Type "Boolean"] false
   &STATES [&Type "ArrayOfIntegers", &Dim (5,4)] "The initial and Final states. Col1: Initial State  Col2: Initial Irrep Col3: Final State Col4: Final Irrep"
                                                         0                           1                           2                           3

0                                                        0                           0                           1                           0
1                                                        0                           0                           2                           0
2                                                        0                           0                           3                           0
3                                                        0                           0                           4                           0
4                                                        0                           0                           5                           0
   &MULTIPLICITIES [&Type "ArrayOfDoubles", &Dim (5,2)] "Col1: Multiplicity of the initial state  Col2: Multiplicity of the final state"
                                                         0                           1

0                                      1.0000000000000000e+00         1.0000000000000000e+00
1                                      1.0000000000000000e+00         1.0000000000000000e+00
2                                      1.0000000000000000e+00         1.0000000000000000e+00
3                                      1.0000000000000000e+00         1.0000000000000000e+00
4                                      1.0000000000000000e+00         1.0000000000000000e+00
   &EXCITATIONENERGIES [&Type "ArrayOfDoubles", &Dim (5,11)] 
                                                         0                           1                           2                           3                           4                           5                           6                           7

0                                      3.9237826382153052e+00         3.1647444578524901e+04         3.1598127852590437e+02         3.1946774203274436e-01         3.3232571783102021e+00        -1.5473801215529694e+00         0.0000000000000000e+00        -9.5826013978687330e-01
1                                      4.3988572707804066e+00         3.5479180301685556e+04         2.8185544071109547e+02         1.2149682367128992e-02         1.1273711945927017e-01         1.4506120986351895e-01         0.0000000000000000e+00         2.5243356988478044e-01
2                                      4.8281099633174129e+00         3.8941337115607945e+04         2.5679652371238001e+02         1.3733485479191967e+00         1.1610355034328478e+01        -1.2317793873131269e+00         0.0000000000000000e+00        -2.8330012208697841e+00
3                                      5.1370784907546847e+00         4.1433336609501159e+04         2.4135154970133109e+02         3.1990976831606521e-01         2.5418690919519364e+00         1.5362183103112796e+00         0.0000000000000000e+00         2.2627904444413643e-01
4                                      5.3593737540611341e+00         4.3226269010251897e+04         2.3134080800793419e+02         2.0517784853341461e-02         1.5626377328318869e-01        -1.5211180794183771e-01         0.0000000000000000e+00         2.5641880041083520e-01
                                                         8                           9                          10

0                                      0.0000000000000000e+00        -1.0300214671822104e-01         0.0000000000000000e+00
1                                      0.0000000000000000e+00         1.6724729488822218e-01         0.0000000000000000e+00
2                                      0.0000000000000000e+00        -1.4377686385052664e+00         0.0000000000000000e+00
3                                      0.0000000000000000e+00        -3.6152481112883755e-01         0.0000000000000000e+00
4                                      0.0000000000000000e+00         2.5956727444676542e-01         0.0000000000000000e+00
$End
$Geometry
   &GeometryIndex 40
   &ListStatus       OUT
   &NATOMS [&Type "Integer"] 35
   &NCORELESSECP [&Type "Integer"] 0
   &NGHOSTATOMS [&Type "Integer"] 0
   &CartesianCoordinates [&Type "Coordinates", &Dim(35,4), &Units "Bohr"] 
              C     -3.125394657505   -3.693549917778   -0.710935406591
              C     -2.286913662571   -5.634223376574   -2.281972871426
              C      0.137799982383   -5.618884854963   -3.184724211219
              C     -1.530488698335   -1.763190482462   -0.067934799270
              C      0.994868642492   -1.697482892683   -0.917266150671
              O     -2.366625774272    0.104375113876    1.561091314997
              C      1.808191162642   -3.673973771022   -2.525553084152
              C      4.331214523994   -3.690249627664   -3.501965751159
              C      5.991301873369   -1.855221692591   -2.934672453402
              C      2.822729019877    0.213167150641   -0.279646817430
              C      5.275691622702    0.156525893826   -1.286126719600
              N      2.265391094719    2.124523467803    1.335797330943
              C      3.864245901024    3.944298445568    1.982021843924
              C      6.278177462467    3.978196703356    1.000669464831
              C      6.971513165903    2.075189721531   -0.622774982363
              C     -4.497080622879    1.485573248390    0.881713934768
              O     -5.246151261452    1.533059146687   -1.280045058862
              N     -5.464910422034    2.715675551338    2.853664115545
              C     -7.546281811786    4.462357146369    2.454249754561
              C     -4.584166534061    2.483550208779    5.447592816006
              H     -3.331229756653    0.878936578206    5.653009029013
              H     -6.216753508626    2.216885971875    6.674053900381
              H     -3.600580131769    4.201471594141    6.024528402717
              H     -7.918623042227    4.649518153343    0.449017807527
              H     -7.052142058220    6.303353703687    3.236342253011
              H     -9.238474257442    3.769966725517    3.406009349985
              H      0.803249511733   -7.109471330836   -4.414699476377
              H     -5.037587571848   -3.691211959744    0.006056435612
              H     -3.567290139819   -7.146993218905   -2.779906453724
              H      4.865945869918   -5.232325742875   -4.733340171267
              H      7.891017618142   -1.863777900099   -3.687863551233
              H      3.156922131178    5.341420795944    3.289884411894
              H      7.566296174681    5.468296065435    1.528352661270
              H      8.857774095512    2.030153063727   -1.412748231354
              H      0.503656706887    2.126382530838    2.100272129798
$End
$SCF_Energy
   &GeometryIndex 40
   &ListStatus       OUT
   &SCF_ENERGY [&Type "Double"]      -8.7844790935713525e+02
$End
$DFT_Energy
   &GeometryIndex 40
   &ListStatus       OUT
   &NALPHAEL [&Type "Integer"] 70
   &NBETAEL [&Type "Integer"] 70
   &NTOTALEL [&Type "Integer"] 139
   &EEXCHANGE [&Type "Double"]       0.0000000000000000e+00
   &ECORR [&Type "Double"]       0.0000000000000000e+00
   &ECNL [&Type "Double"]       0.0000000000000000e+00
   &EXC [&Type "Double"]      -8.9693213513625409e+01
   &EEMBED [&Type "Double"]       0.0000000000000000e+00
   &FINALEN [&Type "Double"]      -8.7844790935713525e+02  "No Van der Waals correction"
$End
$Solvation_Details
   &GeometryIndex 40
   &ListStatus       OUT
   &SOLVENT [&Type "String"] "WATER"
   &EPSILON [&Type "Double"]       8.0150999999999996e+01
   &REFRAC [&Type "Double"]       1.3328000000000000e+00
   &RSOLV [&Type "Double"]       1.3000000000000000e+00
   &SURFACETYPE [&Type "String"] "GAUSSIAN VDW"
   &NPOINTS [&Type "Integer"] 3048
   &SURFACEAREA [&Type "Double"]       1.0797013985760000e+03
   &CPCMDIELENERGY [&Type "Double"]      -8.8549174999999994e-02
$End
$CIS_Absorption_Spectrum
   &GeometryIndex 40
   &ListStatus       OUT
   &TEMPERATURE [&Type "Double"]       2.9814999999999998e+02
   &METHOD [&Type "Integer"] 20
   &RELCORRECTION [&Type "Integer"] 1 "Type of relativistic treatment in QDPT. 0->Unknow, 1->None, 2->SOC, 3->SSC, 4->SOC/SSC"
   &DENSTYPE [&Type "Integer"] 3 "Type of density (electron/spin ...). 0->Unknow, 1->Electronic, 2->Spin, 3->Trans/Electronic, 4->Tran/Spin"
   &DERITYPE [&Type "Integer"] 0 "Type of derivative (w.r.t. to what perturbation). 0->Unknown, 1->No Derivative, 2->Electric/Dipole, 3->Electric/Quad, 4->Magnetic/Dipole, 5->Magnetic/Quad"
   &DENSLEVEL [&Type "Integer"] 0 "// Source of density: relaxed, unrelaxed, ... 0->Unknown, 1->Linearized, 2->Unrelaxed, 3->Relaxed"
   &REPRESENTATION [&Type "String"] "Length" "Possible values: Unknown,  Length, Velocity"
   &POINTGROUP [&Type "String"] "C1"
   &NTRANS [&Type "Integer"] 5
   &DOHIGHERMOMENTS [&Type "Boolean"] false
   &STATES [&Type "ArrayOfIntegers", &Dim (5,4)] "The initial and Final states. Col1: Initial State  Col2: Initial Irrep Col3: Final State Col4: Final Irrep"
                                                         0                           1                           2                           3

0                                                        0                           0                           1                           0
1                                                        0                           0                           2                           0
2                                                        0                           0                           3                           0
3                                                        0                           0                           4                           0
4                                                        0                           0                           5                           0
   &MULTIPLICITIES [&Type "ArrayOfDoubles", &Dim (5,2)] "Col1: Multiplicity of the initial state  Col2: Multiplicity of the final state"
                                                         0                           1

0                                      1.0000000000000000e+00         1.0000000000000000e+00
1                                      1.0000000000000000e+00         1.0000000000000000e+00
2                                      1.0000000000000000e+00         1.0000000000000000e+00
3                                      1.0000000000000000e+00         1.0000000000000000e+00
4                                      1.0000000000000000e+00         1.0000000000000000e+00
   &EXCITATIONENERGIES [&Type "ArrayOfDoubles", &Dim (5,11)] 
                                                         0                           1                           2                           3                           4                           5                           6                           7

0                                      3.9237005555262043e+00         3.1646782536920236e+04         3.1598788876353075e+02         3.1954930676933146e-01         3.3241751932844794e+00        -1.5476533925141036e+00         0.0000000000000000e+00        -9.5830536216931428e-01
1                                      4.3988080460320287e+00         3.5478783277273193e+04         2.8185859480716027e+02         1.2199455847819372e-02         1.1320023522480203e-01         1.4538900110237354e-01         0.0000000000000000e+00         2.5291915866428960e-01
2                                      4.8279966443128410e+00         3.8940423136102057e+04         2.5680255104184778e+02         1.3732851762620191e+00         1.1610091783976694e+01        -1.2314402107455806e+00         0.0000000000000000e+00        -2.8330856696982218e+00
3                                      5.1370837904188287e+00         4.1433379354179640e+04         2.4135130071139704e+02         3.1961722014390664e-01         2.5395420067313008e+00         1.5355476242494763e+00         0.0000000000000000e+00         2.2551955635270246e-01
4                                      5.3592707577474883e+00         4.3225438288871941e+04         2.3134525399536372e+02         2.0499146928699506e-02         1.5612482695804961e-01        -1.5252775462538629e-01         0.0000000000000000e+00         2.5603559077970739e-01
                                                         8                           9                          10

0                                      0.0000000000000000e+00        -1.0293202981387649e-01         0.0000000000000000e+00
1                                      0.0000000000000000e+00         1.6761316405283910e-01         0.0000000000000000e+00
2                                      0.0000000000000000e+00        -1.4378012308682142e+00         0.0000000000000000e+00
3                                      0.0000000000000000e+00        -3.6163023946507883e-01         0.0000000000000000e+00
4                                      0.0000000000000000e+00         2.5943378207371870e-01         0.0000000000000000e+00
$End
$Geometry
   &GeometryIndex 41
   &ListStatus       OUT
   &NATOMS [&Type "Integer"] 35
   &NCORELESSECP [&Type "Integer"] 0
   &NGHOSTATOMS [&Type "Integer"] 0
   &CartesianCoordinates [&Type "Coordinates", &Dim(35,4), &Units "Bohr"] 
              C     -3.125568617596   -3.693479051028   -0.711069463343
              C     -2.286899229920   -5.634156305522   -2.282013242427
              C      0.137746140490   -5.618737453929   -3.184922639355
              C     -1.530392375727   -1.763460883232   -0.067606919764
              C      0.994890848676   -1.697222939969   -0.917644080548
              O     -2.366872816002    0.104460598291    1.560902418096
              C      1.808425068843   -3.674298264142   -2.525188187728
              C      4.331147008421   -3.690133167213   -3.502181394764
              C      5.990963049601   -1.855032266425   -2.934587758477
              C      2.823017200748    0.213110919462   -0.279545160057
              C      5.275725508372    0.156551236529   -1.286091798357
              N      2.265657824643    2.124484699491    1.335736749998
              C      3.864165314393    3.944431501455    1.982138504525
              C      6.277952191563    3.978080492044    1.000505701590
              C      6.971470747373    2.075130634715   -0.622878237561
              C     -4.497049523606    1.485715588106    0.881807377087
              O     -5.246050202246    1.532983662176   -1.279921625103
              N     -5.464965635843    2.715712807847    2.853749624376
              C     -7.546155148804    4.462255097353    2.454301351828
              C     -4.584238952466    2.483581065672    5.447435944183
              H     -3.331317071293    0.878940063640    5.652691889955
              H     -6.216751086042    2.216865714846    6.673990307641
              H     -3.600577164803    4.201448148708    6.024422820956
              H     -7.918361484398    4.649291074749    0.449034542118
              H     -7.052101913320    6.303314342036    3.236310000359
              H     -9.238418299724    3.769895240730    3.405965149217
              H      0.803344715240   -7.109789093130   -4.414253516215
              H     -5.037574101180   -3.691505722992    0.006433395406
              H     -3.566787568827   -7.147648155934   -2.779005823453
              H      4.866544719576   -5.232531783461   -4.732853966990
              H      7.891163206076   -1.864303550476   -3.686510452545
              H      3.156823424350    5.341377389294    3.290187616091
              H      7.566560483953    5.467524802736    1.528797083009
              H      8.857908413825    2.029962262505   -1.412407257524
              H      0.503583334272    2.126596416301    2.099416094006
$End
$SCF_Energy
   &GeometryIndex 41
   &ListStatus       OUT
   &SCF_ENERGY [&Type "Double"]      -8.7844790941664348e+02
$End
$DFT_Energy
   &GeometryIndex 41
   &ListStatus       OUT
   &NALPHAEL [&Type "Integer"] 70
   &NBETAEL [&Type "Integer"] 70
   &NTOTALEL [&Type "Integer"] 139
   &EEXCHANGE [&Type "Double"]       0.0000000000000000e+00
   &ECORR [&Type "Double"]       0.0000000000000000e+00
   &ECNL [&Type "Double"]       0.0000000000000000e+00
   &EXC [&Type "Double"]      -8.9693551701921734e+01
   &EEMBED [&Type "Double"]       0.0000000000000000e+00
   &FINALEN [&Type "Double"]      -8.7844790941664348e+02  "No Van der Waals correction"
$End
$Solvation_Details
   &GeometryIndex 41
   &ListStatus       OUT
   &SOLVENT [&Type "String"] "WATER"
   &EPSILON [&Type "Double"]       8.0150999999999996e+01
   &REFRAC [&Type "Double"]       1.3328000000000000e+00
   &RSOLV [&Type "Double"]       1.3000000000000000e+00
   &SURFACETYPE [&Type "String"] "GAUSSIAN VDW"
   &NPOINTS [&Type "Integer"] 3048
   &SURFACEAREA [&Type "Double"]       1.0796790570400001e+03
   &CPCMDIELENERGY [&Type "Double"]      -8.8551125999999994e-02
$End
$CIS_Absorption_Spectrum
   &GeometryIndex 41
   &ListStatus       OUT
   &TEMPERATURE [&Type "Double"]       2.9814999999999998e+02
   &METHOD [&Type "Integer"] 20
   &RELCORRECTION [&Type "Integer"] 1 "Type of relativistic treatment in QDPT. 0->Unknow, 1->None, 2->SOC, 3->SSC, 4->SOC/SSC"
   &DENSTYPE [&Type "Integer"] 3 "Type of density (electron/spin ...). 0->Unknow, 1->Electronic, 2->Spin, 3->Trans/Electronic, 4->Tran/Spin"
   &DERITYPE [&Type "Integer"] 0 "Type of derivative (w.r.t. to what perturbation). 0->Unknown, 1->No Derivative, 2->Electric/Dipole, 3->Electric/Quad, 4->Magnetic/Dipole, 5->Magnetic/Quad"
   &DENSLEVEL [&Type "Integer"] 0 "// Source of density: relaxed, unrelaxed, ... 0->Unknown, 1->Linearized, 2->Unrelaxed, 3->Relaxed"
   &REPRESENTATION [&Type "String"] "Length" "Possible values: Unknown,  Length, Velocity"
   &POINTGROUP [&Type "String"] "C1"
   &NTRANS [&Type "Integer"] 5
   &DOHIGHERMOMENTS [&Type "Boolean"] false
   &STATES [&Type "ArrayOfIntegers", &Dim (5,4)] "The initial and Final states. Col1: Initial State  Col2: Initial Irrep Col3: Final State Col4: Final Irrep"
                                                         0                           1                           2                           3

0                                                        0                           0                           1                           0
1                                                        0                           0                           2                           0
2                                                        0                           0                           3                           0
3                                                        0                           0                           4                           0
4                                                        0                           0                           5                           0
   &MULTIPLICITIES [&Type "ArrayOfDoubles", &Dim (5,2)] "Col1: Multiplicity of the initial state  Col2: Multiplicity of the final state"
                                                         0                           1

0                                      1.0000000000000000e+00         1.0000000000000000e+00
1                                      1.0000000000000000e+00         1.0000000000000000e+00
2                                      1.0000000000000000e+00         1.0000000000000000e+00
3                                      1.0000000000000000e+00         1.0000000000000000e+00
4                                      1.0000000000000000e+00         1.0000000000000000e+00
   &EXCITATIONENERGIES [&Type "ArrayOfDoubles", &Dim (5,11)] 
                                                         0                           1                           2                           3                           4                           5                           6                           7

0                                      3.9237563838774943e+00         3.1647232822987600e+04         3.1598339279560327e+02         3.1956619510867867e-01         3.3243035777573486e+00        -1.5476185861275649e+00         0.0000000000000000e+00        -9.5843306812726559e-01
1                                      4.3989046524082669e+00         3.5479562460326844e+04         2.8185240478041334e+02         1.2179557314039503e-02         1.1301311232098177e-01         1.4523852202121737e-01         0.0000000000000000e+00         2.5288057765994593e-01
2                                      4.8281835774217505e+00         3.8941930853462982e+04         2.5679260840017469e+02         1.3733398589881491e+00         1.1610104558633298e+01        -1.2314739472411642e+00         0.0000000000000000e+00        -2.8330162228067532e+00
3                                      5.1371813951705461e+00         4.1434166589675428e+04         2.4134671511630697e+02         3.1984913413102273e-01         2.5413364108125900e+00         1.5360389466249589e+00         0.0000000000000000e+00         2.2605401887652621e-01
4                                      5.3587250685197487e+00         4.3221037007969222e+04         2.3136881232526119e+02         2.0489817413559142e-02         1.5606966311215395e-01        -1.5111341145892107e-01         0.0000000000000000e+00         2.5676940812201698e-01
                                                         8                           9                          10

0                                      0.0000000000000000e+00        -1.0288995845086944e-01         0.0000000000000000e+00
1                                      0.0000000000000000e+00         1.6724322851597367e-01         0.0000000000000000e+00
2                                      0.0000000000000000e+00        -1.4379136125697261e+00         0.0000000000000000e+00
3                                      0.0000000000000000e+00        -3.6169095345840208e-01         0.0000000000000000e+00
4                                      0.0000000000000000e+00         2.5942989619947399e-01         0.0000000000000000e+00
$End
$Geometry
   &GeometryIndex 42
   &ListStatus       OUT
   &NATOMS [&Type "Integer"] 35
   &NCORELESSECP [&Type "Integer"] 0
   &NGHOSTATOMS [&Type "Integer"] 0
   &CartesianCoordinates [&Type "Coordinates", &Dim(35,4), &Units "Bohr"] 
              C     -3.125632786917   -3.693601133516   -0.710948836067
              C     -2.286891452161   -5.634227451845   -2.281996151804
              C      0.137807842474   -5.618782492855   -3.184793930143
              C     -1.530495724475   -1.763302635202   -0.067813084599
              C      0.994972349869   -1.697300860849   -0.917535428672
              O     -2.366722345635    0.104507286086    1.561114511405
              C      1.808374260323   -3.674151690895   -2.525448383701
              C      4.331219520677   -3.690247864248   -3.502058082497
              C      5.990872220388   -1.855073591739   -2.934352109485
              C      2.823155611128    0.213068116640   -0.279492478507
              C      5.275669747164    0.156700138136   -1.286268300502
              N      2.265681346903    2.124661586283    1.335433738728
              C      3.864102058455    3.944523133758    1.982161201632
              C      6.277951551652    3.977821010688    1.000707317838
              C      6.971545873270    2.074979574112   -0.622747949510
              C     -4.497176448951    1.485583765006    0.881761341175
              O     -5.246108218575    1.533045336965   -1.280046154181
              N     -5.464929831542    2.715719769374    2.853701910742
              C     -7.546187910782    4.462281739262    2.454281634909
              C     -4.584195670296    2.483562514716    5.447525043016
              H     -3.331263435378    0.878942583162    5.652872005860
              H     -6.216752811338    2.216870739400    6.674023278087
              H     -3.600584958108    4.201463930443    6.024485147007
              H     -7.918438974494    4.649357404591    0.449025524943
              H     -7.052114233648    6.303325583509    3.236309464727
              H     -9.238429412250    3.769912659968    3.405975745892
              H      0.803295091918   -7.109585549968   -4.414486933477
              H     -5.037831356838   -3.691421122029    0.006055797745
              H     -3.566922077469   -7.147340277564   -2.779786909519
              H      4.866485281584   -5.232024201279   -4.733565290503
              H      7.890721898837   -1.863665929397   -3.687149401990
              H      3.156763973918    5.341330117797    3.290365649750
              H      7.565925722985    5.468438521613    1.527214079649
              H      8.857596493868    2.030585574422   -1.413242572054
              H      0.504585718891    2.124977153932    2.101388415673
$End
$SCF_Energy
   &GeometryIndex 42
   &ListStatus       OUT
   &SCF_ENERGY [&Type "Double"]      -8.7844790932930948e+02
$End
$DFT_Energy
   &GeometryIndex 42
   &ListStatus       OUT
   &NALPHAEL [&Type "Integer"] 70
   &NBETAEL [&Type "Integer"] 70
   &NTOTALEL [&Type "Integer"] 139
   &EEXCHANGE [&Type "Double"]       0.0000000000000000e+00
   &ECORR [&Type "Double"]       0.0000000000000000e+00
   &ECNL [&Type "Double"]       0.0000000000000000e+00
   &EXC [&Type "Double"]      -8.9693443481073786e+01
   &EEMBED [&Type "Double"]       0.0000000000000000e+00
   &FINALEN [&Type "Double"]      -8.7844790932930948e+02  "No Van der Waals correction"
$End
$Solvation_Details
   &GeometryIndex 42
   &ListStatus       OUT
   &SOLVENT [&Type "String"] "WATER"
   &EPSILON [&Type "Double"]       8.0150999999999996e+01
   &REFRAC [&Type "Double"]       1.3328000000000000e+00
   &RSOLV [&Type "Double"]       1.3000000000000000e+00
   &SURFACETYPE [&Type "String"] "GAUSSIAN VDW"
   &NPOINTS [&Type "Integer"] 3048
   &SURFACEAREA [&Type "Double"]       1.0797000884160000e+03
   &CPCMDIELENERGY [&Type "Double"]      -8.8552776000000000e-02
$End
$CIS_Absorption_Spectrum
   &GeometryIndex 42
   &ListStatus       OUT
   &TEMPERATURE [&Type "Double"]       2.9814999999999998e+02
   &METHOD [&Type "Integer"] 20
   &RELCORRECTION [&Type "Integer"] 1 "Type of relativistic treatment in QDPT. 0->Unknow, 1->None, 2->SOC, 3->SSC, 4->SOC/SSC"
   &DENSTYPE [&Type "Integer"] 3 "Type of density (electron/spin ...). 0->Unknow, 1->Electronic, 2->Spin, 3->Trans/Electronic, 4->Tran/Spin"
   &DERITYPE [&Type "Integer"] 0 "Type of derivative (w.r.t. to what perturbation). 0->Unknown, 1->No Derivative, 2->Electric/Dipole, 3->Electric/Quad, 4->Magnetic/Dipole, 5->Magnetic/Quad"
   &DENSLEVEL [&Type "Integer"] 0 "// Source of density: relaxed, unrelaxed, ... 0->Unknown, 1->Linearized, 2->Unrelaxed, 3->Relaxed"
   &REPRESENTATION [&Type "String"] "Length" "Possible values: Unknown,  Length, Velocity"
   &POINTGROUP [&Type "String"] "C1"
   &NTRANS [&Type "Integer"] 5
   &DOHIGHERMOMENTS [&Type "Boolean"] false
   &STATES [&Type "ArrayOfIntegers", &Dim (5,4)] "The initial and Final states. Col1: Initial State  Col2: Initial Irrep Col3: Final State Col4: Final Irrep"
                                                         0                           1                           2                           3

0                                                        0                           0                           1                           0
1                                                        0                           0                           2                           0
2                                                        0                           0                           3                           0
3                                                        0                           0                           4                           0
4                                                        0                           0                           5                           0
   &MULTIPLICITIES [&Type "ArrayOfDoubles", &Dim (5,2)] "Col1: Multiplicity of the initial state  Col2: Multiplicity of the final state"
                                                         0                           1

0                                      1.0000000000000000e+00         1.0000000000000000e+00
1                                      1.0000000000000000e+00         1.0000000000000000e+00
2                                      1.0000000000000000e+00         1.0000000000000000e+00
3                                      1.0000000000000000e+00         1.0000000000000000e+00
4                                      1.0000000000000000e+00         1.0000000000000000e+00
   &EXCITATIONENERGIES [&Type "ArrayOfDoubles", &Dim (5,11)] 
                                                         0                           1                           2                           3                           4                           5                           6                           7

0                                      3.9237393618181509e+00         3.1647095530805705e+04         3.1598476360226692e+02         3.1952137013504894e-01         3.3238517032420640e+00        -1.5474827791834180e+00         0.0000000000000000e+00        -9.5840656611152186e-01
1                                      4.3988503392125509e+00         3.5479124394814615e+04         2.8185588484989586e+02         1.2132599515680393e-02         1.1257878477365982e-01         1.4493551072653857e-01         0.0000000000000000e+00         2.5231915339013894e-01
2                                      4.8281006757022942e+00         3.8941262205932297e+04         2.5679701770110069e+02         1.3732224052892008e+00         1.1609310950737123e+01        -1.2314161025668808e+00         0.0000000000000000e+00        -2.8329543739677807e+00
3                                      5.1370356831041493e+00         4.1432991342478803e+04         2.4135356091819489e+02         3.1993649539054758e-01         2.5421026376238292e+00         1.5363163480431890e+00         0.0000000000000000e+00         2.2630218242029068e-01
4                                      5.3590731214890930e+00         4.3223844244779546e+04         2.3135378573384921e+02         2.0519966186434622e-02         1.5628915334680737e-01        -1.5159634966743185e-01         0.0000000000000000e+00         2.5677636073069637e-01
                                                         8                           9                          10

0                                      0.0000000000000000e+00        -1.0298352007554171e-01         0.0000000000000000e+00
1                                      0.0000000000000000e+00         1.6705546185797332e-01         0.0000000000000000e+00
2                                      0.0000000000000000e+00        -1.4378090443772209e+00         0.0000000000000000e+00
3                                      0.0000000000000000e+00        -3.6141671044776258e-01         0.0000000000000000e+00
4                                      0.0000000000000000e+00         2.5956425155289853e-01         0.0000000000000000e+00
$End
$Geometry
   &GeometryIndex 43
   &ListStatus       OUT
   &NATOMS [&Type "Integer"] 35
   &NCORELESSECP [&Type "Integer"] 0
   &NGHOSTATOMS [&Type "Integer"] 0
   &CartesianCoordinates [&Type "Coordinates", &Dim(35,4), &Units "Bohr"] 
              C     -3.125726183418   -3.693381561849   -0.711264397221
              C     -2.286871659344   -5.634224589391   -2.281953897298
              C      0.137922692947   -5.618990095642   -3.184511863208
              C     -1.530453673539   -1.763381263974   -0.067730954364
              C      0.995015678646   -1.697416303130   -0.917361000023
              O     -2.366768156373    0.104485054811    1.561028030896
              C      1.808278936721   -3.674006495910   -2.525664627339
              C      4.331226584272   -3.690267557539   -3.502006413756
              C      5.990903936843   -1.855071265383   -2.934408443264
              C      2.823032527077    0.213227739018   -0.279703983603
              C      5.275746983299    0.156556199648   -1.286069745510
              N      2.265735676888    2.124507174444    1.335667154703
              C      3.864128532705    3.944485421831    1.982178214113
              C      6.277916202019    3.977950572194    1.000567209971
              C      6.971491465458    2.075087197895   -0.622881098711
              C     -4.497147217064    1.485667836033    0.881770647596
              O     -5.246082866012    1.533012090479   -1.280006250766
              N     -5.464954991214    2.715727249902    2.853738944750
              C     -7.546157491009    4.462258605753    2.454300942691
              C     -4.584221955361    2.483576334693    5.447482867552
              H     -3.331296155927    0.878942012405    5.652747825911
              H     -6.216747467035    2.216864581111    6.674019414573
              H     -3.600573053702    4.201452655074    6.024457360547
              H     -7.918346892207    4.649275453215    0.449028369964
              H     -7.052117724519    6.303329159237    3.236289033278
              H     -9.238428516016    3.769898022949    3.405949655027
              H      0.802720215767   -7.108604871050   -4.416017726631
              H     -5.037107541284   -3.692513560639    0.007927724655
              H     -3.567037086993   -7.147146490466   -2.779974292526
              H      4.866558624924   -5.232281622167   -4.733188019405
              H      7.890598136971   -1.863431381572   -3.687606288605
              H      3.156716594964    5.341475694693    3.290145549528
              H      7.566358661622    5.467736803079    1.528282859714
              H      8.857849492876    2.030137401480   -1.412609898462
              H      0.503876699567    2.126113683501    2.099853626006
$End
$SCF_Energy
   &GeometryIndex 43
   &ListStatus       OUT
   &SCF_ENERGY [&Type "Double"]      -8.7844790939952418e+02
$End
$DFT_Energy
   &GeometryIndex 43
   &ListStatus       OUT
   &NALPHAEL [&Type "Integer"] 70
   &NBETAEL [&Type "Integer"] 70
   &NTOTALEL [&Type "Integer"] 139
   &EEXCHANGE [&Type "Double"]       0.0000000000000000e+00
   &ECORR [&Type "Double"]       0.0000000000000000e+00
   &ECNL [&Type "Double"]       0.0000000000000000e+00
   &EXC [&Type "Double"]      -8.9693480252672046e+01
   &EEMBED [&Type "Double"]       0.0000000000000000e+00
   &FINALEN [&Type "Double"]      -8.7844790939952418e+02  "No Van der Waals correction"
$End
$Solvation_Details
   &GeometryIndex 43
   &ListStatus       OUT
   &SOLVENT [&Type "String"] "WATER"
   &EPSILON [&Type "Double"]       8.0150999999999996e+01
   &REFRAC [&Type "Double"]       1.3328000000000000e+00
   &RSOLV [&Type "Double"]       1.3000000000000000e+00
   &SURFACETYPE [&Type "String"] "GAUSSIAN VDW"
   &NPOINTS [&Type "Integer"] 3048
   &SURFACEAREA [&Type "Double"]       1.0796912090630001e+03
   &CPCMDIELENERGY [&Type "Double"]      -8.8551541999999997e-02
$End
$CIS_Absorption_Spectrum
   &GeometryIndex 43
   &ListStatus       OUT
   &TEMPERATURE [&Type "Double"]       2.9814999999999998e+02
   &METHOD [&Type "Integer"] 20
   &RELCORRECTION [&Type "Integer"] 1 "Type of relativistic treatment in QDPT. 0->Unknow, 1->None, 2->SOC, 3->SSC, 4->SOC/SSC"
   &DENSTYPE [&Type "Integer"] 3 "Type of density (electron/spin ...). 0->Unknow, 1->Electronic, 2->Spin, 3->Trans/Electronic, 4->Tran/Spin"
   &DERITYPE [&Type "Integer"] 0 "Type of derivative (w.r.t. to what perturbation). 0->Unknown, 1->No Derivative, 2->Electric/Dipole, 3->Electric/Quad, 4->Magnetic/Dipole, 5->Magnetic/Quad"
   &DENSLEVEL [&Type "Integer"] 0 "// Source of density: relaxed, unrelaxed, ... 0->Unknown, 1->Linearized, 2->Unrelaxed, 3->Relaxed"
   &REPRESENTATION [&Type "String"] "Length" "Possible values: Unknown,  Length, Velocity"
   &POINTGROUP [&Type "String"] "C1"
   &NTRANS [&Type "Integer"] 5
   &DOHIGHERMOMENTS [&Type "Boolean"] false
   &STATES [&Type "ArrayOfIntegers", &Dim (5,4)] "The initial and Final states. Col1: Initial State  Col2: Initial Irrep Col3: Final State Col4: Final Irrep"
                                                         0                           1                           2                           3

0                                                        0                           0                           1                           0
1                                                        0                           0                           2                           0
2                                                        0                           0                           3                           0
3                                                        0                           0                           4                           0
4                                                        0                           0                           5                           0
   &MULTIPLICITIES [&Type "ArrayOfDoubles", &Dim (5,2)] "Col1: Multiplicity of the initial state  Col2: Multiplicity of the final state"
                                                         0                           1

0                                      1.0000000000000000e+00         1.0000000000000000e+00
1                                      1.0000000000000000e+00         1.0000000000000000e+00
2                                      1.0000000000000000e+00         1.0000000000000000e+00
3                                      1.0000000000000000e+00         1.0000000000000000e+00
4                                      1.0000000000000000e+00         1.0000000000000000e+00
   &EXCITATIONENERGIES [&Type "ArrayOfDoubles", &Dim (5,11)] 
                                                         0                           1                           2                           3                           4                           5                           6                           7

0                                      3.9237100940942633e+00         3.1646859470668060e+04         3.1598712059465220e+02         3.1952297941821617e-01         3.3238932373518422e+00        -1.5475277223691819e+00         0.0000000000000000e+00        -9.5835674552490546e-01
1                                      4.3988166469235228e+00         3.5478852648148692e+04         2.8185804369639908e+02         1.2142841805591227e-02         1.1267468632794181e-01         1.4507287561710117e-01         0.0000000000000000e+00         2.5233773636874657e-01
2                                      4.8280689705932254e+00         3.8941006486955332e+04         2.5679870404350885e+02         1.3731843648182860e+00         1.1609065588399616e+01        -1.2313896704069640e+00         0.0000000000000000e+00        -2.8329227294563033e+00
3                                      5.1370225026429912e+00         4.1432885034879102e+04         2.4135418017793796e+02         3.1996903951424838e-01         2.5423677448966768e+00         1.5364040619351300e+00         0.0000000000000000e+00         2.2622804178826914e-01
4                                      5.3589307791611134e+00         4.3222696176359030e+04         2.3135993088440355e+02         2.0544302768172068e-02         1.5647866776455827e-01        -1.5171004378744674e-01         0.0000000000000000e+00         2.5692287752345255e-01
                                                         8                           9                          10

0                                      0.0000000000000000e+00        -1.0297346336608175e-01         0.0000000000000000e+00
1                                      0.0000000000000000e+00         1.6719513716739445e-01         0.0000000000000000e+00
2                                      0.0000000000000000e+00        -1.4378087066590231e+00         0.0000000000000000e+00
3                                      0.0000000000000000e+00        -3.6145701884809883e-01         0.0000000000000000e+00
4                                      0.0000000000000000e+00         2.5971785726753227e-01         0.0000000000000000e+00
$End
$Geometry
   &GeometryIndex 44
   &ListStatus       OUT
   &NATOMS [&Type "Integer"] 35
   &NCORELESSECP [&Type "Integer"] 0
   &NGHOSTATOMS [&Type "Integer"] 0
   &CartesianCoordinates [&Type "Coordinates", &Dim(35,4), &Units "Bohr"] 
              C     -3.125518612459   -3.693569279196   -0.710978365127
              C     -2.286934729347   -5.634234786786   -2.282022494515
              C      0.137812712625   -5.618904264730   -3.184776615981
              C     -1.530638208641   -1.763145518474   -0.067744207889
              C      0.994848802933   -1.697270590562   -0.917209905526
              O     -2.366852858692    0.104533303264    1.561022927694
              C      1.808290248489   -3.674054192764   -2.525503858596
              C      4.331361201766   -3.690376484222   -3.502206582825
              C      5.990835644835   -1.855005889363   -2.934413312078
              C      2.823044253155    0.213265655748   -0.279687008950
              C      5.275739231733    0.156575981944   -1.286016232538
              N      2.265866512551    2.124481848077    1.335611205810
              C      3.864103896956    3.944449495607    1.982184503806
              C      6.277813314176    3.977901936536    1.000542537658
              C      6.971559720451    2.075108393150   -0.622915251976
              C     -4.496841286383    1.485387957393    0.881753147460
              O     -5.246129522240    1.533084756813   -1.279896414299
              N     -5.464787108473    2.715534933484    2.853498746136
              C     -7.546440944902    4.462470966991    2.454107011607
              C     -4.584067267213    2.483478711701    5.447675452950
              H     -3.331107704818    0.878936623877    5.653611130517
              H     -6.216854165345    2.216984929748    6.673906714099
              H     -3.600696529092    4.201538128869    6.024564092870
              H     -7.919297825573    4.650114550653    0.449016397544
              H     -7.052044707380    6.303236443288    3.236578648388
              H     -9.238376338847    3.769993318514    3.406254314209
              H      0.803257662850   -7.109505296284   -4.414745628818
              H     -5.037679353957   -3.691634993593    0.006121803701
              H     -3.567220417702   -7.147211804952   -2.779577707070
              H      4.866867267508   -5.232422184531   -4.733291548384
              H      7.890774586418   -1.863296659610   -3.687000611685
              H      3.156559702902    5.341446302849    3.290066615024
              H      7.566193105385    5.467650657557    1.528493763892
              H      8.857967611850    2.030195746309   -1.412531840816
              H      0.504013766274    2.126239736106    2.099751444363
$End
$SCF_Energy
   &GeometryIndex 44
   &ListStatus       OUT
   &SCF_ENERGY [&Type "Double"]      -8.7844790941252836e+02
$End
$DFT_Energy
   &GeometryIndex 44
   &ListStatus       OUT
   &NALPHAEL [&Type "Integer"] 70
   &NBETAEL [&Type "Integer"] 70
   &NTOTALEL [&Type "Integer"] 139
   &EEXCHANGE [&Type "Double"]       0.0000000000000000e+00
   &ECORR [&Type "Double"]       0.0000000000000000e+00
   &ECNL [&Type "Double"]       0.0000000000000000e+00
   &EXC [&Type "Double"]      -8.9693402822170086e+01
   &EEMBED [&Type "Double"]       0.0000000000000000e+00
   &FINALEN [&Type "Double"]      -8.7844790941252836e+02  "No Van der Waals correction"
$End
$Solvation_Details
   &GeometryIndex 44
   &ListStatus       OUT
   &SOLVENT [&Type "String"] "WATER"
   &EPSILON [&Type "Double"]       8.0150999999999996e+01
   &REFRAC [&Type "Double"]       1.3328000000000000e+00
   &RSOLV [&Type "Double"]       1.3000000000000000e+00
   &SURFACETYPE [&Type "String"] "GAUSSIAN VDW"
   &NPOINTS [&Type "Integer"] 3048
   &SURFACEAREA [&Type "Double"]       1.0797128288160000e+03
   &CPCMDIELENERGY [&Type "Double"]      -8.8559813000000001e-02
$End
$CIS_Absorption_Spectrum
   &GeometryIndex 44
   &ListStatus       OUT
   &TEMPERATURE [&Type "Double"]       2.9814999999999998e+02
   &METHOD [&Type "Integer"] 20
   &RELCORRECTION [&Type "Integer"] 1 "Type of relativistic treatment in QDPT. 0->Unknow, 1->None, 2->SOC, 3->SSC, 4->SOC/SSC"
   &DENSTYPE [&Type "Integer"] 3 "Type of density (electron/spin ...). 0->Unknow, 1->Electronic, 2->Spin, 3->Trans/Electronic, 4->Tran/Spin"
   &DERITYPE [&Type "Integer"] 0 "Type of derivative (w.r.t. to what perturbation). 0->Unknown, 1->No Derivative, 2->Electric/Dipole, 3->Electric/Quad, 4->Magnetic/Dipole, 5->Magnetic/Quad"
   &DENSLEVEL [&Type "Integer"] 0 "// Source of density: relaxed, unrelaxed, ... 0->Unknown, 1->Linearized, 2->Unrelaxed, 3->Relaxed"
   &REPRESENTATION [&Type "String"] "Length" "Possible values: Unknown,  Length, Velocity"
   &POINTGROUP [&Type "String"] "C1"
   &NTRANS [&Type "Integer"] 5
   &DOHIGHERMOMENTS [&Type "Boolean"] false
   &STATES [&Type "ArrayOfIntegers", &Dim (5,4)] "The initial and Final states. Col1: Initial State  Col2: Initial Irrep Col3: Final State Col4: Final Irrep"
                                                         0                           1                           2                           3

0                                                        0                           0                           1                           0
1                                                        0                           0                           2                           0
2                                                        0                           0                           3                           0
3                                                        0                           0                           4                           0
4                                                        0                           0                           5                           0
   &MULTIPLICITIES [&Type "ArrayOfDoubles", &Dim (5,2)] "Col1: Multiplicity of the initial state  Col2: Multiplicity of the final state"
                                                         0                           1

0                                      1.0000000000000000e+00         1.0000000000000000e+00
1                                      1.0000000000000000e+00         1.0000000000000000e+00
2                                      1.0000000000000000e+00         1.0000000000000000e+00
3                                      1.0000000000000000e+00         1.0000000000000000e+00
4                                      1.0000000000000000e+00         1.0000000000000000e+00
   &EXCITATIONENERGIES [&Type "ArrayOfDoubles", &Dim (5,11)] 
                                                         0                           1                           2                           3                           4                           5                           6                           7

0                                      3.9238936992853377e+00         3.1648340346558649e+04         3.1597233505760659e+02         3.1943154129402562e-01         3.3227865506860352e+00        -1.5472999627176263e+00         0.0000000000000000e+00        -9.5815391269826877e-01
1                                      4.3988647777268470e+00         3.5479240849298236e+04         2.8185495970660816e+02         1.2149330555648033e-02         1.1273366260666720e-01         1.4512742130796100e-01         0.0000000000000000e+00         2.5237390889684358e-01
2                                      4.8281151653515222e+00         3.8941379072847005e+04         2.5679624702795354e+02         1.3735222423830251e+00         1.1611810944610417e+01        -1.2320328547917012e+00         0.0000000000000000e+00        -2.8331814484532103e+00
3                                      5.1370467513121270e+00         4.1433080613605889e+04         2.4135304090124006e+02         3.1988788653353079e-01         2.5417109324310432e+00         1.5361837495659034e+00         0.0000000000000000e+00         2.2548252990808240e-01
4                                      5.3588842314035681e+00         4.3222320743336102e+04         2.3136194049787971e+02         2.0507825840661707e-02         1.5620219271965297e-01        -1.5141113350064492e-01         0.0000000000000000e+00         2.5674234405877844e-01
                                                         8                           9                          10

0                                      0.0000000000000000e+00        -1.0290993946682610e-01         0.0000000000000000e+00
1                                      0.0000000000000000e+00         1.6726955580528238e-01         0.0000000000000000e+00
2                                      0.0000000000000000e+00        -1.4377026359664218e+00         0.0000000000000000e+00
3                                      0.0000000000000000e+00        -3.6195034011164479e-01         0.0000000000000000e+00
4                                      0.0000000000000000e+00         2.5953849452230909e-01         0.0000000000000000e+00
$End
$Geometry
   &GeometryIndex 45
   &ListStatus       OUT
   &NATOMS [&Type "Integer"] 35
   &NCORELESSECP [&Type "Integer"] 0
   &NGHOSTATOMS [&Type "Integer"] 0
   &CartesianCoordinates [&Type "Coordinates", &Dim(35,4), &Units "Bohr"] 
              C     -3.125649446737   -3.693516821464   -0.711058931088
              C     -2.286807071513   -5.634355265382   -2.281774503954
              C      0.137780003787   -5.618749705548   -3.184881122571
              C     -1.530515710918   -1.763269203776   -0.067874296513
              C      0.995005102907   -1.697428570937   -0.917326805042
              O     -2.366726088368    0.104474533361    1.561114127267
              C      1.808311466748   -3.674064189829   -2.525563585918
              C      4.331295771169   -3.690372754928   -3.501876584896
              C      5.990825032396   -1.854935976500   -2.934612201532
              C      2.823025005782    0.213240799272   -0.279712604907
              C      5.275740226628    0.156562775844   -1.286072209319
              N      2.265768775707    2.124460741168    1.335730300119
              C      3.864075006772    3.944567071487    1.982063844793
              C      6.277903537018    3.977963542603    1.000544699730
              C      6.971542317569    2.075021410205   -0.622787378264
              C     -4.497127116850    1.485614193480    0.881751503308
              O     -5.246114041433    1.533038118458   -1.280024901009
              N     -5.464923766449    2.715696695547    2.853687687580
              C     -7.546207857956    4.462296505280    2.454266208569
              C     -4.584186823455    2.483555063152    5.447535822925
              H     -3.331251852920    0.878942064839    5.652928679371
              H     -6.216768466101    2.216890070191    6.674005900233
              H     -3.600596791914    4.201472588848    6.024481174901
              H     -7.918509653347    4.649419904370    0.449024184475
              H     -7.052102746930    6.303314389445    3.236333793854
              H     -9.238421505993    3.769915700857    3.405998938499
              H      0.803522726740   -7.110011104602   -4.413881619696
              H     -5.037527315879   -3.691850262285    0.006801964770
              H     -3.567472521005   -7.146422431345   -2.781107828593
              H      4.866155793073   -5.231574001931   -4.734283107848
              H      7.891128944637   -1.864302498089   -3.686260735993
              H      3.156979416474    5.340986451441    3.290811769142
              H      7.566405563844    5.467630609291    1.528451154822
              H      8.857628377135    2.030539708295   -1.413195627863
              H      0.503691905171    2.126427753529    2.099409823336
$End
$SCF_Energy
   &GeometryIndex 45
   &ListStatus       OUT
   &SCF_ENERGY [&Type "Double"]      -8.7844790940947939e+02
$End
$DFT_Energy
   &GeometryIndex 45
   &ListStatus       OUT
   &NALPHAEL [&Type "Integer"] 70
   &NBETAEL [&Type "Integer"] 70
   &NTOTALEL [&Type "Integer"] 139
   &EEXCHANGE [&Type "Double"]       0.0000000000000000e+00
   &ECORR [&Type "Double"]       0.0000000000000000e+00
   &ECNL [&Type "Double"]       0.0000000000000000e+00
   &EXC [&Type "Double"]      -8.9693429549887156e+01
   &EEMBED [&Type "Double"]       0.0000000000000000e+00
   &FINALEN [&Type "Double"]      -8.7844790940947939e+02  "No Van der Waals correction"
$End
$Solvation_Details
   &GeometryIndex 45
   &ListStatus       OUT
   &SOLVENT [&Type "String"] "WATER"
   &EPSILON [&Type "Double"]       8.0150999999999996e+01
   &REFRAC [&Type "Double"]       1.3328000000000000e+00
   &RSOLV [&Type "Double"]       1.3000000000000000e+00
   &SURFACETYPE [&Type "String"] "GAUSSIAN VDW"
   &NPOINTS [&Type "Integer"] 3048
   &SURFACEAREA [&Type "Double"]       1.0796873951079999e+03
   &CPCMDIELENERGY [&Type "Double"]      -8.8550495000000007e-02
$End
$CIS_Absorption_Spectrum
   &GeometryIndex 45
   &ListStatus       OUT
   &TEMPERATURE [&Type "Double"]       2.9814999999999998e+02
   &METHOD [&Type "Integer"] 20
   &RELCORRECTION [&Type "Integer"] 1 "Type of relativistic treatment in QDPT. 0->Unknow, 1->None, 2->SOC, 3->SSC, 4->SOC/SSC"
   &DENSTYPE [&Type "Integer"] 3 "Type of density (electron/spin ...). 0->Unknow, 1->Electronic, 2->Spin, 3->Trans/Electronic, 4->Tran/Spin"
   &DERITYPE [&Type "Integer"] 0 "Type of derivative (w.r.t. to what perturbation). 0->Unknown, 1->No Derivative, 2->Electric/Dipole, 3->Electric/Quad, 4->Magnetic/Dipole, 5->Magnetic/Quad"
   &DENSLEVEL [&Type "Integer"] 0 "// Source of density: relaxed, unrelaxed, ... 0->Unknown, 1->Linearized, 2->Unrelaxed, 3->Relaxed"
   &REPRESENTATION [&Type "String"] "Length" "Possible values: Unknown,  Length, Velocity"
   &POINTGROUP [&Type "String"] "C1"
   &NTRANS [&Type "Integer"] 5
   &DOHIGHERMOMENTS [&Type "Boolean"] false
   &STATES [&Type "ArrayOfIntegers", &Dim (5,4)] "The initial and Final states. Col1: Initial State  Col2: Initial Irrep Col3: Final State Col4: Final Irrep"
                                                         0                           1                           2                           3

0                                                        0                           0                           1                           0
1                                                        0                           0                           2                           0
2                                                        0                           0                           3                           0
3                                                        0                           0                           4                           0
4                                                        0                           0                           5                           0
   &MULTIPLICITIES [&Type "ArrayOfDoubles", &Dim (5,2)] "Col1: Multiplicity of the initial state  Col2: Multiplicity of the final state"
                                                         0                           1

0                                      1.0000000000000000e+00         1.0000000000000000e+00
1                                      1.0000000000000000e+00         1.0000000000000000e+00
2                                      1.0000000000000000e+00         1.0000000000000000e+00
3                                      1.0000000000000000e+00         1.0000000000000000e+00
4                                      1.0000000000000000e+00         1.0000000000000000e+00
   &EXCITATIONENERGIES [&Type "ArrayOfDoubles", &Dim (5,11)] 
                                                         0                           1                           2                           3                           4                           5                           6                           7

0                                      3.9237694594602539e+00         3.1647338284685884e+04         3.1598233981146495e+02         3.1949395837420669e-01         3.3235410560410799e+00        -1.5474015806296477e+00         0.0000000000000000e+00        -9.5838786004234966e-01
1                                      4.3988593893915873e+00         3.5479197389438901e+04         2.8185530496179433e+02         1.2131417134518006e-02         1.1256758182432738e-01         1.4496828366204251e-01         0.0000000000000000e+00         2.5220457929197326e-01
2                                      4.8280821323869940e+00         3.8941112643992361e+04         2.5679800398673888e+02         1.3733174968751645e+00         1.1610159452358824e+01        -1.2315512649342077e+00         0.0000000000000000e+00        -2.8331202338762029e+00
3                                      5.1370598126018514e+00         4.1433185960023053e+04         2.4135242724632693e+02         3.1989492127754154e-01         2.5417603653091825e+00         1.5361909242102496e+00         0.0000000000000000e+00         2.2615624238073781e-01
4                                      5.3591071425420216e+00         4.3224118643105430e+04         2.3135231703781827e+02         2.0506074701243830e-02         1.5618235814741716e-01        -1.5182910672161790e-01         0.0000000000000000e+00         2.5651578619268234e-01
                                                         8                           9                          10

0                                      0.0000000000000000e+00        -1.0286940278524716e-01         0.0000000000000000e+00
1                                      0.0000000000000000e+00         1.6716647014448718e-01         0.0000000000000000e+00
2                                      0.0000000000000000e+00        -1.4376615299155173e+00         0.0000000000000000e+00
3                                      0.0000000000000000e+00        -3.6156764749555048e-01         0.0000000000000000e+00
4                                      0.0000000000000000e+00         2.5948011857073522e-01         0.0000000000000000e+00
$End
$Geometry
   &GeometryIndex 46
   &ListStatus       OUT
   &NATOMS [&Type "Integer"] 35
   &NCORELESSECP [&Type "Integer"] 0
   &NGHOSTATOMS [&Type "Integer"] 0
   &CartesianCoordinates [&Type "Coordinates", &Dim(35,4), &Units "Bohr"] 
              C     -3.125578812208   -3.693654056997   -0.710855227725
              C     -2.286960872987   -5.634077813183   -2.282182920987
              C      0.137879603887   -5.618920028243   -3.184612632712
              C     -1.530511562575   -1.763261909242   -0.067907615264
              C      0.995008381520   -1.697421647315   -0.917353927716
              O     -2.366715414101    0.104461528201    1.561133731277
              C      1.808310071873   -3.674065609798   -2.525569966024
              C      4.331241425267   -3.690287630930   -3.501981818294
              C      5.990885563854   -1.855031293154   -2.934476159816
              C      2.823029598198    0.213232261654   -0.279700130957
              C      5.275718659595    0.156597975361   -1.286127955437
              N      2.265778186952    2.124429836645    1.335778941698
              C      3.864025752886    3.944652568279    1.981946539966
              C      6.277927619136    3.977941960094    1.000581795191
              C      6.971564459731    2.074974532003   -0.622721171655
              C     -4.497136583095    1.485626616811    0.881749859638
              O     -5.246118425074    1.533038800793   -1.280033262280
              N     -5.464928383928    2.715701227384    2.853691665977
              C     -7.546200563680    4.462290812141    2.454270355368
              C     -4.584189716122    2.483556434056    5.447533941812
              H     -3.331254044954    0.878942823968    5.652910940878
              H     -6.216767215556    2.216890158096    6.674008958283
              H     -3.600594395715    4.201471908458    6.024475870082
              H     -7.918486955203    4.649399998087    0.449024174290
              H     -7.052100966397    6.303314699266    3.236327146041
              H     -9.238421458682    3.769912562150    3.405992002187
              H      0.802952297547   -7.109016428978   -4.415386046748
              H     -5.037942708664   -3.691183312739    0.005700931521
              H     -3.566589034089   -7.147929097683   -2.778760381487
              H      4.866405776158   -5.232035999444   -4.733569647570
              H      7.890829693637   -1.863806582562   -3.687039642088
              H      3.157266225891    5.340488865260    3.291499323234
              H      7.566340420366    5.467773914250    1.528243108059
              H      8.857492375960    2.030751472683   -1.413522169872
              H      0.503522723165    2.126676486657    2.099048496227
$End
$SCF_Energy
   &GeometryIndex 46
   &ListStatus       OUT
   &SCF_ENERGY [&Type "Double"]      -8.7844790938878270e+02
$End
$DFT_Energy
   &GeometryIndex 46
   &ListStatus       OUT
   &NALPHAEL [&Type "Integer"] 70
   &NBETAEL [&Type "Integer"] 70
   &NTOTALEL [&Type "Integer"] 139
   &EEXCHANGE [&Type "Double"]       0.0000000000000000e+00
   &ECORR [&Type "Double"]       0.0000000000000000e+00
   &ECNL [&Type "Double"]       0.0000000000000000e+00
   &EXC [&Type "Double"]      -8.9693426545012230e+01
   &EEMBED [&Type "Double"]       0.0000000000000000e+00
   &FINALEN [&Type "Double"]      -8.7844790938878270e+02  "No Van der Waals correction"
$End
$Solvation_Details
   &GeometryIndex 46
   &ListStatus       OUT
   &SOLVENT [&Type "String"] "WATER"
   &EPSILON [&Type "Double"]       8.0150999999999996e+01
   &REFRAC [&Type "Double"]       1.3328000000000000e+00
   &RSOLV [&Type "Double"]       1.3000000000000000e+00
   &SURFACETYPE [&Type "String"] "GAUSSIAN VDW"
   &NPOINTS [&Type "Integer"] 3049
   &SURFACEAREA [&Type "Double"]       1.0796878227600000e+03
   &CPCMDIELENERGY [&Type "Double"]      -8.8548242999999999e-02
$End
$CIS_Absorption_Spectrum
   &GeometryIndex 46
   &ListStatus       OUT
   &TEMPERATURE [&Type "Double"]       2.9814999999999998e+02
   &METHOD [&Type "Integer"] 20
   &RELCORRECTION [&Type "Integer"] 1 "Type of relativistic treatment in QDPT. 0->Unknow, 1->None, 2->SOC, 3->SSC, 4->SOC/SSC"
   &DENSTYPE [&Type "Integer"] 3 "Type of density (electron/spin ...). 0->Unknow, 1->Electronic, 2->Spin, 3->Trans/Electronic, 4->Tran/Spin"
   &DERITYPE [&Type "Integer"] 0 "Type of derivative (w.r.t. to what perturbation). 0->Unknown, 1->No Derivative, 2->Electric/Dipole, 3->Electric/Quad, 4->Magnetic/Dipole, 5->Magnetic/Quad"
   &DENSLEVEL [&Type "Integer"] 0 "// Source of density: relaxed, unrelaxed, ... 0->Unknown, 1->Linearized, 2->Unrelaxed, 3->Relaxed"
   &REPRESENTATION [&Type "String"] "Length" "Possible values: Unknown,  Length, Velocity"
   &POINTGROUP [&Type "String"] "C1"
   &NTRANS [&Type "Integer"] 5
   &DOHIGHERMOMENTS [&Type "Boolean"] false
   &STATES [&Type "ArrayOfIntegers", &Dim (5,4)] "The initial and Final states. Col1: Initial State  Col2: Initial Irrep Col3: Final State Col4: Final Irrep"
                                                         0                           1                           2                           3

0                                                        0                           0                           1                           0
1                                                        0                           0                           2                           0
2                                                        0                           0                           3                           0
3                                                        0                           0                           4                           0
4                                                        0                           0                           5                           0
   &MULTIPLICITIES [&Type "ArrayOfDoubles", &Dim (5,2)] "Col1: Multiplicity of the initial state  Col2: Multiplicity of the final state"
                                                         0                           1

0                                      1.0000000000000000e+00         1.0000000000000000e+00
1                                      1.0000000000000000e+00         1.0000000000000000e+00
2                                      1.0000000000000000e+00         1.0000000000000000e+00
3                                      1.0000000000000000e+00         1.0000000000000000e+00
4                                      1.0000000000000000e+00         1.0000000000000000e+00
   &EXCITATIONENERGIES [&Type "ArrayOfDoubles", &Dim (5,11)] 
                                                         0                           1                           2                           3                           4                           5                           6                           7

0                                      3.9237909902169195e+00         3.1647511941967932e+04         3.1598060594264115e+02         3.1951354841900731e-01         3.3237266036346975e+00        -1.5474410117856168e+00         0.0000000000000000e+00        -9.5840945363033225e-01
1                                      4.3988678023194119e+00         3.5479265244285009e+04         2.8185476590755491e+02         1.2135579047951775e-02         1.1260598491299385e-01         1.4509932467620970e-01         0.0000000000000000e+00         2.5207328226533815e-01
2                                      4.8281083688447310e+00         3.8941324255317129e+04         2.5679660851889440e+02         1.3732922830872785e+00         1.1609883202857032e+01        -1.2314729015100503e+00         0.0000000000000000e+00        -2.8331368182030694e+00
3                                      5.1370410492321401e+00         4.1433034623224412e+04         2.4135330880144392e+02         3.1991054012892117e-01         2.5418937510097486e+00         1.5363005028813983e+00         0.0000000000000000e+00         2.2603573211784611e-01
4                                      5.3590658382979779e+00         4.3223785501875464e+04         2.3135410015316921e+02         2.0532697901588855e-02         1.5638633626507895e-01        -1.5184373366988624e-01         0.0000000000000000e+00         2.5675468743904706e-01
                                                         8                           9                          10

0                                      0.0000000000000000e+00        -1.0297688027228172e-01         0.0000000000000000e+00
1                                      0.0000000000000000e+00         1.6736556174876865e-01         0.0000000000000000e+00
2                                      0.0000000000000000e+00        -1.4375998974143120e+00         0.0000000000000000e+00
3                                      0.0000000000000000e+00        -3.6136181821279945e-01         0.0000000000000000e+00
4                                      0.0000000000000000e+00         2.5962828676464522e-01         0.0000000000000000e+00
$End
$Geometry
   &GeometryIndex 47
   &ListStatus       OUT
   &NATOMS [&Type "Integer"] 35
   &NCORELESSECP [&Type "Integer"] 0
   &NGHOSTATOMS [&Type "Integer"] 0
   &CartesianCoordinates [&Type "Coordinates", &Dim(35,4), &Units "Bohr"] 
              C     -3.125629630193   -3.693561666638   -0.710991636939
              C     -2.286840411960   -5.634287129076   -2.281870636290
              C      0.137782088023   -5.618752110334   -3.184873678689
              C     -1.530513887915   -1.763267104604   -0.067895022075
              C      0.995009833086   -1.697425825857   -0.917340283829
              O     -2.366714228685    0.104465675894    1.561125997024
              C      1.808341838654   -3.674119736583   -2.525483271450
              C      4.331127727668   -3.690096029458   -3.502279425618
              C      5.990969638697   -1.855175695476   -2.934253483469
              C      2.823026215554    0.213232891664   -0.279704498531
              C      5.275726960229    0.156584687678   -1.286108363145
              N      2.265770994501    2.124453201734    1.335743603203
              C      3.864053317026    3.944605663613    1.982012629457
              C      6.277940420311    3.977908104462    1.000624009116
              C      6.971524263571    2.075048622713   -0.622825954123
              C     -4.497140803122    1.485624752730    0.881750138781
              O     -5.246116058062    1.533037454478   -1.280033660535
              N     -5.464929600175    2.715703535205    2.853694757123
              C     -7.546198462457    4.462289480936    2.454272928482
              C     -4.584191441667    2.483557905233    5.447531553079
              H     -3.331256908145    0.878942494383    5.652901649976
              H     -6.216765282143    2.216886958276    6.674010669824
              H     -3.600592632733    4.201470316173    6.024477047011
              H     -7.918476052650    4.649390270928    0.449024306894
              H     -7.052104754357    6.303317941460    3.236322880997
              H     -9.238423987275    3.769912695094    3.405987690259
              H      0.803464949020   -7.109926183393   -4.414011328194
              H     -5.037664798956   -3.691630502750    0.006447028008
              H     -3.567242468082   -7.146798657604   -2.780529780888
              H      4.867048399748   -5.233133996963   -4.731922215293
              H      7.890318673175   -1.862913743816   -3.688330940983
              H      3.157102951058    5.340770391338    3.291111374314
              H      7.566237537300    5.467937322863    1.528009662279
              H      8.857736608533    2.030350400321   -1.412918829645
              H      0.503633139448    2.126512027770    2.099284201402
$End
$SCF_Energy
   &GeometryIndex 47
   &ListStatus       OUT
   &SCF_ENERGY [&Type "Double"]      -8.7844790932862361e+02
$End
$DFT_Energy
   &GeometryIndex 47
   &ListStatus       OUT
   &NALPHAEL [&Type "Integer"] 70
   &NBETAEL [&Type "Integer"] 70
   &NTOTALEL [&Type "Integer"] 139
   &EEXCHANGE [&Type "Double"]       0.0000000000000000e+00
   &ECORR [&Type "Double"]       0.0000000000000000e+00
   &ECNL [&Type "Double"]       0.0000000000000000e+00
   &EXC [&Type "Double"]      -8.9693430527245923e+01
   &EEMBED [&Type "Double"]       0.0000000000000000e+00
   &FINALEN [&Type "Double"]      -8.7844790932862361e+02  "No Van der Waals correction"
$End
$Solvation_Details
   &GeometryIndex 47
   &ListStatus       OUT
   &SOLVENT [&Type "String"] "WATER"
   &EPSILON [&Type "Double"]       8.0150999999999996e+01
   &REFRAC [&Type "Double"]       1.3328000000000000e+00
   &RSOLV [&Type "Double"]       1.3000000000000000e+00
   &SURFACETYPE [&Type "String"] "GAUSSIAN VDW"
   &NPOINTS [&Type "Integer"] 3050
   &SURFACEAREA [&Type "Double"]       1.0796905771530000e+03
   &CPCMDIELENERGY [&Type "Double"]      -8.8550060999999999e-02
$End
$CIS_Absorption_Spectrum
   &GeometryIndex 47
   &ListStatus       OUT
   &TEMPERATURE [&Type "Double"]       2.9814999999999998e+02
   &METHOD [&Type "Integer"] 20
   &RELCORRECTION [&Type "Integer"] 1 "Type of relativistic treatment in QDPT. 0->Unknow, 1->None, 2->SOC, 3->SSC, 4->SOC/SSC"
   &DENSTYPE [&Type "Integer"] 3 "Type of density (electron/spin ...). 0->Unknow, 1->Electronic, 2->Spin, 3->Trans/Electronic, 4->Tran/Spin"
   &DERITYPE [&Type "Integer"] 0 "Type of derivative (w.r.t. to what perturbation). 0->Unknown, 1->No Derivative, 2->Electric/Dipole, 3->Electric/Quad, 4->Magnetic/Dipole, 5->Magnetic/Quad"
   &DENSLEVEL [&Type "Integer"] 0 "// Source of density: relaxed, unrelaxed, ... 0->Unknown, 1->Linearized, 2->Unrelaxed, 3->Relaxed"
   &REPRESENTATION [&Type "String"] "Length" "Possible values: Unknown,  Length, Velocity"
   &POINTGROUP [&Type "String"] "C1"
   &NTRANS [&Type "Integer"] 5
   &DOHIGHERMOMENTS [&Type "Boolean"] false
   &STATES [&Type "ArrayOfIntegers", &Dim (5,4)] "The initial and Final states. Col1: Initial State  Col2: Initial Irrep Col3: Final State Col4: Final Irrep"
                                                         0                           1                           2                           3

0                                                        0                           0                           1                           0
1                                                        0                           0                           2                           0
2                                                        0                           0                           3                           0
3                                                        0                           0                           4                           0
4                                                        0                           0                           5                           0
   &MULTIPLICITIES [&Type "ArrayOfDoubles", &Dim (5,2)] "Col1: Multiplicity of the initial state  Col2: Multiplicity of the final state"
                                                         0                           1

0                                      1.0000000000000000e+00         1.0000000000000000e+00
1                                      1.0000000000000000e+00         1.0000000000000000e+00
2                                      1.0000000000000000e+00         1.0000000000000000e+00
3                                      1.0000000000000000e+00         1.0000000000000000e+00
4                                      1.0000000000000000e+00         1.0000000000000000e+00
   &EXCITATIONENERGIES [&Type "ArrayOfDoubles", &Dim (5,11)] 
                                                         0                           1                           2                           3                           4                           5                           6                           7

0                                      3.9237980282757974e+00         3.1647568707746981e+04         3.1598003917287042e+02         3.1951256275600581e-01         3.3237103886144981e+00        -1.5474611113397854e+00         0.0000000000000000e+00        -9.5836623687071598e-01
1                                      4.3988775192411520e+00         3.5479343616552440e+04         2.8185414330310851e+02         1.2128685750970597e-02         1.1254177344020909e-01         1.4487411461859617e-01         0.0000000000000000e+00         2.5234458228028955e-01
2                                      4.8281148190523613e+00         3.8941376279755619e+04         2.5679626544680394e+02         1.3733273090057772e+00         1.1610163802933741e+01        -1.2316158037170666e+00         0.0000000000000000e+00        -2.8329817657868004e+00
3                                      5.1370704708197845e+00         4.1433271924357083e+04         2.4135192649657412e+02         3.1991005709164816e-01         2.5418753547819835e+00         1.5362191147349462e+00         0.0000000000000000e+00         2.2622052372093895e-01
4                                      5.3591605332658325e+00         4.3224549268379204e+04         2.3135001218660412e+02         2.0533720401043624e-02         1.5639136064115094e-01        -1.5221631990163442e-01         0.0000000000000000e+00         2.5656297548401469e-01
                                                         8                           9                          10

0                                      0.0000000000000000e+00        -1.0299831810178761e-01         0.0000000000000000e+00
1                                      0.0000000000000000e+00         1.6695950451373867e-01         0.0000000000000000e+00
2                                      0.0000000000000000e+00        -1.4378806034186593e+00         0.0000000000000000e+00
3                                      0.0000000000000000e+00        -3.6156667566630896e-01         0.0000000000000000e+00
4                                      0.0000000000000000e+00         2.5960930685848516e-01         0.0000000000000000e+00
$End
$Geometry
   &GeometryIndex 48
   &ListStatus       OUT
   &NATOMS [&Type "Integer"] 35
   &NCORELESSECP [&Type "Integer"] 0
   &NGHOSTATOMS [&Type "Integer"] 0
   &CartesianCoordinates [&Type "Coordinates", &Dim(35,4), &Units "Bohr"] 
              C     -3.125309479585   -3.693618611061   -0.711053935328
              C     -2.286913542626   -5.634165776095   -2.281966830819
              C      0.137754854096   -5.618673116028   -3.184622210543
              C     -1.530564350650   -1.763224760378   -0.067845924206
              C      0.994713429936   -1.697572660970   -0.917348437818
              O     -2.366597569043    0.104356134518    1.561079930528
              C      1.808271603956   -3.674091269480   -2.525530515051
              C      4.331302124522   -3.690307768278   -3.502078752229
              C      5.990864646769   -1.854984151063   -2.934496566110
              C      2.822852369391    0.213087116229   -0.279736313570
              C      5.275757289033    0.156530825102   -1.285980960259
              N      2.265866527689    2.124494599374    1.335653660516
              C      3.864026483737    3.944704852526    1.982249344586
              C      6.277889937572    3.977790051747    1.000696956172
              C      6.971675334115    2.075214141421   -0.623149375856
              C     -4.497213431186    1.485684793004    0.881735579680
              O     -5.246121203719    1.533029939975   -1.280073107815
              N     -5.464958268895    2.715737974562    2.853757133042
              C     -7.546160247733    4.462266789570    2.454327111472
              C     -4.584232355881    2.483585891889    5.447494152566
              H     -3.331307626115    0.878942736136    5.652687642168
              H     -6.216740576008    2.216855966372    6.674047762227
              H     -3.600555419459    4.201449025451    6.024453080005
              H     -7.918234923301    4.649171672493    0.449022362384
              H     -7.052159974897    6.303382974564    3.236227705111
              H     -9.238478421746    3.769908181891    3.405889637491
              H      0.803150418498   -7.109357640530   -4.414486714564
              H     -5.037492274582   -3.691566000844    0.005935392490
              H     -3.567176985366   -7.147104041515   -2.779639180456
              H      4.866619529948   -5.232238861531   -4.733380333020
              H      7.890873852260   -1.863674735093   -3.686903066149
              H      3.156699351457    5.341274276031    3.290736327085
              H      7.565947155335    5.468188494682    1.527631851166
              H      8.858505233204    2.029640511347   -1.411753441588
              H      0.503919924274    2.126309844930    2.099605736838
$End
$SCF_Energy
   &GeometryIndex 48
   &ListStatus       OUT
   &SCF_ENERGY [&Type "Double"]      -8.7844790931204557e+02
$End
$DFT_Energy
   &GeometryIndex 48
   &ListStatus       OUT
   &NALPHAEL [&Type "Integer"] 70
   &NBETAEL [&Type "Integer"] 70
   &NTOTALEL [&Type "Integer"] 139
   &EEXCHANGE [&Type "Double"]       0.0000000000000000e+00
   &ECORR [&Type "Double"]       0.0000000000000000e+00
   &ECNL [&Type "Double"]       0.0000000000000000e+00
   &EXC [&Type "Double"]      -8.9693480288556700e+01
   &EEMBED [&Type "Double"]       0.0000000000000000e+00
   &FINALEN [&Type "Double"]      -8.7844790931204557e+02  "No Van der Waals correction"
$End
$Solvation_Details
   &GeometryIndex 48
   &ListStatus       OUT
   &SOLVENT [&Type "String"] "WATER"
   &EPSILON [&Type "Double"]       8.0150999999999996e+01
   &REFRAC [&Type "Double"]       1.3328000000000000e+00
   &RSOLV [&Type "Double"]       1.3000000000000000e+00
   &SURFACETYPE [&Type "String"] "GAUSSIAN VDW"
   &NPOINTS [&Type "Integer"] 3048
   &SURFACEAREA [&Type "Double"]       1.0796843670759999e+03
   &CPCMDIELENERGY [&Type "Double"]      -8.8546788000000001e-02
$End
$CIS_Absorption_Spectrum
   &GeometryIndex 48
   &ListStatus       OUT
   &TEMPERATURE [&Type "Double"]       2.9814999999999998e+02
   &METHOD [&Type "Integer"] 20
   &RELCORRECTION [&Type "Integer"] 1 "Type of relativistic treatment in QDPT. 0->Unknow, 1->None, 2->SOC, 3->SSC, 4->SOC/SSC"
   &DENSTYPE [&Type "Integer"] 3 "Type of density (electron/spin ...). 0->Unknow, 1->Electronic, 2->Spin, 3->Trans/Electronic, 4->Tran/Spin"
   &DERITYPE [&Type "Integer"] 0 "Type of derivative (w.r.t. to what perturbation). 0->Unknown, 1->No Derivative, 2->Electric/Dipole, 3->Electric/Quad, 4->Magnetic/Dipole, 5->Magnetic/Quad"
   &DENSLEVEL [&Type "Integer"] 0 "// Source of density: relaxed, unrelaxed, ... 0->Unknown, 1->Linearized, 2->Unrelaxed, 3->Relaxed"
   &REPRESENTATION [&Type "String"] "Length" "Possible values: Unknown,  Length, Velocity"
   &POINTGROUP [&Type "String"] "C1"
   &NTRANS [&Type "Integer"] 5
   &DOHIGHERMOMENTS [&Type "Boolean"] false
   &STATES [&Type "ArrayOfIntegers", &Dim (5,4)] "The initial and Final states. Col1: Initial State  Col2: Initial Irrep Col3: Final State Col4: Final Irrep"
                                                         0                           1                           2                           3

0                                                        0                           0                           1                           0
1                                                        0                           0                           2                           0
2                                                        0                           0                           3                           0
3                                                        0                           0                           4                           0
4                                                        0                           0                           5                           0
   &MULTIPLICITIES [&Type "ArrayOfDoubles", &Dim (5,2)] "Col1: Multiplicity of the initial state  Col2: Multiplicity of the final state"
                                                         0                           1

0                                      1.0000000000000000e+00         1.0000000000000000e+00
1                                      1.0000000000000000e+00         1.0000000000000000e+00
2                                      1.0000000000000000e+00         1.0000000000000000e+00
3                                      1.0000000000000000e+00         1.0000000000000000e+00
4                                      1.0000000000000000e+00         1.0000000000000000e+00
   &EXCITATIONENERGIES [&Type "ArrayOfDoubles", &Dim (5,11)] 
                                                         0                           1                           2                           3                           4                           5                           6                           7

0                                      3.9236973554338070e+00         3.1646756726431704e+04         3.1598814647719951e+02         3.1959431688309037e-01         3.3246461314568037e+00        -1.5474717282056940e+00         0.0000000000000000e+00        -9.5882041559837439e-01
1                                      4.3987628620020667e+00         3.5478418843456151e+04         2.8186149005466342e+02         1.2065152465946543e-02         1.1195516779264353e-01         1.4485428350115589e-01         0.0000000000000000e+00         2.5127422798609800e-01
2                                      4.8279806607937514e+00         3.8940294220313088e+04         2.5680340121270910e+02         1.3728813364144230e+00         1.1606716047326300e+01        -1.2305445883885611e+00         0.0000000000000000e+00        -2.8328026737533092e+00
3                                      5.1370664557661847e+00         4.1433239540762479e+04         2.4135211513359675e+02         3.2005904302860566e-01         2.5430611241302845e+00         1.5366117068571643e+00         0.0000000000000000e+00         2.2672064668535047e-01
4                                      5.3592262468587188e+00         4.3225079284305335e+04         2.3134717542625572e+02         2.0534648749518720e-02         1.5639651351769523e-01        -1.5223639357465643e-01         0.0000000000000000e+00         2.5655188729788808e-01
                                                         8                           9                          10

0                                      0.0000000000000000e+00        -1.0315421703763224e-01         0.0000000000000000e+00
1                                      0.0000000000000000e+00         1.6683424916365561e-01         0.0000000000000000e+00
2                                      0.0000000000000000e+00        -1.4379516942129971e+00         0.0000000000000000e+00
3                                      0.0000000000000000e+00        -3.6122477053266033e-01         0.0000000000000000e+00
4                                      0.0000000000000000e+00         2.5961841828531595e-01         0.0000000000000000e+00
$End
$Geometry
   &GeometryIndex 49
   &ListStatus       OUT
   &NATOMS [&Type "Integer"] 35
   &NCORELESSECP [&Type "Integer"] 0
   &NGHOSTATOMS [&Type "Integer"] 0
   &CartesianCoordinates [&Type "Coordinates", &Dim(35,4), &Units "Bohr"] 
              C     -3.125395409260   -3.693611863953   -0.711025102563
              C     -2.286903221157   -5.634182274091   -2.281967049766
              C      0.137770610821   -5.618706978869   -3.184668594042
              C     -1.530550663859   -1.763233545293   -0.067861781400
              C      0.994797316843   -1.697535319697   -0.917347682862
              O     -2.366623678663    0.104387786807    1.561095358203
              C      1.808288310284   -3.674096008890   -2.525523884684
              C      4.331254323433   -3.690252235839   -3.502127037101
              C      5.990907723260   -1.855062221714   -2.934391975305
              C      2.822899148912    0.213135324152   -0.279745532698
              C      5.275718243284    0.156601290338   -1.286097432057
              N      2.265818374007    2.124519741370    1.335629498474
              C      3.864111710180    3.944543142532    1.982372170220
              C      6.277764097305    3.978061034845    1.000341183399
              C      6.971768812544    2.074932760621   -0.622721697314
              C     -4.497200791071    1.485663961011    0.881739045063
              O     -5.246121145813    1.533033217257   -1.280069150806
              N     -5.464952697554    2.715733207212    2.853743774628
              C     -7.546167172523    4.462270488672    2.454317294122
              C     -4.584223731609    2.483580799735    5.447502615709
              H     -3.331297944590    0.878942267540    5.652729977014
              H     -6.216742316695    2.216858179566    6.674044308209
              H     -3.600560892935    4.201451712137    6.024462894205
              H     -7.918279886570    4.649213598159    0.449023116190
              H     -7.052149549414    6.303370807810    3.236245152838
              H     -9.238469962171    3.769911798211    3.405907779186
              H      0.803196600240   -7.109437766354   -4.414466332730
              H     -5.037565840368   -3.691550493647    0.006012429127
              H     -3.567134490392   -7.147118449619   -2.779741413236
              H      4.866706315887   -5.232436229289   -4.733050424600
              H      7.890687888010   -1.863408426135   -3.687378467013
              H      3.156370717439    5.341919408331    3.289767449788
              H      7.566731046688    5.466901045331    1.529450331664
              H      8.857559176707    2.031095658091   -1.413901445882
              H      0.504038419597    2.126037753572    2.099977052923
$End
$SCF_Energy
   &GeometryIndex 49
   &ListStatus       OUT
   &SCF_ENERGY [&Type "Double"]      -8.7844790931758894e+02
$End
$DFT_Energy
   &GeometryIndex 49
   &ListStatus       OUT
   &NALPHAEL [&Type "Integer"] 70
   &NBETAEL [&Type "Integer"] 70
   &NTOTALEL [&Type "Integer"] 139
   &EEXCHANGE [&Type "Double"]       0.0000000000000000e+00
   &ECORR [&Type "Double"]       0.0000000000000000e+00
   &ECNL [&Type "Double"]       0.0000000000000000e+00
   &EXC [&Type "Double"]      -8.9693463674112152e+01
   &EEMBED [&Type "Double"]       0.0000000000000000e+00
   &FINALEN [&Type "Double"]      -8.7844790931758894e+02  "No Van der Waals correction"
$End
$Solvation_Details
   &GeometryIndex 49
   &ListStatus       OUT
   &SOLVENT [&Type "String"] "WATER"
   &EPSILON [&Type "Double"]       8.0150999999999996e+01
   &REFRAC [&Type "Double"]       1.3328000000000000e+00
   &RSOLV [&Type "Double"]       1.3000000000000000e+00
   &SURFACETYPE [&Type "String"] "GAUSSIAN VDW"
   &NPOINTS [&Type "Integer"] 3048
   &SURFACEAREA [&Type "Double"]       1.0796953291180000e+03
   &CPCMDIELENERGY [&Type "Double"]      -8.8547427999999997e-02
$End
$CIS_Absorption_Spectrum
   &GeometryIndex 49
   &ListStatus       OUT
   &TEMPERATURE [&Type "Double"]       2.9814999999999998e+02
   &METHOD [&Type "Integer"] 20
   &RELCORRECTION [&Type "Integer"] 1 "Type of relativistic treatment in QDPT. 0->Unknow, 1->None, 2->SOC, 3->SSC, 4->SOC/SSC"
   &DENSTYPE [&Type "Integer"] 3 "Type of density (electron/spin ...). 0->Unknow, 1->Electronic, 2->Spin, 3->Trans/Electronic, 4->Tran/Spin"
   &DERITYPE [&Type "Integer"] 0 "Type of derivative (w.r.t. to what perturbation). 0->Unknown, 1->No Derivative, 2->Electric/Dipole, 3->Electric/Quad, 4->Magnetic/Dipole, 5->Magnetic/Quad"
   &DENSLEVEL [&Type "Integer"] 0 "// Source of density: relaxed, unrelaxed, ... 0->Unknown, 1->Linearized, 2->Unrelaxed, 3->Relaxed"
   &REPRESENTATION [&Type "String"] "Length" "Possible values: Unknown,  Length, Velocity"
   &POINTGROUP [&Type "String"] "C1"
   &NTRANS [&Type "Integer"] 5
   &DOHIGHERMOMENTS [&Type "Boolean"] false
   &STATES [&Type "ArrayOfIntegers", &Dim (5,4)] "The initial and Final states. Col1: Initial State  Col2: Initial Irrep Col3: Final State Col4: Final Irrep"
                                                         0                           1                           2                           3

0                                                        0                           0                           1                           0
1                                                        0                           0                           2                           0
2                                                        0                           0                           3                           0
3                                                        0                           0                           4                           0
4                                                        0                           0                           5                           0
   &MULTIPLICITIES [&Type "ArrayOfDoubles", &Dim (5,2)] "Col1: Multiplicity of the initial state  Col2: Multiplicity of the final state"
                                                         0                           1

0                                      1.0000000000000000e+00         1.0000000000000000e+00
1                                      1.0000000000000000e+00         1.0000000000000000e+00
2                                      1.0000000000000000e+00         1.0000000000000000e+00
3                                      1.0000000000000000e+00         1.0000000000000000e+00
4                                      1.0000000000000000e+00         1.0000000000000000e+00
   &EXCITATIONENERGIES [&Type "ArrayOfDoubles", &Dim (5,11)] 
                                                         0                           1                           2                           3                           4                           5                           6                           7

0                                      3.9237958502744332e+00         3.1647551140979449e+04         3.1598021456552146e+02         3.1959505432440316e-01         3.3245703476227928e+00        -1.5475767937266649e+00         0.0000000000000000e+00        -9.5859210228013636e-01
1                                      4.3988830033280291e+00         3.5479387848700724e+04         2.8185379191558417e+02         1.2072361706389700e-02         1.1201900437708166e-01         1.4476821707425819e-01         0.0000000000000000e+00         2.5156306248376648e-01
2                                      4.8281021095148278e+00         3.8941273770411492e+04         2.5679694143950263e+02         1.3731779464957379e+00         1.1608931645692277e+01        -1.2309714564597183e+00         0.0000000000000000e+00        -2.8329888960237986e+00
3                                      5.1371401917903237e+00         4.1433834261967124e+04         2.4134865088214107e+02         3.1995780164074983e-01         2.5422202102391900e+00         1.5363440206170944e+00         0.0000000000000000e+00         2.2639017293313071e-01
4                                      5.3593716986702251e+00         4.3226252432404486e+04         2.3134089673023601e+02         2.0539274188265268e-02         1.5642749638916226e-01        -1.5247989930126807e-01         0.0000000000000000e+00         2.5638591901048724e-01
                                                         8                           9                          10

0                                      0.0000000000000000e+00        -1.0333245660312650e-01         0.0000000000000000e+00
1                                      0.0000000000000000e+00         1.6666491321214172e-01         0.0000000000000000e+00
2                                      0.0000000000000000e+00        -1.4379898588236208e+00         0.0000000000000000e+00
3                                      0.0000000000000000e+00        -3.6140662715644567e-01         0.0000000000000000e+00
4                                      0.0000000000000000e+00         2.5969912828383784e-01         0.0000000000000000e+00
$End
$Geometry
   &GeometryIndex 50
   &ListStatus       OUT
   &NATOMS [&Type "Integer"] 35
   &NCORELESSECP [&Type "Integer"] 0
   &NGHOSTATOMS [&Type "Integer"] 0
   &CartesianCoordinates [&Type "Coordinates", &Dim(35,4), &Units "Bohr"] 
              C     -3.125674167518   -3.693597063605   -0.710895913503
              C     -2.286896068022   -5.634136746031   -2.281945117026
              C      0.137874847882   -5.619067258892   -3.184936164467
              C     -1.530598322682   -1.763228999317   -0.067861724033
              C      0.994938927068   -1.697103425068   -0.917112923902
              O     -2.366496519791    0.104244160762    1.561038255901
              C      1.808221180979   -3.674001541575   -2.525445876989
              C      4.331339146083   -3.690383919216   -3.502185162907
              C      5.990904058222   -1.855032667859   -2.934472571693
              C      2.823113865850    0.213439813566   -0.279594981058
              C      5.275722823465    0.156592331137   -1.286005418161
              N      2.265860548979    2.124483127093    1.335619380499
              C      3.864188107718    3.944298787379    1.982003810314
              C      6.277805339956    3.977916322423    1.000574155692
              C      6.971409556186    2.075106694780   -0.622837011949
              C     -4.497234678105    1.485697784631    0.881710365758
              O     -5.246134472131    1.533026835287   -1.280118782273
              N     -5.464976791178    2.715761347169    2.853810336639
              C     -7.546142726141    4.462264582824    2.454388760103
              C     -4.584270150553    2.483615038180    5.447465805112
              H     -3.331354727749    0.878943792456    5.652491743887
              H     -6.216707031011    2.216817681692    6.674100920036
              H     -3.600507891924    4.201420372921    6.024455419515
              H     -7.917994497202    4.648948544000    0.449020937696
              H     -7.052256548772    6.303485021523    3.236115608122
              H     -9.238570033003    3.769926571713    3.405772933577
              H      0.803348060213   -7.109768914285   -4.414786767582
              H     -5.037893960466   -3.691561143164    0.006057791463
              H     -3.567448374334   -7.146906498717   -2.779458762563
              H      4.866633930727   -5.232456233190   -4.733335159661
              H      7.890901914462   -1.863256006400   -3.686927796677
              H      3.156809910877    5.341233304812    3.290007260248
              H      7.565961009080    5.467813103621    1.528628998216
              H      8.857768155560    2.030230870663   -1.412546930356
              H      0.503980560181    2.126145411171    2.099734724354
$End
$SCF_Energy
   &GeometryIndex 50
   &ListStatus       OUT
   &SCF_ENERGY [&Type "Double"]      -8.7844790932519732e+02
$End
$DFT_Energy
   &GeometryIndex 50
   &ListStatus       OUT
   &NALPHAEL [&Type "Integer"] 70
   &NBETAEL [&Type "Integer"] 70
   &NTOTALEL [&Type "Integer"] 139
   &EEXCHANGE [&Type "Double"]       0.0000000000000000e+00
   &ECORR [&Type "Double"]       0.0000000000000000e+00
   &ECNL [&Type "Double"]       0.0000000000000000e+00
   &EXC [&Type "Double"]      -8.9693463748964589e+01
   &EEMBED [&Type "Double"]       0.0000000000000000e+00
   &FINALEN [&Type "Double"]      -8.7844790932519732e+02  "No Van der Waals correction"
$End
$Solvation_Details
   &GeometryIndex 50
   &ListStatus       OUT
   &SOLVENT [&Type "String"] "WATER"
   &EPSILON [&Type "Double"]       8.0150999999999996e+01
   &REFRAC [&Type "Double"]       1.3328000000000000e+00
   &RSOLV [&Type "Double"]       1.3000000000000000e+00
   &SURFACETYPE [&Type "String"] "GAUSSIAN VDW"
   &NPOINTS [&Type "Integer"] 3048
   &SURFACEAREA [&Type "Double"]       1.0796806869340001e+03
   &CPCMDIELENERGY [&Type "Double"]      -8.8548074000000004e-02
$End
$CIS_Absorption_Spectrum
   &GeometryIndex 50
   &ListStatus       OUT
   &TEMPERATURE [&Type "Double"]       2.9814999999999998e+02
   &METHOD [&Type "Integer"] 20
   &RELCORRECTION [&Type "Integer"] 1 "Type of relativistic treatment in QDPT. 0->Unknow, 1->None, 2->SOC, 3->SSC, 4->SOC/SSC"
   &DENSTYPE [&Type "Integer"] 3 "Type of density (electron/spin ...). 0->Unknow, 1->Electronic, 2->Spin, 3->Trans/Electronic, 4->Tran/Spin"
   &DERITYPE [&Type "Integer"] 0 "Type of derivative (w.r.t. to what perturbation). 0->Unknown, 1->No Derivative, 2->Electric/Dipole, 3->Electric/Quad, 4->Magnetic/Dipole, 5->Magnetic/Quad"
   &DENSLEVEL [&Type "Integer"] 0 "// Source of density: relaxed, unrelaxed, ... 0->Unknown, 1->Linearized, 2->Unrelaxed, 3->Relaxed"
   &REPRESENTATION [&Type "String"] "Length" "Possible values: Unknown,  Length, Velocity"
   &POINTGROUP [&Type "String"] "C1"
   &NTRANS [&Type "Integer"] 5
   &DOHIGHERMOMENTS [&Type "Boolean"] false
   &STATES [&Type "ArrayOfIntegers", &Dim (5,4)] "The initial and Final states. Col1: Initial State  Col2: Initial Irrep Col3: Final State Col4: Final Irrep"
                                                         0                           1                           2                           3

0                                                        0                           0                           1                           0
1                                                        0                           0                           2                           0
2                                                        0                           0                           3                           0
3                                                        0                           0                           4                           0
4                                                        0                           0                           5                           0
   &MULTIPLICITIES [&Type "ArrayOfDoubles", &Dim (5,2)] "Col1: Multiplicity of the initial state  Col2: Multiplicity of the final state"
                                                         0                           1

0                                      1.0000000000000000e+00         1.0000000000000000e+00
1                                      1.0000000000000000e+00         1.0000000000000000e+00
2                                      1.0000000000000000e+00         1.0000000000000000e+00
3                                      1.0000000000000000e+00         1.0000000000000000e+00
4                                      1.0000000000000000e+00         1.0000000000000000e+00
   &EXCITATIONENERGIES [&Type "ArrayOfDoubles", &Dim (5,11)] 
                                                         0                           1                           2                           3                           4                           5                           6                           7

0                                      3.9239202332983658e+00         3.1648554357828943e+04         3.1597019841528044e+02         3.1952174592367982e-01         3.3237024006696414e+00        -1.5476196684144821e+00         0.0000000000000000e+00        -9.5812996150159135e-01
1                                      4.3989751432227777e+00         3.5480131007147917e+04         2.8184788827260456e+02         1.2063894604792329e-02         1.1193809377189201e-01         1.4486607518115971e-01         0.0000000000000000e+00         2.5130608337083959e-01
2                                      4.8281728888168232e+00         3.8941844644041295e+04         2.5679317688742702e+02         1.3735449414398764e+00         1.1611864015440304e+01        -1.2319672369923262e+00         0.0000000000000000e+00        -2.8332266594144149e+00
3                                      5.1369977603064667e+00         4.1432685474455880e+04         2.4135534265972717e+02         3.1996136796954372e-01         2.5423190343638513e+00         1.5363916642600228e+00         0.0000000000000000e+00         2.2593223944414817e-01
4                                      5.3599266411073181e+00         4.3230728345481606e+04         2.3131694474551182e+02         2.0614977833569734e-02         1.5698780128151449e-01        -1.5364132665925126e-01         0.0000000000000000e+00         2.5640361957579755e-01
                                                         8                           9                          10

0                                      0.0000000000000000e+00        -1.0277518902560670e-01         0.0000000000000000e+00
1                                      0.0000000000000000e+00         1.6672482266989283e-01         0.0000000000000000e+00
2                                      0.0000000000000000e+00        -1.4376882272597329e+00         0.0000000000000000e+00
3                                      0.0000000000000000e+00        -3.6162731027387907e-01         0.0000000000000000e+00
4                                      0.0000000000000000e+00         2.6007561956540531e-01         0.0000000000000000e+00
$End
$Geometry
   &GeometryIndex 51
   &ListStatus       OUT
   &NATOMS [&Type "Integer"] 35
   &NCORELESSECP [&Type "Integer"] 0
   &NGHOSTATOMS [&Type "Integer"] 0
   &CartesianCoordinates [&Type "Coordinates", &Dim(35,4), &Units "Bohr"] 
              C     -3.125605510299   -3.693600205714   -0.710945451495
              C     -2.286886824284   -5.634196937731   -2.281989163255
              C      0.137825035850   -5.618828926712   -3.184757423404
              C     -1.530510096429   -1.763274439127   -0.067902808673
              C      0.994998164786   -1.697417309910   -0.917346555023
              O     -2.366696907195    0.104457088844    1.561133070697
              C      1.808316852736   -3.674083504908   -2.525536052616
              C      4.331219173100   -3.690250300056   -3.502053311499
              C      5.990889604064   -1.855036716843   -2.934466313182
              C      2.823019048945    0.213242113592   -0.279703897244
              C      5.275750667669    0.156548648520   -1.286045383581
              N      2.265764075201    2.124505218050    1.335677977494
              C      3.864135630699    3.944474688287    1.982152865118
              C      6.277883375289    3.977940716788    1.000556227248
              C      6.971494179518    2.075098041662   -0.622876244183
              C     -4.497132310480    1.485623083371    0.881739983264
              O     -5.246130297823    1.533042616381   -1.280053396963
              N     -5.465076169913    2.715804185116    2.853592713020
              C     -7.546033561443    4.462081041512    2.454067281755
              C     -4.584322417364    2.483743807885    5.447782848135
              H     -3.331439754237    0.878878151497    5.651479844110
              H     -6.216240900605    2.216325629862    6.674963564584
              H     -3.599869823701    4.201089450124    6.024936348439
              H     -7.919285923936    4.650204478560    0.449103582015
              H     -7.051454478653    6.302664626183    3.236880582317
              H     -9.237851472621    3.769743683905    3.406552351420
              H      0.803233458528   -7.109536348718   -4.414608858317
              H     -5.037766096805   -3.691476282029    0.006153713044
              H     -3.567007903133   -7.147219237886   -2.779815884937
              H      4.866553558004   -5.232303127392   -4.733186555031
              H      7.890773138865   -1.863685175447   -3.687185188956
              H      3.156772606165    5.341439549537    3.290168864961
              H      7.566305871167    5.467690603809    1.528412256305
              H      8.857855371444    2.030212692084   -1.412599458239
              H      0.503886004581    2.126219417777    2.099809400695
$End
$SCF_Energy
   &GeometryIndex 51
   &ListStatus       OUT
   &SCF_ENERGY [&Type "Double"]      -8.7844790936615289e+02
$End
$DFT_Energy
   &GeometryIndex 51
   &ListStatus       OUT
   &NALPHAEL [&Type "Integer"] 70
   &NBETAEL [&Type "Integer"] 70
   &NTOTALEL [&Type "Integer"] 139
   &EEXCHANGE [&Type "Double"]       0.0000000000000000e+00
   &ECORR [&Type "Double"]       0.0000000000000000e+00
   &ECNL [&Type "Double"]       0.0000000000000000e+00
   &EXC [&Type "Double"]      -8.9693439836498086e+01
   &EEMBED [&Type "Double"]       0.0000000000000000e+00
   &FINALEN [&Type "Double"]      -8.7844790936615289e+02  "No Van der Waals correction"
$End
$Solvation_Details
   &GeometryIndex 51
   &ListStatus       OUT
   &SOLVENT [&Type "String"] "WATER"
   &EPSILON [&Type "Double"]       8.0150999999999996e+01
   &REFRAC [&Type "Double"]       1.3328000000000000e+00
   &RSOLV [&Type "Double"]       1.3000000000000000e+00
   &SURFACETYPE [&Type "String"] "GAUSSIAN VDW"
   &NPOINTS [&Type "Integer"] 3048
   &SURFACEAREA [&Type "Double"]       1.0796925329620001e+03
   &CPCMDIELENERGY [&Type "Double"]      -8.8553628999999995e-02
$End
$CIS_Absorption_Spectrum
   &GeometryIndex 51
   &ListStatus       OUT
   &TEMPERATURE [&Type "Double"]       2.9814999999999998e+02
   &METHOD [&Type "Integer"] 20
   &RELCORRECTION [&Type "Integer"] 1 "Type of relativistic treatment in QDPT. 0->Unknow, 1->None, 2->SOC, 3->SSC, 4->SOC/SSC"
   &DENSTYPE [&Type "Integer"] 3 "Type of density (electron/spin ...). 0->Unknow, 1->Electronic, 2->Spin, 3->Trans/Electronic, 4->Tran/Spin"
   &DERITYPE [&Type "Integer"] 0 "Type of derivative (w.r.t. to what perturbation). 0->Unknown, 1->No Derivative, 2->Electric/Dipole, 3->Electric/Quad, 4->Magnetic/Dipole, 5->Magnetic/Quad"
   &DENSLEVEL [&Type "Integer"] 0 "// Source of density: relaxed, unrelaxed, ... 0->Unknown, 1->Linearized, 2->Unrelaxed, 3->Relaxed"
   &REPRESENTATION [&Type "String"] "Length" "Possible values: Unknown,  Length, Velocity"
   &POINTGROUP [&Type "String"] "C1"
   &NTRANS [&Type "Integer"] 5
   &DOHIGHERMOMENTS [&Type "Boolean"] false
   &STATES [&Type "ArrayOfIntegers", &Dim (5,4)] "The initial and Final states. Col1: Initial State  Col2: Initial Irrep Col3: Final State Col4: Final Irrep"
                                                         0                           1                           2                           3

0                                                        0                           0                           1                           0
1                                                        0                           0                           2                           0
2                                                        0                           0                           3                           0
3                                                        0                           0                           4                           0
4                                                        0                           0                           5                           0
   &MULTIPLICITIES [&Type "ArrayOfDoubles", &Dim (5,2)] "Col1: Multiplicity of the initial state  Col2: Multiplicity of the final state"
                                                         0                           1

0                                      1.0000000000000000e+00         1.0000000000000000e+00
1                                      1.0000000000000000e+00         1.0000000000000000e+00
2                                      1.0000000000000000e+00         1.0000000000000000e+00
3                                      1.0000000000000000e+00         1.0000000000000000e+00
4                                      1.0000000000000000e+00         1.0000000000000000e+00
   &EXCITATIONENERGIES [&Type "ArrayOfDoubles", &Dim (5,11)] 
                                                         0                           1                           2                           3                           4                           5                           6                           7

0                                      3.9237456476059149e+00         3.1647146229108399e+04         3.1598425739892474e+02         3.1947490597795902e-01         3.3233630313993991e+00        -1.5474316217908599e+00         0.0000000000000000e+00        -9.5824111827748426e-01
1                                      4.3988463958852737e+00         3.5479092589731874e+04         2.8185613751841373e+02         1.2154970289463999e-02         1.1278646501669307e-01         1.4520461572937815e-01         0.0000000000000000e+00         2.5241423643637012e-01
2                                      4.8280682183353614e+00         3.8941000419585835e+04         2.5679874405513169e+02         1.3733688092779432e+00         1.1610626713063073e+01        -1.2317541232588087e+00         0.0000000000000000e+00        -2.8330945490436634e+00
3                                      5.1370653510211346e+00         4.1433230630391801e+04         2.4135216703726869e+02         3.1981326261636228e-01         2.5411087977678286e+00         1.5360141631154731e+00         0.0000000000000000e+00         2.2596276219636802e-01
4                                      5.3591132718401129e+00         4.3224168079233663e+04         2.3135205243670922e+02         2.0524498327776270e-02         1.5632250096983252e-01        -1.5189505990487220e-01         0.0000000000000000e+00         2.5663908974468913e-01
                                                         8                           9                          10

0                                      0.0000000000000000e+00        -1.0291922329392285e-01         0.0000000000000000e+00
1                                      0.0000000000000000e+00         1.6729954522299498e-01         0.0000000000000000e+00
2                                      0.0000000000000000e+00        -1.4377008621674672e+00         0.0000000000000000e+00
3                                      0.0000000000000000e+00        -3.6153854369498312e-01         0.0000000000000000e+00
4                                      0.0000000000000000e+00         2.5958961720636137e-01         0.0000000000000000e+00
$End
$Geometry
   &GeometryIndex 52
   &ListStatus       OUT
   &NATOMS [&Type "Integer"] 35
   &NCORELESSECP [&Type "Integer"] 0
   &NGHOSTATOMS [&Type "Integer"] 0
   &CartesianCoordinates [&Type "Coordinates", &Dim(35,4), &Units "Bohr"] 
              C     -3.125701325310   -3.693535373476   -0.710863566458
              C     -2.286928454102   -5.634252537751   -2.282009178930
              C      0.137904969157   -5.618941704775   -3.184861940052
              C     -1.530528930419   -1.763246221485   -0.067879250120
              C      0.995019146551   -1.697308818546   -0.917280061869
              O     -2.366666291536    0.104408050917    1.561091131399
              C      1.808304820467   -3.674006376903   -2.525480275402
              C      4.331265156523   -3.690269237708   -3.502083546797
              C      5.990872369373   -1.855021835017   -2.934450316864
              C      2.823088463305    0.213240176019   -0.279729620202
              C      5.275694699433    0.156496556322   -1.286057608873
              N      2.265599970062    2.124366605984    1.335641255774
              C      3.863883046414    3.944665061354    1.982401303152
              C      6.278216833929    3.978186229289    1.000587079421
              C      6.971645408308    2.074945133674   -0.623051500776
              C     -4.497187555417    1.485657803152    0.881753356913
              O     -5.246111417215    1.533033511014   -1.280035066291
              N     -5.464936730026    2.715710000343    2.853698035590
              C     -7.546185013753    4.462275667426    2.454254859574
              C     -4.584200109587    2.483565811575    5.447540907152
              H     -3.331268154652    0.878938414454    5.652829893780
              H     -6.216749446413    2.216867764298    6.674044972325
              H     -3.600569934700    4.201463240471    6.024471080917
              H     -7.918527799979    4.649436223627    0.449025093472
              H     -7.052055900239    6.303268846323    3.236363159085
              H     -9.238367272926    3.769878864104    3.406029790084
              H      0.803632582633   -7.109504076751   -4.414738183183
              H     -5.037827519642   -3.691153695369    0.006355745757
              H     -3.567197309627   -7.147201356873   -2.779729683431
              H      4.866554746462   -5.232343175597   -4.733212907401
              H      7.890824701006   -1.863381338644   -3.687000689291
              H      3.155666906545    5.341236301601    3.290443492377
              H      7.567115701581    5.467706937469    1.528097027500
              H      8.857793026635    2.029125916759   -1.413295873648
              H      0.503536647393    2.125461207924    2.099444249069
$End
$SCF_Energy
   &GeometryIndex 52
   &ListStatus       OUT
   &SCF_ENERGY [&Type "Double"]      -8.7844790922791037e+02
$End
$DFT_Energy
   &GeometryIndex 52
   &ListStatus       OUT
   &NALPHAEL [&Type "Integer"] 70
   &NBETAEL [&Type "Integer"] 70
   &NTOTALEL [&Type "Integer"] 139
   &EEXCHANGE [&Type "Double"]       0.0000000000000000e+00
   &ECORR [&Type "Double"]       0.0000000000000000e+00
   &ECNL [&Type "Double"]       0.0000000000000000e+00
   &EXC [&Type "Double"]      -8.9693080479573652e+01
   &EEMBED [&Type "Double"]       0.0000000000000000e+00
   &FINALEN [&Type "Double"]      -8.7844790922791037e+02  "No Van der Waals correction"
$End
$Solvation_Details
   &GeometryIndex 52
   &ListStatus       OUT
   &SOLVENT [&Type "String"] "WATER"
   &EPSILON [&Type "Double"]       8.0150999999999996e+01
   &REFRAC [&Type "Double"]       1.3328000000000000e+00
   &RSOLV [&Type "Double"]       1.3000000000000000e+00
   &SURFACETYPE [&Type "String"] "GAUSSIAN VDW"
   &NPOINTS [&Type "Integer"] 3049
   &SURFACEAREA [&Type "Double"]       1.0797047126200000e+03
   &CPCMDIELENERGY [&Type "Double"]      -8.8547921000000002e-02
$End
$CIS_Absorption_Spectrum
   &GeometryIndex 52
   &ListStatus       OUT
   &TEMPERATURE [&Type "Double"]       2.9814999999999998e+02
   &METHOD [&Type "Integer"] 20
   &RELCORRECTION [&Type "Integer"] 1 "Type of relativistic treatment in QDPT. 0->Unknow, 1->None, 2->SOC, 3->SSC, 4->SOC/SSC"
   &DENSTYPE [&Type "Integer"] 3 "Type of density (electron/spin ...). 0->Unknow, 1->Electronic, 2->Spin, 3->Trans/Electronic, 4->Tran/Spin"
   &DERITYPE [&Type "Integer"] 0 "Type of derivative (w.r.t. to what perturbation). 0->Unknown, 1->No Derivative, 2->Electric/Dipole, 3->Electric/Quad, 4->Magnetic/Dipole, 5->Magnetic/Quad"
   &DENSLEVEL [&Type "Integer"] 0 "// Source of density: relaxed, unrelaxed, ... 0->Unknown, 1->Linearized, 2->Unrelaxed, 3->Relaxed"
   &REPRESENTATION [&Type "String"] "Length" "Possible values: Unknown,  Length, Velocity"
   &POINTGROUP [&Type "String"] "C1"
   &NTRANS [&Type "Integer"] 5
   &DOHIGHERMOMENTS [&Type "Boolean"] false
   &STATES [&Type "ArrayOfIntegers", &Dim (5,4)] "The initial and Final states. Col1: Initial State  Col2: Initial Irrep Col3: Final State Col4: Final Irrep"
                                                         0                           1                           2                           3

0                                                        0                           0                           1                           0
1                                                        0                           0                           2                           0
2                                                        0                           0                           3                           0
3                                                        0                           0                           4                           0
4                                                        0                           0                           5                           0
   &MULTIPLICITIES [&Type "ArrayOfDoubles", &Dim (5,2)] "Col1: Multiplicity of the initial state  Col2: Multiplicity of the final state"
                                                         0                           1

0                                      1.0000000000000000e+00         1.0000000000000000e+00
1                                      1.0000000000000000e+00         1.0000000000000000e+00
2                                      1.0000000000000000e+00         1.0000000000000000e+00
3                                      1.0000000000000000e+00         1.0000000000000000e+00
4                                      1.0000000000000000e+00         1.0000000000000000e+00
   &EXCITATIONENERGIES [&Type "ArrayOfDoubles", &Dim (5,11)] 
                                                         0                           1                           2                           3                           4                           5                           6                           7

0                                      3.9235332538731753e+00         3.1645433157945834e+04         3.1600136266389217e+02         3.1954615277804066e-01         3.3242841265539993e+00        -1.5473715873042382e+00         0.0000000000000000e+00        -9.5877677350215584e-01
1                                      4.3984559964113288e+00         3.5475943805292387e+04         2.8188115458983719e+02         1.2176182449117400e-02         1.1299332171617102e-01         1.4500455037245427e-01         0.0000000000000000e+00         2.5275034786120903e-01
2                                      4.8277861452242172e+00         3.8938725346276457e+04         2.5681374803801219e+02         1.3728042371695297e+00         1.1606531847227156e+01        -1.2305716716621229e+00         0.0000000000000000e+00        -2.8327721438148554e+00
3                                      5.1366856855076213e+00         4.1430168421190850e+04         2.4137000599025237e+02         3.2007852750251786e-01         2.5434044624976115e+00         1.5367123298829393e+00         0.0000000000000000e+00         2.2660276589665382e-01
4                                      5.3591682794771316e+00         4.3224611745793321e+04         2.3134967779029765e+02         2.0550010826472627e-02         1.5651520748510311e-01        -1.5298531743685143e-01         0.0000000000000000e+00         2.5624222417823678e-01
                                                         8                           9                          10

0                                      0.0000000000000000e+00        -1.0330728895076753e-01         0.0000000000000000e+00
1                                      0.0000000000000000e+00         1.6758360225120836e-01         0.0000000000000000e+00
2                                      0.0000000000000000e+00        -1.4379246118473776e+00         0.0000000000000000e+00
3                                      0.0000000000000000e+00        -3.6134590653741494e-01         0.0000000000000000e+00
4                                      0.0000000000000000e+00         2.5971257705786827e-01         0.0000000000000000e+00
$End
$Geometry
   &GeometryIndex 53
   &ListStatus       OUT
   &NATOMS [&Type "Integer"] 35
   &NCORELESSECP [&Type "Integer"] 0
   &NGHOSTATOMS [&Type "Integer"] 0
   &CartesianCoordinates [&Type "Coordinates", &Dim(35,4), &Units "Bohr"] 
              C     -3.125468834093   -3.693826730283   -0.711147248999
              C     -2.286773304546   -5.633981340836   -2.281891105769
              C      0.137615154324   -5.618753052583   -3.184626756571
              C     -1.530567932106   -1.763292717349   -0.067896198283
              C      0.995073121095   -1.697337459079   -0.917317848655
              O     -2.366676454879    0.104481429975    1.561139656100
              C      1.808245449893   -3.674161376921   -2.525564558693
              C      4.331230559806   -3.690229972413   -3.502043064707
              C      5.990890237631   -1.855021372631   -2.934455893680
              C      2.823205144504    0.213350712959   -0.279700529164
              C      5.275814639932    0.156568121874   -1.286056263773
              N      2.265605447628    2.124446401956    1.335698124615
              C      3.864113934895    3.944464448155    1.982156074523
              C      6.278035428357    3.978025095818    1.000553912140
              C      6.971356564364    2.075043142948   -0.622861229983
              C     -4.497203345148    1.485680823016    0.881768059096
              O     -5.246108007957    1.533034728581   -1.280025410442
              N     -5.464932275430    2.715705679215    2.853677936597
              C     -7.546181420631    4.462284790115    2.454233902815
              C     -4.584176344513    2.483522434264    5.447542921263
              H     -3.331196510058    0.878960445451    5.653043927652
              H     -6.216784436553    2.216959554191    6.673997406200
              H     -3.600662025178    4.201525649464    6.024354250401
              H     -7.918605999100    4.649470578691    0.449021988717
              H     -7.052081488846    6.303263404747    3.236394186546
              H     -9.238307919373    3.769821807625    3.406059380826
              H      0.802138049727   -7.109876150555   -4.414419305109
              H     -5.037858782690   -3.693005815879    0.005284599675
              H     -3.567017688025   -7.146892324624   -2.779622649027
              H      4.866853812650   -5.232158998040   -4.733207036008
              H      7.890753184694   -1.863747719402   -3.687225352940
              H      3.156674255921    5.341398972399    3.290168848260
              H      7.566839067648    5.467568625352    1.528102617791
              H      8.857634031709    2.029862047676   -1.412749200231
              H      0.503610099418    2.125784965194    2.099638598874
$End
$SCF_Energy
   &GeometryIndex 53
   &ListStatus       OUT
   &SCF_ENERGY [&Type "Double"]      -8.7844790920061450e+02
$End
$DFT_Energy
   &GeometryIndex 53
   &ListStatus       OUT
   &NALPHAEL [&Type "Integer"] 70
   &NBETAEL [&Type "Integer"] 70
   &NTOTALEL [&Type "Integer"] 139
   &EEXCHANGE [&Type "Double"]       0.0000000000000000e+00
   &ECORR [&Type "Double"]       0.0000000000000000e+00
   &ECNL [&Type "Double"]       0.0000000000000000e+00
   &EXC [&Type "Double"]      -8.9693558542334188e+01
   &EEMBED [&Type "Double"]       0.0000000000000000e+00
   &FINALEN [&Type "Double"]      -8.7844790920061450e+02  "No Van der Waals correction"
$End
$Solvation_Details
   &GeometryIndex 53
   &ListStatus       OUT
   &SOLVENT [&Type "String"] "WATER"
   &EPSILON [&Type "Double"]       8.0150999999999996e+01
   &REFRAC [&Type "Double"]       1.3328000000000000e+00
   &RSOLV [&Type "Double"]       1.3000000000000000e+00
   &SURFACETYPE [&Type "String"] "GAUSSIAN VDW"
   &NPOINTS [&Type "Integer"] 3048
   &SURFACEAREA [&Type "Double"]       1.0796853397000000e+03
   &CPCMDIELENERGY [&Type "Double"]      -8.8544671000000005e-02
$End
$CIS_Absorption_Spectrum
   &GeometryIndex 53
   &ListStatus       OUT
   &TEMPERATURE [&Type "Double"]       2.9814999999999998e+02
   &METHOD [&Type "Integer"] 20
   &RELCORRECTION [&Type "Integer"] 1 "Type of relativistic treatment in QDPT. 0->Unknow, 1->None, 2->SOC, 3->SSC, 4->SOC/SSC"
   &DENSTYPE [&Type "Integer"] 3 "Type of density (electron/spin ...). 0->Unknow, 1->Electronic, 2->Spin, 3->Trans/Electronic, 4->Tran/Spin"
   &DERITYPE [&Type "Integer"] 0 "Type of derivative (w.r.t. to what perturbation). 0->Unknown, 1->No Derivative, 2->Electric/Dipole, 3->Electric/Quad, 4->Magnetic/Dipole, 5->Magnetic/Quad"
   &DENSLEVEL [&Type "Integer"] 0 "// Source of density: relaxed, unrelaxed, ... 0->Unknown, 1->Linearized, 2->Unrelaxed, 3->Relaxed"
   &REPRESENTATION [&Type "String"] "Length" "Possible values: Unknown,  Length, Velocity"
   &POINTGROUP [&Type "String"] "C1"
   &NTRANS [&Type "Integer"] 5
   &DOHIGHERMOMENTS [&Type "Boolean"] false
   &STATES [&Type "ArrayOfIntegers", &Dim (5,4)] "The initial and Final states. Col1: Initial State  Col2: Initial Irrep Col3: Final State Col4: Final Irrep"
                                                         0                           1                           2                           3

0                                                        0                           0                           1                           0
1                                                        0                           0                           2                           0
2                                                        0                           0                           3                           0
3                                                        0                           0                           4                           0
4                                                        0                           0                           5                           0
   &MULTIPLICITIES [&Type "ArrayOfDoubles", &Dim (5,2)] "Col1: Multiplicity of the initial state  Col2: Multiplicity of the final state"
                                                         0                           1

0                                      1.0000000000000000e+00         1.0000000000000000e+00
1                                      1.0000000000000000e+00         1.0000000000000000e+00
2                                      1.0000000000000000e+00         1.0000000000000000e+00
3                                      1.0000000000000000e+00         1.0000000000000000e+00
4                                      1.0000000000000000e+00         1.0000000000000000e+00
   &EXCITATIONENERGIES [&Type "ArrayOfDoubles", &Dim (5,11)] 
                                                         0                           1                           2                           3                           4                           5                           6                           7

0                                      3.9237837473884989e+00         3.1647453524610966e+04         3.1598118920447729e+02         3.1946227689969209e-01         3.3231993879658290e+00        -1.5473394542805108e+00         0.0000000000000000e+00        -9.5829603164018562e-01
1                                      4.3989372760179632e+00         3.5479825587511761e+04         2.8185031449308514e+02         1.2032224824887923e-02         1.1164519825618201e-01         1.4469777789094579e-01         0.0000000000000000e+00         2.5095293323471618e-01
2                                      4.8280858818083177e+00         3.8941142885117952e+04         2.5679780456114133e+02         1.3730758957250044e+00         1.1608107918083704e+01        -1.2312521375089127e+00         0.0000000000000000e+00        -2.8328433374662274e+00
3                                      5.1372054549553487e+00         4.1434360644947170e+04         2.4134558478385688e+02         3.1984049749331123e-01         2.5412558872086839e+00         1.5360731645368433e+00         0.0000000000000000e+00         2.2629881660414741e-01
4                                      5.3593147735050204e+00         4.3225793299935372e+04         2.3134335396951408e+02         2.0581923501466620e-02         1.5675397933612922e-01        -1.5227891708600819e-01         0.0000000000000000e+00         2.5693003675489462e-01
                                                         8                           9                          10

0                                      0.0000000000000000e+00        -1.0299862589079677e-01         0.0000000000000000e+00
1                                      0.0000000000000000e+00         1.6652440250755027e-01         0.0000000000000000e+00
2                                      0.0000000000000000e+00        -1.4377498799640513e+00         0.0000000000000000e+00
3                                      0.0000000000000000e+00        -3.6128100697658316e-01         0.0000000000000000e+00
4                                      0.0000000000000000e+00         2.5990780473154390e-01         0.0000000000000000e+00
$End
$Geometry
   &GeometryIndex 54
   &ListStatus       OUT
   &NATOMS [&Type "Integer"] 35
   &NCORELESSECP [&Type "Integer"] 0
   &NGHOSTATOMS [&Type "Integer"] 0
   &CartesianCoordinates [&Type "Coordinates", &Dim(35,4), &Units "Bohr"] 
              C     -3.125609501460   -3.693613831558   -0.710954118725
              C     -2.286879471154   -5.634192802978   -2.281989570813
              C      0.137811443369   -5.618820382601   -3.184746171490
              C     -1.530509102368   -1.763270015128   -0.067901398439
              C      0.995017381090   -1.697417713714   -0.917353332672
              O     -2.366722791034    0.104484333731    1.561144650223
              C      1.808318587176   -3.674090721553   -2.525542079144
              C      4.331214581263   -3.690241334217   -3.502045491135
              C      5.990887709749   -1.855034957675   -2.934464313898
              C      2.823037315738    0.213242411302   -0.279711477740
              C      5.275752866477    0.156542959245   -1.286050192683
              N      2.265732373412    2.124492734365    1.335683317203
              C      3.864114814780    3.944492030753    1.982173426668
              C      6.277924418171    3.977966197375    1.000557122497
              C      6.971492406479    2.075083562168   -0.622886264727
              C     -4.497118077774    1.485568222799    0.881732304236
              O     -5.246118785555    1.533054177042   -1.280054405855
              N     -5.464919851913    2.715703348472    2.853720010585
              C     -7.546387966880    4.462091163684    2.454346674578
              C     -4.584011382108    2.483785405764    5.447463282352
              H     -3.331868143839    0.878535934695    5.652733507241
              H     -6.217223170172    2.216435190539    6.672953830920
              H     -3.600493895647    4.201219450085    6.025972234564
              H     -7.917864499676    4.649700884829    0.448994108520
              H     -7.051012410322    6.302892543327    3.236133122198
              H     -9.239273328810    3.771093418359    3.405887107028
              H      0.803161612351   -7.109553782146   -4.414595332052
              H     -5.037787108384   -3.691586151311    0.006100155772
              H     -3.566973647351   -7.147229787294   -2.779835354883
              H      4.866571392433   -5.232283750753   -4.733180562893
              H      7.890766230677   -1.863700446923   -3.687194252452
              H      3.156694855041    5.341427142974    3.290196802293
              H      7.566421639666    5.467678147098    1.528354292575
              H      8.857831821921    2.030108400199   -1.412659399421
              H      0.503829910414    2.126155185013    2.099767785523
$End
$SCF_Energy
   &GeometryIndex 54
   &ListStatus       OUT
   &SCF_ENERGY [&Type "Double"]      -8.7844790939261611e+02
$End
$DFT_Energy
   &GeometryIndex 54
   &ListStatus       OUT
   &NALPHAEL [&Type "Integer"] 70
   &NBETAEL [&Type "Integer"] 70
   &NTOTALEL [&Type "Integer"] 139
   &EEXCHANGE [&Type "Double"]       0.0000000000000000e+00
   &ECORR [&Type "Double"]       0.0000000000000000e+00
   &ECNL [&Type "Double"]       0.0000000000000000e+00
   &EXC [&Type "Double"]      -8.9693425532236532e+01
   &EEMBED [&Type "Double"]       0.0000000000000000e+00
   &FINALEN [&Type "Double"]      -8.7844790939261611e+02  "No Van der Waals correction"
$End
$Solvation_Details
   &GeometryIndex 54
   &ListStatus       OUT
   &SOLVENT [&Type "String"] "WATER"
   &EPSILON [&Type "Double"]       8.0150999999999996e+01
   &REFRAC [&Type "Double"]       1.3328000000000000e+00
   &RSOLV [&Type "Double"]       1.3000000000000000e+00
   &SURFACETYPE [&Type "String"] "GAUSSIAN VDW"
   &NPOINTS [&Type "Integer"] 3049
   &SURFACEAREA [&Type "Double"]       1.0796796330059999e+03
   &CPCMDIELENERGY [&Type "Double"]      -8.8547775999999995e-02
$End
$CIS_Absorption_Spectrum
   &GeometryIndex 54
   &ListStatus       OUT
   &TEMPERATURE [&Type "Double"]       2.9814999999999998e+02
   &METHOD [&Type "Integer"] 20
   &RELCORRECTION [&Type "Integer"] 1 "Type of relativistic treatment in QDPT. 0->Unknow, 1->None, 2->SOC, 3->SSC, 4->SOC/SSC"
   &DENSTYPE [&Type "Integer"] 3 "Type of density (electron/spin ...). 0->Unknow, 1->Electronic, 2->Spin, 3->Trans/Electronic, 4->Tran/Spin"
   &DERITYPE [&Type "Integer"] 0 "Type of derivative (w.r.t. to what perturbation). 0->Unknown, 1->No Derivative, 2->Electric/Dipole, 3->Electric/Quad, 4->Magnetic/Dipole, 5->Magnetic/Quad"
   &DENSLEVEL [&Type "Integer"] 0 "// Source of density: relaxed, unrelaxed, ... 0->Unknown, 1->Linearized, 2->Unrelaxed, 3->Relaxed"
   &REPRESENTATION [&Type "String"] "Length" "Possible values: Unknown,  Length, Velocity"
   &POINTGROUP [&Type "String"] "C1"
   &NTRANS [&Type "Integer"] 5
   &DOHIGHERMOMENTS [&Type "Boolean"] false
   &STATES [&Type "ArrayOfIntegers", &Dim (5,4)] "The initial and Final states. Col1: Initial State  Col2: Initial Irrep Col3: Final State Col4: Final Irrep"
                                                         0                           1                           2                           3

0                                                        0                           0                           1                           0
1                                                        0                           0                           2                           0
2                                                        0                           0                           3                           0
3                                                        0                           0                           4                           0
4                                                        0                           0                           5                           0
   &MULTIPLICITIES [&Type "ArrayOfDoubles", &Dim (5,2)] "Col1: Multiplicity of the initial state  Col2: Multiplicity of the final state"
                                                         0                           1

0                                      1.0000000000000000e+00         1.0000000000000000e+00
1                                      1.0000000000000000e+00         1.0000000000000000e+00
2                                      1.0000000000000000e+00         1.0000000000000000e+00
3                                      1.0000000000000000e+00         1.0000000000000000e+00
4                                      1.0000000000000000e+00         1.0000000000000000e+00
   &EXCITATIONENERGIES [&Type "ArrayOfDoubles", &Dim (5,11)] 
                                                         0                           1                           2                           3                           4                           5                           6                           7

0                                      3.9237880656074489e+00         3.1647488353399283e+04         3.1598084145991606e+02         3.1951384867323657e-01         3.3237322043708635e+00        -1.5474450834681470e+00         0.0000000000000000e+00        -9.5840080334766287e-01
1                                      4.3988762330351827e+00         3.5479333242600595e+04         2.8185422571562987e+02         1.2127838704092130e-02         1.1253394661755556e-01         1.4495846223407560e-01         0.0000000000000000e+00         2.5212414652652865e-01
2                                      4.8281105397986632e+00         3.8941341765243284e+04         2.5679649305061702e+02         1.3732826943706580e+00         1.1609796919023104e+01        -1.2315033222638214e+00         0.0000000000000000e+00        -2.8330304660214969e+00
3                                      5.1370669945587917e+00         4.1433243886418379e+04         2.4135208981978727e+02         3.1990332426651086e-01         2.5418235785432461e+00         1.5362333441320102e+00         0.0000000000000000e+00         2.2617478347096329e-01
4                                      5.3593865246236856e+00         4.3226372011796033e+04         2.3134025675971839e+02         2.0558817494967015e-02         1.5657590543316605e-01        -1.5254792629288583e-01         0.0000000000000000e+00         2.5656077320939796e-01
                                                         8                           9                          10

0                                      0.0000000000000000e+00        -1.0302338648907269e-01         0.0000000000000000e+00
1                                      0.0000000000000000e+00         1.6719571041912873e-01         0.0000000000000000e+00
2                                      0.0000000000000000e+00        -1.4377534089232042e+00         0.0000000000000000e+00
3                                      0.0000000000000000e+00        -3.6146321838063900e-01         0.0000000000000000e+00
4                                      0.0000000000000000e+00         2.5977221804323530e-01         0.0000000000000000e+00
$End
$Geometry
   &GeometryIndex 55
   &ListStatus       OUT
   &NATOMS [&Type "Integer"] 35
   &NCORELESSECP [&Type "Integer"] 0
   &NGHOSTATOMS [&Type "Integer"] 0
   &CartesianCoordinates [&Type "Coordinates", &Dim(35,4), &Units "Bohr"] 
              C     -3.125613330194   -3.693558691185   -0.710910075268
              C     -2.286941918888   -5.634245312475   -2.281999118870
              C      0.137890768957   -5.618810848162   -3.184770063692
              C     -1.530552321484   -1.763208910355   -0.067820610972
              C      0.994967648362   -1.697455520444   -0.917359284688
              O     -2.366590073475    0.104302590218    1.561032661552
              C      1.808317927160   -3.674081522048   -2.525537013371
              C      4.331236300354   -3.690256930912   -3.502064703908
              C      5.990836304356   -1.855039353203   -2.934446940262
              C      2.823045154535    0.213217549011   -0.279732498164
              C      5.275823408280    0.156577659182   -1.286052621150
              N      2.265687150370    2.124487572131    1.335693536181
              C      3.864197165556    3.944494836759    1.982143149670
              C      6.277900268491    3.977915877626    1.000533049919
              C      6.971414016672    2.075127760378   -0.622822062333
              C     -4.497521968010    1.485973969821    0.881864740551
              O     -5.246038578983    1.532990083447   -1.279963186500
              N     -5.464945621697    2.715747975509    2.853666199902
              C     -7.546196440360    4.462168503353    2.454086101740
              C     -4.584046497376    2.483428571407    5.447534095763
              H     -3.331139005783    0.878891853253    5.653636845409
              H     -6.217098749007    2.217217043404    6.673464057237
              H     -3.601011598163    4.201727600093    6.024250245799
              H     -7.918882348681    4.649976410579    0.448987637929
              H     -7.051451270558    6.302804682342    3.236636632917
              H     -9.238167217907    3.769961536235    3.406357939222
              H      0.803696658218   -7.109326657335   -4.414644061355
              H     -5.037726796520   -3.691151748666    0.006328458164
              H     -3.567112344067   -7.147248706109   -2.779793069875
              H      4.866807362612   -5.232210966242   -4.733219695195
              H      7.890675726976   -1.863858035608   -3.687265404299
              H      3.157121391042    5.341620028478    3.290140698935
              H      7.566660348779    5.467466543372    1.528108508843
              H      8.857845845746    2.030549688308   -1.412370589615
              H      0.503739398353    2.125950578273    2.099733778203
$End
$SCF_Energy
   &GeometryIndex 55
   &ListStatus       OUT
   &SCF_ENERGY [&Type "Double"]      -8.7844790907583342e+02
$End
$DFT_Energy
   &GeometryIndex 55
   &ListStatus       OUT
   &NALPHAEL [&Type "Integer"] 70
   &NBETAEL [&Type "Integer"] 70
   &NTOTALEL [&Type "Integer"] 139
   &EEXCHANGE [&Type "Double"]       0.0000000000000000e+00
   &ECORR [&Type "Double"]       0.0000000000000000e+00
   &ECNL [&Type "Double"]       0.0000000000000000e+00
   &EXC [&Type "Double"]      -8.9693504021535531e+01
   &EEMBED [&Type "Double"]       0.0000000000000000e+00
   &FINALEN [&Type "Double"]      -8.7844790907583342e+02  "No Van der Waals correction"
$End
$Solvation_Details
   &GeometryIndex 55
   &ListStatus       OUT
   &SOLVENT [&Type "String"] "WATER"
   &EPSILON [&Type "Double"]       8.0150999999999996e+01
   &REFRAC [&Type "Double"]       1.3328000000000000e+00
   &RSOLV [&Type "Double"]       1.3000000000000000e+00
   &SURFACETYPE [&Type "String"] "GAUSSIAN VDW"
   &NPOINTS [&Type "Integer"] 3048
   &SURFACEAREA [&Type "Double"]       1.0796911562339999e+03
   &CPCMDIELENERGY [&Type "Double"]      -8.8544798999999993e-02
$End
$CIS_Absorption_Spectrum
   &GeometryIndex 55
   &ListStatus       OUT
   &TEMPERATURE [&Type "Double"]       2.9814999999999998e+02
   &METHOD [&Type "Integer"] 20
   &RELCORRECTION [&Type "Integer"] 1 "Type of relativistic treatment in QDPT. 0->Unknow, 1->None, 2->SOC, 3->SSC, 4->SOC/SSC"
   &DENSTYPE [&Type "Integer"] 3 "Type of density (electron/spin ...). 0->Unknow, 1->Electronic, 2->Spin, 3->Trans/Electronic, 4->Tran/Spin"
   &DERITYPE [&Type "Integer"] 0 "Type of derivative (w.r.t. to what perturbation). 0->Unknown, 1->No Derivative, 2->Electric/Dipole, 3->Electric/Quad, 4->Magnetic/Dipole, 5->Magnetic/Quad"
   &DENSLEVEL [&Type "Integer"] 0 "// Source of density: relaxed, unrelaxed, ... 0->Unknown, 1->Linearized, 2->Unrelaxed, 3->Relaxed"
   &REPRESENTATION [&Type "String"] "Length" "Possible values: Unknown,  Length, Velocity"
   &POINTGROUP [&Type "String"] "C1"
   &NTRANS [&Type "Integer"] 5
   &DOHIGHERMOMENTS [&Type "Boolean"] false
   &STATES [&Type "ArrayOfIntegers", &Dim (5,4)] "The initial and Final states. Col1: Initial State  Col2: Initial Irrep Col3: Final State Col4: Final Irrep"
                                                         0                           1                           2                           3

0                                                        0                           0                           1                           0
1                                                        0                           0                           2                           0
2                                                        0                           0                           3                           0
3                                                        0                           0                           4                           0
4                                                        0                           0                           5                           0
   &MULTIPLICITIES [&Type "ArrayOfDoubles", &Dim (5,2)] "Col1: Multiplicity of the initial state  Col2: Multiplicity of the final state"
                                                         0                           1

0                                      1.0000000000000000e+00         1.0000000000000000e+00
1                                      1.0000000000000000e+00         1.0000000000000000e+00
2                                      1.0000000000000000e+00         1.0000000000000000e+00
3                                      1.0000000000000000e+00         1.0000000000000000e+00
4                                      1.0000000000000000e+00         1.0000000000000000e+00
   &EXCITATIONENERGIES [&Type "ArrayOfDoubles", &Dim (5,11)] 
                                                         0                           1                           2                           3                           4                           5                           6                           7

0                                      3.9235451911534573e+00         3.1645529438614507e+04         3.1600040123828040e+02         3.1969439018729984e-01         3.3258161426930153e+00        -1.5478657520886510e+00         0.0000000000000000e+00        -9.5879516872625792e-01
1                                      4.3987560710872131e+00         3.5478364071028300e+04         2.8186192519981546e+02         1.2111500271135459e-02         1.1238541263744582e-01         1.4516901297036328e-01         0.0000000000000000e+00         2.5186324117981435e-01
2                                      4.8280001750619945e+00         3.8940451613517464e+04         2.5680236324040686e+02         1.3727062641518952e+00         1.1605189031172495e+01        -1.2304112969770031e+00         0.0000000000000000e+00        -2.8326293530582691e+00
3                                      5.1369290624671047e+00         4.1432131388956172e+04         2.4135857038398760e+02         3.2008186221539742e-01         2.5433104583147808e+00         1.5366945555844245e+00         0.0000000000000000e+00         2.2690600092567867e-01
4                                      5.3598531005843313e+00         4.3230135201100260e+04         2.3132011855807212e+02         2.0617487219723053e-02         1.5700906506728340e-01        -1.5382745394943506e-01         0.0000000000000000e+00         2.5634309895387347e-01
                                                         8                           9                          10

0                                      0.0000000000000000e+00        -1.0314834284290153e-01         0.0000000000000000e+00
1                                      0.0000000000000000e+00         1.6696190599371760e-01         0.0000000000000000e+00
2                                      0.0000000000000000e+00        -1.4378762184682508e+00         0.0000000000000000e+00
3                                      0.0000000000000000e+00        -3.6110104942506677e-01         0.0000000000000000e+00
4                                      0.0000000000000000e+00         2.6006613600667516e-01         0.0000000000000000e+00
$End
$Geometry
   &GeometryIndex 56
   &ListStatus       OUT
   &NATOMS [&Type "Integer"] 35
   &NCORELESSECP [&Type "Integer"] 0
   &NGHOSTATOMS [&Type "Integer"] 0
   &CartesianCoordinates [&Type "Coordinates", &Dim(35,4), &Units "Bohr"] 
              C     -3.125641494993   -3.693645935474   -0.710964829534
              C     -2.286854270576   -5.634160624870   -2.281978663110
              C      0.137793384132   -5.618836497825   -3.184749052085
              C     -1.530419424776   -1.763331520310   -0.067956158780
              C      0.995095200837   -1.697425821053   -0.917392158444
              O     -2.366727011685    0.104494088691    1.561155522063
              C      1.808334689377   -3.674110478497   -2.525562289659
              C      4.331172885139   -3.690183835379   -3.501991322892
              C      5.990973580555   -1.855071115038   -2.934522378272
              C      2.822962592194    0.213333137719   -0.279614853809
              C      5.275611794284    0.156523859642   -1.286007074205
              N      2.265927856722    2.124542044558    1.335632705599
              C      3.864119023256    3.944481702496    1.982166250069
              C      6.277793373802    3.978031380440    1.000655657171
              C      6.971621806416    2.074967428829   -0.623022111007
              C     -4.497279384830    1.485740264981    0.881806746827
              O     -5.246087631018    1.533022795601   -1.280010926746
              N     -5.464942250995    2.715756314613    2.853664119958
              C     -7.546195250795    4.462217096799    2.454204355258
              C     -4.584132804444    2.483470286106    5.447541214739
              H     -3.331131337616    0.878961571833    5.653302287762
              H     -6.216873623671    2.217092879779    6.673857361207
              H     -3.600802478123    4.201607740480    6.024265263096
              H     -7.918595780708    4.649641914658    0.449011528965
              H     -7.051785971821    6.303086069306    3.236433849031
              H     -9.238365955494    3.770006435416    3.406133628766
              H      0.802777117406   -7.109745669723   -4.414582638111
              H     -5.037792640928   -3.691513358287    0.006156631567
              H     -3.566712533366   -7.147336415261   -2.779997969181
              H      4.866159561658   -5.232381740303   -4.733085852764
              H      7.890867080291   -1.863691534621   -3.687231504382
              H      3.156578833268    5.341356339606    3.290179322888
              H      7.565014867313    5.468482322316    1.529507850388
              H      8.857740940606    2.029105634157   -1.413314914302
              H      0.504065950524    2.126224949396    2.099790006320
$End
$SCF_Energy
   &GeometryIndex 56
   &ListStatus       OUT
   &SCF_ENERGY [&Type "Double"]      -8.7844790933694742e+02
$End
$DFT_Energy
   &GeometryIndex 56
   &ListStatus       OUT
   &NALPHAEL [&Type "Integer"] 70
   &NBETAEL [&Type "Integer"] 70
   &NTOTALEL [&Type "Integer"] 139
   &EEXCHANGE [&Type "Double"]       0.0000000000000000e+00
   &ECORR [&Type "Double"]       0.0000000000000000e+00
   &ECNL [&Type "Double"]       0.0000000000000000e+00
   &EXC [&Type "Double"]      -8.9693468643586257e+01
   &EEMBED [&Type "Double"]       0.0000000000000000e+00
   &FINALEN [&Type "Double"]      -8.7844790933694742e+02  "No Van der Waals correction"
$End
$Solvation_Details
   &GeometryIndex 56
   &ListStatus       OUT
   &SOLVENT [&Type "String"] "WATER"
   &EPSILON [&Type "Double"]       8.0150999999999996e+01
   &REFRAC [&Type "Double"]       1.3328000000000000e+00
   &RSOLV [&Type "Double"]       1.3000000000000000e+00
   &SURFACETYPE [&Type "String"] "GAUSSIAN VDW"
   &NPOINTS [&Type "Integer"] 3048
   &SURFACEAREA [&Type "Double"]       1.0796934835810000e+03
   &CPCMDIELENERGY [&Type "Double"]      -8.8551330999999997e-02
$End
$CIS_Absorption_Spectrum
   &GeometryIndex 56
   &ListStatus       OUT
   &TEMPERATURE [&Type "Double"]       2.9814999999999998e+02
   &METHOD [&Type "Integer"] 20
   &RELCORRECTION [&Type "Integer"] 1 "Type of relativistic treatment in QDPT. 0->Unknow, 1->None, 2->SOC, 3->SSC, 4->SOC/SSC"
   &DENSTYPE [&Type "Integer"] 3 "Type of density (electron/spin ...). 0->Unknow, 1->Electronic, 2->Spin, 3->Trans/Electronic, 4->Tran/Spin"
   &DERITYPE [&Type "Integer"] 0 "Type of derivative (w.r.t. to what perturbation). 0->Unknown, 1->No Derivative, 2->Electric/Dipole, 3->Electric/Quad, 4->Magnetic/Dipole, 5->Magnetic/Quad"
   &DENSLEVEL [&Type "Integer"] 0 "// Source of density: relaxed, unrelaxed, ... 0->Unknown, 1->Linearized, 2->Unrelaxed, 3->Relaxed"
   &REPRESENTATION [&Type "String"] "Length" "Possible values: Unknown,  Length, Velocity"
   &POINTGROUP [&Type "String"] "C1"
   &NTRANS [&Type "Integer"] 5
   &DOHIGHERMOMENTS [&Type "Boolean"] false
   &STATES [&Type "ArrayOfIntegers", &Dim (5,4)] "The initial and Final states. Col1: Initial State  Col2: Initial Irrep Col3: Final State Col4: Final Irrep"
                                                         0                           1                           2                           3

0                                                        0                           0                           1                           0
1                                                        0                           0                           2                           0
2                                                        0                           0                           3                           0
3                                                        0                           0                           4                           0
4                                                        0                           0                           5                           0
   &MULTIPLICITIES [&Type "ArrayOfDoubles", &Dim (5,2)] "Col1: Multiplicity of the initial state  Col2: Multiplicity of the final state"
                                                         0                           1

0                                      1.0000000000000000e+00         1.0000000000000000e+00
1                                      1.0000000000000000e+00         1.0000000000000000e+00
2                                      1.0000000000000000e+00         1.0000000000000000e+00
3                                      1.0000000000000000e+00         1.0000000000000000e+00
4                                      1.0000000000000000e+00         1.0000000000000000e+00
   &EXCITATIONENERGIES [&Type "ArrayOfDoubles", &Dim (5,11)] 
                                                         0                           1                           2                           3                           4                           5                           6                           7

0                                      3.9236931461506548e+00         3.1646722776269940e+04         3.1598848546486539e+02         3.1946176438740942e-01         3.3232707917977260e+00        -1.5476444616795297e+00         0.0000000000000000e+00        -9.5788556918977363e-01
1                                      4.3989065838249939e+00         3.5479578038254949e+04         2.8185228102819474e+02         1.2219032964983050e-02         1.1337935386375345e-01         1.4514875330897384e-01         0.0000000000000000e+00         2.5323320198888372e-01
2                                      4.8282440005879907e+00         3.8942418199216088e+04         2.5678939476340224e+02         1.3737280004383963e+00         1.1613240539218475e+01        -1.2324489957627001e+00         0.0000000000000000e+00        -2.8333220479450389e+00
3                                      5.1372657715957288e+00         4.1434847131511182e+04         2.4134275114520707e+02         3.1974993211688585e-01         2.5405064819881558e+00         1.5358440665727331e+00         0.0000000000000000e+00         2.2641709667561694e-01
4                                      5.3592768390865411e+00         4.3225487338184394e+04         2.3134499148066820e+02         2.0554623994616848e-02         1.5654717164854229e-01        -1.5219856925737013e-01         0.0000000000000000e+00         2.5673494565454519e-01
                                                         8                           9                          10

0                                      0.0000000000000000e+00        -1.0257996085195138e-01         0.0000000000000000e+00
1                                      0.0000000000000000e+00         1.6788132322286875e-01         0.0000000000000000e+00
2                                      0.0000000000000000e+00        -1.4375660627221685e+00         0.0000000000000000e+00
3                                      0.0000000000000000e+00        -3.6114371584518840e-01         0.0000000000000000e+00
4                                      0.0000000000000000e+00         2.5974975427189440e-01         0.0000000000000000e+00
$End
$Geometry
   &GeometryIndex 57
   &ListStatus       OUT
   &NATOMS [&Type "Integer"] 35
   &NCORELESSECP [&Type "Integer"] 0
   &NGHOSTATOMS [&Type "Integer"] 0
   &CartesianCoordinates [&Type "Coordinates", &Dim(35,4), &Units "Bohr"] 
              C     -3.125621251438   -3.693615204901   -0.710947217396
              C     -2.286935911132   -5.634208448798   -2.281978124745
              C      0.137872739453   -5.618793342915   -3.184751795908
              C     -1.530498326538   -1.763239554726   -0.067883973779
              C      0.994994267603   -1.697442973424   -0.917361137153
              O     -2.366700286970    0.104460395761    1.561128778543
              C      1.808318985441   -3.674119112563   -2.525562034889
              C      4.331241906502   -3.690198510608   -3.502028560863
              C      5.990851008164   -1.855072081475   -2.934473829150
              C      2.823032732064    0.213267052413   -0.279692700688
              C      5.275777860373    0.156557371912   -1.286049075651
              N      2.265738899990    2.124488530439    1.335675729473
              C      3.864157688412    3.944499371928    1.982161090120
              C      6.277882373030    3.977988894745    1.000590621874
              C      6.971474226843    2.075041639005   -0.622908206598
              C     -4.497208517358    1.485640662767    0.881761911038
              O     -5.246108208252    1.533035422209   -1.280047498718
              N     -5.465058636682    2.715504790677    2.853776480180
              C     -7.546035869848    4.462487742412    2.454200972465
              C     -4.584026850172    2.483745557961    5.447469352472
              H     -3.331793471172    0.878575866903    5.652791401712
              H     -6.217147856254    2.216473964653    6.673110259081
              H     -3.600572259701    4.201316458023    6.025652860821
              H     -7.919056732915    4.649085281137    0.449045796444
              H     -7.053085598394    6.303678073248    3.236556153535
              H     -9.237694067509    3.768875448381    3.406039940093
              H      0.803546978609   -7.109372293794   -4.414614879171
              H     -5.037792023437   -3.691516912412    0.006132232305
              H     -3.567155308341   -7.147175196246   -2.779735413067
              H      4.867025337866   -5.232058173152   -4.733201352582
              H      7.890621979775   -1.864169343233   -3.687458302162
              H      3.156862075320    5.341498860590    3.290177202206
              H      7.566112371011    5.467854851864    1.528607920789
              H      8.857753366521    2.029852547605   -1.412811738929
              H      0.503835409479    2.126119519725    2.099765448159
$End
$SCF_Energy
   &GeometryIndex 57
   &ListStatus       OUT
   &SCF_ENERGY [&Type "Double"]      -8.7844790926093106e+02
$End
$DFT_Energy
   &GeometryIndex 57
   &ListStatus       OUT
   &NALPHAEL [&Type "Integer"] 70
   &NBETAEL [&Type "Integer"] 70
   &NTOTALEL [&Type "Integer"] 139
   &EEXCHANGE [&Type "Double"]       0.0000000000000000e+00
   &ECORR [&Type "Double"]       0.0000000000000000e+00
   &ECNL [&Type "Double"]       0.0000000000000000e+00
   &EXC [&Type "Double"]      -8.9693442383556473e+01
   &EEMBED [&Type "Double"]       0.0000000000000000e+00
   &FINALEN [&Type "Double"]      -8.7844790926093106e+02  "No Van der Waals correction"
$End
$Solvation_Details
   &GeometryIndex 57
   &ListStatus       OUT
   &SOLVENT [&Type "String"] "WATER"
   &EPSILON [&Type "Double"]       8.0150999999999996e+01
   &REFRAC [&Type "Double"]       1.3328000000000000e+00
   &RSOLV [&Type "Double"]       1.3000000000000000e+00
   &SURFACETYPE [&Type "String"] "GAUSSIAN VDW"
   &NPOINTS [&Type "Integer"] 3048
   &SURFACEAREA [&Type "Double"]       1.0796885005170000e+03
   &CPCMDIELENERGY [&Type "Double"]      -8.8546158000000000e-02
$End
$CIS_Absorption_Spectrum
   &GeometryIndex 57
   &ListStatus       OUT
   &TEMPERATURE [&Type "Double"]       2.9814999999999998e+02
   &METHOD [&Type "Integer"] 20
   &RELCORRECTION [&Type "Integer"] 1 "Type of relativistic treatment in QDPT. 0->Unknow, 1->None, 2->SOC, 3->SSC, 4->SOC/SSC"
   &DENSTYPE [&Type "Integer"] 3 "Type of density (electron/spin ...). 0->Unknow, 1->Electronic, 2->Spin, 3->Trans/Electronic, 4->Tran/Spin"
   &DERITYPE [&Type "Integer"] 0 "Type of derivative (w.r.t. to what perturbation). 0->Unknown, 1->No Derivative, 2->Electric/Dipole, 3->Electric/Quad, 4->Magnetic/Dipole, 5->Magnetic/Quad"
   &DENSLEVEL [&Type "Integer"] 0 "// Source of density: relaxed, unrelaxed, ... 0->Unknown, 1->Linearized, 2->Unrelaxed, 3->Relaxed"
   &REPRESENTATION [&Type "String"] "Length" "Possible values: Unknown,  Length, Velocity"
   &POINTGROUP [&Type "String"] "C1"
   &NTRANS [&Type "Integer"] 5
   &DOHIGHERMOMENTS [&Type "Boolean"] false
   &STATES [&Type "ArrayOfIntegers", &Dim (5,4)] "The initial and Final states. Col1: Initial State  Col2: Initial Irrep Col3: Final State Col4: Final Irrep"
                                                         0                           1                           2                           3

0                                                        0                           0                           1                           0
1                                                        0                           0                           2                           0
2                                                        0                           0                           3                           0
3                                                        0                           0                           4                           0
4                                                        0                           0                           5                           0
   &MULTIPLICITIES [&Type "ArrayOfDoubles", &Dim (5,2)] "Col1: Multiplicity of the initial state  Col2: Multiplicity of the final state"
                                                         0                           1

0                                      1.0000000000000000e+00         1.0000000000000000e+00
1                                      1.0000000000000000e+00         1.0000000000000000e+00
2                                      1.0000000000000000e+00         1.0000000000000000e+00
3                                      1.0000000000000000e+00         1.0000000000000000e+00
4                                      1.0000000000000000e+00         1.0000000000000000e+00
   &EXCITATIONENERGIES [&Type "ArrayOfDoubles", &Dim (5,11)] 
                                                         0                           1                           2                           3                           4                           5                           6                           7

0                                      3.9236648223743300e+00         3.1646494329583635e+04         3.1599076649232023e+02         3.1950818919713297e-01         3.3237777292181239e+00        -1.5476402837828529e+00         0.0000000000000000e+00        -9.5813498911044415e-01
1                                      4.3988652120510796e+00         3.5479244352359783e+04         2.8185493187751285e+02         1.2205728766887528e-02         1.1325697053944955e-01         1.4561874132651428e-01         0.0000000000000000e+00         2.5296172916102427e-01
2                                      4.8281147032956229e+00         3.8941375346114459e+04         2.5679627160363742e+02         1.3733628560841840e+00         1.1610464597718632e+01        -1.2317321523363820e+00         0.0000000000000000e+00        -2.8330824688157064e+00
3                                      5.1371604898550878e+00         4.1433997976917439e+04         2.4134769725989082e+02         3.1987719454294861e-01         2.5415697053305704e+00         1.5361529556257436e+00         0.0000000000000000e+00         2.2600826467431959e-01
4                                      5.3593247501015862e+00         4.3225873766621735e+04         2.3134292331464275e+02         2.0581454844398130e-02         1.5675011820008361e-01        -1.5257939053015160e-01         0.0000000000000000e+00         2.5674671340415761e-01
                                                         8                           9                          10

0                                      0.0000000000000000e+00        -1.0278435616855068e-01         0.0000000000000000e+00
1                                      0.0000000000000000e+00         1.6751870431028254e-01         0.0000000000000000e+00
2                                      0.0000000000000000e+00        -1.4376871104341580e+00         0.0000000000000000e+00
3                                      0.0000000000000000e+00        -3.6155783292824006e-01         0.0000000000000000e+00
4                                      0.0000000000000000e+00         2.5990531533944139e-01         0.0000000000000000e+00
$End
$Geometry
   &GeometryIndex 58
   &ListStatus       OUT
   &NATOMS [&Type "Integer"] 35
   &NCORELESSECP [&Type "Integer"] 0
   &NGHOSTATOMS [&Type "Integer"] 0
   &CartesianCoordinates [&Type "Coordinates", &Dim(35,4), &Units "Bohr"] 
              C     -3.125625927419   -3.693646874350   -0.710967776829
              C     -2.287025991797   -5.634197517034   -2.281936768298
              C      0.137964915419   -5.618749947251   -3.184758621566
              C     -1.530476047543   -1.763238022141   -0.067887665719
              C      0.994940179173   -1.697462450797   -0.917356008860
              O     -2.366736001461    0.104490670232    1.561136560971
              C      1.808306819751   -3.674155530794   -2.525582315629
              C      4.331299329716   -3.690143694958   -3.502015530347
              C      5.990781836418   -1.855123446134   -2.934479354135
              C      2.823045158073    0.213293485210   -0.279678633909
              C      5.275838717403    0.156581375206   -1.286056159589
              N      2.265699457338    2.124459928259    1.335672545823
              C      3.864189497913    3.944512012014    1.982155256663
              C      6.277873060513    3.978021241606    1.000617276876
              C      6.971432301480    2.074998475088   -0.622921137581
              C     -4.497065969246    1.485561377632    0.881725670678
              O     -5.246133021707    1.533048545011   -1.280044641155
              N     -5.464873368158    2.715771390820    2.853674337092
              C     -7.546260230008    4.462230645030    2.454334384584
              C     -4.584282958221    2.483516091212    5.447550935045
              H     -3.331086708631    0.879086995776    5.652786929566
              H     -6.216558575047    2.216967684957    6.674447564241
              H     -3.600515148952    4.201475916527    6.024082093086
              H     -7.918169416984    4.649400586359    0.449021531816
              H     -7.051827651850    6.303263368664    3.236174858780
              H     -9.238753014541    3.770306912618    3.405900369400
              H      0.804237936376   -7.109042498500   -4.414646501170
              H     -5.037827568864   -3.691718264979    0.006027890114
              H     -3.567724086789   -7.146880639143   -2.779340658263
              H      4.867832025072   -5.231681980324   -4.733257771908
              H      7.890384684409   -1.864891987561   -3.687858824724
              H      3.156949259713    5.341531423760    3.290177418104
              H      7.566070813140    5.467908346802    1.528661886545
              H      8.857662023544    2.029644934213   -1.412925515384
              H      0.503799526070    2.126128610653    2.099762410531
$End
$SCF_Energy
   &GeometryIndex 58
   &ListStatus       OUT
   &SCF_ENERGY [&Type "Double"]      -8.7844790924733468e+02
$End
$DFT_Energy
   &GeometryIndex 58
   &ListStatus       OUT
   &NALPHAEL [&Type "Integer"] 70
   &NBETAEL [&Type "Integer"] 70
   &NTOTALEL [&Type "Integer"] 139
   &EEXCHANGE [&Type "Double"]       0.0000000000000000e+00
   &ECORR [&Type "Double"]       0.0000000000000000e+00
   &ECNL [&Type "Double"]       0.0000000000000000e+00
   &EXC [&Type "Double"]      -8.9693447801551244e+01
   &EEMBED [&Type "Double"]       0.0000000000000000e+00
   &FINALEN [&Type "Double"]      -8.7844790924733468e+02  "No Van der Waals correction"
$End
$Solvation_Details
   &GeometryIndex 58
   &ListStatus       OUT
   &SOLVENT [&Type "String"] "WATER"
   &EPSILON [&Type "Double"]       8.0150999999999996e+01
   &REFRAC [&Type "Double"]       1.3328000000000000e+00
   &RSOLV [&Type "Double"]       1.3000000000000000e+00
   &SURFACETYPE [&Type "String"] "GAUSSIAN VDW"
   &NPOINTS [&Type "Integer"] 3048
   &SURFACEAREA [&Type "Double"]       1.0796883713479999e+03
   &CPCMDIELENERGY [&Type "Double"]      -8.8547288000000002e-02
$End
$CIS_Absorption_Spectrum
   &GeometryIndex 58
   &ListStatus       OUT
   &TEMPERATURE [&Type "Double"]       2.9814999999999998e+02
   &METHOD [&Type "Integer"] 20
   &RELCORRECTION [&Type "Integer"] 1 "Type of relativistic treatment in QDPT. 0->Unknow, 1->None, 2->SOC, 3->SSC, 4->SOC/SSC"
   &DENSTYPE [&Type "Integer"] 3 "Type of density (electron/spin ...). 0->Unknow, 1->Electronic, 2->Spin, 3->Trans/Electronic, 4->Tran/Spin"
   &DERITYPE [&Type "Integer"] 0 "Type of derivative (w.r.t. to what perturbation). 0->Unknown, 1->No Derivative, 2->Electric/Dipole, 3->Electric/Quad, 4->Magnetic/Dipole, 5->Magnetic/Quad"
   &DENSLEVEL [&Type "Integer"] 0 "// Source of density: relaxed, unrelaxed, ... 0->Unknown, 1->Linearized, 2->Unrelaxed, 3->Relaxed"
   &REPRESENTATION [&Type "String"] "Length" "Possible values: Unknown,  Length, Velocity"
   &POINTGROUP [&Type "String"] "C1"
   &NTRANS [&Type "Integer"] 5
   &DOHIGHERMOMENTS [&Type "Boolean"] false
   &STATES [&Type "ArrayOfIntegers", &Dim (5,4)] "The initial and Final states. Col1: Initial State  Col2: Initial Irrep Col3: Final State Col4: Final Irrep"
                                                         0                           1                           2                           3

0                                                        0                           0                           1                           0
1                                                        0                           0                           2                           0
2                                                        0                           0                           3                           0
3                                                        0                           0                           4                           0
4                                                        0                           0                           5                           0
   &MULTIPLICITIES [&Type "ArrayOfDoubles", &Dim (5,2)] "Col1: Multiplicity of the initial state  Col2: Multiplicity of the final state"
                                                         0                           1

0                                      1.0000000000000000e+00         1.0000000000000000e+00
1                                      1.0000000000000000e+00         1.0000000000000000e+00
2                                      1.0000000000000000e+00         1.0000000000000000e+00
3                                      1.0000000000000000e+00         1.0000000000000000e+00
4                                      1.0000000000000000e+00         1.0000000000000000e+00
   &EXCITATIONENERGIES [&Type "ArrayOfDoubles", &Dim (5,11)] 
                                                         0                           1                           2                           3                           4                           5                           6                           7

0                                      3.9237198773653015e+00         3.1646938378078718e+04         3.1598633272300441e+02         3.1941899459243139e-01         3.3228032321716992e+00        -1.5475861374477959e+00         0.0000000000000000e+00        -9.5773724527319160e-01
1                                      4.3989768726635567e+00         3.5480144956029966e+04         2.8184777746519512e+02         1.2267027228373100e-02         1.1382286975541110e-01         1.4641009934115570e-01         0.0000000000000000e+00         2.5355759165261399e-01
2                                      4.8281625724757564e+00         3.8941761437130444e+04         2.5679372557773246e+02         1.3737021392123208e+00         1.1613217769613845e+01        -1.2323785969235921e+00         0.0000000000000000e+00        -2.8333213840871596e+00
3                                      5.1373272793326654e+00         4.1435343224917808e+04         2.4133986161809656e+02         3.1980333693153068e-01         2.5409003769875689e+00         1.5359366545377742e+00         0.0000000000000000e+00         2.2512282673387024e-01
4                                      5.3588749562504150e+00         4.3222245934172999e+04         2.3136234093966078e+02         2.0514051949935854e-02         1.5624988563489556e-01        -1.5158290455602613e-01         0.0000000000000000e+00         2.5671212519184228e-01
                                                         8                           9                          10

0                                      0.0000000000000000e+00        -1.0256582455978794e-01         0.0000000000000000e+00
1                                      0.0000000000000000e+00         1.6761712407045493e-01         0.0000000000000000e+00
2                                      0.0000000000000000e+00        -1.4376198029843998e+00         0.0000000000000000e+00
3                                      0.0000000000000000e+00        -3.6210313878538952e-01         0.0000000000000000e+00
4                                      0.0000000000000000e+00         2.5955999973174243e-01         0.0000000000000000e+00
$End
$Geometry
   &GeometryIndex 59
   &ListStatus       OUT
   &NATOMS [&Type "Integer"] 35
   &NCORELESSECP [&Type "Integer"] 0
   &NGHOSTATOMS [&Type "Integer"] 0
   &CartesianCoordinates [&Type "Coordinates", &Dim(35,4), &Units "Bohr"] 
              C     -3.125657406437   -3.693672151068   -0.710977723073
              C     -2.286980230308   -5.634129267734   -2.281910384063
              C      0.137923872857   -5.618821544562   -3.184789917530
              C     -1.530416884558   -1.763426814404   -0.068028222763
              C      0.995122303864   -1.697549381853   -0.917482044133
              O     -2.366782185246    0.104575708843    1.561209088078
              C      1.808344153442   -3.674034673755   -2.525515530521
              C      4.331153455433   -3.690273942060   -3.502043551801
              C      5.990952407920   -1.855020584420   -2.934481305751
              C      2.823024176006    0.213224767079   -0.279717436939
              C      5.275679936935    0.156596026664   -1.285984213893
              N      2.265773696009    2.124499990280    1.335668257902
              C      3.864125716668    3.944507723902    1.982181904606
              C      6.277893330267    3.977907518650    1.000528852700
              C      6.971527571323    2.075129179825   -0.622868730676
              C     -4.497155236098    1.485619642045    0.881772021965
              O     -5.246113452847    1.533040473473   -1.280036466526
              N     -5.464971154325    2.715724663273    2.853673523916
              C     -7.546164642354    4.462275818578    2.454259707405
              C     -4.584148262692    2.483538235482    5.447536061742
              H     -3.331248132695    0.878919634267    5.653070657380
              H     -6.216821209186    2.216925540433    6.673898994557
              H     -3.600668971624    4.201501106888    6.024536122203
              H     -7.918532454895    4.649400798413    0.449030185151
              H     -7.052133937661    6.303301553231    3.236360280304
              H     -9.238353335462    3.769854439668    3.406014536341
              H      0.804274009380   -7.109075020905   -4.414691097181
              H     -5.037931497166   -3.692175693419    0.005805595027
              H     -3.568271735393   -7.146454394728   -2.778854468323
              H      4.865456843746   -5.232770955117   -4.733070842390
              H      7.890984820672   -1.863065772199   -3.686852062858
              H      3.156787315283    5.341494228073    3.290194204539
              H      7.566447177460    5.467579751410    1.528275506965
              H      8.857915616959    2.030330503691   -1.412534767232
              H      0.503868802478    2.126114014741    2.099767322353
$End
$SCF_Energy
   &GeometryIndex 59
   &ListStatus       OUT
   &SCF_ENERGY [&Type "Double"]      -8.7844790939358825e+02
$End
$DFT_Energy
   &GeometryIndex 59
   &ListStatus       OUT
   &NALPHAEL [&Type "Integer"] 70
   &NBETAEL [&Type "Integer"] 70
   &NTOTALEL [&Type "Integer"] 139
   &EEXCHANGE [&Type "Double"]       0.0000000000000000e+00
   &ECORR [&Type "Double"]       0.0000000000000000e+00
   &ECNL [&Type "Double"]       0.0000000000000000e+00
   &EXC [&Type "Double"]      -8.9693417438668433e+01
   &EEMBED [&Type "Double"]       0.0000000000000000e+00
   &FINALEN [&Type "Double"]      -8.7844790939358825e+02  "No Van der Waals correction"
$End
$Solvation_Details
   &GeometryIndex 59
   &ListStatus       OUT
   &SOLVENT [&Type "String"] "WATER"
   &EPSILON [&Type "Double"]       8.0150999999999996e+01
   &REFRAC [&Type "Double"]       1.3328000000000000e+00
   &RSOLV [&Type "Double"]       1.3000000000000000e+00
   &SURFACETYPE [&Type "String"] "GAUSSIAN VDW"
   &NPOINTS [&Type "Integer"] 3048
   &SURFACEAREA [&Type "Double"]       1.0796900579400001e+03
   &CPCMDIELENERGY [&Type "Double"]      -8.8551129000000006e-02
$End
$CIS_Absorption_Spectrum
   &GeometryIndex 59
   &ListStatus       OUT
   &TEMPERATURE [&Type "Double"]       2.9814999999999998e+02
   &METHOD [&Type "Integer"] 20
   &RELCORRECTION [&Type "Integer"] 1 "Type of relativistic treatment in QDPT. 0->Unknow, 1->None, 2->SOC, 3->SSC, 4->SOC/SSC"
   &DENSTYPE [&Type "Integer"] 3 "Type of density (electron/spin ...). 0->Unknow, 1->Electronic, 2->Spin, 3->Trans/Electronic, 4->Tran/Spin"
   &DERITYPE [&Type "Integer"] 0 "Type of derivative (w.r.t. to what perturbation). 0->Unknown, 1->No Derivative, 2->Electric/Dipole, 3->Electric/Quad, 4->Magnetic/Dipole, 5->Magnetic/Quad"
   &DENSLEVEL [&Type "Integer"] 0 "// Source of density: relaxed, unrelaxed, ... 0->Unknown, 1->Linearized, 2->Unrelaxed, 3->Relaxed"
   &REPRESENTATION [&Type "String"] "Length" "Possible values: Unknown,  Length, Velocity"
   &POINTGROUP [&Type "String"] "C1"
   &NTRANS [&Type "Integer"] 5
   &DOHIGHERMOMENTS [&Type "Boolean"] false
   &STATES [&Type "ArrayOfIntegers", &Dim (5,4)] "The initial and Final states. Col1: Initial State  Col2: Initial Irrep Col3: Final State Col4: Final Irrep"
                                                         0                           1                           2                           3

0                                                        0                           0                           1                           0
1                                                        0                           0                           2                           0
2                                                        0                           0                           3                           0
3                                                        0                           0                           4                           0
4                                                        0                           0                           5                           0
   &MULTIPLICITIES [&Type "ArrayOfDoubles", &Dim (5,2)] "Col1: Multiplicity of the initial state  Col2: Multiplicity of the final state"
                                                         0                           1

0                                      1.0000000000000000e+00         1.0000000000000000e+00
1                                      1.0000000000000000e+00         1.0000000000000000e+00
2                                      1.0000000000000000e+00         1.0000000000000000e+00
3                                      1.0000000000000000e+00         1.0000000000000000e+00
4                                      1.0000000000000000e+00         1.0000000000000000e+00
   &EXCITATIONENERGIES [&Type "ArrayOfDoubles", &Dim (5,11)] 
                                                         0                           1                           2                           3                           4                           5                           6                           7

0                                      3.9237368693832906e+00         3.1647075427960728e+04         3.1598496432200585e+02         3.1959544107784194e-01         3.3246243451952542e+00        -1.5476137718879934e+00         0.0000000000000000e+00        -9.5858621300273228e-01
1                                      4.3990871355486370e+00         3.5481034286267241e+04         2.8184071296564349e+02         1.1953792296819440e-02         1.1091365614612432e-01         1.4458182644608705e-01         0.0000000000000000e+00         2.4997353506808023e-01
2                                      4.8280859496543806e+00         3.8941143432333403e+04         2.5679780095252289e+02         1.3729675488197910e+00         1.1607191780430504e+01        -1.2307893800686638e+00         0.0000000000000000e+00        -2.8328105819373879e+00
3                                      5.1370833053312230e+00         4.1433375441683827e+04         2.4135132350186348e+02         3.1967253450646499e-01         2.5399817508928679e+00         1.5356812523574057e+00         0.0000000000000000e+00         2.2689741590255763e-01
4                                      5.3589908183991781e+00         4.3223180425522238e+04         2.3135733885272452e+02         2.0546152802383953e-02         1.5649100555867262e-01        -1.5163402481746308e-01         0.0000000000000000e+00         2.5698978951009044e-01
                                                         8                           9                          10

0                                      0.0000000000000000e+00        -1.0309427966164052e-01         0.0000000000000000e+00
1                                      0.0000000000000000e+00         1.6590052252239940e-01         0.0000000000000000e+00
2                                      0.0000000000000000e+00        -1.4378920297450208e+00         0.0000000000000000e+00
3                                      0.0000000000000000e+00        -3.6080798869703545e-01         0.0000000000000000e+00
4                                      0.0000000000000000e+00         2.5971980318005983e-01         0.0000000000000000e+00
$End
$Geometry
   &GeometryIndex 60
   &ListStatus       OUT
   &NATOMS [&Type "Integer"] 35
   &NCORELESSECP [&Type "Integer"] 0
   &NGHOSTATOMS [&Type "Integer"] 0
   &CartesianCoordinates [&Type "Coordinates", &Dim(35,4), &Units "Bohr"] 
              C     -3.125598436388   -3.693619539795   -0.710961757773
              C     -2.286930701385   -5.634223151406   -2.281990471434
              C      0.137829687940   -5.618892736630   -3.184801583913
              C     -1.530535857901   -1.763367177867   -0.067954805617
              C      0.995075945111   -1.697295374397   -0.917293769742
              O     -2.366702771312    0.104491565975    1.561156784808
              C      1.808638707873   -3.673969727794   -2.525581167226
              C      4.331191400599   -3.690149384227   -3.501976657200
              C      5.990832272687   -1.855077567317   -2.934469917770
              C      2.822809084175    0.213262669289   -0.279605719220
              C      5.275676044311    0.156443533063   -1.286089912148
              N      2.265874883728    2.124565665434    1.335676310184
              C      3.864021660950    3.944388594378    1.982140985720
              C      6.277944665100    3.977937579439    1.000526806599
              C      6.971590354663    2.075125312057   -0.622895154051
              C     -4.497188062813    1.485649610087    0.881771913976
              O     -5.246112644198    1.533035996630   -1.280043680540
              N     -5.464975330999    2.715736352246    2.853682519871
              C     -7.546166599357    4.462265836706    2.454259889029
              C     -4.584153398287    2.483535216117    5.447536330798
              H     -3.331243920728    0.878919876959    5.653042114981
              H     -6.216825429674    2.216946574316    6.673903717390
              H     -3.600680115945    4.201515090834    6.024493008767
              H     -7.918504036679    4.649403659929    0.449026508238
              H     -7.052087912338    6.303279004254    3.236358523808
              H     -9.238364087589    3.769876203860    3.406019635456
              H      0.802672718736   -7.109887054122   -4.414634304868
              H     -5.037750052802   -3.691477962383    0.006154684509
              H     -3.567504031403   -7.146983917921   -2.779473586845
              H      4.866752303382   -5.232086984833   -4.733125147816
              H      7.890488074242   -1.864638544050   -3.687713192713
              H      3.155451973738    5.340720710609    3.290179050446
              H      7.566755176898    5.467464183785    1.528072191211
              H      8.858102216468    2.030776027166   -1.412308651337
              H      0.504123220811    2.126678799429    2.100048530905
$End
$SCF_Energy
   &GeometryIndex 60
   &ListStatus       OUT
   &SCF_ENERGY [&Type "Double"]      -8.7844790924840254e+02
$End
$DFT_Energy
   &GeometryIndex 60
   &ListStatus       OUT
   &NALPHAEL [&Type "Integer"] 70
   &NBETAEL [&Type "Integer"] 70
   &NTOTALEL [&Type "Integer"] 139
   &EEXCHANGE [&Type "Double"]       0.0000000000000000e+00
   &ECORR [&Type "Double"]       0.0000000000000000e+00
   &ECNL [&Type "Double"]       0.0000000000000000e+00
   &EXC [&Type "Double"]      -8.9693465272313446e+01
   &EEMBED [&Type "Double"]       0.0000000000000000e+00
   &FINALEN [&Type "Double"]      -8.7844790924840254e+02  "No Van der Waals correction"
$End
$Solvation_Details
   &GeometryIndex 60
   &ListStatus       OUT
   &SOLVENT [&Type "String"] "WATER"
   &EPSILON [&Type "Double"]       8.0150999999999996e+01
   &REFRAC [&Type "Double"]       1.3328000000000000e+00
   &RSOLV [&Type "Double"]       1.3000000000000000e+00
   &SURFACETYPE [&Type "String"] "GAUSSIAN VDW"
   &NPOINTS [&Type "Integer"] 3049
   &SURFACEAREA [&Type "Double"]       1.0796899951290000e+03
   &CPCMDIELENERGY [&Type "Double"]      -8.8554083000000006e-02
$End
$CIS_Absorption_Spectrum
   &GeometryIndex 60
   &ListStatus       OUT
   &TEMPERATURE [&Type "Double"]       2.9814999999999998e+02
   &METHOD [&Type "Integer"] 20
   &RELCORRECTION [&Type "Integer"] 1 "Type of relativistic treatment in QDPT. 0->Unknow, 1->None, 2->SOC, 3->SSC, 4->SOC/SSC"
   &DENSTYPE [&Type "Integer"] 3 "Type of density (electron/spin ...). 0->Unknow, 1->Electronic, 2->Spin, 3->Trans/Electronic, 4->Tran/Spin"
   &DERITYPE [&Type "Integer"] 0 "Type of derivative (w.r.t. to what perturbation). 0->Unknown, 1->No Derivative, 2->Electric/Dipole, 3->Electric/Quad, 4->Magnetic/Dipole, 5->Magnetic/Quad"
   &DENSLEVEL [&Type "Integer"] 0 "// Source of density: relaxed, unrelaxed, ... 0->Unknown, 1->Linearized, 2->Unrelaxed, 3->Relaxed"
   &REPRESENTATION [&Type "String"] "Length" "Possible values: Unknown,  Length, Velocity"
   &POINTGROUP [&Type "String"] "C1"
   &NTRANS [&Type "Integer"] 5
   &DOHIGHERMOMENTS [&Type "Boolean"] false
   &STATES [&Type "ArrayOfIntegers", &Dim (5,4)] "The initial and Final states. Col1: Initial State  Col2: Initial Irrep Col3: Final State Col4: Final Irrep"
                                                         0                           1                           2                           3

0                                                        0                           0                           1                           0
1                                                        0                           0                           2                           0
2                                                        0                           0                           3                           0
3                                                        0                           0                           4                           0
4                                                        0                           0                           5                           0
   &MULTIPLICITIES [&Type "ArrayOfDoubles", &Dim (5,2)] "Col1: Multiplicity of the initial state  Col2: Multiplicity of the final state"
                                                         0                           1

0                                      1.0000000000000000e+00         1.0000000000000000e+00
1                                      1.0000000000000000e+00         1.0000000000000000e+00
2                                      1.0000000000000000e+00         1.0000000000000000e+00
3                                      1.0000000000000000e+00         1.0000000000000000e+00
4                                      1.0000000000000000e+00         1.0000000000000000e+00
   &EXCITATIONENERGIES [&Type "ArrayOfDoubles", &Dim (5,11)] 
                                                         0                           1                           2                           3                           4                           5                           6                           7

0                                      3.9238170605404168e+00         3.1647722213329547e+04         3.1597850652860410e+02         3.1965508438299806e-01         3.3251768326734092e+00        -1.5476918186128348e+00         0.0000000000000000e+00        -9.5874224222312177e-01
1                                      4.3987344721526540e+00         3.5478189863854401e+04         2.8186330921544896e+02         1.1967145412353542e-02         1.1104645577517899e-01         1.4389941293570521e-01         0.0000000000000000e+00         2.5031731865375217e-01
2                                      4.8279969246195771e+00         3.8940425396928593e+04         2.5680253613225153e+02         1.3733054085012903e+00         1.1610262158244883e+01        -1.2308263027230590e+00         0.0000000000000000e+00        -2.8332128872451969e+00
3                                      5.1367932337622610e+00         4.1431035856454742e+04         2.4136495246333678e+02         3.2064798777452252e-01         2.5478761558153651e+00         1.5380569423589217e+00         0.0000000000000000e+00         2.2708499512757080e-01
4                                      5.3594523896354804e+00         4.3226903248998155e+04         2.3133741370269831e+02         2.0500798029836249e-02         1.5613211051412501e-01        -1.5194126897151397e-01         0.0000000000000000e+00         2.5637451002725725e-01
                                                         8                           9                          10

0                                      0.0000000000000000e+00        -1.0315124938305979e-01         0.0000000000000000e+00
1                                      0.0000000000000000e+00         1.6637504234089406e-01         0.0000000000000000e+00
2                                      0.0000000000000000e+00        -1.4381354269740041e+00         0.0000000000000000e+00
3                                      0.0000000000000000e+00        -3.6150989317693749e-01         0.0000000000000000e+00
4                                      0.0000000000000000e+00         2.5945726412211867e-01         0.0000000000000000e+00
$End
$Geometry
   &GeometryIndex 61
   &ListStatus       OUT
   &NATOMS [&Type "Integer"] 35
   &NCORELESSECP [&Type "Integer"] 0
   &NGHOSTATOMS [&Type "Integer"] 0
   &CartesianCoordinates [&Type "Coordinates", &Dim(35,4), &Units "Bohr"] 
              C     -3.125580980299   -3.693516425199   -0.710899324368
              C     -2.286899019020   -5.634302878507   -2.282052604250
              C      0.137757743253   -5.618870828115   -3.184759942614
              C     -1.530718174256   -1.763205877977   -0.067803355482
              C      0.995153696133   -1.697379708152   -0.917368483726
              O     -2.366659287122    0.104402849511    1.561089907626
              C      1.808601033555   -3.673927897343   -2.525537905909
              C      4.331159360624   -3.690188297697   -3.501989726068
              C      5.990727374721   -1.854971057819   -2.934357086023
              C      2.823113082665    0.213005932133   -0.279915333224
              C      5.275750130097    0.156208092594   -1.286281605932
              N      2.265660754471    2.124601258362    1.335794179861
              C      3.864089602622    3.944506549399    1.982194687584
              C      6.277987995269    3.978033881074    1.000579018352
              C      6.971512992669    2.075101955061   -0.622882245666
              C     -4.497154787462    1.485627695751    0.881737815133
              O     -5.246118300374    1.533036416644   -1.280046194823
              N     -5.464898068711    2.715686070998    2.853719747960
              C     -7.546215581705    4.462298697098    2.454280265113
              C     -4.584218820703    2.483576150692    5.447522115220
              H     -3.331275692580    0.878951458164    5.652777096166
              H     -6.216734424692    2.216847635659    6.674064993699
              H     -3.600539995247    4.201446088627    6.024457384297
              H     -7.918436826027    4.649370790146    0.449018519756
              H     -7.052097870592    6.303331544945    3.236301072103
              H     -9.238456675813    3.769933311374    3.405971223222
              H      0.803090132035   -7.109618391732   -4.414618898832
              H     -5.037844644660   -3.691870099356    0.005939163048
              H     -3.567509549711   -7.147045251457   -2.779511717073
              H      4.866679564175   -5.232141708221   -4.733133054313
              H      7.890652831723   -1.863342755620   -3.686904592548
              H      3.157401957651    5.341847673976    3.290201075620
              H      7.565784452772    5.468162364997    1.528960794752
              H      8.857885237837    2.030198589484   -1.412612615907
              H      0.503744938490    2.126250977906    2.099850930039
$End
$SCF_Energy
   &GeometryIndex 61
   &ListStatus       OUT
   &SCF_ENERGY [&Type "Double"]      -8.7844790926696237e+02
$End
$DFT_Energy
   &GeometryIndex 61
   &ListStatus       OUT
   &NALPHAEL [&Type "Integer"] 70
   &NBETAEL [&Type "Integer"] 70
   &NTOTALEL [&Type "Integer"] 139
   &EEXCHANGE [&Type "Double"]       0.0000000000000000e+00
   &ECORR [&Type "Double"]       0.0000000000000000e+00
   &ECNL [&Type "Double"]       0.0000000000000000e+00
   &EXC [&Type "Double"]      -8.9693379522802871e+01
   &EEMBED [&Type "Double"]       0.0000000000000000e+00
   &FINALEN [&Type "Double"]      -8.7844790926696237e+02  "No Van der Waals correction"
$End
$Solvation_Details
   &GeometryIndex 61
   &ListStatus       OUT
   &SOLVENT [&Type "String"] "WATER"
   &EPSILON [&Type "Double"]       8.0150999999999996e+01
   &REFRAC [&Type "Double"]       1.3328000000000000e+00
   &RSOLV [&Type "Double"]       1.3000000000000000e+00
   &SURFACETYPE [&Type "String"] "GAUSSIAN VDW"
   &NPOINTS [&Type "Integer"] 3048
   &SURFACEAREA [&Type "Double"]       1.0796901228040001e+03
   &CPCMDIELENERGY [&Type "Double"]      -8.8548026000000002e-02
$End
$CIS_Absorption_Spectrum
   &GeometryIndex 61
   &ListStatus       OUT
   &TEMPERATURE [&Type "Double"]       2.9814999999999998e+02
   &METHOD [&Type "Integer"] 20
   &RELCORRECTION [&Type "Integer"] 1 "Type of relativistic treatment in QDPT. 0->Unknow, 1->None, 2->SOC, 3->SSC, 4->SOC/SSC"
   &DENSTYPE [&Type "Integer"] 3 "Type of density (electron/spin ...). 0->Unknow, 1->Electronic, 2->Spin, 3->Trans/Electronic, 4->Tran/Spin"
   &DERITYPE [&Type "Integer"] 0 "Type of derivative (w.r.t. to what perturbation). 0->Unknown, 1->No Derivative, 2->Electric/Dipole, 3->Electric/Quad, 4->Magnetic/Dipole, 5->Magnetic/Quad"
   &DENSLEVEL [&Type "Integer"] 0 "// Source of density: relaxed, unrelaxed, ... 0->Unknown, 1->Linearized, 2->Unrelaxed, 3->Relaxed"
   &REPRESENTATION [&Type "String"] "Length" "Possible values: Unknown,  Length, Velocity"
   &POINTGROUP [&Type "String"] "C1"
   &NTRANS [&Type "Integer"] 5
   &DOHIGHERMOMENTS [&Type "Boolean"] false
   &STATES [&Type "ArrayOfIntegers", &Dim (5,4)] "The initial and Final states. Col1: Initial State  Col2: Initial Irrep Col3: Final State Col4: Final Irrep"
                                                         0                           1                           2                           3

0                                                        0                           0                           1                           0
1                                                        0                           0                           2                           0
2                                                        0                           0                           3                           0
3                                                        0                           0                           4                           0
4                                                        0                           0                           5                           0
   &MULTIPLICITIES [&Type "ArrayOfDoubles", &Dim (5,2)] "Col1: Multiplicity of the initial state  Col2: Multiplicity of the final state"
                                                         0                           1

0                                      1.0000000000000000e+00         1.0000000000000000e+00
1                                      1.0000000000000000e+00         1.0000000000000000e+00
2                                      1.0000000000000000e+00         1.0000000000000000e+00
3                                      1.0000000000000000e+00         1.0000000000000000e+00
4                                      1.0000000000000000e+00         1.0000000000000000e+00
   &EXCITATIONENERGIES [&Type "ArrayOfDoubles", &Dim (5,11)] 
                                                         0                           1                           2                           3                           4                           5                           6                           7

0                                      3.9231695254450183e+00         3.1642499490020495e+04         3.1603066006697196e+02         3.1974994872295415e-01         3.3267126453745384e+00        -1.5478186784349344e+00         0.0000000000000000e+00        -9.5930116264507692e-01
1                                      4.3983809467642399e+00         3.5475338489003007e+04         2.8188596433265599e+02         1.2173841125950388e-02         1.1297352219091908e-01         1.4474598488269230e-01         0.0000000000000000e+00         2.5276025309507261e-01
2                                      4.8277938998095280e+00         3.8938787891231528e+04         2.5681333553404880e+02         1.3722114911307330e+00         1.1601501772636956e+01        -1.2291136952098103e+00         0.0000000000000000e+00        -2.8324143395113293e+00
3                                      5.1365658964452150e+00         4.1429202257143763e+04         2.4137563494299891e+02         3.2047435185960249e-01         2.5466091453299313e+00         1.5376884224048928e+00         0.0000000000000000e+00         2.2818394553495597e-01
4                                      5.3588690691364702e+00         4.3222198451391843e+04         2.3136259510830084e+02         2.0511623369870117e-02         1.5623155944092032e-01        -1.5174360984240592e-01         0.0000000000000000e+00         2.5662274916391065e-01
                                                         8                           9                          10

0                                      0.0000000000000000e+00        -1.0349523375631993e-01         0.0000000000000000e+00
1                                      0.0000000000000000e+00         1.6773305132433897e-01         0.0000000000000000e+00
2                                      0.0000000000000000e+00        -1.4381273609160081e+00         0.0000000000000000e+00
3                                      0.0000000000000000e+00        -3.6063215044139252e-01         0.0000000000000000e+00
4                                      0.0000000000000000e+00         2.5951917255661983e-01         0.0000000000000000e+00
$End
$Geometry
   &GeometryIndex 62
   &ListStatus       OUT
   &NATOMS [&Type "Integer"] 35
   &NCORELESSECP [&Type "Integer"] 0
   &NGHOSTATOMS [&Type "Integer"] 0
   &CartesianCoordinates [&Type "Coordinates", &Dim(35,4), &Units "Bohr"] 
              C     -3.125515575144   -3.693592138728   -0.710973281989
              C     -2.286883763743   -5.634246270224   -2.282023473127
              C      0.137850210399   -5.618884052353   -3.184802928418
              C     -1.530645299221   -1.763417033689   -0.067954281635
              C      0.994908789922   -1.697437048742   -0.917324515757
              O     -2.366713689285    0.104522443685    1.561166480300
              C      1.808584004893   -3.673892266798   -2.525510263979
              C      4.331252026672   -3.690261110045   -3.502075123509
              C      5.990822467058   -1.855032056576   -2.934437813526
              C      2.823012668666    0.213245379662   -0.279695836498
              C      5.275852443923    0.156753151412   -1.285943301793
              N      2.265697244120    2.124352315038    1.335592820029
              C      3.864218385871    3.944598311543    1.982206095179
              C      6.277838148361    3.977943249187    1.000577697627
              C      6.971427385835    2.075076604979   -0.622864175574
              C     -4.497122624906    1.485586862390    0.881748263162
              O     -5.246123281150    1.533046151809   -1.280040954293
              N     -5.464952079205    2.715717713792    2.853660263120
              C     -7.546183889376    4.462283013206    2.454298015582
              C     -4.584188141399    2.483561788950    5.447547998742
              H     -3.331257740195    0.878941241830    5.652901266381
              H     -6.216749228838    2.216865557552    6.674038696403
              H     -3.600572843931    4.201457074780    6.024513965640
              H     -7.918412017337    4.649323455791    0.449033340543
              H     -7.052133957549    6.303352703067    3.236280349175
              H     -9.238455985785    3.769914523696    3.405939043130
              H      0.802322919397   -7.110057554304   -4.414619212001
              H     -5.037519372123   -3.690749364640    0.006516592557
              H     -3.567415318180   -7.147029931533   -2.779534732996
              H      4.865847264645   -5.232630520908   -4.733122348179
              H      7.890548697919   -1.864339552145   -3.687537379594
              H      3.157637627683    5.341979960488    3.290207240059
              H      7.566461328257    5.467575542878    1.528263754657
              H      8.857644558664    2.029705733681   -1.412873984032
              H      0.503658047231    2.125519886287    2.099425328956
$End
$SCF_Energy
   &GeometryIndex 62
   &ListStatus       OUT
   &SCF_ENERGY [&Type "Double"]      -8.7844790931370039e+02
$End
$DFT_Energy
   &GeometryIndex 62
   &ListStatus       OUT
   &NALPHAEL [&Type "Integer"] 70
   &NBETAEL [&Type "Integer"] 70
   &NTOTALEL [&Type "Integer"] 139
   &EEXCHANGE [&Type "Double"]       0.0000000000000000e+00
   &ECORR [&Type "Double"]       0.0000000000000000e+00
   &ECNL [&Type "Double"]       0.0000000000000000e+00
   &EXC [&Type "Double"]      -8.9693445407596755e+01
   &EEMBED [&Type "Double"]       0.0000000000000000e+00
   &FINALEN [&Type "Double"]      -8.7844790931370039e+02  "No Van der Waals correction"
$End
$Solvation_Details
   &GeometryIndex 62
   &ListStatus       OUT
   &SOLVENT [&Type "String"] "WATER"
   &EPSILON [&Type "Double"]       8.0150999999999996e+01
   &REFRAC [&Type "Double"]       1.3328000000000000e+00
   &RSOLV [&Type "Double"]       1.3000000000000000e+00
   &SURFACETYPE [&Type "String"] "GAUSSIAN VDW"
   &NPOINTS [&Type "Integer"] 3048
   &SURFACEAREA [&Type "Double"]       1.0796880141629999e+03
   &CPCMDIELENERGY [&Type "Double"]      -8.8543407000000005e-02
$End
$CIS_Absorption_Spectrum
   &GeometryIndex 62
   &ListStatus       OUT
   &TEMPERATURE [&Type "Double"]       2.9814999999999998e+02
   &METHOD [&Type "Integer"] 20
   &RELCORRECTION [&Type "Integer"] 1 "Type of relativistic treatment in QDPT. 0->Unknow, 1->None, 2->SOC, 3->SSC, 4->SOC/SSC"
   &DENSTYPE [&Type "Integer"] 3 "Type of density (electron/spin ...). 0->Unknow, 1->Electronic, 2->Spin, 3->Trans/Electronic, 4->Tran/Spin"
   &DERITYPE [&Type "Integer"] 0 "Type of derivative (w.r.t. to what perturbation). 0->Unknown, 1->No Derivative, 2->Electric/Dipole, 3->Electric/Quad, 4->Magnetic/Dipole, 5->Magnetic/Quad"
   &DENSLEVEL [&Type "Integer"] 0 "// Source of density: relaxed, unrelaxed, ... 0->Unknown, 1->Linearized, 2->Unrelaxed, 3->Relaxed"
   &REPRESENTATION [&Type "String"] "Length" "Possible values: Unknown,  Length, Velocity"
   &POINTGROUP [&Type "String"] "C1"
   &NTRANS [&Type "Integer"] 5
   &DOHIGHERMOMENTS [&Type "Boolean"] false
   &STATES [&Type "ArrayOfIntegers", &Dim (5,4)] "The initial and Final states. Col1: Initial State  Col2: Initial Irrep Col3: Final State Col4: Final Irrep"
                                                         0                           1                           2                           3

0                                                        0                           0                           1                           0
1                                                        0                           0                           2                           0
2                                                        0                           0                           3                           0
3                                                        0                           0                           4                           0
4                                                        0                           0                           5                           0
   &MULTIPLICITIES [&Type "ArrayOfDoubles", &Dim (5,2)] "Col1: Multiplicity of the initial state  Col2: Multiplicity of the final state"
                                                         0                           1

0                                      1.0000000000000000e+00         1.0000000000000000e+00
1                                      1.0000000000000000e+00         1.0000000000000000e+00
2                                      1.0000000000000000e+00         1.0000000000000000e+00
3                                      1.0000000000000000e+00         1.0000000000000000e+00
4                                      1.0000000000000000e+00         1.0000000000000000e+00
   &EXCITATIONENERGIES [&Type "ArrayOfDoubles", &Dim (5,11)] 
                                                         0                           1                           2                           3                           4                           5                           6                           7

0                                      3.9237144911778006e+00         3.1646894935542234e+04         3.1598676648586854e+02         3.1945340660717275e-01         3.3231657700256831e+00        -1.5475939944070598e+00         0.0000000000000000e+00        -9.5791084074428812e-01
1                                      4.3988475739164574e+00         3.5479102091195142e+04         2.8185606203607114e+02         1.2301520726457533e-02         1.1414628192924053e-01         1.4519731146909345e-01         0.0000000000000000e+00         2.5428461003105762e-01
2                                      4.8283542423099943e+00         3.8943307358761616e+04         2.5678353170869451e+02         1.3738140618762598e+00         1.1613702914683360e+01        -1.2325418681388336e+00         0.0000000000000000e+00        -2.8333648893402850e+00
3                                      5.1374683742478542e+00         4.1436481232274600e+04         2.4133323348438830e+02         3.1964737422740697e-01         2.5395914736444523e+00         1.5355676653063552e+00         0.0000000000000000e+00         2.2620338489095224e-01
4                                      5.3588371586165113e+00         4.3221941075664137e+04         2.3136397281404007e+02         2.0515015797829887e-02         1.5625832913233934e-01        -1.5097264242729738e-01         0.0000000000000000e+00         2.5709918054145281e-01
                                                         8                           9                          10

0                                      0.0000000000000000e+00        -1.0259346804478067e-01         0.0000000000000000e+00
1                                      0.0000000000000000e+00         1.6853296346038821e-01         0.0000000000000000e+00
2                                      0.0000000000000000e+00        -1.4375628201306228e+00         0.0000000000000000e+00
3                                      0.0000000000000000e+00        -3.6118616747311516e-01         0.0000000000000000e+00
4                                      0.0000000000000000e+00         2.5954884267854517e-01         0.0000000000000000e+00
$End
$Geometry
   &GeometryIndex 63
   &ListStatus       OUT
   &NATOMS [&Type "Integer"] 35
   &NCORELESSECP [&Type "Integer"] 0
   &NGHOSTATOMS [&Type "Integer"] 0
   &CartesianCoordinates [&Type "Coordinates", &Dim(35,4), &Units "Bohr"] 
              C     -3.125645477976   -3.693509397579   -0.710869857275
              C     -2.286952417875   -5.634331939699   -2.282050201460
              C      0.137794786410   -5.618811298823   -3.184734211013
              C     -1.530616794254   -1.762968490274   -0.067677130835
              C      0.995156917243   -1.697520040999   -0.917466375857
              O     -2.366672369044    0.104349619946    1.561051469806
              C      1.808493773706   -3.674090769462   -2.525608400590
              C      4.331179902997   -3.690249778814   -3.502039058650
              C      5.990935029623   -1.855022035893   -2.934475868952
              C      2.823010601319    0.213259393986   -0.279693348403
              C      5.275780631442    0.156760809273   -1.285910117740
              N      2.265786696710    2.124504839987    1.335671088079
              C      3.864108019682    3.944473881780    1.982163760572
              C      6.277855365808    3.977901875661    1.000539661244
              C      6.971453975746    2.075087752263   -0.622867398754
              C     -4.497182618064    1.485664968002    0.881730707486
              O     -5.246115281608    1.533024109524   -1.280068846081
              N     -5.464732897037    2.715585463806    2.853872095466
              C     -7.546302089155    4.462351012008    2.454226994608
              C     -4.584296627269    2.483611546408    5.447446717336
              H     -3.331307161630    0.878999304807    5.652517092194
              H     -6.216683457253    2.216774494701    6.674137980640
              H     -3.600433012567    4.201390281100    6.024351985025
              H     -7.918551089422    4.649517174755    0.448981698803
              H     -7.052045965706    6.303290612984    3.236368548107
              H     -9.238448381856    3.769976172155    3.406063939325
              H      0.803398342854   -7.109426924945   -4.414603201497
              H     -5.038000636567   -3.692232188761    0.005764483733
              H     -3.566958140011   -7.147440493508   -2.779982872822
              H      4.865690915203   -5.232658807844   -4.733083427630
              H      7.890694662657   -1.864228189026   -3.687522061305
              H      3.156430649566    5.341267792190    3.290191738905
              H      7.566530144590    5.467497640777    1.528181006063
              H      8.857649231412    2.029622954106   -1.412928207913
              H      0.503979132266    2.126463946899    2.099911790311
$End
$SCF_Energy
   &GeometryIndex 63
   &ListStatus       OUT
   &SCF_ENERGY [&Type "Double"]      -8.7844790916531031e+02
$End
$DFT_Energy
   &GeometryIndex 63
   &ListStatus       OUT
   &NALPHAEL [&Type "Integer"] 70
   &NBETAEL [&Type "Integer"] 70
   &NTOTALEL [&Type "Integer"] 139
   &EEXCHANGE [&Type "Double"]       0.0000000000000000e+00
   &ECORR [&Type "Double"]       0.0000000000000000e+00
   &ECNL [&Type "Double"]       0.0000000000000000e+00
   &EXC [&Type "Double"]      -8.9693434331086976e+01
   &EEMBED [&Type "Double"]       0.0000000000000000e+00
   &FINALEN [&Type "Double"]      -8.7844790916531031e+02  "No Van der Waals correction"
$End
$Solvation_Details
   &GeometryIndex 63
   &ListStatus       OUT
   &SOLVENT [&Type "String"] "WATER"
   &EPSILON [&Type "Double"]       8.0150999999999996e+01
   &REFRAC [&Type "Double"]       1.3328000000000000e+00
   &RSOLV [&Type "Double"]       1.3000000000000000e+00
   &SURFACETYPE [&Type "String"] "GAUSSIAN VDW"
   &NPOINTS [&Type "Integer"] 3049
   &SURFACEAREA [&Type "Double"]       1.0796920699929999e+03
   &CPCMDIELENERGY [&Type "Double"]      -8.8551567999999997e-02
$End
$CIS_Absorption_Spectrum
   &GeometryIndex 63
   &ListStatus       OUT
   &TEMPERATURE [&Type "Double"]       2.9814999999999998e+02
   &METHOD [&Type "Integer"] 20
   &RELCORRECTION [&Type "Integer"] 1 "Type of relativistic treatment in QDPT. 0->Unknow, 1->None, 2->SOC, 3->SSC, 4->SOC/SSC"
   &DENSTYPE [&Type "Integer"] 3 "Type of density (electron/spin ...). 0->Unknow, 1->Electronic, 2->Spin, 3->Trans/Electronic, 4->Tran/Spin"
   &DERITYPE [&Type "Integer"] 0 "Type of derivative (w.r.t. to what perturbation). 0->Unknown, 1->No Derivative, 2->Electric/Dipole, 3->Electric/Quad, 4->Magnetic/Dipole, 5->Magnetic/Quad"
   &DENSLEVEL [&Type "Integer"] 0 "// Source of density: relaxed, unrelaxed, ... 0->Unknown, 1->Linearized, 2->Unrelaxed, 3->Relaxed"
   &REPRESENTATION [&Type "String"] "Length" "Possible values: Unknown,  Length, Velocity"
   &POINTGROUP [&Type "String"] "C1"
   &NTRANS [&Type "Integer"] 5
   &DOHIGHERMOMENTS [&Type "Boolean"] false
   &STATES [&Type "ArrayOfIntegers", &Dim (5,4)] "The initial and Final states. Col1: Initial State  Col2: Initial Irrep Col3: Final State Col4: Final Irrep"
                                                         0                           1                           2                           3

0                                                        0                           0                           1                           0
1                                                        0                           0                           2                           0
2                                                        0                           0                           3                           0
3                                                        0                           0                           4                           0
4                                                        0                           0                           5                           0
   &MULTIPLICITIES [&Type "ArrayOfDoubles", &Dim (5,2)] "Col1: Multiplicity of the initial state  Col2: Multiplicity of the final state"
                                                         0                           1

0                                      1.0000000000000000e+00         1.0000000000000000e+00
1                                      1.0000000000000000e+00         1.0000000000000000e+00
2                                      1.0000000000000000e+00         1.0000000000000000e+00
3                                      1.0000000000000000e+00         1.0000000000000000e+00
4                                      1.0000000000000000e+00         1.0000000000000000e+00
   &EXCITATIONENERGIES [&Type "ArrayOfDoubles", &Dim (5,11)] 
                                                         0                           1                           2                           3                           4                           5                           6                           7

0                                      3.9234439865436537e+00         3.1644713168302114e+04         3.1600855241806403e+02         3.1948135641026493e-01         3.3236856604484006e+00        -1.5478023020336926e+00         0.0000000000000000e+00        -9.5785303855044013e-01
1                                      4.3986531896987486e+00         3.5477534276582541e+04         2.8186851775098262e+02         1.2243291060791552e-02         1.1361098707891379e-01         1.4540467227452042e-01         0.0000000000000000e+00         2.5347495665159897e-01
2                                      4.8279887091285465e+00         3.8940359134517785e+04         2.5680297311731078e+02         1.3732053944837195e+00         1.1609436370136869e+01        -1.2316318072577925e+00         0.0000000000000000e+00        -2.8329870937402122e+00
3                                      5.1369260680265789e+00         4.1432107237162010e+04         2.4135871107783348e+02         3.2007006150350242e-01         2.5432181745743749e+00         1.5366705992461338e+00         0.0000000000000000e+00         2.2689150080717127e-01
4                                      5.3594607773699385e+00         4.3226970900646040e+04         2.3133705165194786e+02         2.0612268935061160e-02         1.5698081655085039e-01        -1.5287611276400881e-01         0.0000000000000000e+00         2.5682655855943476e-01
                                                         8                           9                          10

0                                      0.0000000000000000e+00        -1.0252439127978959e-01         0.0000000000000000e+00
1                                      0.0000000000000000e+00         1.6798486452690647e-01         0.0000000000000000e+00
2                                      0.0000000000000000e+00        -1.4376034182587216e+00         0.0000000000000000e+00
3                                      0.0000000000000000e+00        -3.6108432650611189e-01         0.0000000000000000e+00
4                                      0.0000000000000000e+00         2.6009580833903051e-01         0.0000000000000000e+00
$End
$Geometry
   &GeometryIndex 64
   &ListStatus       OUT
   &NATOMS [&Type "Integer"] 35
   &NCORELESSECP [&Type "Integer"] 0
   &NGHOSTATOMS [&Type "Integer"] 0
   &CartesianCoordinates [&Type "Coordinates", &Dim(35,4), &Units "Bohr"] 
              C     -3.125617486373   -3.693679931627   -0.710993166745
              C     -2.286884398858   -5.634145057808   -2.281957449690
              C      0.137874240758   -5.618821127029   -3.184770390418
              C     -1.530424158892   -1.763408709439   -0.068018721683
              C      0.994952499808   -1.697387970817   -0.917312621054
              O     -2.366754236824    0.104563310931    1.561217608513
              C      1.808288739789   -3.674090452414   -2.525530827862
              C      4.331217132389   -3.690218884656   -3.502031357871
              C      5.990867978395   -1.855057768151   -2.934471105535
              C      2.822996978055    0.213267498785   -0.279674967159
              C      5.275714034708    0.156455198114   -1.286095040695
              N      2.265733879914    2.124466079850    1.335659747987
              C      3.864153753645    3.944511461206    1.982172179781
              C      6.277929925149    3.977984883797    1.000568391868
              C      6.971523515034    2.075078134850   -0.622902270666
              C     -4.497213458673    1.485685820473    0.881783908487
              O     -5.246128147307    1.533016051029   -1.280163247601
              N     -5.464588160905    2.715522413701    2.854100106163
              C     -7.546366308810    4.462377184227    2.454112299843
              C     -4.584332554096    2.483604056660    5.447327735774
              H     -3.331295946467    0.879049328223    5.652493734276
              H     -6.216689248270    2.216820702317    6.674081289067
              H     -3.600474127828    4.201387300540    6.024263734487
              H     -7.918797056172    4.649793045686    0.448929658717
              H     -7.051980904053    6.303143102671    3.236582913424
              H     -9.238317326515    3.770029614643    3.406312219623
              H      0.803066343668   -7.109633808638   -4.414609583516
              H     -5.037673022600   -3.691081277939    0.006368662167
              H     -3.567069353490   -7.147123982879   -2.779729345060
              H      4.866772289095   -5.232172712456   -4.733185483554
              H      7.890790510747   -1.863516705227   -3.687079722146
              H      3.156852830334    5.341515669069    3.290184625443
              H      7.566342820688    5.467749517453    1.528439964502
              H      8.857986698478    2.030546575358   -1.412419494943
              H      0.503759806351    2.125857943747    2.099636245815
$End
$SCF_Energy
   &GeometryIndex 64
   &ListStatus       OUT
   &SCF_ENERGY [&Type "Double"]      -8.7844790924563381e+02
$End
$DFT_Energy
   &GeometryIndex 64
   &ListStatus       OUT
   &NALPHAEL [&Type "Integer"] 70
   &NBETAEL [&Type "Integer"] 70
   &NTOTALEL [&Type "Integer"] 139
   &EEXCHANGE [&Type "Double"]       0.0000000000000000e+00
   &ECORR [&Type "Double"]       0.0000000000000000e+00
   &ECNL [&Type "Double"]       0.0000000000000000e+00
   &EXC [&Type "Double"]      -8.9693364440801702e+01
   &EEMBED [&Type "Double"]       0.0000000000000000e+00
   &FINALEN [&Type "Double"]      -8.7844790924563381e+02  "No Van der Waals correction"
$End
$Solvation_Details
   &GeometryIndex 64
   &ListStatus       OUT
   &SOLVENT [&Type "String"] "WATER"
   &EPSILON [&Type "Double"]       8.0150999999999996e+01
   &REFRAC [&Type "Double"]       1.3328000000000000e+00
   &RSOLV [&Type "Double"]       1.3000000000000000e+00
   &SURFACETYPE [&Type "String"] "GAUSSIAN VDW"
   &NPOINTS [&Type "Integer"] 3049
   &SURFACEAREA [&Type "Double"]       1.0796935546650000e+03
   &CPCMDIELENERGY [&Type "Double"]      -8.8546000999999999e-02
$End
$CIS_Absorption_Spectrum
   &GeometryIndex 64
   &ListStatus       OUT
   &TEMPERATURE [&Type "Double"]       2.9814999999999998e+02
   &METHOD [&Type "Integer"] 20
   &RELCORRECTION [&Type "Integer"] 1 "Type of relativistic treatment in QDPT. 0->Unknow, 1->None, 2->SOC, 3->SSC, 4->SOC/SSC"
   &DENSTYPE [&Type "Integer"] 3 "Type of density (electron/spin ...). 0->Unknow, 1->Electronic, 2->Spin, 3->Trans/Electronic, 4->Tran/Spin"
   &DERITYPE [&Type "Integer"] 0 "Type of derivative (w.r.t. to what perturbation). 0->Unknown, 1->No Derivative, 2->Electric/Dipole, 3->Electric/Quad, 4->Magnetic/Dipole, 5->Magnetic/Quad"
   &DENSLEVEL [&Type "Integer"] 0 "// Source of density: relaxed, unrelaxed, ... 0->Unknown, 1->Linearized, 2->Unrelaxed, 3->Relaxed"
   &REPRESENTATION [&Type "String"] "Length" "Possible values: Unknown,  Length, Velocity"
   &POINTGROUP [&Type "String"] "C1"
   &NTRANS [&Type "Integer"] 5
   &DOHIGHERMOMENTS [&Type "Boolean"] false
   &STATES [&Type "ArrayOfIntegers", &Dim (5,4)] "The initial and Final states. Col1: Initial State  Col2: Initial Irrep Col3: Final State Col4: Final Irrep"
                                                         0                           1                           2                           3

0                                                        0                           0                           1                           0
1                                                        0                           0                           2                           0
2                                                        0                           0                           3                           0
3                                                        0                           0                           4                           0
4                                                        0                           0                           5                           0
   &MULTIPLICITIES [&Type "ArrayOfDoubles", &Dim (5,2)] "Col1: Multiplicity of the initial state  Col2: Multiplicity of the final state"
                                                         0                           1

0                                      1.0000000000000000e+00         1.0000000000000000e+00
1                                      1.0000000000000000e+00         1.0000000000000000e+00
2                                      1.0000000000000000e+00         1.0000000000000000e+00
3                                      1.0000000000000000e+00         1.0000000000000000e+00
4                                      1.0000000000000000e+00         1.0000000000000000e+00
   &EXCITATIONENERGIES [&Type "ArrayOfDoubles", &Dim (5,11)] 
                                                         0                           1                           2                           3                           4                           5                           6                           7

0                                      3.9238633609936584e+00         3.1648095651708536e+04         3.1597477807357882e+02         3.1957429902082923e-01         3.3242972456257571e+00        -1.5474375088185208e+00         0.0000000000000000e+00        -9.5868819904746350e-01
1                                      4.3989462471729146e+00         3.5479897944763761e+04         2.8184973969114338e+02         1.2029548523263224e-02         1.1162013762016046e-01         1.4454652072589555e-01         0.0000000000000000e+00         2.5097278704679943e-01
2                                      4.8281266859643424e+00         3.8941471992865605e+04         2.5679563427474136e+02         1.3733893705361777e+00         1.1610659936012066e+01        -1.2315354044975488e+00         0.0000000000000000e+00        -2.8331236980566983e+00
3                                      5.1370929403438836e+00         4.1433453153309907e+04         2.4135087082890530e+02         3.1978567905073035e-01         2.5408759836150425e+00         1.5359377592455434e+00         0.0000000000000000e+00         2.2592932753187428e-01
4                                      5.3590042615744871e+00         4.3223288852054691e+04         2.3135675848795648e+02         2.0500592965202374e-02         1.5614360463474439e-01        -1.5153432691189642e-01         0.0000000000000000e+00         2.5662858151890133e-01
                                                         8                           9                          10

0                                      0.0000000000000000e+00        -1.0320532415732223e-01         0.0000000000000000e+00
1                                      0.0000000000000000e+00         1.6655059630082561e-01         0.0000000000000000e+00
2                                      0.0000000000000000e+00        -1.4378423401022329e+00         0.0000000000000000e+00
3                                      0.0000000000000000e+00        -3.6156205871166319e-01         0.0000000000000000e+00
4                                      0.0000000000000000e+00         2.5946622814867354e-01         0.0000000000000000e+00
$End
$Geometry
   &GeometryIndex 65
   &ListStatus       OUT
   &NATOMS [&Type "Integer"] 35
   &NCORELESSECP [&Type "Integer"] 0
   &NGHOSTATOMS [&Type "Integer"] 0
   &CartesianCoordinates [&Type "Coordinates", &Dim(35,4), &Units "Bohr"] 
              C     -3.125496071344   -3.693576188416   -0.710970511003
              C     -2.286763305718   -5.634179849599   -2.282025311820
              C      0.137757936738   -5.618795599784   -3.184709305598
              C     -1.530740714670   -1.763462119517   -0.067951157552
              C      0.994945722105   -1.697562276000   -0.917421428844
              O     -2.366693770793    0.104506072662    1.561168430793
              C      1.808250828265   -3.674052621717   -2.525490310685
              C      4.331217343428   -3.690304875583   -3.502088808903
              C      5.990891445860   -1.855010408649   -2.934449812200
              C      2.823294344441    0.213221250611   -0.279829992819
              C      5.275848166391    0.156618999179   -1.286036416356
              N      2.265780026766    2.124731503324    1.335835923117
              C      3.863979877257    3.944322260375    1.982109143419
              C      6.277947261984    3.977879662619    1.000486471408
              C      6.971396987306    2.075175939053   -0.622784937984
              C     -4.497158204616    1.485625433119    0.881770663585
              O     -5.246125186522    1.533036692714   -1.280080204539
              N     -5.464910251653    2.715705377817    2.853761274429
              C     -7.546204835729    4.462286305711    2.454245950880
              C     -4.584195178137    2.483552608876    5.447498617642
              H     -3.331255913816    0.878946654389    5.652894367814
              H     -6.216771180269    2.216919493662    6.673986471145
              H     -3.600627776266    4.201480992545    6.024461388997
              H     -7.918509232799    4.649440559700    0.449009211632
              H     -7.052091366270    6.303273178794    3.236384284234
              H     -9.238385926904    3.769934876714    3.406059408158
              H      0.803393118509   -7.109376099208   -4.414570401378
              H     -5.037483802312   -3.690691773370    0.006543317402
              H     -3.567200121988   -7.146998611418   -2.779594224457
              H      4.866730626970   -5.232289362981   -4.733243312333
              H      7.890773718674   -1.863686942347   -3.687189483549
              H      3.156205085052    5.341069623327    3.290128028425
              H      7.566387675019    5.467607529632    1.528318257423
              H      8.857471050566    2.029255947647   -1.413096533787
              H      0.503996613000    2.126783114993    2.100158627716
$End
$SCF_Energy
   &GeometryIndex 65
   &ListStatus       OUT
   &SCF_ENERGY [&Type "Double"]      -8.7844790924210213e+02
$End
$DFT_Energy
   &GeometryIndex 65
   &ListStatus       OUT
   &NALPHAEL [&Type "Integer"] 70
   &NBETAEL [&Type "Integer"] 70
   &NTOTALEL [&Type "Integer"] 139
   &EEXCHANGE [&Type "Double"]       0.0000000000000000e+00
   &ECORR [&Type "Double"]       0.0000000000000000e+00
   &ECNL [&Type "Double"]       0.0000000000000000e+00
   &EXC [&Type "Double"]      -8.9693562037789818e+01
   &EEMBED [&Type "Double"]       0.0000000000000000e+00
   &FINALEN [&Type "Double"]      -8.7844790924210213e+02  "No Van der Waals correction"
$End
$Solvation_Details
   &GeometryIndex 65
   &ListStatus       OUT
   &SOLVENT [&Type "String"] "WATER"
   &EPSILON [&Type "Double"]       8.0150999999999996e+01
   &REFRAC [&Type "Double"]       1.3328000000000000e+00
   &RSOLV [&Type "Double"]       1.3000000000000000e+00
   &SURFACETYPE [&Type "String"] "GAUSSIAN VDW"
   &NPOINTS [&Type "Integer"] 3049
   &SURFACEAREA [&Type "Double"]       1.0796782341930000e+03
   &CPCMDIELENERGY [&Type "Double"]      -8.8558669000000007e-02
$End
$CIS_Absorption_Spectrum
   &GeometryIndex 65
   &ListStatus       OUT
   &TEMPERATURE [&Type "Double"]       2.9814999999999998e+02
   &METHOD [&Type "Integer"] 20
   &RELCORRECTION [&Type "Integer"] 1 "Type of relativistic treatment in QDPT. 0->Unknow, 1->None, 2->SOC, 3->SSC, 4->SOC/SSC"
   &DENSTYPE [&Type "Integer"] 3 "Type of density (electron/spin ...). 0->Unknow, 1->Electronic, 2->Spin, 3->Trans/Electronic, 4->Tran/Spin"
   &DERITYPE [&Type "Integer"] 0 "Type of derivative (w.r.t. to what perturbation). 0->Unknown, 1->No Derivative, 2->Electric/Dipole, 3->Electric/Quad, 4->Magnetic/Dipole, 5->Magnetic/Quad"
   &DENSLEVEL [&Type "Integer"] 0 "// Source of density: relaxed, unrelaxed, ... 0->Unknown, 1->Linearized, 2->Unrelaxed, 3->Relaxed"
   &REPRESENTATION [&Type "String"] "Length" "Possible values: Unknown,  Length, Velocity"
   &POINTGROUP [&Type "String"] "C1"
   &NTRANS [&Type "Integer"] 5
   &DOHIGHERMOMENTS [&Type "Boolean"] false
   &STATES [&Type "ArrayOfIntegers", &Dim (5,4)] "The initial and Final states. Col1: Initial State  Col2: Initial Irrep Col3: Final State Col4: Final Irrep"
                                                         0                           1                           2                           3

0                                                        0                           0                           1                           0
1                                                        0                           0                           2                           0
2                                                        0                           0                           3                           0
3                                                        0                           0                           4                           0
4                                                        0                           0                           5                           0
   &MULTIPLICITIES [&Type "ArrayOfDoubles", &Dim (5,2)] "Col1: Multiplicity of the initial state  Col2: Multiplicity of the final state"
                                                         0                           1

0                                      1.0000000000000000e+00         1.0000000000000000e+00
1                                      1.0000000000000000e+00         1.0000000000000000e+00
2                                      1.0000000000000000e+00         1.0000000000000000e+00
3                                      1.0000000000000000e+00         1.0000000000000000e+00
4                                      1.0000000000000000e+00         1.0000000000000000e+00
   &EXCITATIONENERGIES [&Type "ArrayOfDoubles", &Dim (5,11)] 
                                                         0                           1                           2                           3                           4                           5                           6                           7

0                                      3.9248582999787587e+00         3.1656120376646999e+04         3.1589467948122564e+02         3.1923799923439033e-01         3.3199571535090513e+00        -1.5466265373305752e+00         0.0000000000000000e+00        -9.5776489911235829e-01
1                                      4.3996236976456933e+00         3.5485361951888706e+04         2.8180634069783667e+02         1.2227798911736790e-02         1.1344219887603946e-01         1.4547228322502589e-01         0.0000000000000000e+00         2.5325747304790586e-01
2                                      4.8286750790356248e+00         3.8945895081739502e+04         2.5676646997102102e+02         1.3731891211518668e+00         1.1607648592448443e+01        -1.2318141022626345e+00         0.0000000000000000e+00        -2.8326905457031395e+00
3                                      5.1374916061994220e+00         4.1436668610620312e+04         2.4133214216542919e+02         3.2031812136206944e-01         2.5449090368828120e+00         1.5371412305842265e+00         0.0000000000000000e+00         2.2612807298426396e-01
4                                      5.3596780286609143e+00         4.3228723150662081e+04         2.3132767454517892e+02         2.0527728389538341e-02         1.5633062785257060e-01        -1.5204629935926767e-01         0.0000000000000000e+00         2.5655131288459304e-01
                                                         8                           9                          10

0                                      0.0000000000000000e+00        -1.0290726680939576e-01         0.0000000000000000e+00
1                                      0.0000000000000000e+00         1.6775179890161102e-01         0.0000000000000000e+00
2                                      0.0000000000000000e+00        -1.4374097822817935e+00         0.0000000000000000e+00
3                                      0.0000000000000000e+00        -3.6190049561895526e-01         0.0000000000000000e+00
4                                      0.0000000000000000e+00         2.5960349489348983e-01         0.0000000000000000e+00
$End
$Geometry
   &GeometryIndex 66
   &ListStatus       OUT
   &NATOMS [&Type "Integer"] 35
   &NCORELESSECP [&Type "Integer"] 0
   &NGHOSTATOMS [&Type "Integer"] 0
   &CartesianCoordinates [&Type "Coordinates", &Dim(35,4), &Units "Bohr"] 
              C     -3.125669146156   -3.693514166721   -0.710869440910
              C     -2.286771665962   -5.634190112306   -2.282028323561
              C      0.137674984755   -5.618948289485   -3.184778337282
              C     -1.530446037745   -1.763358598972   -0.067983127606
              C      0.995208626692   -1.697280632141   -0.917330075498
              O     -2.366723044571    0.104488776512    1.561153843067
              C      1.808163639335   -3.673923532562   -2.525370815433
              C      4.331269517937   -3.690328612293   -3.502124390313
              C      5.990992162781   -1.855035006568   -2.934506320597
              C      2.822919749590    0.212977567043   -0.279852463264
              C      5.275509785200    0.156627915062   -1.285896769415
              N      2.265808273724    2.124513873480    1.335666436019
              C      3.864000387904    3.944523425725    1.982245062442
              C      6.277925474481    3.977848604172    1.000473669905
              C      6.971603718004    2.075269413487   -0.622800979010
              C     -4.497149227434    1.485619907865    0.881762776748
              O     -5.246121806403    1.533036099170   -1.280067916241
              N     -5.464936807277    2.715726124685    2.853753654472
              C     -7.546189977170    4.462276419007    2.454248500574
              C     -4.584187352021    2.483545496755    5.447502036959
              H     -3.331251493532    0.878942313850    5.652938064512
              H     -6.216766965407    2.216946081295    6.673994729806
              H     -3.600656747974    4.201489459982    6.024483379002
              H     -7.918509328333    4.649436325393    0.449015078904
              H     -7.052115757423    6.303275408157    3.236387779798
              H     -9.238382749469    3.769945320882    3.406060432945
              H      0.803412142068   -7.109486536125   -4.414653280582
              H     -5.037934191977   -3.691912273837    0.005953764856
              H     -3.566802055512   -7.147262617728   -2.779915357731
              H      4.867174363243   -5.232150706501   -4.733327287627
              H      7.890725289246   -1.864390912578   -3.687641332954
              H      3.157340577093    5.341886566952    3.290249387130
              H      7.566447582833    5.467534522005    1.528243582507
              H      8.857838691159    2.029901166053   -1.412800592463
              H      0.503894390872    2.126110837636    2.099729313922
$End
$SCF_Energy
   &GeometryIndex 66
   &ListStatus       OUT
   &SCF_ENERGY [&Type "Double"]      -8.7844790922788150e+02
$End
$DFT_Energy
   &GeometryIndex 66
   &ListStatus       OUT
   &NALPHAEL [&Type "Integer"] 70
   &NBETAEL [&Type "Integer"] 70
   &NTOTALEL [&Type "Integer"] 139
   &EEXCHANGE [&Type "Double"]       0.0000000000000000e+00
   &ECORR [&Type "Double"]       0.0000000000000000e+00
   &ECNL [&Type "Double"]       0.0000000000000000e+00
   &EXC [&Type "Double"]      -8.9693349527722233e+01
   &EEMBED [&Type "Double"]       0.0000000000000000e+00
   &FINALEN [&Type "Double"]      -8.7844790922788150e+02  "No Van der Waals correction"
$End
$Solvation_Details
   &GeometryIndex 66
   &ListStatus       OUT
   &SOLVENT [&Type "String"] "WATER"
   &EPSILON [&Type "Double"]       8.0150999999999996e+01
   &REFRAC [&Type "Double"]       1.3328000000000000e+00
   &RSOLV [&Type "Double"]       1.3000000000000000e+00
   &SURFACETYPE [&Type "String"] "GAUSSIAN VDW"
   &NPOINTS [&Type "Integer"] 3048
   &SURFACEAREA [&Type "Double"]       1.0796982716670000e+03
   &CPCMDIELENERGY [&Type "Double"]      -8.8551220000000000e-02
$End
$CIS_Absorption_Spectrum
   &GeometryIndex 66
   &ListStatus       OUT
   &TEMPERATURE [&Type "Double"]       2.9814999999999998e+02
   &METHOD [&Type "Integer"] 20
   &RELCORRECTION [&Type "Integer"] 1 "Type of relativistic treatment in QDPT. 0->Unknow, 1->None, 2->SOC, 3->SSC, 4->SOC/SSC"
   &DENSTYPE [&Type "Integer"] 3 "Type of density (electron/spin ...). 0->Unknow, 1->Electronic, 2->Spin, 3->Trans/Electronic, 4->Tran/Spin"
   &DERITYPE [&Type "Integer"] 0 "Type of derivative (w.r.t. to what perturbation). 0->Unknown, 1->No Derivative, 2->Electric/Dipole, 3->Electric/Quad, 4->Magnetic/Dipole, 5->Magnetic/Quad"
   &DENSLEVEL [&Type "Integer"] 0 "// Source of density: relaxed, unrelaxed, ... 0->Unknown, 1->Linearized, 2->Unrelaxed, 3->Relaxed"
   &REPRESENTATION [&Type "String"] "Length" "Possible values: Unknown,  Length, Velocity"
   &POINTGROUP [&Type "String"] "C1"
   &NTRANS [&Type "Integer"] 5
   &DOHIGHERMOMENTS [&Type "Boolean"] false
   &STATES [&Type "ArrayOfIntegers", &Dim (5,4)] "The initial and Final states. Col1: Initial State  Col2: Initial Irrep Col3: Final State Col4: Final Irrep"
                                                         0                           1                           2                           3

0                                                        0                           0                           1                           0
1                                                        0                           0                           2                           0
2                                                        0                           0                           3                           0
3                                                        0                           0                           4                           0
4                                                        0                           0                           5                           0
   &MULTIPLICITIES [&Type "ArrayOfDoubles", &Dim (5,2)] "Col1: Multiplicity of the initial state  Col2: Multiplicity of the final state"
                                                         0                           1

0                                      1.0000000000000000e+00         1.0000000000000000e+00
1                                      1.0000000000000000e+00         1.0000000000000000e+00
2                                      1.0000000000000000e+00         1.0000000000000000e+00
3                                      1.0000000000000000e+00         1.0000000000000000e+00
4                                      1.0000000000000000e+00         1.0000000000000000e+00
   &EXCITATIONENERGIES [&Type "ArrayOfDoubles", &Dim (5,11)] 
                                                         0                           1                           2                           3                           4                           5                           6                           7

0                                      3.9241277119701414e+00         3.1650227786347201e+04         3.1595349226249959e+02         3.1948691202706003e-01         3.3231643409303055e+00        -1.5472168466992604e+00         0.0000000000000000e+00        -9.5845882154257001e-01
1                                      4.3990878898129422e+00         3.5481040369819770e+04         2.8184066464144649e+02         1.2375394919622189e-02         1.1482549030132161e-01         1.4598059322890797e-01         0.0000000000000000e+00         2.5502442718164081e-01
2                                      4.8283545225037958e+00         3.8943309618677267e+04         2.5678351680731276e+02         1.3724962586955596e+00         1.1602562033202823e+01        -1.2301776964819082e+00         0.0000000000000000e+00        -2.8323452702647010e+00
3                                      5.1372852713235773e+00         4.1435004407439352e+04         2.4134183507422463e+02         3.1956181262014666e-01         2.5390021803184948e+00         1.5353788040387051e+00         0.0000000000000000e+00         2.2541856370956659e-01
4                                      5.3589528613995396e+00         4.3222874281641918e+04         2.3135897753674624e+02         2.0444565891668522e-02         1.5571836569004610e-01        -1.5143513856956034e-01         0.0000000000000000e+00         2.5620292870813699e-01
                                                         8                           9                          10

0                                      0.0000000000000000e+00        -1.0315550216799331e-01         0.0000000000000000e+00
1                                      0.0000000000000000e+00         1.6875336512950995e-01         0.0000000000000000e+00
2                                      0.0000000000000000e+00        -1.4377222048401659e+00         0.0000000000000000e+00
3                                      0.0000000000000000e+00        -3.6166362764630694e-01         0.0000000000000000e+00
4                                      0.0000000000000000e+00         2.5912511228716800e-01         0.0000000000000000e+00
$End
$Geometry
   &GeometryIndex 67
   &ListStatus       OUT
   &NATOMS [&Type "Integer"] 35
   &NCORELESSECP [&Type "Integer"] 0
   &NGHOSTATOMS [&Type "Integer"] 0
   &CartesianCoordinates [&Type "Coordinates", &Dim(35,4), &Units "Bohr"] 
              C     -3.125706328034   -3.693800651137   -0.711036114008
              C     -2.287090062115   -5.634163463127   -2.281891412948
              C      0.138086790709   -5.618733963565   -3.184794152736
              C     -1.530270137016   -1.763125157297   -0.067876817271
              C      0.994803943865   -1.697263922476   -0.917176748562
              O     -2.366712292153    0.104456352049    1.561114311464
              C      1.808408597167   -3.674265480403   -2.525693669047
              C      4.331205519260   -3.690210450070   -3.502020537174
              C      5.990890174109   -1.855018454824   -2.934453435135
              C      2.823173249730    0.213075445403   -0.279881375035
              C      5.275623578767    0.156519349820   -1.286016898117
              N      2.265769344120    2.124621412020    1.335759987943
              C      3.863943237188    3.944411393265    1.982188195812
              C      6.277995807902    3.977878278612    1.000465584084
              C      6.971526522755    2.075256059185   -0.622780207385
              C     -4.497152478377    1.485625572845    0.881747036746
              O     -5.246115930776    1.533040018098   -1.280031686809
              N     -5.464939540626    2.715713554989    2.853691821235
              C     -7.546190342845    4.462284527065    2.454280582303
              C     -4.584191414975    2.483559417421    5.447533869761
              H     -3.331262277634    0.878937846752    5.652888816894
              H     -6.216763326514    2.216881292439    6.674013748129
              H     -3.600592279117    4.201472223406    6.024476086898
              H     -7.918452947661    4.649366210588    0.449027114746
              H     -7.052106181099    6.303324928905    3.236308539171
              H     -9.238429288765    3.769906781342    3.405971241766
              H      0.802888904252   -7.109757826291   -4.414611230703
              H     -5.037813931678   -3.691350279308    0.006243790593
              H     -3.566998353993   -7.147325009619   -2.779893015425
              H      4.866083131841   -5.232453458105   -4.733108357523
              H      7.890708665705   -1.863916966783   -3.687323085352
              H      3.157066387491    5.341651508432    3.290192489010
              H      7.566414109781    5.467628877806    1.528323931101
              H      8.857731405879    2.029781198956   -1.412835642417
              H      0.503847569579    2.126219108979    2.099811930845
$End
$SCF_Energy
   &GeometryIndex 67
   &ListStatus       OUT
   &SCF_ENERGY [&Type "Double"]      -8.7844790936354082e+02
$End
$DFT_Energy
   &GeometryIndex 67
   &ListStatus       OUT
   &NALPHAEL [&Type "Integer"] 70
   &NBETAEL [&Type "Integer"] 70
   &NTOTALEL [&Type "Integer"] 139
   &EEXCHANGE [&Type "Double"]       0.0000000000000000e+00
   &ECORR [&Type "Double"]       0.0000000000000000e+00
   &ECNL [&Type "Double"]       0.0000000000000000e+00
   &EXC [&Type "Double"]      -8.9693378149586366e+01
   &EEMBED [&Type "Double"]       0.0000000000000000e+00
   &FINALEN [&Type "Double"]      -8.7844790936354082e+02  "No Van der Waals correction"
$End
$Solvation_Details
   &GeometryIndex 67
   &ListStatus       OUT
   &SOLVENT [&Type "String"] "WATER"
   &EPSILON [&Type "Double"]       8.0150999999999996e+01
   &REFRAC [&Type "Double"]       1.3328000000000000e+00
   &RSOLV [&Type "Double"]       1.3000000000000000e+00
   &SURFACETYPE [&Type "String"] "GAUSSIAN VDW"
   &NPOINTS [&Type "Integer"] 3048
   &SURFACEAREA [&Type "Double"]       1.0796917558739999e+03
   &CPCMDIELENERGY [&Type "Double"]      -8.8552407999999999e-02
$End
$CIS_Absorption_Spectrum
   &GeometryIndex 67
   &ListStatus       OUT
   &TEMPERATURE [&Type "Double"]       2.9814999999999998e+02
   &METHOD [&Type "Integer"] 20
   &RELCORRECTION [&Type "Integer"] 1 "Type of relativistic treatment in QDPT. 0->Unknow, 1->None, 2->SOC, 3->SSC, 4->SOC/SSC"
   &DENSTYPE [&Type "Integer"] 3 "Type of density (electron/spin ...). 0->Unknow, 1->Electronic, 2->Spin, 3->Trans/Electronic, 4->Tran/Spin"
   &DERITYPE [&Type "Integer"] 0 "Type of derivative (w.r.t. to what perturbation). 0->Unknown, 1->No Derivative, 2->Electric/Dipole, 3->Electric/Quad, 4->Magnetic/Dipole, 5->Magnetic/Quad"
   &DENSLEVEL [&Type "Integer"] 0 "// Source of density: relaxed, unrelaxed, ... 0->Unknown, 1->Linearized, 2->Unrelaxed, 3->Relaxed"
   &REPRESENTATION [&Type "String"] "Length" "Possible values: Unknown,  Length, Velocity"
   &POINTGROUP [&Type "String"] "C1"
   &NTRANS [&Type "Integer"] 5
   &DOHIGHERMOMENTS [&Type "Boolean"] false
   &STATES [&Type "ArrayOfIntegers", &Dim (5,4)] "The initial and Final states. Col1: Initial State  Col2: Initial Irrep Col3: Final State Col4: Final Irrep"
                                                         0                           1                           2                           3

0                                                        0                           0                           1                           0
1                                                        0                           0                           2                           0
2                                                        0                           0                           3                           0
3                                                        0                           0                           4                           0
4                                                        0                           0                           5                           0
   &MULTIPLICITIES [&Type "ArrayOfDoubles", &Dim (5,2)] "Col1: Multiplicity of the initial state  Col2: Multiplicity of the final state"
                                                         0                           1

0                                      1.0000000000000000e+00         1.0000000000000000e+00
1                                      1.0000000000000000e+00         1.0000000000000000e+00
2                                      1.0000000000000000e+00         1.0000000000000000e+00
3                                      1.0000000000000000e+00         1.0000000000000000e+00
4                                      1.0000000000000000e+00         1.0000000000000000e+00
   &EXCITATIONENERGIES [&Type "ArrayOfDoubles", &Dim (5,11)] 
                                                         0                           1                           2                           3                           4                           5                           6                           7

0                                      3.9235823088917390e+00         3.1645828813394779e+04         3.1599741182216354e+02         3.1932242057796822e-01         3.3219150754929019e+00        -1.5468292754364470e+00         0.0000000000000000e+00        -9.5841797298505538e-01
1                                      4.3986726533304239e+00         3.5477691261375403e+04         2.8186727051449958e+02         1.1790014450392933e-02         1.0940434607867688e-01         1.4408020460081150e-01         0.0000000000000000e+00         2.4796942710518038e-01
2                                      4.8271849804697080e+00         3.8933876625028337e+04         2.5684573093786344e+02         1.3729289832647571e+00         1.1609032105380678e+01        -1.2316751957006684e+00         0.0000000000000000e+00        -2.8328714098122658e+00
3                                      5.1359207371732465e+00         4.1423998696144976e+04         2.4140595584101891e+02         3.1927870727940943e-01         2.5374268100615689e+00         1.5349024465059007e+00         0.0000000000000000e+00         2.2506482783032120e-01
4                                      5.3594665051061270e+00         4.3227017097958749e+04         2.3133680441883220e+02         2.0528081462566700e-02         1.5633948676014930e-01        -1.5286711580960277e-01         0.0000000000000000e+00         2.5606745522738017e-01
                                                         8                           9                          10

0                                      0.0000000000000000e+00        -1.0329209652667315e-01         0.0000000000000000e+00
1                                      0.0000000000000000e+00         1.6479200205711989e-01         0.0000000000000000e+00
2                                      0.0000000000000000e+00        -1.4376536067998655e+00         0.0000000000000000e+00
3                                      0.0000000000000000e+00        -3.6172795447059025e-01         0.0000000000000000e+00
4                                      0.0000000000000000e+00         2.5961623608236922e-01         0.0000000000000000e+00
$End
$Geometry
   &GeometryIndex 68
   &ListStatus       OUT
   &NATOMS [&Type "Integer"] 35
   &NCORELESSECP [&Type "Integer"] 0
   &NGHOSTATOMS [&Type "Integer"] 0
   &CartesianCoordinates [&Type "Coordinates", &Dim(35,4), &Units "Bohr"] 
              C     -3.125681920593   -3.693648227706   -0.710948325439
              C     -2.286915246465   -5.634189976023   -2.281974429374
              C      0.137871451537   -5.618842330180   -3.184783571113
              C     -1.530362816729   -1.763275711082   -0.067953453601
              C      0.995045076567   -1.697266758917   -0.917262346005
              O     -2.366708756015    0.104484401228    1.561149418284
              C      1.808308587362   -3.674064679399   -2.525520380102
              C      4.331172140598   -3.690318330090   -3.502079905552
              C      5.990841920144   -1.854966390201   -2.934401494258
              C      2.822822537119    0.213024005478   -0.279784647581
              C      5.276116254581    0.156602883276   -1.286151310942
              N      2.265659280829    2.124409450740    1.335655173335
              C      3.864221325678    3.944559722332    1.982178220396
              C      6.277731141928    3.978026592963    1.000679295295
              C      6.971470841982    2.075021629613   -0.622920477114
              C     -4.497118417514    1.485601873249    0.881767643680
              O     -5.246133454303    1.533038308970   -1.280093756754
              N     -5.464977748179    2.715769791682    2.853796314920
              C     -7.546170702695    4.462256280513    2.454229080257
              C     -4.584170462662    2.483526218344    5.447475275937
              H     -3.331256443482    0.878921110422    5.653024584423
              H     -6.216744052301    2.217041707015    6.674008255057
              H     -3.600772041116    4.201524042458    6.024537588440
              H     -7.918520928482    4.649465430646    0.449008608281
              H     -7.052170232592    6.303239116805    3.236465584899
              H     -9.238343743833    3.770009397023    3.406147005809
              H      0.803100192547   -7.109641226547   -4.414627267285
              H     -5.037862320307   -3.691604129366    0.006112619841
              H     -3.566988437057   -7.147245707026   -2.779840681882
              H      4.866631668793   -5.232320210959   -4.733229507062
              H      7.890793967329   -1.863340491355   -3.686957798756
              H      3.156750896244    5.341465455513    3.290204471237
              H      7.566677031948    5.467472775800    1.528102009539
              H      8.857679277683    2.029559338321   -1.412987446465
              H      0.504139019964    2.127347607608    2.100483700595
$End
$SCF_Energy
   &GeometryIndex 68
   &ListStatus       OUT
   &SCF_ENERGY [&Type "Double"]      -8.7844790935566004e+02
$End
$DFT_Energy
   &GeometryIndex 68
   &ListStatus       OUT
   &NALPHAEL [&Type "Integer"] 70
   &NBETAEL [&Type "Integer"] 70
   &NTOTALEL [&Type "Integer"] 139
   &EEXCHANGE [&Type "Double"]       0.0000000000000000e+00
   &ECORR [&Type "Double"]       0.0000000000000000e+00
   &ECNL [&Type "Double"]       0.0000000000000000e+00
   &EXC [&Type "Double"]      -8.9693317951167515e+01
   &EEMBED [&Type "Double"]       0.0000000000000000e+00
   &FINALEN [&Type "Double"]      -8.7844790935566004e+02  "No Van der Waals correction"
$End
$Solvation_Details
   &GeometryIndex 68
   &ListStatus       OUT
   &SOLVENT [&Type "String"] "WATER"
   &EPSILON [&Type "Double"]       8.0150999999999996e+01
   &REFRAC [&Type "Double"]       1.3328000000000000e+00
   &RSOLV [&Type "Double"]       1.3000000000000000e+00
   &SURFACETYPE [&Type "String"] "GAUSSIAN VDW"
   &NPOINTS [&Type "Integer"] 3049
   &SURFACEAREA [&Type "Double"]       1.0796878636599999e+03
   &CPCMDIELENERGY [&Type "Double"]      -8.8551165000000001e-02
$End
$CIS_Absorption_Spectrum
   &GeometryIndex 68
   &ListStatus       OUT
   &TEMPERATURE [&Type "Double"]       2.9814999999999998e+02
   &METHOD [&Type "Integer"] 20
   &RELCORRECTION [&Type "Integer"] 1 "Type of relativistic treatment in QDPT. 0->Unknow, 1->None, 2->SOC, 3->SSC, 4->SOC/SSC"
   &DENSTYPE [&Type "Integer"] 3 "Type of density (electron/spin ...). 0->Unknow, 1->Electronic, 2->Spin, 3->Trans/Electronic, 4->Tran/Spin"
   &DERITYPE [&Type "Integer"] 0 "Type of derivative (w.r.t. to what perturbation). 0->Unknown, 1->No Derivative, 2->Electric/Dipole, 3->Electric/Quad, 4->Magnetic/Dipole, 5->Magnetic/Quad"
   &DENSLEVEL [&Type "Integer"] 0 "// Source of density: relaxed, unrelaxed, ... 0->Unknown, 1->Linearized, 2->Unrelaxed, 3->Relaxed"
   &REPRESENTATION [&Type "String"] "Length" "Possible values: Unknown,  Length, Velocity"
   &POINTGROUP [&Type "String"] "C1"
   &NTRANS [&Type "Integer"] 5
   &DOHIGHERMOMENTS [&Type "Boolean"] false
   &STATES [&Type "ArrayOfIntegers", &Dim (5,4)] "The initial and Final states. Col1: Initial State  Col2: Initial Irrep Col3: Final State Col4: Final Irrep"
                                                         0                           1                           2                           3

0                                                        0                           0                           1                           0
1                                                        0                           0                           2                           0
2                                                        0                           0                           3                           0
3                                                        0                           0                           4                           0
4                                                        0                           0                           5                           0
   &MULTIPLICITIES [&Type "ArrayOfDoubles", &Dim (5,2)] "Col1: Multiplicity of the initial state  Col2: Multiplicity of the final state"
                                                         0                           1

0                                      1.0000000000000000e+00         1.0000000000000000e+00
1                                      1.0000000000000000e+00         1.0000000000000000e+00
2                                      1.0000000000000000e+00         1.0000000000000000e+00
3                                      1.0000000000000000e+00         1.0000000000000000e+00
4                                      1.0000000000000000e+00         1.0000000000000000e+00
   &EXCITATIONENERGIES [&Type "ArrayOfDoubles", &Dim (5,11)] 
                                                         0                           1                           2                           3                           4                           5                           6                           7

0                                      3.9224649890240002e+00         3.1636817019967089e+04         3.1608742414537636e+02         3.1945891464664505e-01         3.3242816817954828e+00        -1.5481205410605756e+00         0.0000000000000000e+00        -9.5767298745624529e-01
1                                      4.3979676930398872e+00         3.5472005372583422e+04         2.8191245166333545e+02         1.2193573957201605e-02         1.1316727604346868e-01         1.4570453877094589e-01         0.0000000000000000e+00         2.5281171434402938e-01
2                                      4.8273756284194214e+00         3.8935414304604114e+04         2.5683558730791515e+02         1.3744740601465606e+00         1.1621637770577424e+01        -1.2323463842104234e+00         0.0000000000000000e+00        -2.8344433466480057e+00
3                                      5.1368094238115312e+00         4.1431166438022126e+04         2.4136419173617134e+02         3.2071365805040913e-01         2.5483899413433955e+00         1.5381951998482351e+00         0.0000000000000000e+00         2.2721026970750610e-01
4                                      5.3577855000030992e+00         4.3213458876023586e+04         2.3140938633700452e+02         2.0442380714742497e-02         1.5573564653828592e-01        -1.4961567215597890e-01         0.0000000000000000e+00         2.5721926790595739e-01
                                                         8                           9                          10

0                                      0.0000000000000000e+00        -1.0230797250665874e-01         0.0000000000000000e+00
1                                      0.0000000000000000e+00         1.6740280916235395e-01         0.0000000000000000e+00
2                                      0.0000000000000000e+00        -1.4383640271307445e+00         0.0000000000000000e+00
3                                      0.0000000000000000e+00        -3.6155353939172852e-01         0.0000000000000000e+00
4                                      0.0000000000000000e+00         2.5920849793462380e-01         0.0000000000000000e+00
$End
$Geometry
   &GeometryIndex 69
   &ListStatus       OUT
   &NATOMS [&Type "Integer"] 35
   &NCORELESSECP [&Type "Integer"] 0
   &NGHOSTATOMS [&Type "Integer"] 0
   &CartesianCoordinates [&Type "Coordinates", &Dim(35,4), &Units "Bohr"] 
              C     -3.125647482135   -3.693673615055   -0.710976083758
              C     -2.286853891349   -5.634184081418   -2.281993535920
              C      0.137839167233   -5.618810516872   -3.184750031205
              C     -1.530501764975   -1.763298751076   -0.067920542303
              C      0.995107996616   -1.697361705159   -0.917348060262
              O     -2.366726840256    0.104495702212    1.561151721409
              C      1.808291482062   -3.674094517735   -2.525534543095
              C      4.331150503874   -3.690274382619   -3.502042431037
              C      5.990915701097   -1.855041644563   -2.934480324769
              C      2.822938899578    0.213164196142   -0.279728840608
              C      5.275794525138    0.156565432549   -1.286050810454
              N      2.265749901718    2.124490907208    1.335673021633
              C      3.864135633872    3.944499008418    1.982170907975
              C      6.277855851614    3.977958625391    1.000580249777
              C      6.971514484189    2.075109676698   -0.622876674114
              C     -4.497327680672    1.485770858238    0.881772856819
              O     -5.246068138992    1.533028426772   -1.279923190780
              N     -5.464756906979    2.715503400470    2.853459485290
              C     -7.546286839621    4.462391995680    2.454394542908
              C     -4.584231130257    2.483641972650    5.447766562889
              H     -3.331192612202    0.878972620625    5.652083993262
              H     -6.217243744899    2.216397941724    6.673472155549
              H     -3.599988828465    4.201458862035    6.023775430771
              H     -7.918411527464    4.649173725105    0.449071632974
              H     -7.051656465099    6.303498795469    3.235846933895
              H     -9.238623791175    3.769417459839    3.405424491426
              H      0.803171895965   -7.109549226871   -4.414595807257
              H     -5.037745158978   -3.691239310594    0.006297819776
              H     -3.567109863786   -7.147122401656   -2.779713989841
              H      4.866792994887   -5.232195962505   -4.733209442123
              H      7.890840692833   -1.863542849456   -3.687116302142
              H      3.156770606242    5.341467231973    3.290186001618
              H      7.566489598631    5.467585412962    1.528261218262
              H      8.857810694203    2.029969257370   -1.412750190340
              H      0.503925737954    2.126387600169    2.099934292479
$End
$SCF_Energy
   &GeometryIndex 69
   &ListStatus       OUT
   &SCF_ENERGY [&Type "Double"]      -8.7844790912088899e+02
$End
$DFT_Energy
   &GeometryIndex 69
   &ListStatus       OUT
   &NALPHAEL [&Type "Integer"] 70
   &NBETAEL [&Type "Integer"] 70
   &NTOTALEL [&Type "Integer"] 139
   &EEXCHANGE [&Type "Double"]       0.0000000000000000e+00
   &ECORR [&Type "Double"]       0.0000000000000000e+00
   &ECNL [&Type "Double"]       0.0000000000000000e+00
   &EXC [&Type "Double"]      -8.9693486031548943e+01
   &EEMBED [&Type "Double"]       0.0000000000000000e+00
   &FINALEN [&Type "Double"]      -8.7844790912088899e+02  "No Van der Waals correction"
$End
$Solvation_Details
   &GeometryIndex 69
   &ListStatus       OUT
   &SOLVENT [&Type "String"] "WATER"
   &EPSILON [&Type "Double"]       8.0150999999999996e+01
   &REFRAC [&Type "Double"]       1.3328000000000000e+00
   &RSOLV [&Type "Double"]       1.3000000000000000e+00
   &SURFACETYPE [&Type "String"] "GAUSSIAN VDW"
   &NPOINTS [&Type "Integer"] 3048
   &SURFACEAREA [&Type "Double"]       1.0796914191280000e+03
   &CPCMDIELENERGY [&Type "Double"]      -8.8551788000000006e-02
$End
$CIS_Absorption_Spectrum
   &GeometryIndex 69
   &ListStatus       OUT
   &TEMPERATURE [&Type "Double"]       2.9814999999999998e+02
   &METHOD [&Type "Integer"] 20
   &RELCORRECTION [&Type "Integer"] 1 "Type of relativistic treatment in QDPT. 0->Unknow, 1->None, 2->SOC, 3->SSC, 4->SOC/SSC"
   &DENSTYPE [&Type "Integer"] 3 "Type of density (electron/spin ...). 0->Unknow, 1->Electronic, 2->Spin, 3->Trans/Electronic, 4->Tran/Spin"
   &DERITYPE [&Type "Integer"] 0 "Type of derivative (w.r.t. to what perturbation). 0->Unknown, 1->No Derivative, 2->Electric/Dipole, 3->Electric/Quad, 4->Magnetic/Dipole, 5->Magnetic/Quad"
   &DENSLEVEL [&Type "Integer"] 0 "// Source of density: relaxed, unrelaxed, ... 0->Unknown, 1->Linearized, 2->Unrelaxed, 3->Relaxed"
   &REPRESENTATION [&Type "String"] "Length" "Possible values: Unknown,  Length, Velocity"
   &POINTGROUP [&Type "String"] "C1"
   &NTRANS [&Type "Integer"] 5
   &DOHIGHERMOMENTS [&Type "Boolean"] false
   &STATES [&Type "ArrayOfIntegers", &Dim (5,4)] "The initial and Final states. Col1: Initial State  Col2: Initial Irrep Col3: Final State Col4: Final Irrep"
                                                         0                           1                           2                           3

0                                                        0                           0                           1                           0
1                                                        0                           0                           2                           0
2                                                        0                           0                           3                           0
3                                                        0                           0                           4                           0
4                                                        0                           0                           5                           0
   &MULTIPLICITIES [&Type "ArrayOfDoubles", &Dim (5,2)] "Col1: Multiplicity of the initial state  Col2: Multiplicity of the final state"
                                                         0                           1

0                                      1.0000000000000000e+00         1.0000000000000000e+00
1                                      1.0000000000000000e+00         1.0000000000000000e+00
2                                      1.0000000000000000e+00         1.0000000000000000e+00
3                                      1.0000000000000000e+00         1.0000000000000000e+00
4                                      1.0000000000000000e+00         1.0000000000000000e+00
   &EXCITATIONENERGIES [&Type "ArrayOfDoubles", &Dim (5,11)] 
                                                         0                           1                           2                           3                           4                           5                           6                           7

0                                      3.9233592823637484e+00         3.1644029982945973e+04         3.1601537495032505e+02         3.1962476097885839e-01         3.3252493421488434e+00        -1.5478815145685725e+00         0.0000000000000000e+00        -9.5849646109443565e-01
1                                      4.3985997343895651e+00         3.5477103130392548e+04         2.8187194324311088e+02         1.2156316737777034e-02         1.1280528422395600e-01         1.4526858210549576e-01         0.0000000000000000e+00         2.5241876742201147e-01
2                                      4.8279193464147490e+00         3.8939799686443541e+04         2.5680666260544194e+02         1.3731848686861037e+00         1.1609429629964108e+01        -1.2308829699958770e+00         0.0000000000000000e+00        -2.8331014720114207e+00
3                                      5.1369553222895261e+00         4.1432343188729843e+04         2.4135733657275105e+02         3.2025605176897409e-01         2.5446815275118233e+00         1.5371006216889707e+00         0.0000000000000000e+00         2.2713085166476421e-01
4                                      5.3598066722859530e+00         4.3229760731580587e+04         2.3132212232427904e+02         2.0571752134536648e-02         1.5666213413176067e-01        -1.5344681415586392e-01         0.0000000000000000e+00         2.5616398147057590e-01
                                                         8                           9                          10

0                                      0.0000000000000000e+00        -1.0294024031052362e-01         0.0000000000000000e+00
1                                      0.0000000000000000e+00         1.6729342225612850e-01         0.0000000000000000e+00
2                                      0.0000000000000000e+00        -1.4380169656248696e+00         0.0000000000000000e+00
3                                      0.0000000000000000e+00        -3.6112986935068436e-01         0.0000000000000000e+00
4                                      0.0000000000000000e+00         2.5980035403039559e-01         0.0000000000000000e+00
$End
$Geometry
   &GeometryIndex 70
   &ListStatus       OUT
   &NATOMS [&Type "Integer"] 35
   &NCORELESSECP [&Type "Integer"] 0
   &NGHOSTATOMS [&Type "Integer"] 0
   &CartesianCoordinates [&Type "Coordinates", &Dim(35,4), &Units "Bohr"] 
              C     -3.125614312945   -3.693588912802   -0.710934624348
              C     -2.286892409326   -5.634212718546   -2.281997404215
              C      0.137829480096   -5.618825012095   -3.184756080808
              C     -1.530505365327   -1.763261177141   -0.067898223108
              C      0.994999703322   -1.697439271103   -0.917360677491
              O     -2.366707178563    0.104468289238    1.561134239866
              C      1.808324724814   -3.674076705737   -2.525535029532
              C      4.331223060238   -3.690238302570   -3.502046957074
              C      5.990878578201   -1.855039431686   -2.934463695715
              C      2.823040089070    0.213243790619   -0.279711753328
              C      5.275750283624    0.156542544765   -1.286049182299
              N      2.265738129390    2.124499296693    1.335684496431
              C      3.864123276434    3.944489711574    1.982168915330
              C      6.277916625734    3.977957922266    1.000554470346
              C      6.971490959696    2.075086622657   -0.622883430595
              C     -4.497153981632    1.485608780764    0.881707056707
              O     -5.246111581015    1.533039360920   -1.280025519221
              N     -5.464908046735    2.715698381808    2.853776945988
              C     -7.545982464547    4.462092929045    2.454323668205
              C     -4.584155950416    2.483540537623    5.447595061184
              H     -3.331326317168    0.878780633324    5.652355412505
              H     -6.217084550481    2.216990076332    6.673608463069
              H     -3.600780744915    4.201735483768    6.024026889279
              H     -7.919521652668    4.650531250367    0.449425006508
              H     -7.053241930976    6.303837352015    3.235624789680
              H     -9.239018719570    3.770826796143    3.405463611470
              H      0.803227753982   -7.109536728592   -4.414609020729
              H     -5.037782073687   -3.691488010839    0.006150683883
              H     -3.566969362908   -7.147263692169   -2.779857869822
              H      4.866549769503   -5.232293653413   -4.733177759886
              H      7.890753187987   -1.863716760595   -3.687199892454
              H      3.156727416708    5.341440398243    3.290187182682
              H      7.566381438584    5.467687070858    1.528378505052
              H      8.857845279929    2.030171123638   -1.412622634307
              H      0.503838528542    2.126147704936    2.099776357387
$End
$SCF_Energy
   &GeometryIndex 70
   &ListStatus       OUT
   &SCF_ENERGY [&Type "Double"]      -8.7844790925665905e+02
$End
$DFT_Energy
   &GeometryIndex 70
   &ListStatus       OUT
   &NALPHAEL [&Type "Integer"] 70
   &NBETAEL [&Type "Integer"] 70
   &NTOTALEL [&Type "Integer"] 139
   &EEXCHANGE [&Type "Double"]       0.0000000000000000e+00
   &ECORR [&Type "Double"]       0.0000000000000000e+00
   &ECNL [&Type "Double"]       0.0000000000000000e+00
   &EXC [&Type "Double"]      -8.9693450740196056e+01
   &EEMBED [&Type "Double"]       0.0000000000000000e+00
   &FINALEN [&Type "Double"]      -8.7844790925665905e+02  "No Van der Waals correction"
$End
$Solvation_Details
   &GeometryIndex 70
   &ListStatus       OUT
   &SOLVENT [&Type "String"] "WATER"
   &EPSILON [&Type "Double"]       8.0150999999999996e+01
   &REFRAC [&Type "Double"]       1.3328000000000000e+00
   &RSOLV [&Type "Double"]       1.3000000000000000e+00
   &SURFACETYPE [&Type "String"] "GAUSSIAN VDW"
   &NPOINTS [&Type "Integer"] 3049
   &SURFACEAREA [&Type "Double"]       1.0796896158150000e+03
   &CPCMDIELENERGY [&Type "Double"]      -8.8547580000000001e-02
$End
$CIS_Absorption_Spectrum
   &GeometryIndex 70
   &ListStatus       OUT
   &TEMPERATURE [&Type "Double"]       2.9814999999999998e+02
   &METHOD [&Type "Integer"] 20
   &RELCORRECTION [&Type "Integer"] 1 "Type of relativistic treatment in QDPT. 0->Unknow, 1->None, 2->SOC, 3->SSC, 4->SOC/SSC"
   &DENSTYPE [&Type "Integer"] 3 "Type of density (electron/spin ...). 0->Unknow, 1->Electronic, 2->Spin, 3->Trans/Electronic, 4->Tran/Spin"
   &DERITYPE [&Type "Integer"] 0 "Type of derivative (w.r.t. to what perturbation). 0->Unknown, 1->No Derivative, 2->Electric/Dipole, 3->Electric/Quad, 4->Magnetic/Dipole, 5->Magnetic/Quad"
   &DENSLEVEL [&Type "Integer"] 0 "// Source of density: relaxed, unrelaxed, ... 0->Unknown, 1->Linearized, 2->Unrelaxed, 3->Relaxed"
   &REPRESENTATION [&Type "String"] "Length" "Possible values: Unknown,  Length, Velocity"
   &POINTGROUP [&Type "String"] "C1"
   &NTRANS [&Type "Integer"] 5
   &DOHIGHERMOMENTS [&Type "Boolean"] false
   &STATES [&Type "ArrayOfIntegers", &Dim (5,4)] "The initial and Final states. Col1: Initial State  Col2: Initial Irrep Col3: Final State Col4: Final Irrep"
                                                         0                           1                           2                           3

0                                                        0                           0                           1                           0
1                                                        0                           0                           2                           0
2                                                        0                           0                           3                           0
3                                                        0                           0                           4                           0
4                                                        0                           0                           5                           0
   &MULTIPLICITIES [&Type "ArrayOfDoubles", &Dim (5,2)] "Col1: Multiplicity of the initial state  Col2: Multiplicity of the final state"
                                                         0                           1

0                                      1.0000000000000000e+00         1.0000000000000000e+00
1                                      1.0000000000000000e+00         1.0000000000000000e+00
2                                      1.0000000000000000e+00         1.0000000000000000e+00
3                                      1.0000000000000000e+00         1.0000000000000000e+00
4                                      1.0000000000000000e+00         1.0000000000000000e+00
   &EXCITATIONENERGIES [&Type "ArrayOfDoubles", &Dim (5,11)] 
                                                         0                           1                           2                           3                           4                           5                           6                           7

0                                      3.9238283011339727e+00         3.1647812874840234e+04         3.1597760134476533e+02         3.1952478824757474e-01         3.3238119197121199e+00        -1.5474798784780097e+00         0.0000000000000000e+00        -9.5838818630236644e-01
1                                      4.3989433631572155e+00         3.5479874683605987e+04         2.8184992447621721e+02         1.2117488262080705e-02         1.1243618923561939e-01         1.4491665691354222e-01         0.0000000000000000e+00         2.5199668865473451e-01
2                                      4.8281623935940834e+00         3.8941759994352302e+04         2.5679373509184722e+02         1.3732840567589482e+00         1.1609683748983528e+01        -1.2314631357094883e+00         0.0000000000000000e+00        -2.8330249041742612e+00
3                                      5.1371101416777583e+00         4.1433591891438562e+04         2.4135006267864270e+02         3.1986419609961581e-01         2.5414913353863069e+00         1.5361356947993545e+00         0.0000000000000000e+00         2.2619399245113309e-01
4                                      5.3591940383742536e+00         4.3224819505331558e+04         2.3134856581105100e+02         2.0552961005551932e-02         1.5653692456067034e-01        -1.5217676797019955e-01         0.0000000000000000e+00         2.5674541505317178e-01
                                                         8                           9                          10

0                                      0.0000000000000000e+00        -1.0300499878095605e-01         0.0000000000000000e+00
1                                      0.0000000000000000e+00         1.6713174651056242e-01         0.0000000000000000e+00
2                                      0.0000000000000000e+00        -1.4377594328330803e+00         0.0000000000000000e+00
3                                      0.0000000000000000e+00        -3.6140661356514703e-01         0.0000000000000000e+00
4                                      0.0000000000000000e+00         2.5973245407532142e-01         0.0000000000000000e+00
$End
$Geometry
   &GeometryIndex 71
   &ListStatus       OUT
   &NATOMS [&Type "Integer"] 35
   &NCORELESSECP [&Type "Integer"] 0
   &NGHOSTATOMS [&Type "Integer"] 0
   &CartesianCoordinates [&Type "Coordinates", &Dim(35,4), &Units "Bohr"] 
              C     -3.125526480112   -3.693605859643   -0.710978689587
              C     -2.286871655110   -5.634074953897   -2.281916367681
              C      0.137619322288   -5.618893453991   -3.184722490919
              C     -1.530615428751   -1.763399085317   -0.067949333592
              C      0.995022127107   -1.697212705163   -0.917218020272
              O     -2.366699646809    0.104495610832    1.561149621782
              C      1.808381339612   -3.674278586605   -2.525688609192
              C      4.331266229887   -3.690293730559   -3.502099888751
              C      5.990913882607   -1.854774707058   -2.934300209919
              C      2.822936820907    0.213185220012   -0.279711591132
              C      5.275858209235    0.156483553412   -1.286132724345
              N      2.265736532498    2.124507213153    1.335690776280
              C      3.864132282446    3.944516214209    1.982184359257
              C      6.277981031411    3.977949211389    1.000521842537
              C      6.971431807964    2.075035274164   -0.622894918217
              C     -4.497137406186    1.485614057840    0.881771283486
              O     -5.246125309408    1.533041322533   -1.280060514017
              N     -5.464927629114    2.715705804340    2.853700437994
              C     -7.546204259224    4.462295775619    2.454272437515
              C     -4.584177899608    2.483554182410    5.447573814953
              H     -3.331267177608    0.878886935909    5.652639652577
              H     -6.216905392765    2.216922699123    6.673850252509
              H     -3.600634098894    4.201564080615    6.024306523868
              H     -7.918411600780    4.649302881937    0.449002968993
              H     -7.052089846203    6.303294392756    3.236380824601
              H     -9.238415319640    3.769918189754    3.406015992983
              H      0.804251353092   -7.109001130367   -4.414634647186
              H     -5.037639926917   -3.691359202434    0.006183930824
              H     -3.566505361148   -7.147361667159   -2.780094395891
              H      4.865785140085   -5.232711306894   -4.733161923283
              H      7.890574214762   -1.864363559637   -3.687560804552
              H      3.156625042614    5.341414729412    3.290208361841
              H      7.566162194275    5.467845681140    1.528581510670
              H      8.857825211407    2.030296229245   -1.412530477303
              H      0.503762593484    2.125911444143    2.099643654931
$End
$SCF_Energy
   &GeometryIndex 71
   &ListStatus       OUT
   &SCF_ENERGY [&Type "Double"]      -8.7844790928855969e+02
$End
$DFT_Energy
   &GeometryIndex 71
   &ListStatus       OUT
   &NALPHAEL [&Type "Integer"] 70
   &NBETAEL [&Type "Integer"] 70
   &NTOTALEL [&Type "Integer"] 139
   &EEXCHANGE [&Type "Double"]       0.0000000000000000e+00
   &ECORR [&Type "Double"]       0.0000000000000000e+00
   &ECNL [&Type "Double"]       0.0000000000000000e+00
   &EXC [&Type "Double"]      -8.9693433175992951e+01
   &EEMBED [&Type "Double"]       0.0000000000000000e+00
   &FINALEN [&Type "Double"]      -8.7844790928855969e+02  "No Van der Waals correction"
$End
$Solvation_Details
   &GeometryIndex 71
   &ListStatus       OUT
   &SOLVENT [&Type "String"] "WATER"
   &EPSILON [&Type "Double"]       8.0150999999999996e+01
   &REFRAC [&Type "Double"]       1.3328000000000000e+00
   &RSOLV [&Type "Double"]       1.3000000000000000e+00
   &SURFACETYPE [&Type "String"] "GAUSSIAN VDW"
   &NPOINTS [&Type "Integer"] 3049
   &SURFACEAREA [&Type "Double"]       1.0796805316320001e+03
   &CPCMDIELENERGY [&Type "Double"]      -8.8547059999999997e-02
$End
$CIS_Absorption_Spectrum
   &GeometryIndex 71
   &ListStatus       OUT
   &TEMPERATURE [&Type "Double"]       2.9814999999999998e+02
   &METHOD [&Type "Integer"] 20
   &RELCORRECTION [&Type "Integer"] 1 "Type of relativistic treatment in QDPT. 0->Unknow, 1->None, 2->SOC, 3->SSC, 4->SOC/SSC"
   &DENSTYPE [&Type "Integer"] 3 "Type of density (electron/spin ...). 0->Unknow, 1->Electronic, 2->Spin, 3->Trans/Electronic, 4->Tran/Spin"
   &DERITYPE [&Type "Integer"] 0 "Type of derivative (w.r.t. to what perturbation). 0->Unknown, 1->No Derivative, 2->Electric/Dipole, 3->Electric/Quad, 4->Magnetic/Dipole, 5->Magnetic/Quad"
   &DENSLEVEL [&Type "Integer"] 0 "// Source of density: relaxed, unrelaxed, ... 0->Unknown, 1->Linearized, 2->Unrelaxed, 3->Relaxed"
   &REPRESENTATION [&Type "String"] "Length" "Possible values: Unknown,  Length, Velocity"
   &POINTGROUP [&Type "String"] "C1"
   &NTRANS [&Type "Integer"] 5
   &DOHIGHERMOMENTS [&Type "Boolean"] false
   &STATES [&Type "ArrayOfIntegers", &Dim (5,4)] "The initial and Final states. Col1: Initial State  Col2: Initial Irrep Col3: Final State Col4: Final Irrep"
                                                         0                           1                           2                           3

0                                                        0                           0                           1                           0
1                                                        0                           0                           2                           0
2                                                        0                           0                           3                           0
3                                                        0                           0                           4                           0
4                                                        0                           0                           5                           0
   &MULTIPLICITIES [&Type "ArrayOfDoubles", &Dim (5,2)] "Col1: Multiplicity of the initial state  Col2: Multiplicity of the final state"
                                                         0                           1

0                                      1.0000000000000000e+00         1.0000000000000000e+00
1                                      1.0000000000000000e+00         1.0000000000000000e+00
2                                      1.0000000000000000e+00         1.0000000000000000e+00
3                                      1.0000000000000000e+00         1.0000000000000000e+00
4                                      1.0000000000000000e+00         1.0000000000000000e+00
   &EXCITATIONENERGIES [&Type "ArrayOfDoubles", &Dim (5,11)] 
                                                         0                           1                           2                           3                           4                           5                           6                           7

0                                      3.9232328338435520e+00         3.1643010106743870e+04         3.1602556034543517e+02         3.1957355726260511e-01         3.3248237969049543e+00        -1.5476360081840244e+00         0.0000000000000000e+00        -9.5865279450690855e-01
1                                      4.3981385711206471e+00         3.5473383597395841e+04         2.8190149869814263e+02         1.2057846304870938e-02         1.1190325411797347e-01         1.4440879978008186e-01         0.0000000000000000e+00         2.5139199288722247e-01
2                                      4.8276799239035286e+00         3.8937868613457766e+04         2.5681939859809853e+02         1.3738217383210281e+00         1.1615389990834551e+01        -1.2314208266427984e+00         0.0000000000000000e+00        -2.8337697826617294e+00
3                                      5.1365284574188239e+00         4.1428900290999860e+04         2.4137739427692293e+02         3.2105093784288014e-01         2.5512095084241762e+00         1.5390467646324997e+00         0.0000000000000000e+00         2.2748548784650455e-01
4                                      5.3588095709032153e+00         4.3221718565727155e+04         2.3136516390001998e+02         2.0497550360090697e-02         1.5612610251288300e-01        -1.5110448163707998e-01         0.0000000000000000e+00         2.5684720522957571e-01
                                                         8                           9                          10

0                                      0.0000000000000000e+00        -1.0310869343206445e-01         0.0000000000000000e+00
1                                      0.0000000000000000e+00         1.6688744283570409e-01         0.0000000000000000e+00
2                                      0.0000000000000000e+00        -1.4383120514749967e+00         0.0000000000000000e+00
3                                      0.0000000000000000e+00        -3.6165579978433771e-01         0.0000000000000000e+00
4                                      0.0000000000000000e+00         2.5946685974865569e-01         0.0000000000000000e+00
$End
$Geometry
   &GeometryIndex 72
   &ListStatus       OUT
   &NATOMS [&Type "Integer"] 35
   &NCORELESSECP [&Type "Integer"] 0
   &NGHOSTATOMS [&Type "Integer"] 0
   &CartesianCoordinates [&Type "Coordinates", &Dim(35,4), &Units "Bohr"] 
              C     -3.125597105668   -3.693645742370   -0.710976220006
              C     -2.286847587095   -5.634179657474   -2.281992869607
              C      0.137775924378   -5.618797822468   -3.184718182973
              C     -1.530623085337   -1.763288479785   -0.067876222561
              C      0.995105865592   -1.697314634528   -0.917315360778
              O     -2.366685592230    0.104462617216    1.561132628820
              C      1.808390596852   -3.674214935773   -2.525651168416
              C      4.331072433885   -3.690268990080   -3.502008500354
              C      5.990955191907   -1.855028366225   -2.934486937896
              C      2.822924938933    0.213246147413   -0.279664337081
              C      5.275754927097    0.156526136571   -1.286062896023
              N      2.265788414656    2.124484686935    1.335653118539
              C      3.864092180660    3.944464065784    1.982163542441
              C      6.277866170734    3.977965222102    1.000580596907
              C      6.971533140755    2.075146361353   -0.622858299395
              C     -4.497235996279    1.485676113464    0.881702314986
              O     -5.246090852003    1.533033074407   -1.279982782136
              N     -5.464905229592    2.715668097236    2.853655161313
              C     -7.546145550339    4.462236643160    2.454340362631
              C     -4.584300727557    2.483609360221    5.447339609867
              H     -3.331086505583    0.879357780636    5.654068020369
              H     -6.216164380292    2.216526941512    6.674687951284
              H     -3.600060476848    4.200857398926    6.025233510570
              H     -7.918843318694    4.649928430409    0.449213357240
              H     -7.052116487233    6.303578729146    3.235670031591
              H     -9.238598409872    3.769765275545    3.405548688561
              H      0.803505434000   -7.109340253984   -4.414581615720
              H     -5.037687652673   -3.691186939427    0.006304359874
              H     -3.567017012881   -7.147162850627   -2.779774837574
              H      4.866733891268   -5.232180145730   -4.733178354428
              H      7.890881933738   -1.863535490694   -3.687127997436
              H      3.156968017192    5.341556492297    3.290170110149
              H      7.566567580303    5.467554603363    1.528207101448
              H      8.857809726206    2.029923011170   -1.412781249879
              H      0.503861432543    2.126039437915    2.099689809228
$End
$SCF_Energy
   &GeometryIndex 72
   &ListStatus       OUT
   &SCF_ENERGY [&Type "Double"]      -8.7844790921952210e+02
$End
$DFT_Energy
   &GeometryIndex 72
   &ListStatus       OUT
   &NALPHAEL [&Type "Integer"] 70
   &NBETAEL [&Type "Integer"] 70
   &NTOTALEL [&Type "Integer"] 139
   &EEXCHANGE [&Type "Double"]       0.0000000000000000e+00
   &ECORR [&Type "Double"]       0.0000000000000000e+00
   &ECNL [&Type "Double"]       0.0000000000000000e+00
   &EXC [&Type "Double"]      -8.9693504042515798e+01
   &EEMBED [&Type "Double"]       0.0000000000000000e+00
   &FINALEN [&Type "Double"]      -8.7844790921952210e+02  "No Van der Waals correction"
$End
$Solvation_Details
   &GeometryIndex 72
   &ListStatus       OUT
   &SOLVENT [&Type "String"] "WATER"
   &EPSILON [&Type "Double"]       8.0150999999999996e+01
   &REFRAC [&Type "Double"]       1.3328000000000000e+00
   &RSOLV [&Type "Double"]       1.3000000000000000e+00
   &SURFACETYPE [&Type "String"] "GAUSSIAN VDW"
   &NPOINTS [&Type "Integer"] 3048
   &SURFACEAREA [&Type "Double"]       1.0796980262150000e+03
   &CPCMDIELENERGY [&Type "Double"]      -8.8541243000000006e-02
$End
$CIS_Absorption_Spectrum
   &GeometryIndex 72
   &ListStatus       OUT
   &TEMPERATURE [&Type "Double"]       2.9814999999999998e+02
   &METHOD [&Type "Integer"] 20
   &RELCORRECTION [&Type "Integer"] 1 "Type of relativistic treatment in QDPT. 0->Unknow, 1->None, 2->SOC, 3->SSC, 4->SOC/SSC"
   &DENSTYPE [&Type "Integer"] 3 "Type of density (electron/spin ...). 0->Unknow, 1->Electronic, 2->Spin, 3->Trans/Electronic, 4->Tran/Spin"
   &DERITYPE [&Type "Integer"] 0 "Type of derivative (w.r.t. to what perturbation). 0->Unknown, 1->No Derivative, 2->Electric/Dipole, 3->Electric/Quad, 4->Magnetic/Dipole, 5->Magnetic/Quad"
   &DENSLEVEL [&Type "Integer"] 0 "// Source of density: relaxed, unrelaxed, ... 0->Unknown, 1->Linearized, 2->Unrelaxed, 3->Relaxed"
   &REPRESENTATION [&Type "String"] "Length" "Possible values: Unknown,  Length, Velocity"
   &POINTGROUP [&Type "String"] "C1"
   &NTRANS [&Type "Integer"] 5
   &DOHIGHERMOMENTS [&Type "Boolean"] false
   &STATES [&Type "ArrayOfIntegers", &Dim (5,4)] "The initial and Final states. Col1: Initial State  Col2: Initial Irrep Col3: Final State Col4: Final Irrep"
                                                         0                           1                           2                           3

0                                                        0                           0                           1                           0
1                                                        0                           0                           2                           0
2                                                        0                           0                           3                           0
3                                                        0                           0                           4                           0
4                                                        0                           0                           5                           0
   &MULTIPLICITIES [&Type "ArrayOfDoubles", &Dim (5,2)] "Col1: Multiplicity of the initial state  Col2: Multiplicity of the final state"
                                                         0                           1

0                                      1.0000000000000000e+00         1.0000000000000000e+00
1                                      1.0000000000000000e+00         1.0000000000000000e+00
2                                      1.0000000000000000e+00         1.0000000000000000e+00
3                                      1.0000000000000000e+00         1.0000000000000000e+00
4                                      1.0000000000000000e+00         1.0000000000000000e+00
   &EXCITATIONENERGIES [&Type "ArrayOfDoubles", &Dim (5,11)] 
                                                         0                           1                           2                           3                           4                           5                           6                           7

0                                      3.9233826445704860e+00         3.1644218411870592e+04         3.1601349320256026e+02         3.1967945881036502e-01         3.3257985927647145e+00        -1.5478995292084410e+00         0.0000000000000000e+00        -9.5873980567089234e-01
1                                      4.3983837740284510e+00         3.5475361292429108e+04         2.8188578313743983e+02         1.2138415649240144e-02         1.1264470055469183e-01         1.4483568151006973e-01         0.0000000000000000e+00         2.5230211108540540e-01
2                                      4.8278946281033512e+00         3.8939600319796053e+04         2.5680797742847437e+02         1.3732972155775900e+00         1.1610438897435570e+01        -1.2311187152842356e+00         0.0000000000000000e+00        -2.8331895554434126e+00
3                                      5.1366660893085312e+00         4.1430010367169554e+04         2.4137092680827121e+02         3.2051675059441864e-01         2.5468963822761261e+00         1.5377662983014382e+00         0.0000000000000000e+00         2.2723877346469407e-01
4                                      5.3597046166935982e+00         4.3228937597630327e+04         2.3132652699168273e+02         2.0576030928600306e-02         1.5669770252949256e-01        -1.5304154975895612e-01         0.0000000000000000e+00         2.5641680686115392e-01
                                                         8                           9                          10

0                                      0.0000000000000000e+00        -1.0307097197145605e-01         0.0000000000000000e+00
1                                      0.0000000000000000e+00         1.6736478320737977e-01         0.0000000000000000e+00
2                                      0.0000000000000000e+00        -1.4379925414406090e+00         0.0000000000000000e+00
3                                      0.0000000000000000e+00        -3.6129452517119581e-01         0.0000000000000000e+00
4                                      0.0000000000000000e+00         2.5985843787723961e-01         0.0000000000000000e+00
$End
$Geometry
   &GeometryIndex 73
   &ListStatus       OUT
   &NATOMS [&Type "Integer"] 35
   &NCORELESSECP [&Type "Integer"] 0
   &NGHOSTATOMS [&Type "Integer"] 0
   &CartesianCoordinates [&Type "Coordinates", &Dim(35,4), &Units "Bohr"] 
              C     -3.125657441634   -3.693598387623   -0.710925533217
              C     -2.286916405259   -5.634200054250   -2.281980198242
              C      0.137870736720   -5.618871357486   -3.184801758278
              C     -1.530346883294   -1.763264456123   -0.067948410705
              C      0.994942523216   -1.697511403564   -0.917388517752
              O     -2.366723383943    0.104477620765    1.561143056701
              C      1.808169094703   -3.673922821007   -2.525375097239
              C      4.331453572571   -3.690243477403   -3.502139849854
              C      5.990796294119   -1.854948529150   -2.934369992969
              C      2.823125486125    0.213128616691   -0.279828551891
              C      5.275808839154    0.156587180900   -1.286040422501
              N      2.265650155540    2.124531144848    1.335744291597
              C      3.864214373457    3.944573580978    1.982191439898
              C      6.278004908662    3.977923565094    1.000493580780
              C      6.971395855339    2.074962537789   -0.622932048508
              C     -4.497233217006    1.485683997083    0.881734361326
              O     -5.246093431668    1.533031890611   -1.279992931335
              N     -5.464897071242    2.715661975174    2.853652776439
              C     -7.546187692351    4.462283628943    2.454327417029
              C     -4.584262573279    2.483593028043    5.447458958999
              H     -3.331057076353    0.879250620595    5.653435158558
              H     -6.216569416057    2.216639961473    6.674224434765
              H     -3.600128021796    4.201080636648    6.024783802464
              H     -7.918698973295    4.649629583619    0.449135075250
              H     -7.051907155153    6.303458432226    3.235881131425
              H     -9.238529251061    3.769640400715    3.405612331784
              H      0.802989758248   -7.109725381566   -4.414646117763
              H     -5.037860922866   -3.691662158588    0.006073212374
              H     -3.566902528531   -7.147311520025   -2.779914506380
              H      4.866117634350   -5.232593825385   -4.733204349221
              H      7.890524008387   -1.864196868469   -3.687431675133
              H      3.156158423545    5.341183034799    3.290237531465
              H      7.565938074193    5.467961648879    1.528756996166
              H      8.857887011173    2.030605771707   -1.412338542513
              H      0.503805473028    2.126415235030    2.099983473721
$End
$SCF_Energy
   &GeometryIndex 73
   &ListStatus       OUT
   &SCF_ENERGY [&Type "Double"]      -8.7844790920153343e+02
$End
$DFT_Energy
   &GeometryIndex 73
   &ListStatus       OUT
   &NALPHAEL [&Type "Integer"] 70
   &NBETAEL [&Type "Integer"] 70
   &NTOTALEL [&Type "Integer"] 139
   &EEXCHANGE [&Type "Double"]       0.0000000000000000e+00
   &ECORR [&Type "Double"]       0.0000000000000000e+00
   &ECNL [&Type "Double"]       0.0000000000000000e+00
   &EXC [&Type "Double"]      -8.9693404169584639e+01
   &EEMBED [&Type "Double"]       0.0000000000000000e+00
   &FINALEN [&Type "Double"]      -8.7844790920153343e+02  "No Van der Waals correction"
$End
$Solvation_Details
   &GeometryIndex 73
   &ListStatus       OUT
   &SOLVENT [&Type "String"] "WATER"
   &EPSILON [&Type "Double"]       8.0150999999999996e+01
   &REFRAC [&Type "Double"]       1.3328000000000000e+00
   &RSOLV [&Type "Double"]       1.3000000000000000e+00
   &SURFACETYPE [&Type "String"] "GAUSSIAN VDW"
   &NPOINTS [&Type "Integer"] 3049
   &SURFACEAREA [&Type "Double"]       1.0796925292040000e+03
   &CPCMDIELENERGY [&Type "Double"]      -8.8548163999999999e-02
$End
$CIS_Absorption_Spectrum
   &GeometryIndex 73
   &ListStatus       OUT
   &TEMPERATURE [&Type "Double"]       2.9814999999999998e+02
   &METHOD [&Type "Integer"] 20
   &RELCORRECTION [&Type "Integer"] 1 "Type of relativistic treatment in QDPT. 0->Unknow, 1->None, 2->SOC, 3->SSC, 4->SOC/SSC"
   &DENSTYPE [&Type "Integer"] 3 "Type of density (electron/spin ...). 0->Unknow, 1->Electronic, 2->Spin, 3->Trans/Electronic, 4->Tran/Spin"
   &DERITYPE [&Type "Integer"] 0 "Type of derivative (w.r.t. to what perturbation). 0->Unknown, 1->No Derivative, 2->Electric/Dipole, 3->Electric/Quad, 4->Magnetic/Dipole, 5->Magnetic/Quad"
   &DENSLEVEL [&Type "Integer"] 0 "// Source of density: relaxed, unrelaxed, ... 0->Unknown, 1->Linearized, 2->Unrelaxed, 3->Relaxed"
   &REPRESENTATION [&Type "String"] "Length" "Possible values: Unknown,  Length, Velocity"
   &POINTGROUP [&Type "String"] "C1"
   &NTRANS [&Type "Integer"] 5
   &DOHIGHERMOMENTS [&Type "Boolean"] false
   &STATES [&Type "ArrayOfIntegers", &Dim (5,4)] "The initial and Final states. Col1: Initial State  Col2: Initial Irrep Col3: Final State Col4: Final Irrep"
                                                         0                           1                           2                           3

0                                                        0                           0                           1                           0
1                                                        0                           0                           2                           0
2                                                        0                           0                           3                           0
3                                                        0                           0                           4                           0
4                                                        0                           0                           5                           0
   &MULTIPLICITIES [&Type "ArrayOfDoubles", &Dim (5,2)] "Col1: Multiplicity of the initial state  Col2: Multiplicity of the final state"
                                                         0                           1

0                                      1.0000000000000000e+00         1.0000000000000000e+00
1                                      1.0000000000000000e+00         1.0000000000000000e+00
2                                      1.0000000000000000e+00         1.0000000000000000e+00
3                                      1.0000000000000000e+00         1.0000000000000000e+00
4                                      1.0000000000000000e+00         1.0000000000000000e+00
   &EXCITATIONENERGIES [&Type "ArrayOfDoubles", &Dim (5,11)] 
                                                         0                           1                           2                           3                           4                           5                           6                           7

0                                      3.9239444137010855e+00         3.1648749385949894e+04         3.1596825132178486e+02         3.1931121531345341e-01         3.3214919686969706e+00        -1.5470399099587346e+00         0.0000000000000000e+00        -9.5790280098616820e-01
1                                      4.3992743668810634e+00         3.5482544408963287e+04         2.8182871793923232e+02         1.2128784034056822e-02         1.1253253320973479e-01         1.4548661606928964e-01         0.0000000000000000e+00         2.5199541015437760e-01
2                                      4.8281662003841923e+00         3.8941790698188393e+04         2.5679353262163181e+02         1.3732707463309255e+00         1.1609562069582886e+01        -1.2314916399631113e+00         0.0000000000000000e+00        -2.8329987073013947e+00
3                                      5.1374551773771691e+00         4.1436374792323120e+04         2.4133385341066784e+02         3.1947083551166738e-01         2.5381953973556093e+00         1.5351329173087411e+00         0.0000000000000000e+00         2.2559492528036157e-01
4                                      5.3595185541916202e+00         4.3227436902188601e+04         2.3133455778623090e+02         2.0556130215236255e-02         1.5655158243728301e-01        -1.5316113475426657e-01         0.0000000000000000e+00         2.5620049670833295e-01
                                                         8                           9                          10

0                                      0.0000000000000000e+00        -1.0286743680433677e-01         0.0000000000000000e+00
1                                      0.0000000000000000e+00         1.6692660367829004e-01         0.0000000000000000e+00
2                                      0.0000000000000000e+00        -1.4377443217458656e+00         0.0000000000000000e+00
3                                      0.0000000000000000e+00        -3.6148202339606200e-01         0.0000000000000000e+00
4                                      0.0000000000000000e+00         2.5972014693602785e-01         0.0000000000000000e+00
$End
$Geometry
   &GeometryIndex 74
   &ListStatus       OUT
   &NATOMS [&Type "Integer"] 35
   &NCORELESSECP [&Type "Integer"] 0
   &NGHOSTATOMS [&Type "Integer"] 0
   &CartesianCoordinates [&Type "Coordinates", &Dim(35,4), &Units "Bohr"] 
              C     -3.125621399403   -3.693607730392   -0.710944508733
              C     -2.286883747682   -5.634206315945   -2.281996703492
              C      0.137830302838   -5.618821373394   -3.184753859207
              C     -1.530507394765   -1.763263886043   -0.067896927707
              C      0.995023460725   -1.697422872132   -0.917358637740
              O     -2.366712729592    0.104474175913    1.561132874785
              C      1.808310903200   -3.674083999963   -2.525534770377
              C      4.331221087476   -3.690245594701   -3.502050927603
              C      5.990885589719   -1.855029168960   -2.934459623471
              C      2.823027866396    0.213224309678   -0.279720908627
              C      5.275754041383    0.156549919513   -1.286045567241
              N      2.265735457582    2.124497306427    1.335684565759
              C      3.864131505541    3.944499750071    1.982172704493
              C      6.277917602832    3.977953754741    1.000551089417
              C      6.971487827780    2.075080551254   -0.622886324324
              C     -4.497147549942    1.485621454135    0.881755084189
              O     -5.246120020326    1.533038316336   -1.280040541793
              N     -5.464929963088    2.715695987117    2.853686178456
              C     -7.546294195040    4.462234359302    2.454300848566
              C     -4.584127143597    2.483620393813    5.447536216981
              H     -3.332229901565    0.878213649251    5.653093099876
              H     -6.216341683804    2.216163346824    6.674373343561
              H     -3.601117318611    4.201985386260    6.023998132583
              H     -7.917434186249    4.650460279254    0.448942943456
              H     -7.052226306466    6.303743882842    3.235312679592
              H     -9.237849553244    3.769364003944    3.406742537856
              H      0.803224842943   -7.109533590184   -4.414605847206
              H     -5.037773271181   -3.691435990019    0.006183725210
              H     -3.566991679845   -7.147237449730   -2.779832502018
              H      4.866546128370   -5.232302952089   -4.733182804524
              H      7.890754682210   -1.863735137105   -3.687212663683
              H      3.156696281264    5.341430205090    3.290193403068
              H      7.566355449718    5.467698043520    1.528396933056
              H      8.857847627123    2.030188071685   -1.412611949146
              H      0.503840891986    2.126183193948    2.099794473999
$End
$SCF_Energy
   &GeometryIndex 74
   &ListStatus       OUT
   &SCF_ENERGY [&Type "Double"]      -8.7844790929575345e+02
$End
$DFT_Energy
   &GeometryIndex 74
   &ListStatus       OUT
   &NALPHAEL [&Type "Integer"] 70
   &NBETAEL [&Type "Integer"] 70
   &NTOTALEL [&Type "Integer"] 139
   &EEXCHANGE [&Type "Double"]       0.0000000000000000e+00
   &ECORR [&Type "Double"]       0.0000000000000000e+00
   &ECNL [&Type "Double"]       0.0000000000000000e+00
   &EXC [&Type "Double"]      -8.9693421916389582e+01
   &EEMBED [&Type "Double"]       0.0000000000000000e+00
   &FINALEN [&Type "Double"]      -8.7844790929575345e+02  "No Van der Waals correction"
$End
$Solvation_Details
   &GeometryIndex 74
   &ListStatus       OUT
   &SOLVENT [&Type "String"] "WATER"
   &EPSILON [&Type "Double"]       8.0150999999999996e+01
   &REFRAC [&Type "Double"]       1.3328000000000000e+00
   &RSOLV [&Type "Double"]       1.3000000000000000e+00
   &SURFACETYPE [&Type "String"] "GAUSSIAN VDW"
   &NPOINTS [&Type "Integer"] 3048
   &SURFACEAREA [&Type "Double"]       1.0796972034050000e+03
   &CPCMDIELENERGY [&Type "Double"]      -8.8548524000000003e-02
$End
$CIS_Absorption_Spectrum
   &GeometryIndex 74
   &ListStatus       OUT
   &TEMPERATURE [&Type "Double"]       2.9814999999999998e+02
   &METHOD [&Type "Integer"] 20
   &RELCORRECTION [&Type "Integer"] 1 "Type of relativistic treatment in QDPT. 0->Unknow, 1->None, 2->SOC, 3->SSC, 4->SOC/SSC"
   &DENSTYPE [&Type "Integer"] 3 "Type of density (electron/spin ...). 0->Unknow, 1->Electronic, 2->Spin, 3->Trans/Electronic, 4->Tran/Spin"
   &DERITYPE [&Type "Integer"] 0 "Type of derivative (w.r.t. to what perturbation). 0->Unknown, 1->No Derivative, 2->Electric/Dipole, 3->Electric/Quad, 4->Magnetic/Dipole, 5->Magnetic/Quad"
   &DENSLEVEL [&Type "Integer"] 0 "// Source of density: relaxed, unrelaxed, ... 0->Unknown, 1->Linearized, 2->Unrelaxed, 3->Relaxed"
   &REPRESENTATION [&Type "String"] "Length" "Possible values: Unknown,  Length, Velocity"
   &POINTGROUP [&Type "String"] "C1"
   &NTRANS [&Type "Integer"] 5
   &DOHIGHERMOMENTS [&Type "Boolean"] false
   &STATES [&Type "ArrayOfIntegers", &Dim (5,4)] "The initial and Final states. Col1: Initial State  Col2: Initial Irrep Col3: Final State Col4: Final Irrep"
                                                         0                           1                           2                           3

0                                                        0                           0                           1                           0
1                                                        0                           0                           2                           0
2                                                        0                           0                           3                           0
3                                                        0                           0                           4                           0
4                                                        0                           0                           5                           0
   &MULTIPLICITIES [&Type "ArrayOfDoubles", &Dim (5,2)] "Col1: Multiplicity of the initial state  Col2: Multiplicity of the final state"
                                                         0                           1

0                                      1.0000000000000000e+00         1.0000000000000000e+00
1                                      1.0000000000000000e+00         1.0000000000000000e+00
2                                      1.0000000000000000e+00         1.0000000000000000e+00
3                                      1.0000000000000000e+00         1.0000000000000000e+00
4                                      1.0000000000000000e+00         1.0000000000000000e+00
   &EXCITATIONENERGIES [&Type "ArrayOfDoubles", &Dim (5,11)] 
                                                         0                           1                           2                           3                           4                           5                           6                           7

0                                      3.9237352992766681e+00         3.1647062764195452e+04         3.1598509076531747e+02         3.1953648178621574e-01         3.3240123452420747e+00        -1.5475316270024901e+00         0.0000000000000000e+00        -9.5840979028316775e-01
1                                      4.3988716818695170e+00         3.5479296534970112e+04         2.8185451732797225e+02         1.2131355395306067e-02         1.1256669438117201e-01         1.4503960964319371e-01         0.0000000000000000e+00         2.5215110756959719e-01
2                                      4.8281018135522658e+00         3.8941271383312196e+04         2.5679695718115090e+02         1.3732110310925949e+00         1.1609212056573405e+01        -1.2313273126380087e+00         0.0000000000000000e+00        -2.8329872094092257e+00
3                                      5.1370648665009586e+00         4.1433226722472624e+04         2.4135218980123946e+02         3.1993686800027582e-01         2.5420911566804736e+00         1.5363125001226390e+00         0.0000000000000000e+00         2.2631168595772108e-01
4                                      5.3592588324652137e+00         4.3225342104973730e+04         2.3134576877875881e+02         2.0578400411207516e-02         1.5672878307983459e-01        -1.5241398245146109e-01         0.0000000000000000e+00         2.5681590726672676e-01
                                                         8                           9                          10

0                                      0.0000000000000000e+00        -1.0299942989393154e-01         0.0000000000000000e+00
1                                      0.0000000000000000e+00         1.6718260964331014e-01         0.0000000000000000e+00
2                                      0.0000000000000000e+00        -1.4377859983491257e+00         0.0000000000000000e+00
3                                      0.0000000000000000e+00        -3.6141123314912849e-01         0.0000000000000000e+00
4                                      0.0000000000000000e+00         2.5989296028920889e-01         0.0000000000000000e+00
$End
$Geometry
   &GeometryIndex 75
   &ListStatus       OUT
   &NATOMS [&Type "Integer"] 35
   &NCORELESSECP [&Type "Integer"] 0
   &NGHOSTATOMS [&Type "Integer"] 0
   &CartesianCoordinates [&Type "Coordinates", &Dim(35,4), &Units "Bohr"] 
              C     -3.125628492898   -3.693623186701   -0.710951598526
              C     -2.286872404836   -5.634207286804   -2.282001544827
              C      0.137833945247   -5.618812544683   -3.184749407634
              C     -1.530517399257   -1.763256629096   -0.067888278181
              C      0.995043003829   -1.697411970769   -0.917358225709
              O     -2.366706806679    0.104467094144    1.561130707681
              C      1.808301142732   -3.674094489857   -2.525538142926
              C      4.331213267693   -3.690252160203   -3.502052192252
              C      5.990894505765   -1.855023234600   -2.934459239982
              C      2.823020989662    0.213213422480   -0.279726170739
              C      5.275753759254    0.156558116695   -1.286039774206
              N      2.265732295510    2.124495195170    1.335684560057
              C      3.864137784544    3.944508276061    1.982176253068
              C      6.277922666929    3.977948658915    1.000545362989
              C      6.971483539260    2.075075354174   -0.622888182937
              C     -4.497166537837    1.485636784975    0.881744810308
              O     -5.246112334832    1.533037090656   -1.280031687676
              N     -5.464880312428    2.715742892182    2.853681136050
              C     -7.546122281641    4.462320299597    2.454256659961
              C     -4.584160027085    2.483658949959    5.447509765862
              H     -3.332317320319    0.878260225973    5.653593340177
              H     -6.216252231322    2.215608750035    6.674359280199
              H     -3.600751805873    4.201862500644    6.023742784857
              H     -7.919179606309    4.648513214220    0.449069781108
              H     -7.052112368506    6.303005774207    3.237128422895
              H     -9.238888825599    3.770468797485    3.405464050607
              H      0.803204400733   -7.109534915788   -4.414599010648
              H     -5.037766727677   -3.691378771374    0.006217053952
              H     -3.567030411631   -7.147207529495   -2.779799002922
              H      4.866555790601   -5.232302960736   -4.733186824493
              H      7.890762385255   -1.863740751438   -3.687219391112
              H      3.156668185225    5.341421369665    3.290198945440
              H      7.566326734915    5.467712183825    1.528418783876
              H      8.857850027981    2.030211157546   -1.412597053026
              H      0.503838190772    2.126188965306    2.099796102295
$End
$SCF_Energy
   &GeometryIndex 75
   &ListStatus       OUT
   &SCF_ENERGY [&Type "Double"]      -8.7844790922967388e+02
$End
$DFT_Energy
   &GeometryIndex 75
   &ListStatus       OUT
   &NALPHAEL [&Type "Integer"] 70
   &NBETAEL [&Type "Integer"] 70
   &NTOTALEL [&Type "Integer"] 139
   &EEXCHANGE [&Type "Double"]       0.0000000000000000e+00
   &ECORR [&Type "Double"]       0.0000000000000000e+00
   &ECNL [&Type "Double"]       0.0000000000000000e+00
   &EXC [&Type "Double"]      -8.9693425147731332e+01
   &EEMBED [&Type "Double"]       0.0000000000000000e+00
   &FINALEN [&Type "Double"]      -8.7844790922967388e+02  "No Van der Waals correction"
$End
$Solvation_Details
   &GeometryIndex 75
   &ListStatus       OUT
   &SOLVENT [&Type "String"] "WATER"
   &EPSILON [&Type "Double"]       8.0150999999999996e+01
   &REFRAC [&Type "Double"]       1.3328000000000000e+00
   &RSOLV [&Type "Double"]       1.3000000000000000e+00
   &SURFACETYPE [&Type "String"] "GAUSSIAN VDW"
   &NPOINTS [&Type "Integer"] 3049
   &SURFACEAREA [&Type "Double"]       1.0796955428220001e+03
   &CPCMDIELENERGY [&Type "Double"]      -8.8545421999999999e-02
$End
$CIS_Absorption_Spectrum
   &GeometryIndex 75
   &ListStatus       OUT
   &TEMPERATURE [&Type "Double"]       2.9814999999999998e+02
   &METHOD [&Type "Integer"] 20
   &RELCORRECTION [&Type "Integer"] 1 "Type of relativistic treatment in QDPT. 0->Unknow, 1->None, 2->SOC, 3->SSC, 4->SOC/SSC"
   &DENSTYPE [&Type "Integer"] 3 "Type of density (electron/spin ...). 0->Unknow, 1->Electronic, 2->Spin, 3->Trans/Electronic, 4->Tran/Spin"
   &DERITYPE [&Type "Integer"] 0 "Type of derivative (w.r.t. to what perturbation). 0->Unknown, 1->No Derivative, 2->Electric/Dipole, 3->Electric/Quad, 4->Magnetic/Dipole, 5->Magnetic/Quad"
   &DENSLEVEL [&Type "Integer"] 0 "// Source of density: relaxed, unrelaxed, ... 0->Unknown, 1->Linearized, 2->Unrelaxed, 3->Relaxed"
   &REPRESENTATION [&Type "String"] "Length" "Possible values: Unknown,  Length, Velocity"
   &POINTGROUP [&Type "String"] "C1"
   &NTRANS [&Type "Integer"] 5
   &DOHIGHERMOMENTS [&Type "Boolean"] false
   &STATES [&Type "ArrayOfIntegers", &Dim (5,4)] "The initial and Final states. Col1: Initial State  Col2: Initial Irrep Col3: Final State Col4: Final Irrep"
                                                         0                           1                           2                           3

0                                                        0                           0                           1                           0
1                                                        0                           0                           2                           0
2                                                        0                           0                           3                           0
3                                                        0                           0                           4                           0
4                                                        0                           0                           5                           0
   &MULTIPLICITIES [&Type "ArrayOfDoubles", &Dim (5,2)] "Col1: Multiplicity of the initial state  Col2: Multiplicity of the final state"
                                                         0                           1

0                                      1.0000000000000000e+00         1.0000000000000000e+00
1                                      1.0000000000000000e+00         1.0000000000000000e+00
2                                      1.0000000000000000e+00         1.0000000000000000e+00
3                                      1.0000000000000000e+00         1.0000000000000000e+00
4                                      1.0000000000000000e+00         1.0000000000000000e+00
   &EXCITATIONENERGIES [&Type "ArrayOfDoubles", &Dim (5,11)] 
                                                         0                           1                           2                           3                           4                           5                           6                           7

0                                      3.9236694813886959e+00         3.1646531907072636e+04         3.1599039128091988e+02         3.1954157968299607e-01         3.3241211364412098e+00        -1.5475653519385193e+00         0.0000000000000000e+00        -9.5841310945485125e-01
1                                      4.3988004618271379e+00         3.5478722106529021e+04         2.8185908077449432e+02         1.2160850780868931e-02         1.1284220866805186e-01         1.4522043465328643e-01         0.0000000000000000e+00         2.5248666353256966e-01
2                                      4.8280589362526678e+00         3.8940925554532216e+04         2.5679923775813108e+02         1.3731769731011525e+00         1.1609027225372543e+01        -1.2312722148485602e+00         0.0000000000000000e+00        -2.8329750020135283e+00
3                                      5.1370224741624551e+00         4.1432884805168062e+04         2.4135418151604702e+02         3.1999613548200434e-01         2.5425830545559909e+00         1.5364595594008850e+00         0.0000000000000000e+00         2.2635474504795899e-01
4                                      5.3590794401046820e+00         4.3223895207856534e+04         2.3135351295647141e+02         2.0556369401913754e-02         1.5656623176402590e-01        -1.5207000034843851e-01         0.0000000000000000e+00         2.5682752314267498e-01
                                                         8                           9                          10

0                                      0.0000000000000000e+00        -1.0298994876054741e-01         0.0000000000000000e+00
1                                      0.0000000000000000e+00         1.6734311687474149e-01         0.0000000000000000e+00
2                                      0.0000000000000000e+00        -1.4377929601583508e+00         0.0000000000000000e+00
3                                      0.0000000000000000e+00        -3.6143963019555919e-01         0.0000000000000000e+00
4                                      0.0000000000000000e+00         2.5977022561188678e-01         0.0000000000000000e+00
$End
$Geometry
   &GeometryIndex 76
   &ListStatus       OUT
   &NATOMS [&Type "Integer"] 35
   &NCORELESSECP [&Type "Integer"] 0
   &NGHOSTATOMS [&Type "Integer"] 0
   &CartesianCoordinates [&Type "Coordinates", &Dim(35,4), &Units "Bohr"] 
              C     -3.125623072450   -3.693610823950   -0.710945597360
              C     -2.286880156410   -5.634210007028   -2.282000336598
              C      0.137833724779   -5.618814806667   -3.184750854283
              C     -1.530516172027   -1.763256219615   -0.067888805086
              C      0.995030622879   -1.697418023173   -0.917357709873
              O     -2.366703910806    0.104463500842    1.561127226068
              C      1.808312835590   -3.674093030353   -2.525541568930
              C      4.331209489489   -3.690247743131   -3.502047833152
              C      5.990891579267   -1.855031681378   -2.934463739472
              C      2.823024399126    0.213224696725   -0.279719348522
              C      5.275752014603    0.156553126449   -1.286042541005
              N      2.265735701278    2.124495733455    1.335683192330
              C      3.864131034707    3.944500468460    1.982173477110
              C      6.277918277965    3.977952222587    1.000549735460
              C      6.971488155547    2.075082168785   -0.622885324116
              C     -4.497161028104    1.485627443488    0.881742735450
              O     -5.246112651804    1.533039019171   -1.280022731486
              N     -5.464966585459    2.715706201528    2.853658514914
              C     -7.546178823239    4.462219925241    2.454197251327
              C     -4.584267135640    2.483617598888    5.447575846926
              H     -3.330840644008    0.879416862521    5.653454768068
              H     -6.217122681676    2.216045611382    6.673428713060
              H     -3.599439064514    4.200990924265    6.023964788201
              H     -7.917681612208    4.649429041160    0.448835795818
              H     -7.053177363266    6.303351983716    3.236792037389
              H     -9.238186354805    3.770783262002    3.407024171752
              H      0.803214725363   -7.109532913715   -4.414601606014
              H     -5.037771616133   -3.691416370123    0.006194280466
              H     -3.567011621841   -7.147227074428   -2.779818493507
              H      4.866567845719   -5.232290685987   -4.733183345642
              H      7.890766639042   -1.863716670116   -3.687204983786
              H      3.156700557510    5.341433937378    3.290193822743
              H      7.566355822942    5.467696498875    1.528395795695
              H      8.857846681527    2.030185413680   -1.412613534988
              H      0.503841785265    2.126171455786    2.099789272947
$End
$SCF_Energy
   &GeometryIndex 76
   &ListStatus       OUT
   &SCF_ENERGY [&Type "Double"]      -8.7844790924992969e+02
$End
$DFT_Energy
   &GeometryIndex 76
   &ListStatus       OUT
   &NALPHAEL [&Type "Integer"] 70
   &NBETAEL [&Type "Integer"] 70
   &NTOTALEL [&Type "Integer"] 139
   &EEXCHANGE [&Type "Double"]       0.0000000000000000e+00
   &ECORR [&Type "Double"]       0.0000000000000000e+00
   &ECNL [&Type "Double"]       0.0000000000000000e+00
   &EXC [&Type "Double"]      -8.9693432055386424e+01
   &EEMBED [&Type "Double"]       0.0000000000000000e+00
   &FINALEN [&Type "Double"]      -8.7844790924992969e+02  "No Van der Waals correction"
$End
$Solvation_Details
   &GeometryIndex 76
   &ListStatus       OUT
   &SOLVENT [&Type "String"] "WATER"
   &EPSILON [&Type "Double"]       8.0150999999999996e+01
   &REFRAC [&Type "Double"]       1.3328000000000000e+00
   &RSOLV [&Type "Double"]       1.3000000000000000e+00
   &SURFACETYPE [&Type "String"] "GAUSSIAN VDW"
   &NPOINTS [&Type "Integer"] 3048
   &SURFACEAREA [&Type "Double"]       1.0796789424540000e+03
   &CPCMDIELENERGY [&Type "Double"]      -8.8553340999999994e-02
$End
$CIS_Absorption_Spectrum
   &GeometryIndex 76
   &ListStatus       OUT
   &TEMPERATURE [&Type "Double"]       2.9814999999999998e+02
   &METHOD [&Type "Integer"] 20
   &RELCORRECTION [&Type "Integer"] 1 "Type of relativistic treatment in QDPT. 0->Unknow, 1->None, 2->SOC, 3->SSC, 4->SOC/SSC"
   &DENSTYPE [&Type "Integer"] 3 "Type of density (electron/spin ...). 0->Unknow, 1->Electronic, 2->Spin, 3->Trans/Electronic, 4->Tran/Spin"
   &DERITYPE [&Type "Integer"] 0 "Type of derivative (w.r.t. to what perturbation). 0->Unknown, 1->No Derivative, 2->Electric/Dipole, 3->Electric/Quad, 4->Magnetic/Dipole, 5->Magnetic/Quad"
   &DENSLEVEL [&Type "Integer"] 0 "// Source of density: relaxed, unrelaxed, ... 0->Unknown, 1->Linearized, 2->Unrelaxed, 3->Relaxed"
   &REPRESENTATION [&Type "String"] "Length" "Possible values: Unknown,  Length, Velocity"
   &POINTGROUP [&Type "String"] "C1"
   &NTRANS [&Type "Integer"] 5
   &DOHIGHERMOMENTS [&Type "Boolean"] false
   &STATES [&Type "ArrayOfIntegers", &Dim (5,4)] "The initial and Final states. Col1: Initial State  Col2: Initial Irrep Col3: Final State Col4: Final Irrep"
                                                         0                           1                           2                           3

0                                                        0                           0                           1                           0
1                                                        0                           0                           2                           0
2                                                        0                           0                           3                           0
3                                                        0                           0                           4                           0
4                                                        0                           0                           5                           0
   &MULTIPLICITIES [&Type "ArrayOfDoubles", &Dim (5,2)] "Col1: Multiplicity of the initial state  Col2: Multiplicity of the final state"
                                                         0                           1

0                                      1.0000000000000000e+00         1.0000000000000000e+00
1                                      1.0000000000000000e+00         1.0000000000000000e+00
2                                      1.0000000000000000e+00         1.0000000000000000e+00
3                                      1.0000000000000000e+00         1.0000000000000000e+00
4                                      1.0000000000000000e+00         1.0000000000000000e+00
   &EXCITATIONENERGIES [&Type "ArrayOfDoubles", &Dim (5,11)] 
                                                         0                           1                           2                           3                           4                           5                           6                           7

0                                      3.9237123254204338e+00         3.1646877467529208e+04         3.1598694089994649e+02         3.1953094730903348e-01         3.3239742344488654e+00        -1.5475269723331613e+00         0.0000000000000000e+00        -9.5839776598795468e-01
1                                      4.3988267989025838e+00         3.5478934529390419e+04         2.8185739320091733e+02         1.2153744214677544e-02         1.1277559063713208e-01         1.4514080289617493e-01         0.0000000000000000e+00         2.5241121788642479e-01
2                                      4.8280799946057407e+00         3.8941095401621933e+04         2.5679811769197153e+02         1.3732340807374805e+00         1.1609459384675823e+01        -1.2313961193030871e+00         0.0000000000000000e+00        -2.8330094183460290e+00
3                                      5.1370379868828202e+00         4.1433009923708843e+04         2.4135345267971442e+02         3.1995033899094610e-01         2.5422114939018456e+00         1.5363514628105803e+00         0.0000000000000000e+00         2.2628833331094031e-01
4                                      5.3591908902634451e+00         4.3224794114102864e+04         2.3134870171046853e+02         2.0524747310064841e-02         1.5632213323199190e-01        -1.5208265645866056e-01         0.0000000000000000e+00         2.5653646768348282e-01
                                                         8                           9                          10

0                                      0.0000000000000000e+00        -1.0299624507486670e-01         0.0000000000000000e+00
1                                      0.0000000000000000e+00         1.6732697050050707e-01         0.0000000000000000e+00
2                                      0.0000000000000000e+00        -1.4377693200245354e+00         0.0000000000000000e+00
3                                      0.0000000000000000e+00        -3.6142671017647887e-01         0.0000000000000000e+00
4                                      0.0000000000000000e+00         2.5958050694331863e-01         0.0000000000000000e+00
$End
$Geometry
   &GeometryIndex 77
   &ListStatus       OUT
   &NATOMS [&Type "Integer"] 35
   &NCORELESSECP [&Type "Integer"] 0
   &NGHOSTATOMS [&Type "Integer"] 0
   &CartesianCoordinates [&Type "Coordinates", &Dim(35,4), &Units "Bohr"] 
              C     -3.125713904766   -3.693770643324   -0.711012802473
              C     -2.286739294415   -5.634257791874   -2.282083879496
              C      0.137904813813   -5.618682516619   -3.184690318770
              C     -1.530641322867   -1.763138513023   -0.067778467532
              C      0.995250745430   -1.697309644404   -0.917362739029
              O     -2.366685415166    0.104446139550    1.561112297141
              C      1.808185588293   -3.674235016572   -2.525587642225
              C      4.331129209819   -3.690311687611   -3.502058564798
              C      5.990998596056   -1.854980086522   -2.934471948551
              C      2.822997871884    0.213120214000   -0.279785713810
              C      5.275703144550    0.156668285967   -1.285943403071
              N      2.265673492927    2.124437682684    1.335668374389
              C      3.864201117784    3.944621585723    1.982231690150
              C      6.278011616527    3.977891986992    1.000468293017
              C      6.971428370422    2.074992840746   -0.622923258623
              C     -4.497121151201    1.485593804990    0.881730041344
              O     -5.246121921277    1.533042175249   -1.280040860963
              N     -5.464942056541    2.715710903070    2.853698933197
              C     -7.546188603102    4.462277659746    2.454265560592
              C     -4.584177946758    2.483528418226    5.447522799012
              H     -3.331208180624    0.878917253636    5.652615349018
              H     -6.216730136169    2.217329109001    6.674145003788
              H     -3.600888870555    4.201534712877    6.024761540887
              H     -7.918353608694    4.649334049361    0.448995799110
              H     -7.052286308923    6.303314812686    3.236433230015
              H     -9.238411676947    3.770081646052    3.406127651905
              H      0.802857988121   -7.109589456893   -4.414504150771
              H     -5.037719476957   -3.690793560615    0.006565365665
              H     -3.567541138382   -7.146867213064   -2.779390168966
              H      4.866653244833   -5.232294107000   -4.733220656553
              H      7.890856884828   -1.863807148811   -3.687300803232
              H      3.156384413109    5.341365927811    3.290277686644
              H      7.565954858985    5.467922866371    1.528721830477
              H      8.857912915515    2.030609768978   -1.412347573810
              H      0.503824261795    2.126259152880    2.099842862338
$End
$SCF_Energy
   &GeometryIndex 77
   &ListStatus       OUT
   &SCF_ENERGY [&Type "Double"]      -8.7844790920987566e+02
$End
$DFT_Energy
   &GeometryIndex 77
   &ListStatus       OUT
   &NALPHAEL [&Type "Integer"] 70
   &NBETAEL [&Type "Integer"] 70
   &NTOTALEL [&Type "Integer"] 139
   &EEXCHANGE [&Type "Double"]       0.0000000000000000e+00
   &ECORR [&Type "Double"]       0.0000000000000000e+00
   &ECNL [&Type "Double"]       0.0000000000000000e+00
   &EXC [&Type "Double"]      -8.9693362577847566e+01
   &EEMBED [&Type "Double"]       0.0000000000000000e+00
   &FINALEN [&Type "Double"]      -8.7844790920987566e+02  "No Van der Waals correction"
$End
$Solvation_Details
   &GeometryIndex 77
   &ListStatus       OUT
   &SOLVENT [&Type "String"] "WATER"
   &EPSILON [&Type "Double"]       8.0150999999999996e+01
   &REFRAC [&Type "Double"]       1.3328000000000000e+00
   &RSOLV [&Type "Double"]       1.3000000000000000e+00
   &SURFACETYPE [&Type "String"] "GAUSSIAN VDW"
   &NPOINTS [&Type "Integer"] 3049
   &SURFACEAREA [&Type "Double"]       1.0796847484370001e+03
   &CPCMDIELENERGY [&Type "Double"]      -8.8548208000000003e-02
$End
$CIS_Absorption_Spectrum
   &GeometryIndex 77
   &ListStatus       OUT
   &TEMPERATURE [&Type "Double"]       2.9814999999999998e+02
   &METHOD [&Type "Integer"] 20
   &RELCORRECTION [&Type "Integer"] 1 "Type of relativistic treatment in QDPT. 0->Unknow, 1->None, 2->SOC, 3->SSC, 4->SOC/SSC"
   &DENSTYPE [&Type "Integer"] 3 "Type of density (electron/spin ...). 0->Unknow, 1->Electronic, 2->Spin, 3->Trans/Electronic, 4->Tran/Spin"
   &DERITYPE [&Type "Integer"] 0 "Type of derivative (w.r.t. to what perturbation). 0->Unknown, 1->No Derivative, 2->Electric/Dipole, 3->Electric/Quad, 4->Magnetic/Dipole, 5->Magnetic/Quad"
   &DENSLEVEL [&Type "Integer"] 0 "// Source of density: relaxed, unrelaxed, ... 0->Unknown, 1->Linearized, 2->Unrelaxed, 3->Relaxed"
   &REPRESENTATION [&Type "String"] "Length" "Possible values: Unknown,  Length, Velocity"
   &POINTGROUP [&Type "String"] "C1"
   &NTRANS [&Type "Integer"] 5
   &DOHIGHERMOMENTS [&Type "Boolean"] false
   &STATES [&Type "ArrayOfIntegers", &Dim (5,4)] "The initial and Final states. Col1: Initial State  Col2: Initial Irrep Col3: Final State Col4: Final Irrep"
                                                         0                           1                           2                           3

0                                                        0                           0                           1                           0
1                                                        0                           0                           2                           0
2                                                        0                           0                           3                           0
3                                                        0                           0                           4                           0
4                                                        0                           0                           5                           0
   &MULTIPLICITIES [&Type "ArrayOfDoubles", &Dim (5,2)] "Col1: Multiplicity of the initial state  Col2: Multiplicity of the final state"
                                                         0                           1

0                                      1.0000000000000000e+00         1.0000000000000000e+00
1                                      1.0000000000000000e+00         1.0000000000000000e+00
2                                      1.0000000000000000e+00         1.0000000000000000e+00
3                                      1.0000000000000000e+00         1.0000000000000000e+00
4                                      1.0000000000000000e+00         1.0000000000000000e+00
   &EXCITATIONENERGIES [&Type "ArrayOfDoubles", &Dim (5,11)] 
                                                         0                           1                           2                           3                           4                           5                           6                           7

0                                      3.9230666775050107e+00         3.1641669965354751e+04         3.1603894519313445e+02         3.1957029914965984e-01         3.3249307168076991e+00        -1.5479479532910239e+00         0.0000000000000000e+00        -9.5824061019045403e-01
1                                      4.3983009302091975e+00         3.5474693111895111e+04         2.8189109257288749e+02         1.2400935444132188e-02         1.1508305624493052e-01         1.4668429192309590e-01         0.0000000000000000e+00         2.5519942105953952e-01
2                                      4.8277940308893417e+00         3.8938788948461646e+04         2.5681332856128978e+02         1.3728212288191930e+00         1.1606656546875302e+01        -1.2306748080210659e+00         0.0000000000000000e+00        -2.8327938305348841e+00
3                                      5.1367462750315038e+00         4.1430657108708961e+04         2.4136715895577581e+02         3.2020802429947132e-01         2.5444034561302113e+00         1.5370092825154558e+00         0.0000000000000000e+00         2.2658510884717467e-01
4                                      5.3584552489684478e+00         4.3218860766295475e+04         2.3138046266593329e+02         2.0517264515885796e-02         1.5628659523706828e-01        -1.5122212926430037e-01         0.0000000000000000e+00         2.5695310394679483e-01
                                                         8                           9                          10

0                                      0.0000000000000000e+00        -1.0277540411818277e-01         0.0000000000000000e+00
1                                      0.0000000000000000e+00         1.6864172152473528e-01         0.0000000000000000e+00
2                                      0.0000000000000000e+00        -1.4378369787500640e+00         0.0000000000000000e+00
3                                      0.0000000000000000e+00        -3.6147629250097352e-01         0.0000000000000000e+00
4                                      0.0000000000000000e+00         2.5960270651506534e-01         0.0000000000000000e+00
$End
$Geometry
   &GeometryIndex 78
   &ListStatus       OUT
   &NATOMS [&Type "Integer"] 35
   &NCORELESSECP [&Type "Integer"] 0
   &NGHOSTATOMS [&Type "Integer"] 0
   &CartesianCoordinates [&Type "Coordinates", &Dim(35,4), &Units "Bohr"] 
              C     -3.125636654382   -3.693733792044   -0.711018990375
              C     -2.286831935764   -5.634154304393   -2.281981940879
              C      0.137791407110   -5.618823601047   -3.184740251718
              C     -1.530599704278   -1.763206444942   -0.067831327248
              C      0.995136368740   -1.697456011609   -0.917420948853
              O     -2.366693167438    0.104460309773    1.561126375861
              C      1.808167488503   -3.674113435389   -2.525500759638
              C      4.331469707531   -3.690123065483   -3.502066120906
              C      5.990809979084   -1.855012406835   -2.934417393210
              C      2.823153272670    0.213308033333   -0.279712978400
              C      5.275557758368    0.156394963560   -1.286074783449
              N      2.265745578206    2.124440868100    1.335640352043
              C      3.864023183430    3.944395915280    1.982143000821
              C      6.277775573775    3.978150593285    1.000748731392
              C      6.971631395461    2.075010236728   -0.622993903891
              C     -4.497165581375    1.485632725974    0.881742630699
              O     -5.246113023735    1.533038014100   -1.280029080301
              N     -5.464918765533    2.715691743885    2.853675356974
              C     -7.546192929146    4.462284830987    2.454276374494
              C     -4.584194336788    2.483560203780    5.447525948431
              H     -3.331277355791    0.878927373928    5.652851746275
              H     -6.216706112405    2.216949135636    6.674104440772
              H     -3.600650822164    4.201472018879    6.024574388307
              H     -7.918413095355    4.649344494528    0.449014484379
              H     -7.052208781631    6.303329842578    3.236361566884
              H     -9.238442139715    3.770011019675    3.406027550853
              H      0.803294701531   -7.109475169116   -4.414594555644
              H     -5.037685344686   -3.691050610364    0.006393000163
              H     -3.566997692305   -7.147135595755   -2.779767812701
              H      4.865985066098   -5.232525450293   -4.733110319085
              H      7.890562368768   -1.864117588387   -3.687395619229
              H      3.157369849211    5.341732790650    3.290135075549
              H      7.566952430491    5.467493220941    1.528004341583
              H      8.858070682273    2.030292282462   -1.412629470976
              H      0.504086054492    2.126875515616    2.100182308620
$End
$SCF_Energy
   &GeometryIndex 78
   &ListStatus       OUT
   &SCF_ENERGY [&Type "Double"]      -8.7844790920752700e+02
$End
$DFT_Energy
   &GeometryIndex 78
   &ListStatus       OUT
   &NALPHAEL [&Type "Integer"] 70
   &NBETAEL [&Type "Integer"] 70
   &NTOTALEL [&Type "Integer"] 139
   &EEXCHANGE [&Type "Double"]       0.0000000000000000e+00
   &ECORR [&Type "Double"]       0.0000000000000000e+00
   &ECNL [&Type "Double"]       0.0000000000000000e+00
   &EXC [&Type "Double"]      -8.9693436569201367e+01
   &EEMBED [&Type "Double"]       0.0000000000000000e+00
   &FINALEN [&Type "Double"]      -8.7844790920752700e+02  "No Van der Waals correction"
$End
$Solvation_Details
   &GeometryIndex 78
   &ListStatus       OUT
   &SOLVENT [&Type "String"] "WATER"
   &EPSILON [&Type "Double"]       8.0150999999999996e+01
   &REFRAC [&Type "Double"]       1.3328000000000000e+00
   &RSOLV [&Type "Double"]       1.3000000000000000e+00
   &SURFACETYPE [&Type "String"] "GAUSSIAN VDW"
   &NPOINTS [&Type "Integer"] 3048
   &SURFACEAREA [&Type "Double"]       1.0796875909309999e+03
   &CPCMDIELENERGY [&Type "Double"]      -8.8553762999999994e-02
$End
$CIS_Absorption_Spectrum
   &GeometryIndex 78
   &ListStatus       OUT
   &TEMPERATURE [&Type "Double"]       2.9814999999999998e+02
   &METHOD [&Type "Integer"] 20
   &RELCORRECTION [&Type "Integer"] 1 "Type of relativistic treatment in QDPT. 0->Unknow, 1->None, 2->SOC, 3->SSC, 4->SOC/SSC"
   &DENSTYPE [&Type "Integer"] 3 "Type of density (electron/spin ...). 0->Unknow, 1->Electronic, 2->Spin, 3->Trans/Electronic, 4->Tran/Spin"
   &DERITYPE [&Type "Integer"] 0 "Type of derivative (w.r.t. to what perturbation). 0->Unknown, 1->No Derivative, 2->Electric/Dipole, 3->Electric/Quad, 4->Magnetic/Dipole, 5->Magnetic/Quad"
   &DENSLEVEL [&Type "Integer"] 0 "// Source of density: relaxed, unrelaxed, ... 0->Unknown, 1->Linearized, 2->Unrelaxed, 3->Relaxed"
   &REPRESENTATION [&Type "String"] "Length" "Possible values: Unknown,  Length, Velocity"
   &POINTGROUP [&Type "String"] "C1"
   &NTRANS [&Type "Integer"] 5
   &DOHIGHERMOMENTS [&Type "Boolean"] false
   &STATES [&Type "ArrayOfIntegers", &Dim (5,4)] "The initial and Final states. Col1: Initial State  Col2: Initial Irrep Col3: Final State Col4: Final Irrep"
                                                         0                           1                           2                           3

0                                                        0                           0                           1                           0
1                                                        0                           0                           2                           0
2                                                        0                           0                           3                           0
3                                                        0                           0                           4                           0
4                                                        0                           0                           5                           0
   &MULTIPLICITIES [&Type "ArrayOfDoubles", &Dim (5,2)] "Col1: Multiplicity of the initial state  Col2: Multiplicity of the final state"
                                                         0                           1

0                                      1.0000000000000000e+00         1.0000000000000000e+00
1                                      1.0000000000000000e+00         1.0000000000000000e+00
2                                      1.0000000000000000e+00         1.0000000000000000e+00
3                                      1.0000000000000000e+00         1.0000000000000000e+00
4                                      1.0000000000000000e+00         1.0000000000000000e+00
   &EXCITATIONENERGIES [&Type "ArrayOfDoubles", &Dim (5,11)] 
                                                         0                           1                           2                           3                           4                           5                           6                           7

0                                      3.9240376302292472e+00         3.1649501228032092e+04         3.1596074541430556e+02         3.1964227898660824e-01         3.3248567256398420e+00        -1.5476697035210032e+00         0.0000000000000000e+00        -9.5861356427379829e-01
1                                      4.3991896088478422e+00         3.5481860789250815e+04         2.8183414785927710e+02         1.2309797932690738e-02         1.1421420565140300e-01         1.4627035073669764e-01         0.0000000000000000e+00         2.5411143712428896e-01
2                                      4.8284819313701286e+00         3.8944337240594141e+04         2.5677674107588530e+02         1.3722884217796316e+00         1.1600498949106665e+01        -1.2302234923252771e+00         0.0000000000000000e+00        -2.8320692809337915e+00
3                                      5.1373910214607221e+00         4.1435857339906070e+04         2.4133686719616136e+02         3.1985595427367075e-01         2.5412869007308831e+00         1.5360700732445915e+00         0.0000000000000000e+00         2.2611254198592320e-01
4                                      5.3591163219363445e+00         4.3224192679921405e+04         2.3135192076462360e+02         2.0564696953907211e-02         1.5662858007774780e-01        -1.5240431557342868e-01         0.0000000000000000e+00         2.5670616842469296e-01
                                                         8                           9                          10

0                                      0.0000000000000000e+00        -1.0312734280168553e-01         0.0000000000000000e+00
1                                      0.0000000000000000e+00         1.6806715226181171e-01         0.0000000000000000e+00
2                                      0.0000000000000000e+00        -1.4375091985892892e+00         0.0000000000000000e+00
3                                      0.0000000000000000e+00        -3.6145366116544231e-01         0.0000000000000000e+00
4                                      0.0000000000000000e+00         2.5981425627754867e-01         0.0000000000000000e+00
$End
$Geometry
   &GeometryIndex 79
   &ListStatus       OUT
   &NATOMS [&Type "Integer"] 35
   &NCORELESSECP [&Type "Integer"] 0
   &NGHOSTATOMS [&Type "Integer"] 0
   &CartesianCoordinates [&Type "Coordinates", &Dim(35,4), &Units "Bohr"] 
              C     -3.125625580597   -3.693595791053   -0.710936698310
              C     -2.286852174195   -5.634242667849   -2.282032222109
              C      0.137840508905   -5.618779930055   -3.184730337458
              C     -1.530564875881   -1.763225234114   -0.067851650083
              C      0.995042842984   -1.697407232715   -0.917355404810
              O     -2.366697487265    0.104452287241    1.561110457154
              C      1.808307436610   -3.674147687263   -2.525575500548
              C      4.331205961001   -3.690235963142   -3.502038622974
              C      5.990905315718   -1.855037567382   -2.934473002395
              C      2.823064646588    0.213256732725   -0.279712619173
              C      5.275700919196    0.156554829089   -1.286021346874
              N      2.265726689890    2.124457282251    1.335660185384
              C      3.864103460141    3.944500634485    1.982184876132
              C      6.277929314770    3.977972594644    1.000559345591
              C      6.971496888509    2.075058203911   -0.622905640249
              C     -4.496960231185    1.485492372549    0.881841217708
              O     -5.246182466557    1.533050022916   -1.280203302166
              N     -5.465092795843    2.715893907901    2.853928757663
              C     -7.546185310750    4.462278980808    2.454284793816
              C     -4.584184710438    2.483550352643    5.447541612577
              H     -3.331047984889    0.879118666793    5.653313868853
              H     -6.217240764303    2.216308396222    6.673218902315
              H     -3.600003419480    4.201383849632    6.023685256146
              H     -7.918878375021    4.649664334792    0.449130043597
              H     -7.051243513242    6.303244145734    3.235912055541
              H     -9.238316696340    3.769097263264    3.405559423294
              H      0.803171058119   -7.109518335122   -4.414575417711
              H     -5.037770474356   -3.691381591994    0.006221372932
              H     -3.567098761121   -7.147191718857   -2.779763045055
              H      4.866529916637   -5.232293044556   -4.733170477927
              H      7.890776380773   -1.863740052622   -3.687225069079
              H      3.156829129984    5.341518916194    3.290204628180
              H      7.566390585822    5.467709372535    1.528390563144
              H      8.857889258325    2.030277737691   -1.412566228363
              H      0.503879752589    2.126276239912    2.099826748336
$End
$SCF_Energy
   &GeometryIndex 79
   &ListStatus       OUT
   &SCF_ENERGY [&Type "Double"]      -8.7844790926745463e+02
$End
$DFT_Energy
   &GeometryIndex 79
   &ListStatus       OUT
   &NALPHAEL [&Type "Integer"] 70
   &NBETAEL [&Type "Integer"] 70
   &NTOTALEL [&Type "Integer"] 139
   &EEXCHANGE [&Type "Double"]       0.0000000000000000e+00
   &ECORR [&Type "Double"]       0.0000000000000000e+00
   &ECNL [&Type "Double"]       0.0000000000000000e+00
   &EXC [&Type "Double"]      -8.9693345185134518e+01
   &EEMBED [&Type "Double"]       0.0000000000000000e+00
   &FINALEN [&Type "Double"]      -8.7844790926745463e+02  "No Van der Waals correction"
$End
$Solvation_Details
   &GeometryIndex 79
   &ListStatus       OUT
   &SOLVENT [&Type "String"] "WATER"
   &EPSILON [&Type "Double"]       8.0150999999999996e+01
   &REFRAC [&Type "Double"]       1.3328000000000000e+00
   &RSOLV [&Type "Double"]       1.3000000000000000e+00
   &SURFACETYPE [&Type "String"] "GAUSSIAN VDW"
   &NPOINTS [&Type "Integer"] 3048
   &SURFACEAREA [&Type "Double"]       1.0796978509779999e+03
   &CPCMDIELENERGY [&Type "Double"]      -8.8565493999999995e-02
$End
$CIS_Absorption_Spectrum
   &GeometryIndex 79
   &ListStatus       OUT
   &TEMPERATURE [&Type "Double"]       2.9814999999999998e+02
   &METHOD [&Type "Integer"] 20
   &RELCORRECTION [&Type "Integer"] 1 "Type of relativistic treatment in QDPT. 0->Unknow, 1->None, 2->SOC, 3->SSC, 4->SOC/SSC"
   &DENSTYPE [&Type "Integer"] 3 "Type of density (electron/spin ...). 0->Unknow, 1->Electronic, 2->Spin, 3->Trans/Electronic, 4->Tran/Spin"
   &DERITYPE [&Type "Integer"] 0 "Type of derivative (w.r.t. to what perturbation). 0->Unknown, 1->No Derivative, 2->Electric/Dipole, 3->Electric/Quad, 4->Magnetic/Dipole, 5->Magnetic/Quad"
   &DENSLEVEL [&Type "Integer"] 0 "// Source of density: relaxed, unrelaxed, ... 0->Unknown, 1->Linearized, 2->Unrelaxed, 3->Relaxed"
   &REPRESENTATION [&Type "String"] "Length" "Possible values: Unknown,  Length, Velocity"
   &POINTGROUP [&Type "String"] "C1"
   &NTRANS [&Type "Integer"] 5
   &DOHIGHERMOMENTS [&Type "Boolean"] false
   &STATES [&Type "ArrayOfIntegers", &Dim (5,4)] "The initial and Final states. Col1: Initial State  Col2: Initial Irrep Col3: Final State Col4: Final Irrep"
                                                         0                           1                           2                           3

0                                                        0                           0                           1                           0
1                                                        0                           0                           2                           0
2                                                        0                           0                           3                           0
3                                                        0                           0                           4                           0
4                                                        0                           0                           5                           0
   &MULTIPLICITIES [&Type "ArrayOfDoubles", &Dim (5,2)] "Col1: Multiplicity of the initial state  Col2: Multiplicity of the final state"
                                                         0                           1

0                                      1.0000000000000000e+00         1.0000000000000000e+00
1                                      1.0000000000000000e+00         1.0000000000000000e+00
2                                      1.0000000000000000e+00         1.0000000000000000e+00
3                                      1.0000000000000000e+00         1.0000000000000000e+00
4                                      1.0000000000000000e+00         1.0000000000000000e+00
   &EXCITATIONENERGIES [&Type "ArrayOfDoubles", &Dim (5,11)] 
                                                         0                           1                           2                           3                           4                           5                           6                           7

0                                      3.9238391120582898e+00         3.1647900070834439e+04         3.1597673076627404e+02         3.1944658315477570e-01         3.3229892466786692e+00        -1.5473400933615453e+00         0.0000000000000000e+00        -9.5819311751708247e-01
1                                      4.3988383456982119e+00         3.5479027660587635e+04         2.8185665333519376e+02         1.2284305582592740e-02         1.1398678107968757e-01         1.4569820065549841e-01         0.0000000000000000e+00         2.5394949547678025e-01
2                                      4.8281770101188215e+00         3.8941877884587113e+04         2.5679295769036139e+02         1.3734184725774321e+00         1.1610784944593554e+01        -1.2321803484633296e+00         0.0000000000000000e+00        -2.8330449809603544e+00
3                                      5.1370838677958668e+00         4.1433379978267600e+04         2.4135129707605662e+02         3.1975936087761903e-01         2.5406713580617004e+00         1.5358767391122332e+00         0.0000000000000000e+00         2.2534921979318109e-01
4                                      5.3579985247552759e+00         4.3215177036701680e+04         2.3140018590013466e+02         2.0393007416389223e-02         1.5535333042437421e-01        -1.4934858627747480e-01         0.0000000000000000e+00         2.5688979213883745e-01
                                                         8                           9                          10

0                                      0.0000000000000000e+00        -1.0292634112533038e-01         0.0000000000000000e+00
1                                      0.0000000000000000e+00         1.6813229657780346e-01         0.0000000000000000e+00
2                                      0.0000000000000000e+00        -1.4374883197124371e+00         0.0000000000000000e+00
3                                      0.0000000000000000e+00        -3.6190016503764938e-01         0.0000000000000000e+00
4                                      0.0000000000000000e+00         2.5895166517355850e-01         0.0000000000000000e+00
$End
$Geometry
   &GeometryIndex 80
   &ListStatus       OUT
   &NATOMS [&Type "Integer"] 35
   &NCORELESSECP [&Type "Integer"] 0
   &NGHOSTATOMS [&Type "Integer"] 0
   &CartesianCoordinates [&Type "Coordinates", &Dim(35,4), &Units "Bohr"] 
              C     -3.125731176006   -3.693460827002   -0.710809977866
              C     -2.286679161161   -5.634407633279   -2.282204049562
              C      0.137869387421   -5.618671898868   -3.184670384509
              C     -1.530347269010   -1.763238413631   -0.067933227262
              C      0.994937445916   -1.697457639731   -0.917352925857
              O     -2.366730983503    0.104458261368    1.561125965176
              C      1.808152858012   -3.674193982816   -2.525547595732
              C      4.331250885905   -3.690321455132   -3.502112011503
              C      5.990923578648   -1.854812292498   -2.934328938621
              C      2.822907636176    0.213306923313   -0.279613437553
              C      5.275851364119    0.156377923911   -1.286202876889
              N      2.265821641081    2.124593095671    1.335716626829
              C      3.864087482896    3.944399257037    1.982118643686
              C      6.277870332662    3.977987889495    1.000595023751
              C      6.971517943337    2.075150637780   -0.622849190500
              C     -4.497159663209    1.485623371244    0.881739782011
              O     -5.246112261308    1.533037597236   -1.280029485379
              N     -5.464930266999    2.715707726260    2.853697198235
              C     -7.546195458131    4.462287585326    2.454276911538
              C     -4.584194225642    2.483560721025    5.447531874888
              H     -3.331264472478    0.878939922011    5.652880905045
              H     -6.216760810616    2.216878171266    6.674019312718
              H     -3.600589372289    4.201470381431    6.024475603735
              H     -7.918448371661    4.649366834029    0.449021360934
              H     -7.052103939818    6.303320063684    3.236319467301
              H     -9.238424186070    3.769908697918    3.405985076579
              H      0.802782197319   -7.109596594096   -4.414481239661
              H     -5.037981269132   -3.691643747709    0.006129855622
              H     -3.567544836085   -7.147001976261   -2.779468362378
              H      4.866380074006   -5.232478894737   -4.733236498762
              H      7.890673216785   -1.864037936179   -3.687382835644
              H      3.156841451713    5.341413903986    3.290117922873
              H      7.566561809563    5.467583816849    1.528230819260
              H      8.857786058728    2.029891942029   -1.412792891029
              H      0.503733692291    2.125623034315    2.099454834765
$End
$SCF_Energy
   &GeometryIndex 80
   &ListStatus       OUT
   &SCF_ENERGY [&Type "Double"]      -8.7844790920552111e+02
$End
$DFT_Energy
   &GeometryIndex 80
   &ListStatus       OUT
   &NALPHAEL [&Type "Integer"] 70
   &NBETAEL [&Type "Integer"] 70
   &NTOTALEL [&Type "Integer"] 139
   &EEXCHANGE [&Type "Double"]       0.0000000000000000e+00
   &ECORR [&Type "Double"]       0.0000000000000000e+00
   &ECNL [&Type "Double"]       0.0000000000000000e+00
   &EXC [&Type "Double"]      -8.9693425672523858e+01
   &EEMBED [&Type "Double"]       0.0000000000000000e+00
   &FINALEN [&Type "Double"]      -8.7844790920552111e+02  "No Van der Waals correction"
$End
$Solvation_Details
   &GeometryIndex 80
   &ListStatus       OUT
   &SOLVENT [&Type "String"] "WATER"
   &EPSILON [&Type "Double"]       8.0150999999999996e+01
   &REFRAC [&Type "Double"]       1.3328000000000000e+00
   &RSOLV [&Type "Double"]       1.3000000000000000e+00
   &SURFACETYPE [&Type "String"] "GAUSSIAN VDW"
   &NPOINTS [&Type "Integer"] 3048
   &SURFACEAREA [&Type "Double"]       1.0796909341720000e+03
   &CPCMDIELENERGY [&Type "Double"]      -8.8544389000000001e-02
$End
$CIS_Absorption_Spectrum
   &GeometryIndex 80
   &ListStatus       OUT
   &TEMPERATURE [&Type "Double"]       2.9814999999999998e+02
   &METHOD [&Type "Integer"] 20
   &RELCORRECTION [&Type "Integer"] 1 "Type of relativistic treatment in QDPT. 0->Unknow, 1->None, 2->SOC, 3->SSC, 4->SOC/SSC"
   &DENSTYPE [&Type "Integer"] 3 "Type of density (electron/spin ...). 0->Unknow, 1->Electronic, 2->Spin, 3->Trans/Electronic, 4->Tran/Spin"
   &DERITYPE [&Type "Integer"] 0 "Type of derivative (w.r.t. to what perturbation). 0->Unknown, 1->No Derivative, 2->Electric/Dipole, 3->Electric/Quad, 4->Magnetic/Dipole, 5->Magnetic/Quad"
   &DENSLEVEL [&Type "Integer"] 0 "// Source of density: relaxed, unrelaxed, ... 0->Unknown, 1->Linearized, 2->Unrelaxed, 3->Relaxed"
   &REPRESENTATION [&Type "String"] "Length" "Possible values: Unknown,  Length, Velocity"
   &POINTGROUP [&Type "String"] "C1"
   &NTRANS [&Type "Integer"] 5
   &DOHIGHERMOMENTS [&Type "Boolean"] false
   &STATES [&Type "ArrayOfIntegers", &Dim (5,4)] "The initial and Final states. Col1: Initial State  Col2: Initial Irrep Col3: Final State Col4: Final Irrep"
                                                         0                           1                           2                           3

0                                                        0                           0                           1                           0
1                                                        0                           0                           2                           0
2                                                        0                           0                           3                           0
3                                                        0                           0                           4                           0
4                                                        0                           0                           5                           0
   &MULTIPLICITIES [&Type "ArrayOfDoubles", &Dim (5,2)] "Col1: Multiplicity of the initial state  Col2: Multiplicity of the final state"
                                                         0                           1

0                                      1.0000000000000000e+00         1.0000000000000000e+00
1                                      1.0000000000000000e+00         1.0000000000000000e+00
2                                      1.0000000000000000e+00         1.0000000000000000e+00
3                                      1.0000000000000000e+00         1.0000000000000000e+00
4                                      1.0000000000000000e+00         1.0000000000000000e+00
   &EXCITATIONENERGIES [&Type "ArrayOfDoubles", &Dim (5,11)] 
                                                         0                           1                           2                           3                           4                           5                           6                           7

0                                      3.9237980491105788e+00         3.1647568875790843e+04         3.1598003749506364e+02         3.1960574156140270e-01         3.3246796579298992e+00        -1.5473870165937100e+00         0.0000000000000000e+00        -9.5895101548836159e-01
1                                      4.3987023657841284e+00         3.5477930908501308e+04         2.8186536655111911e+02         1.1837283701856459e-02         1.0984223474564428e-01         1.4329860707769215e-01         0.0000000000000000e+00         2.4881021599323003e-01
2                                      4.8279706507599913e+00         3.8940213483937536e+04         2.5680393365395656e+02         1.3740407048069141e+00         1.1616541751290944e+01        -1.2320236656231429e+00         0.0000000000000000e+00        -2.8337866892538539e+00
3                                      5.1367911114807887e+00         4.1431018739098487e+04         2.4136505218402922e+02         3.2045089355545625e-01         2.5463110927134069e+00         1.5375693399457879e+00         0.0000000000000000e+00         2.2652031645898743e-01
4                                      5.3592957371822054e+00         4.3225639761621249e+04         2.3134417570561212e+02         2.0518798521062816e-02         1.5627376828365461e-01        -1.5233924196112700e-01         0.0000000000000000e+00         2.5634865344055113e-01
                                                         8                           9                          10

0                                      0.0000000000000000e+00        -1.0337324944566792e-01         0.0000000000000000e+00
1                                      0.0000000000000000e+00         1.6553313980179224e-01         0.0000000000000000e+00
2                                      0.0000000000000000e+00        -1.4381628692339194e+00         0.0000000000000000e+00
3                                      0.0000000000000000e+00        -3.6177363613646779e-01         0.0000000000000000e+00
4                                      0.0000000000000000e+00         2.5952242970806977e-01         0.0000000000000000e+00
$End
$Geometry
   &GeometryIndex 81
   &ListStatus       OUT
   &NATOMS [&Type "Integer"] 35
   &NCORELESSECP [&Type "Integer"] 0
   &NGHOSTATOMS [&Type "Integer"] 0
   &CartesianCoordinates [&Type "Coordinates", &Dim(35,4), &Units "Bohr"] 
              C     -3.125638099434   -3.693764264868   -0.711038737713
              C     -2.286918462766   -5.634124820581   -2.281930307634
              C      0.137814494508   -5.618867430913   -3.184778029626
              C     -1.530546510557   -1.763153716184   -0.067816080320
              C      0.995151061016   -1.697438935231   -0.917414913864
              O     -2.366711255436    0.104463083880    1.561121358777
              C      1.808266546838   -3.674028320784   -2.525481069397
              C      4.331334222125   -3.690170838859   -3.502045305951
              C      5.990805161877   -1.855076573231   -2.934459556462
              C      2.822948032722    0.213145178042   -0.279746967881
              C      5.275719922931    0.156414620524   -1.286125755229
              N      2.265689519328    2.124591692260    1.335771733879
              C      3.864449078555    3.944566974717    1.982088699917
              C      6.277705898458    3.977886250292    1.000590957416
              C      6.971595800761    2.075300373683   -0.622775515230
              C     -4.497097092028    1.485575253956    0.881735887892
              O     -5.246127350471    1.533043740172   -1.280053848576
              N     -5.464961526087    2.715741320734    2.853735845481
              C     -7.546190290438    4.462282386025    2.454274911528
              C     -4.584189940595    2.483554208648    5.447528897751
              H     -3.331239510582    0.878948700586    5.652893261050
              H     -6.216803457065    2.216881666216    6.673954329558
              H     -3.600579171687    4.201475879936    6.024428812686
              H     -7.918478007763    4.649389617790    0.449028693544
              H     -7.052058496985    6.303308305468    3.236309145105
              H     -9.238412167744    3.769870469437    3.405973342583
              H      0.803313899419   -7.109531130540   -4.414638436810
              H     -5.037710591327   -3.691194047995    0.006312457400
              H     -3.566875940926   -7.147233834569   -2.779877085971
              H      4.866422939886   -5.232320474885   -4.733146084805
              H      7.890680571529   -1.863693950288   -3.687156298237
              H      3.156110957830    5.340986471677    3.290116396244
              H      7.566413766142    5.467429946738    1.528182781064
              H      8.857768503847    2.029680232052   -1.412931671581
              H      0.503522755878    2.125373738022    2.099344187073
$End
$SCF_Energy
   &GeometryIndex 81
   &ListStatus       OUT
   &SCF_ENERGY [&Type "Double"]      -8.7844790920489015e+02
$End
$DFT_Energy
   &GeometryIndex 81
   &ListStatus       OUT
   &NALPHAEL [&Type "Integer"] 70
   &NBETAEL [&Type "Integer"] 70
   &NTOTALEL [&Type "Integer"] 139
   &EEXCHANGE [&Type "Double"]       0.0000000000000000e+00
   &ECORR [&Type "Double"]       0.0000000000000000e+00
   &ECNL [&Type "Double"]       0.0000000000000000e+00
   &EXC [&Type "Double"]      -8.9693490564094759e+01
   &EEMBED [&Type "Double"]       0.0000000000000000e+00
   &FINALEN [&Type "Double"]      -8.7844790920489015e+02  "No Van der Waals correction"
$End
$Solvation_Details
   &GeometryIndex 81
   &ListStatus       OUT
   &SOLVENT [&Type "String"] "WATER"
   &EPSILON [&Type "Double"]       8.0150999999999996e+01
   &REFRAC [&Type "Double"]       1.3328000000000000e+00
   &RSOLV [&Type "Double"]       1.3000000000000000e+00
   &SURFACETYPE [&Type "String"] "GAUSSIAN VDW"
   &NPOINTS [&Type "Integer"] 3049
   &SURFACEAREA [&Type "Double"]       1.0796812426970000e+03
   &CPCMDIELENERGY [&Type "Double"]      -8.8544548000000001e-02
$End
$CIS_Absorption_Spectrum
   &GeometryIndex 81
   &ListStatus       OUT
   &TEMPERATURE [&Type "Double"]       2.9814999999999998e+02
   &METHOD [&Type "Integer"] 20
   &RELCORRECTION [&Type "Integer"] 1 "Type of relativistic treatment in QDPT. 0->Unknow, 1->None, 2->SOC, 3->SSC, 4->SOC/SSC"
   &DENSTYPE [&Type "Integer"] 3 "Type of density (electron/spin ...). 0->Unknow, 1->Electronic, 2->Spin, 3->Trans/Electronic, 4->Tran/Spin"
   &DERITYPE [&Type "Integer"] 0 "Type of derivative (w.r.t. to what perturbation). 0->Unknown, 1->No Derivative, 2->Electric/Dipole, 3->Electric/Quad, 4->Magnetic/Dipole, 5->Magnetic/Quad"
   &DENSLEVEL [&Type "Integer"] 0 "// Source of density: relaxed, unrelaxed, ... 0->Unknown, 1->Linearized, 2->Unrelaxed, 3->Relaxed"
   &REPRESENTATION [&Type "String"] "Length" "Possible values: Unknown,  Length, Velocity"
   &POINTGROUP [&Type "String"] "C1"
   &NTRANS [&Type "Integer"] 5
   &DOHIGHERMOMENTS [&Type "Boolean"] false
   &STATES [&Type "ArrayOfIntegers", &Dim (5,4)] "The initial and Final states. Col1: Initial State  Col2: Initial Irrep Col3: Final State Col4: Final Irrep"
                                                         0                           1                           2                           3

0                                                        0                           0                           1                           0
1                                                        0                           0                           2                           0
2                                                        0                           0                           3                           0
3                                                        0                           0                           4                           0
4                                                        0                           0                           5                           0
   &MULTIPLICITIES [&Type "ArrayOfDoubles", &Dim (5,2)] "Col1: Multiplicity of the initial state  Col2: Multiplicity of the final state"
                                                         0                           1

0                                      1.0000000000000000e+00         1.0000000000000000e+00
1                                      1.0000000000000000e+00         1.0000000000000000e+00
2                                      1.0000000000000000e+00         1.0000000000000000e+00
3                                      1.0000000000000000e+00         1.0000000000000000e+00
4                                      1.0000000000000000e+00         1.0000000000000000e+00
   &EXCITATIONENERGIES [&Type "ArrayOfDoubles", &Dim (5,11)] 
                                                         0                           1                           2                           3                           4                           5                           6                           7

0                                      3.9233475869709147e+00         3.1643935653231343e+04         3.1601631698359375e+02         3.1990447846054110e-01         3.3281693331259357e+00        -1.5482416559326175e+00         0.0000000000000000e+00        -9.5938470543980015e-01
1                                      4.3989599968454911e+00         3.5480008843363648e+04         2.8184885872345120e+02         1.2115131430522341e-02         1.1241389551180539e-01         1.4569100174209182e-01         0.0000000000000000e+00         2.5177968918068322e-01
2                                      4.8281379972778540e+00         3.8941563224771271e+04         2.5679503265649237e+02         1.3720453829744059e+00         1.1599270664808978e+01        -1.2291483818056541e+00         0.0000000000000000e+00        -2.8321041341849780e+00
3                                      5.1372145569326362e+00         4.1434434057352577e+04         2.4134515717430176e+02         3.1946266480342717e-01         2.5382493638173735e+00         1.5351638384759592e+00         0.0000000000000000e+00         2.2622127306442327e-01
4                                      5.3584997187915464e+00         4.3219219439645072e+04         2.3137854245528047e+02         2.0501103226081872e-02         1.5616219351049082e-01        -1.5121249234733428e-01         0.0000000000000000e+00         2.5683876103356440e-01
                                                         8                           9                          10

0                                      0.0000000000000000e+00        -1.0343159541044565e-01         0.0000000000000000e+00
1                                      0.0000000000000000e+00         1.6671837223074648e-01         0.0000000000000000e+00
2                                      0.0000000000000000e+00        -1.4379329238340279e+00         0.0000000000000000e+00
3                                      0.0000000000000000e+00        -3.6103363896767926e-01         0.0000000000000000e+00
4                                      0.0000000000000000e+00         2.5948184233071447e-01         0.0000000000000000e+00
$End
$Geometry
   &GeometryIndex 82
   &ListStatus       OUT
   &NATOMS [&Type "Integer"] 35
   &NCORELESSECP [&Type "Integer"] 0
   &NGHOSTATOMS [&Type "Integer"] 0
   &CartesianCoordinates [&Type "Coordinates", &Dim(35,4), &Units "Bohr"] 
              C     -3.125654527955   -3.693819839874   -0.711068677123
              C     -2.286953850332   -5.634095386164   -2.281897691954
              C      0.137836920447   -5.618894952662   -3.184804588330
              C     -1.530482300993   -1.763100882210   -0.067802386723
              C      0.995109983196   -1.697585825373   -0.917500012997
              O     -2.366715774475    0.104461046804    1.561122939904
              C      1.808286982723   -3.673916051794   -2.525414620320
              C      4.331191797649   -3.690317056269   -3.502086955471
              C      5.990888691558   -1.854938475569   -2.934400218319
              C      2.822827277372    0.213360559503   -0.279544589659
              C      5.275936049769    0.156465106111   -1.286175793627
              N      2.265833470147    2.124460485666    1.335616713351
              C      3.863890930274    3.944442724526    1.982232112004
              C      6.278112980489    3.977887838571    1.000423703419
              C      6.971416784760    2.075166760213   -0.622796815495
              C     -4.497122631615    1.485592774708    0.881724652793
              O     -5.246119464718    1.533041414158   -1.280037171369
              N     -5.464950054993    2.715729072318    2.853722969391
              C     -7.546192507753    4.462284677515    2.454275229710
              C     -4.584191401742    2.483556616472    5.447529203669
              H     -3.331249665433    0.878944216523    5.652889393256
              H     -6.216785170142    2.216882617138    6.673981686504
              H     -3.600585033769    4.201474359262    6.024449508762
              H     -7.918464344107    4.649378654851    0.449024548959
              H     -7.052077120585    6.303312128214    3.236316398048
              H     -9.238415926311    3.769886385628    3.405980751678
              H      0.803281294979   -7.109590253589   -4.414666214476
              H     -5.037715110201   -3.691176144067    0.006325672629
              H     -3.566841717793   -7.147246599161   -2.779898616949
              H      4.866680588155   -5.232311402632   -4.733240367131
              H      7.890735278316   -1.863756038177   -3.687217806214
              H      3.157052698920    5.341708166549    3.290244687354
              H      7.566255020195    5.467814330012    1.528521588088
              H      8.857702264843    2.030052907528   -1.412648186134
              H      0.503967566619    2.126201038442    2.099756019162
$End
$SCF_Energy
   &GeometryIndex 82
   &ListStatus       OUT
   &SCF_ENERGY [&Type "Double"]      -8.7844790920153264e+02
$End
$DFT_Energy
   &GeometryIndex 82
   &ListStatus       OUT
   &NALPHAEL [&Type "Integer"] 70
   &NBETAEL [&Type "Integer"] 70
   &NTOTALEL [&Type "Integer"] 139
   &EEXCHANGE [&Type "Double"]       0.0000000000000000e+00
   &ECORR [&Type "Double"]       0.0000000000000000e+00
   &ECNL [&Type "Double"]       0.0000000000000000e+00
   &EXC [&Type "Double"]      -8.9693415650005761e+01
   &EEMBED [&Type "Double"]       0.0000000000000000e+00
   &FINALEN [&Type "Double"]      -8.7844790920153264e+02  "No Van der Waals correction"
$End
$Solvation_Details
   &GeometryIndex 82
   &ListStatus       OUT
   &SOLVENT [&Type "String"] "WATER"
   &EPSILON [&Type "Double"]       8.0150999999999996e+01
   &REFRAC [&Type "Double"]       1.3328000000000000e+00
   &RSOLV [&Type "Double"]       1.3000000000000000e+00
   &SURFACETYPE [&Type "String"] "GAUSSIAN VDW"
   &NPOINTS [&Type "Integer"] 3048
   &SURFACEAREA [&Type "Double"]       1.0796859610110000e+03
   &CPCMDIELENERGY [&Type "Double"]      -8.8552906000000001e-02
$End
$CIS_Absorption_Spectrum
   &GeometryIndex 82
   &ListStatus       OUT
   &TEMPERATURE [&Type "Double"]       2.9814999999999998e+02
   &METHOD [&Type "Integer"] 20
   &RELCORRECTION [&Type "Integer"] 1 "Type of relativistic treatment in QDPT. 0->Unknow, 1->None, 2->SOC, 3->SSC, 4->SOC/SSC"
   &DENSTYPE [&Type "Integer"] 3 "Type of density (electron/spin ...). 0->Unknow, 1->Electronic, 2->Spin, 3->Trans/Electronic, 4->Tran/Spin"
   &DERITYPE [&Type "Integer"] 0 "Type of derivative (w.r.t. to what perturbation). 0->Unknown, 1->No Derivative, 2->Electric/Dipole, 3->Electric/Quad, 4->Magnetic/Dipole, 5->Magnetic/Quad"
   &DENSLEVEL [&Type "Integer"] 0 "// Source of density: relaxed, unrelaxed, ... 0->Unknown, 1->Linearized, 2->Unrelaxed, 3->Relaxed"
   &REPRESENTATION [&Type "String"] "Length" "Possible values: Unknown,  Length, Velocity"
   &POINTGROUP [&Type "String"] "C1"
   &NTRANS [&Type "Integer"] 5
   &DOHIGHERMOMENTS [&Type "Boolean"] false
   &STATES [&Type "ArrayOfIntegers", &Dim (5,4)] "The initial and Final states. Col1: Initial State  Col2: Initial Irrep Col3: Final State Col4: Final Irrep"
                                                         0                           1                           2                           3

0                                                        0                           0                           1                           0
1                                                        0                           0                           2                           0
2                                                        0                           0                           3                           0
3                                                        0                           0                           4                           0
4                                                        0                           0                           5                           0
   &MULTIPLICITIES [&Type "ArrayOfDoubles", &Dim (5,2)] "Col1: Multiplicity of the initial state  Col2: Multiplicity of the final state"
                                                         0                           1

0                                      1.0000000000000000e+00         1.0000000000000000e+00
1                                      1.0000000000000000e+00         1.0000000000000000e+00
2                                      1.0000000000000000e+00         1.0000000000000000e+00
3                                      1.0000000000000000e+00         1.0000000000000000e+00
4                                      1.0000000000000000e+00         1.0000000000000000e+00
   &EXCITATIONENERGIES [&Type "ArrayOfDoubles", &Dim (5,11)] 
                                                         0                           1                           2                           3                           4                           5                           6                           7

0                                      3.9238894981715946e+00         3.1648306462287626e+04         3.1597267335350404e+02         3.1998485982831681e-01         3.3285458371244432e+00        -1.5478453232873666e+00         0.0000000000000000e+00        -9.6014999049228178e-01
1                                      4.3990956045618450e+00         3.5481102593472518e+04         2.8184017037395301e+02         1.1152538861241484e-02         1.0347900049794484e-01         1.4095213212787516e-01         0.0000000000000000e+00         2.4032748352196595e-01
2                                      4.8276713128794935e+00         3.8937799160857809e+04         2.5681985668189719e+02         1.3727396700777597e+00         1.1606262020537802e+01        -1.2283234347222289e+00         0.0000000000000000e+00        -2.8330836351257993e+00
3                                      5.1366807702118171e+00         4.1430128776652426e+04         2.4137023695749187e+02         3.2119400703755269e-01         2.5522707159357116e+00         1.5393845769556407e+00         0.0000000000000000e+00         2.2906135099383226e-01
4                                      5.3600388343787557e+00         4.3231633245336488e+04         2.3131210295134355e+02         2.0621250039470854e-02         1.5703227859439850e-01        -1.5365050972713679e-01         0.0000000000000000e+00         2.5644222272559136e-01
                                                         8                           9                          10

0                                      0.0000000000000000e+00        -1.0408020013211822e-01         0.0000000000000000e+00
1                                      0.0000000000000000e+00         1.6079240532609135e-01         0.0000000000000000e+00
2                                      0.0000000000000000e+00        -1.4391388663476410e+00         0.0000000000000000e+00
3                                      0.0000000000000000e+00        -3.6068925357944170e-01         0.0000000000000000e+00
4                                      0.0000000000000000e+00         2.6011763849948305e-01         0.0000000000000000e+00
$End
$Geometry
   &GeometryIndex 83
   &ListStatus       OUT
   &NATOMS [&Type "Integer"] 35
   &NCORELESSECP [&Type "Integer"] 0
   &NGHOSTATOMS [&Type "Integer"] 0
   &CartesianCoordinates [&Type "Coordinates", &Dim(35,4), &Units "Bohr"] 
              C     -3.125485343773   -3.693531928717   -0.710945639427
              C     -2.287163416294   -5.634168971701   -2.281867970280
              C      0.138137799296   -5.618762845629   -3.184830547076
              C     -1.530694429452   -1.763357033982   -0.067894143867
              C      0.995165652391   -1.697446686765   -0.917424963561
              O     -2.366708345370    0.104481733807    1.561138868760
              C      1.808207346254   -3.674062654660   -2.525481849385
              C      4.331068626436   -3.690400652100   -3.502094423978
              C      5.991012167455   -1.854854356791   -2.934392510348
              C      2.822999802643    0.213167388536   -0.279750973352
              C      5.275742965063    0.156565675835   -1.286030181027
              N      2.265797000715    2.124636734536    1.335759537879
              C      3.864106003639    3.944398619294    1.982110520838
              C      6.277833615915    3.978070336992    1.000668408059
              C      6.971506344184    2.074944739372   -0.622989017051
              C     -4.497128940226    1.485607614712    0.881765024241
              O     -5.246124723755    1.533041320164   -1.280056227151
              N     -5.464936395611    2.715712797598    2.853701154793
              C     -7.546192685902    4.462284546149    2.454278286216
              C     -4.584193309688    2.483559273604    5.447529264218
              H     -3.331257690184    0.878943010857    5.652884995336
              H     -6.216762533214    2.216884233450    6.674013224786
              H     -3.600589740556    4.201467210887    6.024478868769
              H     -7.918460804155    4.649377977610    0.449027578838
              H     -7.052109404046    6.303322799553    3.236311948019
              H     -9.238431405986    3.769917180284    3.405976776109
              H      0.802948660248   -7.109779273105   -4.414663068472
              H     -5.037671515147   -3.691627844764    0.006022943078
              H     -3.566805827975   -7.147503934881   -2.780076008216
              H      4.866783490549   -5.232311960406   -4.733282174572
              H      7.890826670463   -1.863895826769   -3.687348148379
              H      3.156816175494    5.341388133500    3.290111447791
              H      7.566586400675    5.467645565555    1.528263314023
              H      8.857950089849    2.030318353675   -1.412564051789
              H      0.503750110335    2.125778828340    2.099545074817
$End
$SCF_Energy
   &GeometryIndex 83
   &ListStatus       OUT
   &SCF_ENERGY [&Type "Double"]      -8.7844790913373845e+02
$End
$DFT_Energy
   &GeometryIndex 83
   &ListStatus       OUT
   &NALPHAEL [&Type "Integer"] 70
   &NBETAEL [&Type "Integer"] 70
   &NTOTALEL [&Type "Integer"] 139
   &EEXCHANGE [&Type "Double"]       0.0000000000000000e+00
   &ECORR [&Type "Double"]       0.0000000000000000e+00
   &ECNL [&Type "Double"]       0.0000000000000000e+00
   &EXC [&Type "Double"]      -8.9693325625970445e+01
   &EEMBED [&Type "Double"]       0.0000000000000000e+00
   &FINALEN [&Type "Double"]      -8.7844790913373845e+02  "No Van der Waals correction"
$End
$Solvation_Details
   &GeometryIndex 83
   &ListStatus       OUT
   &SOLVENT [&Type "String"] "WATER"
   &EPSILON [&Type "Double"]       8.0150999999999996e+01
   &REFRAC [&Type "Double"]       1.3328000000000000e+00
   &RSOLV [&Type "Double"]       1.3000000000000000e+00
   &SURFACETYPE [&Type "String"] "GAUSSIAN VDW"
   &NPOINTS [&Type "Integer"] 3048
   &SURFACEAREA [&Type "Double"]       1.0796914031290000e+03
   &CPCMDIELENERGY [&Type "Double"]      -8.8544800000000007e-02
$End
$CIS_Absorption_Spectrum
   &GeometryIndex 83
   &ListStatus       OUT
   &TEMPERATURE [&Type "Double"]       2.9814999999999998e+02
   &METHOD [&Type "Integer"] 20
   &RELCORRECTION [&Type "Integer"] 1 "Type of relativistic treatment in QDPT. 0->Unknow, 1->None, 2->SOC, 3->SSC, 4->SOC/SSC"
   &DENSTYPE [&Type "Integer"] 3 "Type of density (electron/spin ...). 0->Unknow, 1->Electronic, 2->Spin, 3->Trans/Electronic, 4->Tran/Spin"
   &DERITYPE [&Type "Integer"] 0 "Type of derivative (w.r.t. to what perturbation). 0->Unknown, 1->No Derivative, 2->Electric/Dipole, 3->Electric/Quad, 4->Magnetic/Dipole, 5->Magnetic/Quad"
   &DENSLEVEL [&Type "Integer"] 0 "// Source of density: relaxed, unrelaxed, ... 0->Unknown, 1->Linearized, 2->Unrelaxed, 3->Relaxed"
   &REPRESENTATION [&Type "String"] "Length" "Possible values: Unknown,  Length, Velocity"
   &POINTGROUP [&Type "String"] "C1"
   &NTRANS [&Type "Integer"] 5
   &DOHIGHERMOMENTS [&Type "Boolean"] false
   &STATES [&Type "ArrayOfIntegers", &Dim (5,4)] "The initial and Final states. Col1: Initial State  Col2: Initial Irrep Col3: Final State Col4: Final Irrep"
                                                         0                           1                           2                           3

0                                                        0                           0                           1                           0
1                                                        0                           0                           2                           0
2                                                        0                           0                           3                           0
3                                                        0                           0                           4                           0
4                                                        0                           0                           5                           0
   &MULTIPLICITIES [&Type "ArrayOfDoubles", &Dim (5,2)] "Col1: Multiplicity of the initial state  Col2: Multiplicity of the final state"
                                                         0                           1

0                                      1.0000000000000000e+00         1.0000000000000000e+00
1                                      1.0000000000000000e+00         1.0000000000000000e+00
2                                      1.0000000000000000e+00         1.0000000000000000e+00
3                                      1.0000000000000000e+00         1.0000000000000000e+00
4                                      1.0000000000000000e+00         1.0000000000000000e+00
   &EXCITATIONENERGIES [&Type "ArrayOfDoubles", &Dim (5,11)] 
                                                         0                           1                           2                           3                           4                           5                           6                           7

0                                      3.9231022160226003e+00         3.1641956602859813e+04         3.1603608226604405e+02         3.1963000187689233e-01         3.3255217612069221e+00        -1.5481284304273213e+00         0.0000000000000000e+00        -9.5826229655852824e-01
1                                      4.3985009264944068e+00         3.5476306190889452e+04         2.8187827521254354e+02         1.2254456240120828e-02         1.1371853024965176e-01         1.4684768552954816e-01         0.0000000000000000e+00         2.5330785232937841e-01
2                                      4.8278687453644320e+00         3.8939391561406257e+04         2.5680935420447696e+02         1.3731185677850617e+00         1.1608990769747328e+01        -1.2302505771616128e+00         0.0000000000000000e+00        -2.8331689955762549e+00
3                                      5.1367105337584693e+00         4.1430368835870788e+04         2.4136883839040095e+02         3.2095497407517043e-01         2.5503565354614888e+00         1.5387784742859123e+00         0.0000000000000000e+00         2.2830757881339878e-01
4                                      5.3587377982926032e+00         4.3221139680522232e+04         2.3136826270470922e+02         2.0568546327269305e-02         1.5666896417389120e-01        -1.5168334947288936e-01         0.0000000000000000e+00         2.5712931609175094e-01
                                                         8                           9                          10

0                                      0.0000000000000000e+00        -1.0273020541172925e-01         0.0000000000000000e+00
1                                      0.0000000000000000e+00         1.6730038688701382e-01         0.0000000000000000e+00
2                                      0.0000000000000000e+00        -1.4382724810154301e+00         0.0000000000000000e+00
3                                      0.0000000000000000e+00        -3.6109969813359344e-01         0.0000000000000000e+00
4                                      0.0000000000000000e+00         2.5989544142359433e-01         0.0000000000000000e+00
$End
$Geometry
   &GeometryIndex 84
   &ListStatus       OUT
   &NATOMS [&Type "Integer"] 35
   &NCORELESSECP [&Type "Integer"] 0
   &NGHOSTATOMS [&Type "Integer"] 0
   &CartesianCoordinates [&Type "Coordinates", &Dim(35,4), &Units "Bohr"] 
              C     -3.125499971213   -3.693422573911   -0.710870040575
              C     -2.287025039812   -5.634251051615   -2.281973324681
              C      0.138046092091   -5.618719202119   -3.184767300517
              C     -1.530692549807   -1.763421613746   -0.067933761264
              C      0.995127930161   -1.697372944680   -0.917362475534
              O     -2.366694368936    0.104478164110    1.561139407414
              C      1.808162464957   -3.674212544035   -2.525564459991
              C      4.331331645089   -3.690168978639   -3.502042773562
              C      5.990832213436   -1.855061277915   -2.934459836414
              C      2.823016867918    0.213348617362   -0.279628291391
              C      5.275723927849    0.156403430630   -1.286135307281
              N      2.265673221758    2.124305179076    1.335571714970
              C      3.864167536169    3.944616007072    1.982241658510
              C      6.277983474131    3.977814765455    1.000425331181
              C      6.971513941052    2.075314280914   -0.622732689885
              C     -4.497163555925    1.485645788902    0.881803295021
              O     -5.246123100459    1.533037523726   -1.280064233053
              N     -5.464916291397    2.715688872111    2.853669949345
              C     -7.546194009920    4.462286011306    2.454281220198
              C     -4.584195630273    2.483563266049    5.447529723061
              H     -3.331268337106    0.878941720480    5.652887801085
              H     -6.216733976775    2.216880502663    6.674051876463
              H     -3.600590078150    4.201457571398    6.024512866437
              H     -7.918451345262    4.649372112177    0.449028316669
              H     -7.052143527057    6.303334363756    3.236308989495
              H     -9.238445520457    3.769947012297    3.405974658642
              H      0.802988344458   -7.109657682467   -4.414597242326
              H     -5.037724610960   -3.691690650108    0.006004495106
              H     -3.566960149569   -7.147409130003   -2.779954578559
              H      4.866347917268   -5.232353159608   -4.733139559993
              H      7.890697607953   -1.863728097967   -3.687186225434
              H      3.156638752550    5.341516387864    3.290280581551
              H      7.566174347677    5.467682359225    1.528461702269
              H      8.857720768696    2.029883298176   -1.412770910588
              H      0.503975848154    2.126646885349    2.100075493249
$End
$SCF_Energy
   &GeometryIndex 84
   &ListStatus       OUT
   &SCF_ENERGY [&Type "Double"]      -8.7844790923172309e+02
$End
$DFT_Energy
   &GeometryIndex 84
   &ListStatus       OUT
   &NALPHAEL [&Type "Integer"] 70
   &NBETAEL [&Type "Integer"] 70
   &NTOTALEL [&Type "Integer"] 139
   &EEXCHANGE [&Type "Double"]       0.0000000000000000e+00
   &ECORR [&Type "Double"]       0.0000000000000000e+00
   &ECNL [&Type "Double"]       0.0000000000000000e+00
   &EXC [&Type "Double"]      -8.9693434111136114e+01
   &EEMBED [&Type "Double"]       0.0000000000000000e+00
   &FINALEN [&Type "Double"]      -8.7844790923172309e+02  "No Van der Waals correction"
$End
$Solvation_Details
   &GeometryIndex 84
   &ListStatus       OUT
   &SOLVENT [&Type "String"] "WATER"
   &EPSILON [&Type "Double"]       8.0150999999999996e+01
   &REFRAC [&Type "Double"]       1.3328000000000000e+00
   &RSOLV [&Type "Double"]       1.3000000000000000e+00
   &SURFACETYPE [&Type "String"] "GAUSSIAN VDW"
   &NPOINTS [&Type "Integer"] 3048
   &SURFACEAREA [&Type "Double"]       1.0796898027669999e+03
   &CPCMDIELENERGY [&Type "Double"]      -8.8556933000000004e-02
$End
$CIS_Absorption_Spectrum
   &GeometryIndex 84
   &ListStatus       OUT
   &TEMPERATURE [&Type "Double"]       2.9814999999999998e+02
   &METHOD [&Type "Integer"] 20
   &RELCORRECTION [&Type "Integer"] 1 "Type of relativistic treatment in QDPT. 0->Unknow, 1->None, 2->SOC, 3->SSC, 4->SOC/SSC"
   &DENSTYPE [&Type "Integer"] 3 "Type of density (electron/spin ...). 0->Unknow, 1->Electronic, 2->Spin, 3->Trans/Electronic, 4->Tran/Spin"
   &DERITYPE [&Type "Integer"] 0 "Type of derivative (w.r.t. to what perturbation). 0->Unknown, 1->No Derivative, 2->Electric/Dipole, 3->Electric/Quad, 4->Magnetic/Dipole, 5->Magnetic/Quad"
   &DENSLEVEL [&Type "Integer"] 0 "// Source of density: relaxed, unrelaxed, ... 0->Unknown, 1->Linearized, 2->Unrelaxed, 3->Relaxed"
   &REPRESENTATION [&Type "String"] "Length" "Possible values: Unknown,  Length, Velocity"
   &POINTGROUP [&Type "String"] "C1"
   &NTRANS [&Type "Integer"] 5
   &DOHIGHERMOMENTS [&Type "Boolean"] false
   &STATES [&Type "ArrayOfIntegers", &Dim (5,4)] "The initial and Final states. Col1: Initial State  Col2: Initial Irrep Col3: Final State Col4: Final Irrep"
                                                         0                           1                           2                           3

0                                                        0                           0                           1                           0
1                                                        0                           0                           2                           0
2                                                        0                           0                           3                           0
3                                                        0                           0                           4                           0
4                                                        0                           0                           5                           0
   &MULTIPLICITIES [&Type "ArrayOfDoubles", &Dim (5,2)] "Col1: Multiplicity of the initial state  Col2: Multiplicity of the final state"
                                                         0                           1

0                                      1.0000000000000000e+00         1.0000000000000000e+00
1                                      1.0000000000000000e+00         1.0000000000000000e+00
2                                      1.0000000000000000e+00         1.0000000000000000e+00
3                                      1.0000000000000000e+00         1.0000000000000000e+00
4                                      1.0000000000000000e+00         1.0000000000000000e+00
   &EXCITATIONENERGIES [&Type "ArrayOfDoubles", &Dim (5,11)] 
                                                         0                           1                           2                           3                           4                           5                           6                           7

0                                      3.9241748616754455e+00         3.1650608074406729e+04         3.1594969602135967e+02         3.2035625033814319e-01         3.3321667840315170e+00        -1.5483021251550353e+00         0.0000000000000000e+00        -9.6123503229413076e-01
1                                      4.3988926716279222e+00         3.5479465828806467e+04         2.8185317243082068e+02         1.2154669850909034e-02         1.1278249076639979e-01         1.4592568812316867e-01         0.0000000000000000e+00         2.5228913357475008e-01
2                                      4.8285938695295085e+00         3.8945240082831289e+04         2.5677078838726743e+02         1.3712833952387222e+00         1.1591734330784735e+01        -1.2272340042929157e+00         0.0000000000000000e+00        -2.8314211089373704e+00
3                                      5.1368786075473620e+00         4.1431724442541570e+04         2.4136094103126746e+02         3.2091440827455187e-01         2.5499507588069226e+00         1.5386612808508688e+00         0.0000000000000000e+00         2.2689373719438469e-01
4                                      5.3591212722823895e+00         4.3224232607159109e+04         2.3135170705942681e+02         2.0510445820324498e-02         1.5621523844078306e-01        -1.5218521888943212e-01         0.0000000000000000e+00         2.5633819514541434e-01
                                                         8                           9                          10

0                                      0.0000000000000000e+00        -1.0466387133304257e-01         0.0000000000000000e+00
1                                      0.0000000000000000e+00         1.6684836646572665e-01         0.0000000000000000e+00
2                                      0.0000000000000000e+00        -1.4382925757146146e+00         0.0000000000000000e+00
3                                      0.0000000000000000e+00        -3.6192741487659058e-01         0.0000000000000000e+00
4                                      0.0000000000000000e+00         2.5951036068324940e-01         0.0000000000000000e+00
$End
$Geometry
   &GeometryIndex 85
   &ListStatus       OUT
   &NATOMS [&Type "Integer"] 35
   &NCORELESSECP [&Type "Integer"] 0
   &NGHOSTATOMS [&Type "Integer"] 0
   &CartesianCoordinates [&Type "Coordinates", &Dim(35,4), &Units "Bohr"] 
              C     -3.125637830395   -3.693643399392   -0.710961821334
              C     -2.286884151792   -5.634185450395   -2.281982611490
              C      0.137788468543   -5.618862451196   -3.184765576961
              C     -1.530438312344   -1.763225325543   -0.067894392941
              C      0.994882174833   -1.697520543697   -0.917372820116
              O     -2.366709589483    0.104467366887    1.561130695424
              C      1.808440235694   -3.673990459187   -2.525521710547
              C      4.330958057394   -3.690452403878   -3.502085872670
              C      5.991070975448   -1.854770377724   -2.934358852520
              C      2.823244657346    0.213365833089   -0.279705680445
              C      5.275553632338    0.156392020357   -1.286075996918
              N      2.265621917836    2.124343795335    1.335620904374
              C      3.864292580469    3.944604212500    1.982180744550
              C      6.277828220990    3.977929297695    1.000570378380
              C      6.971571269182    2.075176957096   -0.622852307836
              C     -4.497161886717    1.485627337519    0.881739309884
              O     -5.246113272999    1.533038019060   -1.280031377070
              N     -5.464929848391    2.715706782585    2.853697508782
              C     -7.546194823661    4.462286827832    2.454276965747
              C     -4.584193727562    2.483560501019    5.447530160262
              H     -3.331261194475    0.878941975315    5.652886431568
              H     -6.216759743649    2.216879156511    6.674018048607
              H     -3.600586995283    4.201468010199    6.024478823408
              H     -7.918453506480    4.649370682849    0.449022795821
              H     -7.052105199529    6.303320785124    3.236317286383
              H     -9.238426932550    3.769911364583    3.405981886617
              H      0.803318118193   -7.109513640780   -4.414627977046
              H     -5.037783067459   -3.691425403436    0.006193301718
              H     -3.566949011071   -7.147239572528   -2.779849340848
              H      4.866889623154   -5.232274260295   -4.733298345110
              H      7.890836143538   -1.864029589433   -3.687444146882
              H      3.156554417285    5.341373458370    3.290213465811
              H      7.566358969634    5.467606558777    1.528330740475
              H      8.857877921622    2.030049341280   -1.412717539293
              H      0.503891615786    2.126589659117    2.100068073703
$End
$SCF_Energy
   &GeometryIndex 85
   &ListStatus       OUT
   &SCF_ENERGY [&Type "Double"]      -8.7844790911539769e+02
$End
$DFT_Energy
   &GeometryIndex 85
   &ListStatus       OUT
   &NALPHAEL [&Type "Integer"] 70
   &NBETAEL [&Type "Integer"] 70
   &NTOTALEL [&Type "Integer"] 139
   &EEXCHANGE [&Type "Double"]       0.0000000000000000e+00
   &ECORR [&Type "Double"]       0.0000000000000000e+00
   &ECNL [&Type "Double"]       0.0000000000000000e+00
   &EXC [&Type "Double"]      -8.9693322371009401e+01
   &EEMBED [&Type "Double"]       0.0000000000000000e+00
   &FINALEN [&Type "Double"]      -8.7844790911539769e+02  "No Van der Waals correction"
$End
$Solvation_Details
   &GeometryIndex 85
   &ListStatus       OUT
   &SOLVENT [&Type "String"] "WATER"
   &EPSILON [&Type "Double"]       8.0150999999999996e+01
   &REFRAC [&Type "Double"]       1.3328000000000000e+00
   &RSOLV [&Type "Double"]       1.3000000000000000e+00
   &SURFACETYPE [&Type "String"] "GAUSSIAN VDW"
   &NPOINTS [&Type "Integer"] 3049
   &SURFACEAREA [&Type "Double"]       1.0796942471059999e+03
   &CPCMDIELENERGY [&Type "Double"]      -8.8556899999999994e-02
$End
$CIS_Absorption_Spectrum
   &GeometryIndex 85
   &ListStatus       OUT
   &TEMPERATURE [&Type "Double"]       2.9814999999999998e+02
   &METHOD [&Type "Integer"] 20
   &RELCORRECTION [&Type "Integer"] 1 "Type of relativistic treatment in QDPT. 0->Unknow, 1->None, 2->SOC, 3->SSC, 4->SOC/SSC"
   &DENSTYPE [&Type "Integer"] 3 "Type of density (electron/spin ...). 0->Unknow, 1->Electronic, 2->Spin, 3->Trans/Electronic, 4->Tran/Spin"
   &DERITYPE [&Type "Integer"] 0 "Type of derivative (w.r.t. to what perturbation). 0->Unknown, 1->No Derivative, 2->Electric/Dipole, 3->Electric/Quad, 4->Magnetic/Dipole, 5->Magnetic/Quad"
   &DENSLEVEL [&Type "Integer"] 0 "// Source of density: relaxed, unrelaxed, ... 0->Unknown, 1->Linearized, 2->Unrelaxed, 3->Relaxed"
   &REPRESENTATION [&Type "String"] "Length" "Possible values: Unknown,  Length, Velocity"
   &POINTGROUP [&Type "String"] "C1"
   &NTRANS [&Type "Integer"] 5
   &DOHIGHERMOMENTS [&Type "Boolean"] false
   &STATES [&Type "ArrayOfIntegers", &Dim (5,4)] "The initial and Final states. Col1: Initial State  Col2: Initial Irrep Col3: Final State Col4: Final Irrep"
                                                         0                           1                           2                           3

0                                                        0                           0                           1                           0
1                                                        0                           0                           2                           0
2                                                        0                           0                           3                           0
3                                                        0                           0                           4                           0
4                                                        0                           0                           5                           0
   &MULTIPLICITIES [&Type "ArrayOfDoubles", &Dim (5,2)] "Col1: Multiplicity of the initial state  Col2: Multiplicity of the final state"
                                                         0                           1

0                                      1.0000000000000000e+00         1.0000000000000000e+00
1                                      1.0000000000000000e+00         1.0000000000000000e+00
2                                      1.0000000000000000e+00         1.0000000000000000e+00
3                                      1.0000000000000000e+00         1.0000000000000000e+00
4                                      1.0000000000000000e+00         1.0000000000000000e+00
   &EXCITATIONENERGIES [&Type "ArrayOfDoubles", &Dim (5,11)] 
                                                         0                           1                           2                           3                           4                           5                           6                           7

0                                      3.9228775997397927e+00         3.1640144950172340e+04         3.1605417787270699e+02         3.1974905711802104e-01         3.3269509296966473e+00        -1.5476695242020457e+00         0.0000000000000000e+00        -9.5964789812586448e-01
1                                      4.3984875697799071e+00         3.5476198461710534e+04         2.8187913118123413e+02         1.1491372363865679e-02         1.0663761152823723e-01         1.4098823334989335e-01         0.0000000000000000e+00         2.4480795866621793e-01
2                                      4.8274812865604204e+00         3.8936266495071795e+04         2.5682996599752857e+02         1.3726519140078055e+00         1.1605976892379633e+01        -1.2309063429253475e+00         0.0000000000000000e+00        -2.8326092707744355e+00
3                                      5.1363042649422175e+00         4.1427092056540278e+04         2.4138793006160941e+02         3.1798477679527642e-01         2.5269547607798404e+00         1.5318162935879309e+00         0.0000000000000000e+00         2.2811468467505422e-01
4                                      5.3590863803132285e+00         4.3223951184419355e+04         2.3135321334539708e+02         2.0677974398278873e-02         1.5749222424011292e-01        -1.5295361344995165e-01         0.0000000000000000e+00         2.5744787682173681e-01
                                                         8                           9                          10

0                                      0.0000000000000000e+00        -1.0366236142144883e-01         0.0000000000000000e+00
1                                      0.0000000000000000e+00         1.6379558284273904e-01         0.0000000000000000e+00
2                                      0.0000000000000000e+00        -1.4377660402334242e+00         0.0000000000000000e+00
3                                      0.0000000000000000e+00        -3.5840939456712706e-01         0.0000000000000000e+00
4                                      0.0000000000000000e+00         2.6041890694167258e-01         0.0000000000000000e+00
$End
$Geometry
   &GeometryIndex 86
   &ListStatus       OUT
   &NATOMS [&Type "Integer"] 35
   &NCORELESSECP [&Type "Integer"] 0
   &NGHOSTATOMS [&Type "Integer"] 0
   &CartesianCoordinates [&Type "Coordinates", &Dim(35,4), &Units "Bohr"] 
              C     -3.125635577434   -3.693622474378   -0.710952297742
              C     -2.286874876790   -5.634204516992   -2.281999641424
              C      0.137804845935   -5.618835104644   -3.184753032827
              C     -1.530471623432   -1.763229147363   -0.067868679956
              C      0.995004923641   -1.697444201096   -0.917367566465
              O     -2.366712776278    0.104449500573    1.561094004309
              C      1.808338314674   -3.674065321326   -2.525533003891
              C      4.331204657081   -3.690250441581   -3.502047811428
              C      5.990887995711   -1.855029921507   -2.934461078671
              C      2.823021947547    0.213233861156   -0.279711117985
              C      5.275758524699    0.156545145575   -1.286050746718
              N      2.265743859682    2.124510235544    1.335690878394
              C      3.864123097497    3.944484382743    1.982165018647
              C      6.277909741761    3.977961782348    1.000559956774
              C      6.971492514271    2.075084211644   -0.622885668835
              C     -4.497069712102    1.485710363922    0.882337193463
              O     -5.246214815910    1.533038841140   -1.280340022144
              N     -5.464887118486    2.715630010670    2.853523418728
              C     -7.546176472677    4.462274928015    2.454309928999
              C     -4.584201712081    2.483570404182    5.447525413976
              H     -3.331274725731    0.878951916820    5.652903194072
              H     -6.216630320010    2.216906234972    6.674170770820
              H     -3.600601174032    4.201395065099    6.024663669142
              H     -7.918458241244    4.649397429327    0.449079195412
              H     -7.052345343628    6.303411151149    3.236241854413
              H     -9.238533322397    3.770117625159    3.405918597087
              H      0.803261945504   -7.109516996825   -4.414608338624
              H     -5.037780783509   -3.691451440423    0.006194639808
              H     -3.566977472847   -7.147237611377   -2.779837220010
              H      4.866582410691   -5.232284497909   -4.733184887628
              H      7.890763535802   -1.863710500941   -3.687199717234
              H      3.156735238443    5.341436724720    3.290182571652
              H      7.566397923010    5.467677358172    1.528364877578
              H      8.857844108136    2.030156590826   -1.412632060454
              H      0.503826570434    2.126098332550    2.099727033533
$End
$SCF_Energy
   &GeometryIndex 86
   &ListStatus       OUT
   &SCF_ENERGY [&Type "Double"]      -8.7844790910956181e+02
$End
$DFT_Energy
   &GeometryIndex 86
   &ListStatus       OUT
   &NALPHAEL [&Type "Integer"] 70
   &NBETAEL [&Type "Integer"] 70
   &NTOTALEL [&Type "Integer"] 139
   &EEXCHANGE [&Type "Double"]       0.0000000000000000e+00
   &ECORR [&Type "Double"]       0.0000000000000000e+00
   &ECNL [&Type "Double"]       0.0000000000000000e+00
   &EXC [&Type "Double"]      -8.9693349155015511e+01
   &EEMBED [&Type "Double"]       0.0000000000000000e+00
   &FINALEN [&Type "Double"]      -8.7844790910956181e+02  "No Van der Waals correction"
$End
$Solvation_Details
   &GeometryIndex 86
   &ListStatus       OUT
   &SOLVENT [&Type "String"] "WATER"
   &EPSILON [&Type "Double"]       8.0150999999999996e+01
   &REFRAC [&Type "Double"]       1.3328000000000000e+00
   &RSOLV [&Type "Double"]       1.3000000000000000e+00
   &SURFACETYPE [&Type "String"] "GAUSSIAN VDW"
   &NPOINTS [&Type "Integer"] 3048
   &SURFACEAREA [&Type "Double"]       1.0796931143679999e+03
   &CPCMDIELENERGY [&Type "Double"]      -8.8586466000000003e-02
$End
$CIS_Absorption_Spectrum
   &GeometryIndex 86
   &ListStatus       OUT
   &TEMPERATURE [&Type "Double"]       2.9814999999999998e+02
   &METHOD [&Type "Integer"] 20
   &RELCORRECTION [&Type "Integer"] 1 "Type of relativistic treatment in QDPT. 0->Unknow, 1->None, 2->SOC, 3->SSC, 4->SOC/SSC"
   &DENSTYPE [&Type "Integer"] 3 "Type of density (electron/spin ...). 0->Unknow, 1->Electronic, 2->Spin, 3->Trans/Electronic, 4->Tran/Spin"
   &DERITYPE [&Type "Integer"] 0 "Type of derivative (w.r.t. to what perturbation). 0->Unknown, 1->No Derivative, 2->Electric/Dipole, 3->Electric/Quad, 4->Magnetic/Dipole, 5->Magnetic/Quad"
   &DENSLEVEL [&Type "Integer"] 0 "// Source of density: relaxed, unrelaxed, ... 0->Unknown, 1->Linearized, 2->Unrelaxed, 3->Relaxed"
   &REPRESENTATION [&Type "String"] "Length" "Possible values: Unknown,  Length, Velocity"
   &POINTGROUP [&Type "String"] "C1"
   &NTRANS [&Type "Integer"] 5
   &DOHIGHERMOMENTS [&Type "Boolean"] false
   &STATES [&Type "ArrayOfIntegers", &Dim (5,4)] "The initial and Final states. Col1: Initial State  Col2: Initial Irrep Col3: Final State Col4: Final Irrep"
                                                         0                           1                           2                           3

0                                                        0                           0                           1                           0
1                                                        0                           0                           2                           0
2                                                        0                           0                           3                           0
3                                                        0                           0                           4                           0
4                                                        0                           0                           5                           0
   &MULTIPLICITIES [&Type "ArrayOfDoubles", &Dim (5,2)] "Col1: Multiplicity of the initial state  Col2: Multiplicity of the final state"
                                                         0                           1

0                                      1.0000000000000000e+00         1.0000000000000000e+00
1                                      1.0000000000000000e+00         1.0000000000000000e+00
2                                      1.0000000000000000e+00         1.0000000000000000e+00
3                                      1.0000000000000000e+00         1.0000000000000000e+00
4                                      1.0000000000000000e+00         1.0000000000000000e+00
   &EXCITATIONENERGIES [&Type "ArrayOfDoubles", &Dim (5,11)] 
                                                         0                           1                           2                           3                           4                           5                           6                           7

0                                      3.9236920402581585e+00         3.1646713856644488e+04         3.1598857452621155e+02         3.1946877222184794e-01         3.3233446290106938e+00        -1.5473666085042928e+00         0.0000000000000000e+00        -9.5832576808994185e-01
1                                      4.3988282271621593e+00         3.5478946049081984e+04         2.8185730168438158e+02         1.2084156940328402e-02         1.1212984819636326e-01         1.4454166623800588e-01         0.0000000000000000e+00         2.5165762794080354e-01
2                                      4.8279534414893277e+00         3.8940074681794358e+04         2.5680484903320684e+02         1.3733352796753633e+00         1.1610619267011154e+01        -1.2317820445400540e+00         0.0000000000000000e+00        -2.8330960593194767e+00
3                                      5.1370374816144180e+00         4.1433005848443914e+04         2.4135347641874182e+02         3.1975750962915178e-01         2.5406795903346890e+00         1.5359060151785724e+00         0.0000000000000000e+00         2.2633922661823644e-01
4                                      5.3610020073072846e+00         4.3239401759723158e+04         2.3127054475843482e+02         2.0554894224307858e-02         1.5649885228219437e-01        -1.5515714326435562e-01         0.0000000000000000e+00         2.5485237403134336e-01
                                                         8                           9                          10

0                                      0.0000000000000000e+00        -1.0301907644431435e-01         0.0000000000000000e+00
1                                      0.0000000000000000e+00         1.6705087014652834e-01         0.0000000000000000e+00
2                                      0.0000000000000000e+00        -1.4376713742814562e+00         0.0000000000000000e+00
3                                      0.0000000000000000e+00        -3.6116873808072930e-01         0.0000000000000000e+00
4                                      0.0000000000000000e+00         2.5976023680853633e-01         0.0000000000000000e+00
$End
$Geometry
   &GeometryIndex 87
   &ListStatus       OUT
   &NATOMS [&Type "Integer"] 35
   &NCORELESSECP [&Type "Integer"] 0
   &NGHOSTATOMS [&Type "Integer"] 0
   &CartesianCoordinates [&Type "Coordinates", &Dim(35,4), &Units "Bohr"] 
              C     -3.125615495824   -3.693597441193   -0.710940152931
              C     -2.286888920105   -5.634207661932   -2.281995553957
              C      0.137826841411   -5.618823474053   -3.184754012016
              C     -1.530509900728   -1.763265665738   -0.067897227471
              C      0.995013909357   -1.697425552368   -0.917356966896
              O     -2.366710448754    0.104470047916    1.561132492969
              C      1.808324449104   -3.674085978182   -2.525541133323
              C      4.331213476977   -3.690242387007   -3.502045885260
              C      5.990884740510   -1.855036165055   -2.934463983477
              C      2.823027463290    0.213235874448   -0.279712364669
              C      5.275753238660    0.156543731904   -1.286049559038
              N      2.265740825498    2.124497861851    1.335682486276
              C      3.864123946867    3.944490901145    1.982169511832
              C      6.277911597425    3.977957623884    1.000556339022
              C      6.971493544018    2.075089187817   -0.622882621602
              C     -4.497149572121    1.485619903882    0.881749665080
              O     -5.246117397855    1.533038881794   -1.280041109173
              N     -5.464933753856    2.715710728679    2.853696203908
              C     -7.546249086642    4.462326096218    2.454307312657
              C     -4.584203445928    2.483523951723    5.447471127825
              H     -3.331027190761    0.878634508912    5.652916237987
              H     -6.217352595136    2.216772748270    6.674443468612
              H     -3.600105746881    4.202305484863    6.024738298571
              H     -7.918375629570    4.649332019113    0.449486517371
              H     -7.052345743611    6.302510375713    3.235977484576
              H     -9.237602400153    3.770276391500    3.405515262263
              H      0.803245726417   -7.109524420790   -4.414607554398
              H     -5.037774358694   -3.691461560061    0.006167550218
              H     -3.566974329051   -7.147252622637   -2.779848803518
              H      4.866561932591   -5.232288702330   -4.733179601882
              H      7.890761696004   -1.863708193882   -3.687197382707
              H      3.156734937653    5.341445446715    3.290187803341
              H      7.566389891075    5.467678521476    1.528368927566
              H      8.857842855730    2.030154125605   -1.412633532993
              H      0.503842487619    2.126162016098    2.099783309607
$End
$SCF_Energy
   &GeometryIndex 87
   &ListStatus       OUT
   &SCF_ENERGY [&Type "Double"]      -8.7844790878360527e+02
$End
$DFT_Energy
   &GeometryIndex 87
   &ListStatus       OUT
   &NALPHAEL [&Type "Integer"] 70
   &NBETAEL [&Type "Integer"] 70
   &NTOTALEL [&Type "Integer"] 139
   &EEXCHANGE [&Type "Double"]       0.0000000000000000e+00
   &ECORR [&Type "Double"]       0.0000000000000000e+00
   &ECNL [&Type "Double"]       0.0000000000000000e+00
   &EXC [&Type "Double"]      -8.9693391896079746e+01
   &EEMBED [&Type "Double"]       0.0000000000000000e+00
   &FINALEN [&Type "Double"]      -8.7844790878360527e+02  "No Van der Waals correction"
$End
$Solvation_Details
   &GeometryIndex 87
   &ListStatus       OUT
   &SOLVENT [&Type "String"] "WATER"
   &EPSILON [&Type "Double"]       8.0150999999999996e+01
   &REFRAC [&Type "Double"]       1.3328000000000000e+00
   &RSOLV [&Type "Double"]       1.3000000000000000e+00
   &SURFACETYPE [&Type "String"] "GAUSSIAN VDW"
   &NPOINTS [&Type "Integer"] 3048
   &SURFACEAREA [&Type "Double"]       1.0796847493150001e+03
   &CPCMDIELENERGY [&Type "Double"]      -8.8539693000000003e-02
$End
$CIS_Absorption_Spectrum
   &GeometryIndex 87
   &ListStatus       OUT
   &TEMPERATURE [&Type "Double"]       2.9814999999999998e+02
   &METHOD [&Type "Integer"] 20
   &RELCORRECTION [&Type "Integer"] 1 "Type of relativistic treatment in QDPT. 0->Unknow, 1->None, 2->SOC, 3->SSC, 4->SOC/SSC"
   &DENSTYPE [&Type "Integer"] 3 "Type of density (electron/spin ...). 0->Unknow, 1->Electronic, 2->Spin, 3->Trans/Electronic, 4->Tran/Spin"
   &DERITYPE [&Type "Integer"] 0 "Type of derivative (w.r.t. to what perturbation). 0->Unknown, 1->No Derivative, 2->Electric/Dipole, 3->Electric/Quad, 4->Magnetic/Dipole, 5->Magnetic/Quad"
   &DENSLEVEL [&Type "Integer"] 0 "// Source of density: relaxed, unrelaxed, ... 0->Unknown, 1->Linearized, 2->Unrelaxed, 3->Relaxed"
   &REPRESENTATION [&Type "String"] "Length" "Possible values: Unknown,  Length, Velocity"
   &POINTGROUP [&Type "String"] "C1"
   &NTRANS [&Type "Integer"] 5
   &DOHIGHERMOMENTS [&Type "Boolean"] false
   &STATES [&Type "ArrayOfIntegers", &Dim (5,4)] "The initial and Final states. Col1: Initial State  Col2: Initial Irrep Col3: Final State Col4: Final Irrep"
                                                         0                           1                           2                           3

0                                                        0                           0                           1                           0
1                                                        0                           0                           2                           0
2                                                        0                           0                           3                           0
3                                                        0                           0                           4                           0
4                                                        0                           0                           5                           0
   &MULTIPLICITIES [&Type "ArrayOfDoubles", &Dim (5,2)] "Col1: Multiplicity of the initial state  Col2: Multiplicity of the final state"
                                                         0                           1

0                                      1.0000000000000000e+00         1.0000000000000000e+00
1                                      1.0000000000000000e+00         1.0000000000000000e+00
2                                      1.0000000000000000e+00         1.0000000000000000e+00
3                                      1.0000000000000000e+00         1.0000000000000000e+00
4                                      1.0000000000000000e+00         1.0000000000000000e+00
   &EXCITATIONENERGIES [&Type "ArrayOfDoubles", &Dim (5,11)] 
                                                         0                           1                           2                           3                           4                           5                           6                           7

0                                      3.9237566255473455e+00         3.1647234772186610e+04         3.1598337333372865e+02         3.1956950817608770e-01         3.3243378373585730e+00        -1.5475682592080924e+00         0.0000000000000000e+00        -9.5851697035659378e-01
1                                      4.3988704832641998e+00         3.5479286867565257e+04         2.8185459412776083e+02         1.2121314121615852e-02         1.1247355217550042e-01         1.4493818289945873e-01         0.0000000000000000e+00         2.5205404274301940e-01
2                                      4.8281256491884905e+00         3.8941463630703547e+04         2.5679568941819281e+02         1.3731548642836608e+00         1.1608679908489343e+01        -1.2311611511165319e+00         0.0000000000000000e+00        -2.8329448564011734e+00
3                                      5.1370325355138551e+00         4.1432965955448337e+04         2.4135370880165104e+02         3.1999535406255575e-01         2.5425718657855287e+00         1.5364440894589932e+00         0.0000000000000000e+00         2.2641029935494017e-01
4                                      5.3585467215180165e+00         4.3219598542240237e+04         2.3137651290829555e+02         2.0567673485244964e-02         1.5666790212136061e-01        -1.5115360214654117e-01         0.0000000000000000e+00         2.5749420724510119e-01
                                                         8                           9                          10

0                                      0.0000000000000000e+00        -1.0303173292061253e-01         0.0000000000000000e+00
1                                      0.0000000000000000e+00         1.6713837037079074e-01         0.0000000000000000e+00
2                                      0.0000000000000000e+00        -1.4378266825528363e+00         0.0000000000000000e+00
3                                      0.0000000000000000e+00        -3.6145511768138033e-01         0.0000000000000000e+00
4                                      0.0000000000000000e+00         2.5984076646035092e-01         0.0000000000000000e+00
$End
$Geometry
   &GeometryIndex 88
   &ListStatus       OUT
   &NATOMS [&Type "Integer"] 35
   &NCORELESSECP [&Type "Integer"] 0
   &NGHOSTATOMS [&Type "Integer"] 0
   &CartesianCoordinates [&Type "Coordinates", &Dim(35,4), &Units "Bohr"] 
              C     -3.125615433401   -3.693597581691   -0.710940287375
              C     -2.286889019897   -5.634207692980   -2.281995539494
              C      0.137826890400   -5.618823482185   -3.184754037111
              C     -1.530510004871   -1.763265204980   -0.067896707678
              C      0.995013934599   -1.697425656498   -0.917357027616
              O     -2.366709477933    0.104469212471    1.561132088214
              C      1.808324457462   -3.674085987752   -2.525541142255
              C      4.331213482633   -3.690242418477   -3.502045908339
              C      5.990884754733   -1.855036170354   -2.934463991657
              C      2.823027393827    0.213235862356   -0.279712349690
              C      5.275753286372    0.156543757113   -1.286049558056
              N      2.265740405551    2.124497920033    1.335682716807
              C      3.864123984817    3.944490898557    1.982169493098
              C      6.277911599945    3.977957645749    1.000556353164
              C      6.971493541940    2.075089163787   -0.622882637042
              C     -4.497152248093    1.485623842126    0.881757149447
              O     -5.246118153738    1.533039025089   -1.280043413254
              N     -5.464929815801    2.715706266642    2.853693975104
              C     -7.546144219561    4.462248273495    2.454250940375
              C     -4.584205627423    2.483519609998    5.447464227938
              H     -3.331004674690    0.878605775612    5.652924210091
              H     -6.217402403565    2.216761575550    6.674487632042
              H     -3.600048465140    4.202397464930    6.024774334635
              H     -7.918530840568    4.649412255879    0.448610820214
              H     -7.051896682340    6.304063830478    3.236620891499
              H     -9.239174031905    3.769593587771    3.406394255004
              H      0.803245769188   -7.109524454534   -4.414607585735
              H     -5.037774980395   -3.691461324133    0.006167974358
              H     -3.566973718397   -7.147252076815   -2.779848688778
              H      4.866561893069   -5.232288419104   -4.733179402199
              H      7.890761633602   -1.863708183233   -3.687197348852
              H      3.156735000500    5.341445321393    3.290187701728
              H      7.566389950629    5.467678535963    1.528368916563
              H      8.857842776774    2.030154134075   -1.412633490569
              H      0.503846592875    2.126160757834    2.099780062198
$End
$SCF_Energy
   &GeometryIndex 88
   &ListStatus       OUT
   &SCF_ENERGY [&Type "Double"]      -8.7844790889301851e+02
$End
$DFT_Energy
   &GeometryIndex 88
   &ListStatus       OUT
   &NALPHAEL [&Type "Integer"] 70
   &NBETAEL [&Type "Integer"] 70
   &NTOTALEL [&Type "Integer"] 139
   &EEXCHANGE [&Type "Double"]       0.0000000000000000e+00
   &ECORR [&Type "Double"]       0.0000000000000000e+00
   &ECNL [&Type "Double"]       0.0000000000000000e+00
   &EXC [&Type "Double"]      -8.9692759301329659e+01
   &EEMBED [&Type "Double"]       0.0000000000000000e+00
   &FINALEN [&Type "Double"]      -8.7844790889301851e+02  "No Van der Waals correction"
$End
$Solvation_Details
   &GeometryIndex 88
   &ListStatus       OUT
   &SOLVENT [&Type "String"] "WATER"
   &EPSILON [&Type "Double"]       8.0150999999999996e+01
   &REFRAC [&Type "Double"]       1.3328000000000000e+00
   &RSOLV [&Type "Double"]       1.3000000000000000e+00
   &SURFACETYPE [&Type "String"] "GAUSSIAN VDW"
   &NPOINTS [&Type "Integer"] 3048
   &SURFACEAREA [&Type "Double"]       1.0797332645150000e+03
   &CPCMDIELENERGY [&Type "Double"]      -8.8547828999999995e-02
$End
$CIS_Absorption_Spectrum
   &GeometryIndex 88
   &ListStatus       OUT
   &TEMPERATURE [&Type "Double"]       2.9814999999999998e+02
   &METHOD [&Type "Integer"] 20
   &RELCORRECTION [&Type "Integer"] 1 "Type of relativistic treatment in QDPT. 0->Unknow, 1->None, 2->SOC, 3->SSC, 4->SOC/SSC"
   &DENSTYPE [&Type "Integer"] 3 "Type of density (electron/spin ...). 0->Unknow, 1->Electronic, 2->Spin, 3->Trans/Electronic, 4->Tran/Spin"
   &DERITYPE [&Type "Integer"] 0 "Type of derivative (w.r.t. to what perturbation). 0->Unknown, 1->No Derivative, 2->Electric/Dipole, 3->Electric/Quad, 4->Magnetic/Dipole, 5->Magnetic/Quad"
   &DENSLEVEL [&Type "Integer"] 0 "// Source of density: relaxed, unrelaxed, ... 0->Unknown, 1->Linearized, 2->Unrelaxed, 3->Relaxed"
   &REPRESENTATION [&Type "String"] "Length" "Possible values: Unknown,  Length, Velocity"
   &POINTGROUP [&Type "String"] "C1"
   &NTRANS [&Type "Integer"] 5
   &DOHIGHERMOMENTS [&Type "Boolean"] false
   &STATES [&Type "ArrayOfIntegers", &Dim (5,4)] "The initial and Final states. Col1: Initial State  Col2: Initial Irrep Col3: Final State Col4: Final Irrep"
                                                         0                           1                           2                           3

0                                                        0                           0                           1                           0
1                                                        0                           0                           2                           0
2                                                        0                           0                           3                           0
3                                                        0                           0                           4                           0
4                                                        0                           0                           5                           0
   &MULTIPLICITIES [&Type "ArrayOfDoubles", &Dim (5,2)] "Col1: Multiplicity of the initial state  Col2: Multiplicity of the final state"
                                                         0                           1

0                                      1.0000000000000000e+00         1.0000000000000000e+00
1                                      1.0000000000000000e+00         1.0000000000000000e+00
2                                      1.0000000000000000e+00         1.0000000000000000e+00
3                                      1.0000000000000000e+00         1.0000000000000000e+00
4                                      1.0000000000000000e+00         1.0000000000000000e+00
   &EXCITATIONENERGIES [&Type "ArrayOfDoubles", &Dim (5,11)] 
                                                         0                           1                           2                           3                           4                           5                           6                           7

0                                      3.9237723716406352e+00         3.1647361773007156e+04         3.1598210529287326e+02         3.1952211036825134e-01         3.3238314407005749e+00        -1.5475017412919212e+00         0.0000000000000000e+00        -9.5836663993513282e-01
1                                      4.3988774299390867e+00         3.5479342896282637e+04         2.8185414902505858e+02         1.2132315000546380e-02         1.1257545144216838e-01         1.4501404975212323e-01         0.0000000000000000e+00         2.5217010349352142e-01
2                                      4.8281154281895597e+00         3.8941381192778972e+04         2.5679623304820871e+02         1.3733021638588092e+00         1.1609949760094414e+01        -1.2314881923941037e+00         0.0000000000000000e+00        -2.8330542617787597e+00
3                                      5.1370657598847060e+00         4.1433233928099246e+04         2.4135214782783791e+02         3.1992713071650014e-01         2.5420133460148624e+00         1.5362852055327934e+00         0.0000000000000000e+00         2.2615782483877361e-01
4                                      5.3589812236331538e+00         4.3223103038507215e+04         2.3135775307689170e+02         2.0521920554848975e-02         1.5630671904381446e-01        -1.5165641482254877e-01         0.0000000000000000e+00         2.5674382815754160e-01
                                                         8                           9                          10

0                                      0.0000000000000000e+00        -1.0297176728837072e-01         0.0000000000000000e+00
1                                      0.0000000000000000e+00         1.6720231972291469e-01         0.0000000000000000e+00
2                                      0.0000000000000000e+00        -1.4377726322007676e+00         0.0000000000000000e+00
3                                      0.0000000000000000e+00        -3.6151590772761277e-01         0.0000000000000000e+00
4                                      0.0000000000000000e+00         2.5959518021333955e-01         0.0000000000000000e+00
$End
$Geometry
   &GeometryIndex 89
   &ListStatus       OUT
   &NATOMS [&Type "Integer"] 35
   &NCORELESSECP [&Type "Integer"] 0
   &NGHOSTATOMS [&Type "Integer"] 0
   &CartesianCoordinates [&Type "Coordinates", &Dim(35,4), &Units "Bohr"] 
              C     -3.125615477990   -3.693597456021   -0.710940157766
              C     -2.286888920139   -5.634207660540   -2.281995544543
              C      0.137826842416   -5.618823473593   -3.184754012869
              C     -1.530509945879   -1.763265664819   -0.067897232366
              C      0.995013918255   -1.697425542591   -0.917356965291
              O     -2.366710350546    0.104469818234    1.561132012011
              C      1.808324448840   -3.674085977743   -2.525541131590
              C      4.331213475535   -3.690242383528   -3.502045883938
              C      5.990884737753   -1.855036164109   -2.934463983752
              C      2.823027458384    0.213235873439   -0.279712366776
              C      5.275753237060    0.156543733405   -1.286049559472
              N      2.265740922144    2.124497860518    1.335682444862
              C      3.864123941868    3.944490902755    1.982169513811
              C      6.277911594983    3.977957625085    1.000556338108
              C      6.971493542531    2.075089188662   -0.622882623420
              C     -4.497150253970    1.485619473532    0.881749888619
              O     -5.246117645936    1.533039079344   -1.280041009891
              N     -5.464931594170    2.715709898688    2.853698064840
              C     -7.546281248777    4.462179037614    2.454285082093
              C     -4.584276403928    2.483498078204    5.447560640938
              H     -3.331327145109    0.879000805709    5.652881966884
              H     -6.216025065671    2.216988088276    6.673470428094
              H     -3.600272505723    4.202041191458    6.024671848293
              H     -7.918477896925    4.649360161923    0.448981388555
              H     -7.051852156405    6.304274941530    3.236738732631
              H     -9.237621246960    3.770244274155    3.405509027838
              H      0.803245731842   -7.109524428716   -4.414607558364
              H     -5.037774431405   -3.691461548842    0.006167571015
              H     -3.566974365382   -7.147252668820   -2.779848829724
              H      4.866561940005   -5.232288727242   -4.733179622994
              H      7.890761725204   -1.863708190674   -3.687197395388
              H      3.156734937754    5.341445429457    3.290187792048
              H      7.566389884251    5.467678520521    1.528368925175
              H      8.857842866252    2.030154129631   -1.412633540186
              H      0.503841433668    2.126161872765    2.099783645322
$End
$SCF_Energy
   &GeometryIndex 89
   &ListStatus       OUT
   &SCF_ENERGY [&Type "Double"]      -8.7844790890388958e+02
$End
$DFT_Energy
   &GeometryIndex 89
   &ListStatus       OUT
   &NALPHAEL [&Type "Integer"] 70
   &NBETAEL [&Type "Integer"] 70
   &NTOTALEL [&Type "Integer"] 139
   &EEXCHANGE [&Type "Double"]       0.0000000000000000e+00
   &ECORR [&Type "Double"]       0.0000000000000000e+00
   &ECNL [&Type "Double"]       0.0000000000000000e+00
   &EXC [&Type "Double"]      -8.9693439118289348e+01
   &EEMBED [&Type "Double"]       0.0000000000000000e+00
   &FINALEN [&Type "Double"]      -8.7844790890388958e+02  "No Van der Waals correction"
$End
$Solvation_Details
   &GeometryIndex 89
   &ListStatus       OUT
   &SOLVENT [&Type "String"] "WATER"
   &EPSILON [&Type "Double"]       8.0150999999999996e+01
   &REFRAC [&Type "Double"]       1.3328000000000000e+00
   &RSOLV [&Type "Double"]       1.3000000000000000e+00
   &SURFACETYPE [&Type "String"] "GAUSSIAN VDW"
   &NPOINTS [&Type "Integer"] 3048
   &SURFACEAREA [&Type "Double"]       1.0796876604009999e+03
   &CPCMDIELENERGY [&Type "Double"]      -8.8549021000000006e-02
$End
$CIS_Absorption_Spectrum
   &GeometryIndex 89
   &ListStatus       OUT
   &TEMPERATURE [&Type "Double"]       2.9814999999999998e+02
   &METHOD [&Type "Integer"] 20
   &RELCORRECTION [&Type "Integer"] 1 "Type of relativistic treatment in QDPT. 0->Unknow, 1->None, 2->SOC, 3->SSC, 4->SOC/SSC"
   &DENSTYPE [&Type "Integer"] 3 "Type of density (electron/spin ...). 0->Unknow, 1->Electronic, 2->Spin, 3->Trans/Electronic, 4->Tran/Spin"
   &DERITYPE [&Type "Integer"] 0 "Type of derivative (w.r.t. to what perturbation). 0->Unknown, 1->No Derivative, 2->Electric/Dipole, 3->Electric/Quad, 4->Magnetic/Dipole, 5->Magnetic/Quad"
   &DENSLEVEL [&Type "Integer"] 0 "// Source of density: relaxed, unrelaxed, ... 0->Unknown, 1->Linearized, 2->Unrelaxed, 3->Relaxed"
   &REPRESENTATION [&Type "String"] "Length" "Possible values: Unknown,  Length, Velocity"
   &POINTGROUP [&Type "String"] "C1"
   &NTRANS [&Type "Integer"] 5
   &DOHIGHERMOMENTS [&Type "Boolean"] false
   &STATES [&Type "ArrayOfIntegers", &Dim (5,4)] "The initial and Final states. Col1: Initial State  Col2: Initial Irrep Col3: Final State Col4: Final Irrep"
                                                         0                           1                           2                           3

0                                                        0                           0                           1                           0
1                                                        0                           0                           2                           0
2                                                        0                           0                           3                           0
3                                                        0                           0                           4                           0
4                                                        0                           0                           5                           0
   &MULTIPLICITIES [&Type "ArrayOfDoubles", &Dim (5,2)] "Col1: Multiplicity of the initial state  Col2: Multiplicity of the final state"
                                                         0                           1

0                                      1.0000000000000000e+00         1.0000000000000000e+00
1                                      1.0000000000000000e+00         1.0000000000000000e+00
2                                      1.0000000000000000e+00         1.0000000000000000e+00
3                                      1.0000000000000000e+00         1.0000000000000000e+00
4                                      1.0000000000000000e+00         1.0000000000000000e+00
   &EXCITATIONENERGIES [&Type "ArrayOfDoubles", &Dim (5,11)] 
                                                         0                           1                           2                           3                           4                           5                           6                           7

0                                      3.9237693165976779e+00         3.1647337132421380e+04         3.1598235131623176e+02         3.1950908823343266e-01         3.3236985656600320e+00        -1.5474559899568754e+00         0.0000000000000000e+00        -9.5836786047478295e-01
1                                      4.3988671684499332e+00         3.5479260131782343e+04         2.8185480652236015e+02         1.2135973383506549e-02         1.1260966017774536e-01         1.4499415187466660e-01         0.0000000000000000e+00         2.5221801886912654e-01
2                                      4.8281044349901050e+00         3.8941292526636484e+04         2.5679681775225708e+02         1.3732894147713368e+00         1.1609868413476351e+01        -1.2315322433999822e+00         0.0000000000000000e+00        -2.8330370208363425e+00
3                                      5.1370651103963114e+00         4.1433228689621516e+04         2.4135217834242468e+02         3.1989235201588773e-01         2.5417373296911174e+00         1.5362097581118679e+00         0.0000000000000000e+00         2.2617227231294837e-01
4                                      5.3589993456576925e+00         4.3223249202507650e+04         2.3135697071611725e+02         2.0500148926863481e-02         1.5614036582911336e-01        -1.5153246706662524e-01         0.0000000000000000e+00         2.5663216965090302e-01
                                                         8                           9                          10

0                                      0.0000000000000000e+00        -1.0300276120379370e-01         0.0000000000000000e+00
1                                      0.0000000000000000e+00         1.6724959508956791e-01         0.0000000000000000e+00
2                                      0.0000000000000000e+00        -1.4377405835244750e+00         0.0000000000000000e+00
3                                      0.0000000000000000e+00        -3.6144572484647147e-01         0.0000000000000000e+00
4                                      0.0000000000000000e+00         2.5945752398819660e-01         0.0000000000000000e+00
$End
$Geometry
   &GeometryIndex 90
   &ListStatus       OUT
   &NATOMS [&Type "Integer"] 35
   &NCORELESSECP [&Type "Integer"] 0
   &NGHOSTATOMS [&Type "Integer"] 0
   &CartesianCoordinates [&Type "Coordinates", &Dim(35,4), &Units "Bohr"] 
              C     -3.125615509695   -3.693597460045   -0.710940164373
              C     -2.286888936257   -5.634207671858   -2.281995553730
              C      0.137826844661   -5.618823474995   -3.184754016096
              C     -1.530509923142   -1.763265595975   -0.067897150335
              C      0.995013916442   -1.697425564449   -0.917356975604
              O     -2.366710389090    0.104469865457    1.561132198297
              C      1.808324444288   -3.674085977503   -2.525541131588
              C      4.331213477908   -3.690242390972   -3.502045889396
              C      5.990884749708   -1.855036165417   -2.934463987608
              C      2.823027476502    0.213235882212   -0.279712364427
              C      5.275753246481    0.156543729763   -1.286049563347
              N      2.265740376789    2.124497867821    1.335682687868
              C      3.864123929466    3.944490926908    1.982169539246
              C      6.277911613025    3.977957622143    1.000556334013
              C      6.971493544662    2.075089188017   -0.622882620747
              C     -4.497149676888    1.485620261918    0.881750745527
              O     -5.246117604382    1.533039255825   -1.280041270961
              N     -5.464932183617    2.715708785018    2.853698253658
              C     -7.546262336375    4.462201271663    2.454284440583
              C     -4.584088600352    2.483640202318    5.447491552393
              H     -3.331171417787    0.878868264556    5.652890901721
              H     -6.217691367998    2.216746130490    6.674702725311
              H     -3.600990767684    4.200726553401    6.024239034214
              H     -7.918478029641    4.649362610704    0.448978453055
              H     -7.051901562937    6.304073711166    3.236650749337
              H     -9.237803708922    3.770175515714    3.405609132254
              H      0.803245738729   -7.109524450747   -4.414607581628
              H     -5.037774262534   -3.691461519477    0.006167528332
              H     -3.566974206904   -7.147252493016   -2.779848770478
              H      4.866561924377   -5.232288668513   -4.733179578574
              H      7.890761607297   -1.863708202401   -3.687197351795
              H      3.156735049364    5.341445035802    3.290187475945
              H      7.566389940276    5.467678550657    1.528368933580
              H      8.857842839838    2.030154122822   -1.412633527863
              H      0.503847371057    2.126162115589    2.099781327316
$End
$SCF_Energy
   &GeometryIndex 90
   &ListStatus       OUT
   &SCF_ENERGY [&Type "Double"]      -8.7844790887931617e+02
$End
$DFT_Energy
   &GeometryIndex 90
   &ListStatus       OUT
   &NALPHAEL [&Type "Integer"] 70
   &NBETAEL [&Type "Integer"] 70
   &NTOTALEL [&Type "Integer"] 139
   &EEXCHANGE [&Type "Double"]       0.0000000000000000e+00
   &ECORR [&Type "Double"]       0.0000000000000000e+00
   &ECNL [&Type "Double"]       0.0000000000000000e+00
   &EXC [&Type "Double"]      -8.9693348424316483e+01
   &EEMBED [&Type "Double"]       0.0000000000000000e+00
   &FINALEN [&Type "Double"]      -8.7844790887931617e+02  "No Van der Waals correction"
$End
$Solvation_Details
   &GeometryIndex 90
   &ListStatus       OUT
   &SOLVENT [&Type "String"] "WATER"
   &EPSILON [&Type "Double"]       8.0150999999999996e+01
   &REFRAC [&Type "Double"]       1.3328000000000000e+00
   &RSOLV [&Type "Double"]       1.3000000000000000e+00
   &SURFACETYPE [&Type "String"] "GAUSSIAN VDW"
   &NPOINTS [&Type "Integer"] 3048
   &SURFACEAREA [&Type "Double"]       1.0796955300620000e+03
   &CPCMDIELENERGY [&Type "Double"]      -8.8549288000000004e-02
$End
$CIS_Absorption_Spectrum
   &GeometryIndex 90
   &ListStatus       OUT
   &TEMPERATURE [&Type "Double"]       2.9814999999999998e+02
   &METHOD [&Type "Integer"] 20
   &RELCORRECTION [&Type "Integer"] 1 "Type of relativistic treatment in QDPT. 0->Unknow, 1->None, 2->SOC, 3->SSC, 4->SOC/SSC"
   &DENSTYPE [&Type "Integer"] 3 "Type of density (electron/spin ...). 0->Unknow, 1->Electronic, 2->Spin, 3->Trans/Electronic, 4->Tran/Spin"
   &DERITYPE [&Type "Integer"] 0 "Type of derivative (w.r.t. to what perturbation). 0->Unknown, 1->No Derivative, 2->Electric/Dipole, 3->Electric/Quad, 4->Magnetic/Dipole, 5->Magnetic/Quad"
   &DENSLEVEL [&Type "Integer"] 0 "// Source of density: relaxed, unrelaxed, ... 0->Unknown, 1->Linearized, 2->Unrelaxed, 3->Relaxed"
   &REPRESENTATION [&Type "String"] "Length" "Possible values: Unknown,  Length, Velocity"
   &POINTGROUP [&Type "String"] "C1"
   &NTRANS [&Type "Integer"] 5
   &DOHIGHERMOMENTS [&Type "Boolean"] false
   &STATES [&Type "ArrayOfIntegers", &Dim (5,4)] "The initial and Final states. Col1: Initial State  Col2: Initial Irrep Col3: Final State Col4: Final Irrep"
                                                         0                           1                           2                           3

0                                                        0                           0                           1                           0
1                                                        0                           0                           2                           0
2                                                        0                           0                           3                           0
3                                                        0                           0                           4                           0
4                                                        0                           0                           5                           0
   &MULTIPLICITIES [&Type "ArrayOfDoubles", &Dim (5,2)] "Col1: Multiplicity of the initial state  Col2: Multiplicity of the final state"
                                                         0                           1

0                                      1.0000000000000000e+00         1.0000000000000000e+00
1                                      1.0000000000000000e+00         1.0000000000000000e+00
2                                      1.0000000000000000e+00         1.0000000000000000e+00
3                                      1.0000000000000000e+00         1.0000000000000000e+00
4                                      1.0000000000000000e+00         1.0000000000000000e+00
   &EXCITATIONENERGIES [&Type "ArrayOfDoubles", &Dim (5,11)] 
                                                         0                           1                           2                           3                           4                           5                           6                           7

0                                      3.9237634661670944e+00         3.1647289945511518e+04         3.1598282245391067e+02         3.1952871347502881e-01         3.3239076735827959e+00        -1.5475046037187117e+00         0.0000000000000000e+00        -9.5839911523266097e-01
1                                      4.3988697842704099e+00         3.5479281229799533e+04         2.8185463891531327e+02         1.2133299266733991e-02         1.1258478010691944e-01         1.4500717594591045e-01         0.0000000000000000e+00         2.5218381460075090e-01
2                                      4.8281090752640257e+00         3.8941329952973581e+04         2.5679657094599031e+02         1.3732730457712743e+00         1.1609718870940499e+01        -1.2314555585886739e+00         0.0000000000000000e+00        -2.8330299229124316e+00
3                                      5.1370617385847890e+00         4.1433201494124689e+04         2.4135233675867457e+02         3.1992282378930437e-01         2.5419811147548219e+00         1.5362784428810672e+00         0.0000000000000000e+00         2.2624004638783204e-01
4                                      5.3592554744997845e+00         4.3225315021153183e+04         2.3134591373379919e+02         2.0551568998840929e-02         1.5652452831180211e-01        -1.5226886372912346e-01         0.0000000000000000e+00         2.5666484469667339e-01
                                                         8                           9                          10

0                                      0.0000000000000000e+00        -1.0299665515657210e-01         0.0000000000000000e+00
1                                      0.0000000000000000e+00         1.6721549774026720e-01         0.0000000000000000e+00
2                                      0.0000000000000000e+00        -1.4377682476826152e+00         0.0000000000000000e+00
3                                      0.0000000000000000e+00        -3.6144861613260737e-01         0.0000000000000000e+00
4                                      0.0000000000000000e+00         2.5973424677403684e-01         0.0000000000000000e+00
$End
$Geometry
   &GeometryIndex 91
   &ListStatus       OUT
   &NATOMS [&Type "Integer"] 35
   &NCORELESSECP [&Type "Integer"] 0
   &NGHOSTATOMS [&Type "Integer"] 0
   &CartesianCoordinates [&Type "Coordinates", &Dim(35,4), &Units "Bohr"] 
              C     -3.125615379708   -3.693597453193   -0.710940183959
              C     -2.286888951085   -5.634207682973   -2.281995547822
              C      0.137826851397   -5.618823468564   -3.184754015638
              C     -1.530509971565   -1.763265636042   -0.067897257841
              C      0.995013907730   -1.697425541765   -0.917356943584
              O     -2.366710382167    0.104470083585    1.561132235074
              C      1.808324440738   -3.674085987753   -2.525541137771
              C      4.331213479174   -3.690242385869   -3.502045887339
              C      5.990884739890   -1.855036165377   -2.934463985388
              C      2.823027469080    0.213235883735   -0.279712370280
              C      5.275753238865    0.156543731948   -1.286049558333
              N      2.265740728816    2.124497860445    1.335682530992
              C      3.864123934487    3.944490913932    1.982169528374
              C      6.277911602389    3.977957623653    1.000556338106
              C      6.971493547656    2.075089188420   -0.622882622721
              C     -4.497150642587    1.485620344124    0.881748617621
              O     -5.246116579529    1.533038263752   -1.280040897746
              N     -5.464931568545    2.715708158069    2.853697715022
              C     -7.546205617535    4.462280603341    2.454108717845
              C     -4.584191973592    2.483559692019    5.447530463577
              H     -3.331267263156    0.878950733150    5.652885914957
              H     -6.216764902299    2.216878635488    6.674023293664
              H     -3.600588855320    4.201463624025    6.024479651338
              H     -7.918140653384    4.649216293284    0.450741834892
              H     -7.051993319748    6.303704255177    3.236462151965
              H     -9.238739698322    3.769773396737    3.406135882916
              H      0.803245735156   -7.109524432424   -4.414607580160
              H     -5.037775540091   -3.691461481967    0.006167935069
              H     -3.566974062833   -7.147252308431   -2.779848712348
              H      4.866561918308   -5.232288675327   -4.733179581883
              H      7.890761711435   -1.863708195892   -3.687197391356
              H      3.156734992287    5.341445244023    3.290187644883
              H      7.566389902184    5.467678526338    1.528368931175
              H      8.857842808778    2.030154128869   -1.412633513253
              H      0.503843567096    2.126162026519    2.099782897545
$End
$SCF_Energy
   &GeometryIndex 91
   &ListStatus       OUT
   &SCF_ENERGY [&Type "Double"]      -8.7844790887618603e+02
$End
$DFT_Energy
   &GeometryIndex 91
   &ListStatus       OUT
   &NALPHAEL [&Type "Integer"] 70
   &NBETAEL [&Type "Integer"] 70
   &NTOTALEL [&Type "Integer"] 139
   &EEXCHANGE [&Type "Double"]       0.0000000000000000e+00
   &ECORR [&Type "Double"]       0.0000000000000000e+00
   &ECNL [&Type "Double"]       0.0000000000000000e+00
   &EXC [&Type "Double"]      -8.9693568393315516e+01
   &EEMBED [&Type "Double"]       0.0000000000000000e+00
   &FINALEN [&Type "Double"]      -8.7844790887618603e+02  "No Van der Waals correction"
$End
$Solvation_Details
   &GeometryIndex 91
   &ListStatus       OUT
   &SOLVENT [&Type "String"] "WATER"
   &EPSILON [&Type "Double"]       8.0150999999999996e+01
   &REFRAC [&Type "Double"]       1.3328000000000000e+00
   &RSOLV [&Type "Double"]       1.3000000000000000e+00
   &SURFACETYPE [&Type "String"] "GAUSSIAN VDW"
   &NPOINTS [&Type "Integer"] 3048
   &SURFACEAREA [&Type "Double"]       1.0796892920220000e+03
   &CPCMDIELENERGY [&Type "Double"]      -8.8550087999999999e-02
$End
$CIS_Absorption_Spectrum
   &GeometryIndex 91
   &ListStatus       OUT
   &TEMPERATURE [&Type "Double"]       2.9814999999999998e+02
   &METHOD [&Type "Integer"] 20
   &RELCORRECTION [&Type "Integer"] 1 "Type of relativistic treatment in QDPT. 0->Unknow, 1->None, 2->SOC, 3->SSC, 4->SOC/SSC"
   &DENSTYPE [&Type "Integer"] 3 "Type of density (electron/spin ...). 0->Unknow, 1->Electronic, 2->Spin, 3->Trans/Electronic, 4->Tran/Spin"
   &DERITYPE [&Type "Integer"] 0 "Type of derivative (w.r.t. to what perturbation). 0->Unknown, 1->No Derivative, 2->Electric/Dipole, 3->Electric/Quad, 4->Magnetic/Dipole, 5->Magnetic/Quad"
   &DENSLEVEL [&Type "Integer"] 0 "// Source of density: relaxed, unrelaxed, ... 0->Unknown, 1->Linearized, 2->Unrelaxed, 3->Relaxed"
   &REPRESENTATION [&Type "String"] "Length" "Possible values: Unknown,  Length, Velocity"
   &POINTGROUP [&Type "String"] "C1"
   &NTRANS [&Type "Integer"] 5
   &DOHIGHERMOMENTS [&Type "Boolean"] false
   &STATES [&Type "ArrayOfIntegers", &Dim (5,4)] "The initial and Final states. Col1: Initial State  Col2: Initial Irrep Col3: Final State Col4: Final Irrep"
                                                         0                           1                           2                           3

0                                                        0                           0                           1                           0
1                                                        0                           0                           2                           0
2                                                        0                           0                           3                           0
3                                                        0                           0                           4                           0
4                                                        0                           0                           5                           0
   &MULTIPLICITIES [&Type "ArrayOfDoubles", &Dim (5,2)] "Col1: Multiplicity of the initial state  Col2: Multiplicity of the final state"
                                                         0                           1

0                                      1.0000000000000000e+00         1.0000000000000000e+00
1                                      1.0000000000000000e+00         1.0000000000000000e+00
2                                      1.0000000000000000e+00         1.0000000000000000e+00
3                                      1.0000000000000000e+00         1.0000000000000000e+00
4                                      1.0000000000000000e+00         1.0000000000000000e+00
   &EXCITATIONENERGIES [&Type "ArrayOfDoubles", &Dim (5,11)] 
                                                         0                           1                           2                           3                           4                           5                           6                           7

0                                      3.9237709068288087e+00         3.1647349958501774e+04         3.1598222325448103e+02         3.1952061780263291e-01         3.3238171551123830e+00        -1.5474853849283741e+00         0.0000000000000000e+00        -9.5838363160033935e-01
1                                      4.3988701999228423e+00         3.5479284582262851e+04         2.8185461228266416e+02         1.2136107932122621e-02         1.1261083104835498e-01         1.4501816132163661e-01         0.0000000000000000e+00         2.5221803511416729e-01
2                                      4.8281090213511995e+00         3.8941329518137274e+04         2.5679657381349574e+02         1.3732918311565805e+00         1.1609877813166571e+01        -1.2315082248465643e+00         0.0000000000000000e+00        -2.8330406930676890e+00
3                                      5.1370639934872511e+00         4.1433219681141476e+04         2.4135223081761967e+02         3.1991844600693431e-01         2.5419452148338788e+00         1.5362660792787186e+00         0.0000000000000000e+00         2.2619171051314307e-01
4                                      5.3590682111825085e+00         4.3223804640481903e+04         2.3135399771436013e+02         2.0526545838918730e-02         1.5633941014269448e-01        -1.5181825184375997e-01         0.0000000000000000e+00         2.5669201424152027e-01
                                                         8                           9                          10

0                                      0.0000000000000000e+00        -1.0299006372466037e-01         0.0000000000000000e+00
1                                      0.0000000000000000e+00         1.6723225376223164e-01         0.0000000000000000e+00
2                                      0.0000000000000000e+00        -1.4377571897661945e+00         0.0000000000000000e+00
3                                      0.0000000000000000e+00        -3.6148175415449590e-01         0.0000000000000000e+00
4                                      0.0000000000000000e+00         2.5961478843554020e-01         0.0000000000000000e+00
$End
$Geometry
   &GeometryIndex 92
   &ListStatus       OUT
   &NATOMS [&Type "Integer"] 35
   &NCORELESSECP [&Type "Integer"] 0
   &NGHOSTATOMS [&Type "Integer"] 0
   &CartesianCoordinates [&Type "Coordinates", &Dim(35,4), &Units "Bohr"] 
              C     -3.125615732066   -3.693597363136   -0.710940025118
              C     -2.286888488285   -5.634207165288   -2.281995418182
              C      0.137826952192   -5.618823807831   -3.184754265651
              C     -1.530509657663   -1.763266039786   -0.067897309174
              C      0.995013859011   -1.697425529182   -0.917356944522
              O     -2.366710608645    0.104470353097    1.561133853037
              C      1.808324464859   -3.674085962670   -2.525541144508
              C      4.331213408718   -3.690242171053   -3.502045712839
              C      5.990884745627   -1.855036174912   -2.934463991024
              C      2.823027480171    0.213235876556   -0.279712359729
              C      5.275753218126    0.156543725145   -1.286049554615
              N      2.265741376429    2.124497857023    1.335682237891
              C      3.864123896695    3.944490939146    1.982169557069
              C      6.277911595190    3.977957616263    1.000556333763
              C      6.971493516365    2.075089197384   -0.622882604548
              C     -4.497150848957    1.485620555950    0.881749151307
              O     -5.246117397867    1.533039022031   -1.280041154118
              N     -5.464932093505    2.715708917265    2.853699462674
              C     -7.546192917203    4.462285849258    2.454276707087
              C     -4.584297141782    2.483692426010    5.447540340726
              H     -3.330177985052    0.877557208206    5.653041304833
              H     -6.216435563485    2.216951983297    6.673781461362
              H     -3.600764484095    4.201202224395    6.024399095700
              H     -7.918453327079    4.649371698436    0.449035579332
              H     -7.052106964850    6.303322138150    3.236316829876
              H     -9.238432488700    3.769911669987    3.405983680279
              H      0.803244009053   -7.109520544044   -4.414604341856
              H     -5.037771532994   -3.691461679750    0.006166561990
              H     -3.566979183131   -7.147258313434   -2.779850653513
              H      4.866562746386   -5.232291117382   -4.733181520210
              H      7.890761496230   -1.863708188194   -3.687197298917
              H      3.156735125471    5.341444969214    3.290187397007
              H      7.566389834731    5.467678490105    1.528368923215
              H      8.857843208588    2.030154115878   -1.412633680453
              H      0.503836434749    2.126162216094    2.099785995992
$End
$SCF_Energy
   &GeometryIndex 92
   &ListStatus       OUT
   &SCF_ENERGY [&Type "Double"]      -8.7844790881424638e+02
$End
$DFT_Energy
   &GeometryIndex 92
   &ListStatus       OUT
   &NALPHAEL [&Type "Integer"] 70
   &NBETAEL [&Type "Integer"] 70
   &NTOTALEL [&Type "Integer"] 139
   &EEXCHANGE [&Type "Double"]       0.0000000000000000e+00
   &ECORR [&Type "Double"]       0.0000000000000000e+00
   &ECNL [&Type "Double"]       0.0000000000000000e+00
   &EXC [&Type "Double"]      -8.9693275224932037e+01
   &EEMBED [&Type "Double"]       0.0000000000000000e+00
   &FINALEN [&Type "Double"]      -8.7844790881424638e+02  "No Van der Waals correction"
$End
$Solvation_Details
   &GeometryIndex 92
   &ListStatus       OUT
   &SOLVENT [&Type "String"] "WATER"
   &EPSILON [&Type "Double"]       8.0150999999999996e+01
   &REFRAC [&Type "Double"]       1.3328000000000000e+00
   &RSOLV [&Type "Double"]       1.3000000000000000e+00
   &SURFACETYPE [&Type "String"] "GAUSSIAN VDW"
   &NPOINTS [&Type "Integer"] 3048
   &SURFACEAREA [&Type "Double"]       1.0796938367499999e+03
   &CPCMDIELENERGY [&Type "Double"]      -8.8549284000000006e-02
$End
$CIS_Absorption_Spectrum
   &GeometryIndex 92
   &ListStatus       OUT
   &TEMPERATURE [&Type "Double"]       2.9814999999999998e+02
   &METHOD [&Type "Integer"] 20
   &RELCORRECTION [&Type "Integer"] 1 "Type of relativistic treatment in QDPT. 0->Unknow, 1->None, 2->SOC, 3->SSC, 4->SOC/SSC"
   &DENSTYPE [&Type "Integer"] 3 "Type of density (electron/spin ...). 0->Unknow, 1->Electronic, 2->Spin, 3->Trans/Electronic, 4->Tran/Spin"
   &DERITYPE [&Type "Integer"] 0 "Type of derivative (w.r.t. to what perturbation). 0->Unknown, 1->No Derivative, 2->Electric/Dipole, 3->Electric/Quad, 4->Magnetic/Dipole, 5->Magnetic/Quad"
   &DENSLEVEL [&Type "Integer"] 0 "// Source of density: relaxed, unrelaxed, ... 0->Unknown, 1->Linearized, 2->Unrelaxed, 3->Relaxed"
   &REPRESENTATION [&Type "String"] "Length" "Possible values: Unknown,  Length, Velocity"
   &POINTGROUP [&Type "String"] "C1"
   &NTRANS [&Type "Integer"] 5
   &DOHIGHERMOMENTS [&Type "Boolean"] false
   &STATES [&Type "ArrayOfIntegers", &Dim (5,4)] "The initial and Final states. Col1: Initial State  Col2: Initial Irrep Col3: Final State Col4: Final Irrep"
                                                         0                           1                           2                           3

0                                                        0                           0                           1                           0
1                                                        0                           0                           2                           0
2                                                        0                           0                           3                           0
3                                                        0                           0                           4                           0
4                                                        0                           0                           5                           0
   &MULTIPLICITIES [&Type "ArrayOfDoubles", &Dim (5,2)] "Col1: Multiplicity of the initial state  Col2: Multiplicity of the final state"
                                                         0                           1

0                                      1.0000000000000000e+00         1.0000000000000000e+00
1                                      1.0000000000000000e+00         1.0000000000000000e+00
2                                      1.0000000000000000e+00         1.0000000000000000e+00
3                                      1.0000000000000000e+00         1.0000000000000000e+00
4                                      1.0000000000000000e+00         1.0000000000000000e+00
   &EXCITATIONENERGIES [&Type "ArrayOfDoubles", &Dim (5,11)] 
                                                         0                           1                           2                           3                           4                           5                           6                           7

0                                      3.9237619008878433e+00         3.1647277320681624e+04         3.1598294850675694e+02         3.1952694705616813e-01         3.3238906243302493e+00        -1.5474982335314573e+00         0.0000000000000000e+00        -9.5840022676712255e-01
1                                      4.3988680286194217e+00         3.5479267069517875e+04         2.8185475140752084e+02         1.2132559443881492e-02         1.1257796022845173e-01         1.4499836441002933e-01         0.0000000000000000e+00         2.5217566382654383e-01
2                                      4.8281061259579126e+00         3.8941306165213056e+04         2.5679672781323325e+02         1.3732745401498712e+00         1.1609738596434465e+01        -1.2314599864438318e+00         0.0000000000000000e+00        -2.8330320908237669e+00
3                                      5.1370606644097352e+00         4.1433192830317690e+04         2.4135238722618431e+02         3.1992065823486476e-01         2.5419644396421277e+00         1.5362754735708202e+00         0.0000000000000000e+00         2.2626542173690997e-01
4                                      5.3592800233429738e+00         4.3225513020947248e+04         2.3134485402530589e+02         2.0526857083514722e-02         1.5633560170311117e-01        -1.5220332714196352e-01         0.0000000000000000e+00         2.5647872609215744e-01
                                                         8                           9                          10

0                                      0.0000000000000000e+00        -1.0299925669633027e-01         0.0000000000000000e+00
1                                      0.0000000000000000e+00         1.6721503855966430e-01         0.0000000000000000e+00
2                                      0.0000000000000000e+00        -1.4377670432253407e+00         0.0000000000000000e+00
3                                      0.0000000000000000e+00        -3.6142228469353960e-01         0.0000000000000000e+00
4                                      0.0000000000000000e+00         2.5959278104787831e-01         0.0000000000000000e+00
$End
$Geometry
   &GeometryIndex 93
   &ListStatus       OUT
   &NATOMS [&Type "Integer"] 35
   &NCORELESSECP [&Type "Integer"] 0
   &NGHOSTATOMS [&Type "Integer"] 0
   &CartesianCoordinates [&Type "Coordinates", &Dim(35,4), &Units "Bohr"] 
              C     -3.125629773046   -3.693598697937   -0.710935577875
              C     -2.286858163719   -5.634168952377   -2.281982055559
              C      0.137847764874   -5.618873868143   -3.184795034749
              C     -1.530509790243   -1.763265343272   -0.067897093121
              C      0.995014229433   -1.697425643872   -0.917357175633
              O     -2.366710395087    0.104469996994    1.561132129141
              C      1.808328374869   -3.674084353182   -2.525541543171
              C      4.331182659936   -3.690155104090   -3.501976058657
              C      5.990945208919   -1.855039959745   -2.934490288602
              C      2.823027110809    0.213235844488   -0.279712244560
              C      5.275753142833    0.156544721698   -1.286048845456
              N      2.265740511348    2.124497873231    1.335682637967
              C      3.864123852267    3.944490997593    1.982169625761
              C      6.277912300770    3.977957928117    1.000556269810
              C      6.971486196207    2.075089495759   -0.622879456186
              C     -4.497149470809    1.485619997895    0.881750180572
              O     -5.246117641000    1.533039186156   -1.280041160910
              N     -5.464932188420    2.715708840257    2.853698219082
              C     -7.546193967551    4.462285979414    2.454277546023
              C     -4.584193341973    2.483559606388    5.447529881914
              H     -3.331264711153    0.878947800079    5.652885370660
              H     -6.216761567827    2.216880654779    6.674018713708
              H     -3.600587391038    4.201468738026    6.024480148428
              H     -7.918455722194    4.649373071275    0.449024735416
              H     -7.052107793449    6.303322159390    3.236315375296
              H     -9.238429059267    3.769914177219    3.405980188750
              H      0.802989590615   -7.108950868945   -4.414133903783
              H     -5.037607565905   -3.691460288006    0.006106304670
              H     -3.567350342491   -7.147699426130   -2.779996646687
              H      4.866911837012   -5.233295335873   -4.733983285556
              H      7.890034530563   -1.863700523218   -3.686906451139
              H      3.156735616277    5.341443988351    3.290186468692
              H      7.566383490098    5.467671217389    1.528366379720
              H      8.857926472345    2.030150751056   -1.412669392723
              H      0.503846125850    2.126161522510    2.099781370577
$End
$SCF_Energy
   &GeometryIndex 93
   &ListStatus       OUT
   &SCF_ENERGY [&Type "Double"]      -8.7844790887849729e+02
$End
$DFT_Energy
   &GeometryIndex 93
   &ListStatus       OUT
   &NALPHAEL [&Type "Integer"] 70
   &NBETAEL [&Type "Integer"] 70
   &NTOTALEL [&Type "Integer"] 139
   &EEXCHANGE [&Type "Double"]       0.0000000000000000e+00
   &ECORR [&Type "Double"]       0.0000000000000000e+00
   &ECNL [&Type "Double"]       0.0000000000000000e+00
   &EXC [&Type "Double"]      -8.9693387414153491e+01
   &EEMBED [&Type "Double"]       0.0000000000000000e+00
   &FINALEN [&Type "Double"]      -8.7844790887849729e+02  "No Van der Waals correction"
$End
$Solvation_Details
   &GeometryIndex 93
   &ListStatus       OUT
   &SOLVENT [&Type "String"] "WATER"
   &EPSILON [&Type "Double"]       8.0150999999999996e+01
   &REFRAC [&Type "Double"]       1.3328000000000000e+00
   &RSOLV [&Type "Double"]       1.3000000000000000e+00
   &SURFACETYPE [&Type "String"] "GAUSSIAN VDW"
   &NPOINTS [&Type "Integer"] 3048
   &SURFACEAREA [&Type "Double"]       1.0796918251350000e+03
   &CPCMDIELENERGY [&Type "Double"]      -8.8549568999999995e-02
$End
$CIS_Absorption_Spectrum
   &GeometryIndex 93
   &ListStatus       OUT
   &TEMPERATURE [&Type "Double"]       2.9814999999999998e+02
   &METHOD [&Type "Integer"] 20
   &RELCORRECTION [&Type "Integer"] 1 "Type of relativistic treatment in QDPT. 0->Unknow, 1->None, 2->SOC, 3->SSC, 4->SOC/SSC"
   &DENSTYPE [&Type "Integer"] 3 "Type of density (electron/spin ...). 0->Unknow, 1->Electronic, 2->Spin, 3->Trans/Electronic, 4->Tran/Spin"
   &DERITYPE [&Type "Integer"] 0 "Type of derivative (w.r.t. to what perturbation). 0->Unknown, 1->No Derivative, 2->Electric/Dipole, 3->Electric/Quad, 4->Magnetic/Dipole, 5->Magnetic/Quad"
   &DENSLEVEL [&Type "Integer"] 0 "// Source of density: relaxed, unrelaxed, ... 0->Unknown, 1->Linearized, 2->Unrelaxed, 3->Relaxed"
   &REPRESENTATION [&Type "String"] "Length" "Possible values: Unknown,  Length, Velocity"
   &POINTGROUP [&Type "String"] "C1"
   &NTRANS [&Type "Integer"] 5
   &DOHIGHERMOMENTS [&Type "Boolean"] false
   &STATES [&Type "ArrayOfIntegers", &Dim (5,4)] "The initial and Final states. Col1: Initial State  Col2: Initial Irrep Col3: Final State Col4: Final Irrep"
                                                         0                           1                           2                           3

0                                                        0                           0                           1                           0
1                                                        0                           0                           2                           0
2                                                        0                           0                           3                           0
3                                                        0                           0                           4                           0
4                                                        0                           0                           5                           0
   &MULTIPLICITIES [&Type "ArrayOfDoubles", &Dim (5,2)] "Col1: Multiplicity of the initial state  Col2: Multiplicity of the final state"
                                                         0                           1

0                                      1.0000000000000000e+00         1.0000000000000000e+00
1                                      1.0000000000000000e+00         1.0000000000000000e+00
2                                      1.0000000000000000e+00         1.0000000000000000e+00
3                                      1.0000000000000000e+00         1.0000000000000000e+00
4                                      1.0000000000000000e+00         1.0000000000000000e+00
   &EXCITATIONENERGIES [&Type "ArrayOfDoubles", &Dim (5,11)] 
                                                         0                           1                           2                           3                           4                           5                           6                           7

0                                      3.9238134032055405e+00         3.1647692714931323e+04         3.1597880104801504e+02         3.1954657238904638e-01         3.3240511469011023e+00        -1.5475100934225081e+00         0.0000000000000000e+00        -9.5846090584564125e-01
1                                      4.3989174664947601e+00         3.5479665812915286e+04         2.8185158374180077e+02         1.2140557524963723e-02         1.1265090832613026e-01         1.4502814332011618e-01         0.0000000000000000e+00         2.5226752776429207e-01
2                                      4.8281567974490427e+00         3.8941714858393869e+04         2.5679403273234391e+02         1.3733912176151102e+00         1.1610603139627642e+01        -1.2316309673840062e+00         0.0000000000000000e+00        -2.8331182668414359e+00
3                                      5.1370884394309773e+00         4.1433416850995302e+04         2.4135108229095479e+02         3.1985579236559786e-01         2.5414352997984886e+00         1.5361168760907640e+00         0.0000000000000000e+00         2.2618532403072492e-01
4                                      5.3591860387225756e+00         4.3224754983782725e+04         2.3134891114482542e+02         2.0531284249750897e-02         1.5637206192627026e-01        -1.5199569167951285e-01         0.0000000000000000e+00         2.5663712033952851e-01
                                                         8                           9                          10

0                                      0.0000000000000000e+00        -1.0303567160025118e-01         0.0000000000000000e+00
1                                      0.0000000000000000e+00         1.6726876697979878e-01         0.0000000000000000e+00
2                                      0.0000000000000000e+00        -1.4377514339752044e+00         0.0000000000000000e+00
3                                      0.0000000000000000e+00        -3.6141450161934124e-01         0.0000000000000000e+00
4                                      0.0000000000000000e+00         2.5962811885651194e-01         0.0000000000000000e+00
$End
$Geometry
   &GeometryIndex 94
   &ListStatus       OUT
   &NATOMS [&Type "Integer"] 35
   &NCORELESSECP [&Type "Integer"] 0
   &NGHOSTATOMS [&Type "Integer"] 0
   &CartesianCoordinates [&Type "Coordinates", &Dim(35,4), &Units "Bohr"] 
              C     -3.125646527984   -3.693599989896   -0.710930130857
              C     -2.286830532237   -5.634136457035   -2.281971416457
              C      0.137852802090   -5.618889272667   -3.184807028341
              C     -1.530509471286   -1.763264843278   -0.067896929551
              C      0.995013517656   -1.697425044951   -0.917356534463
              O     -2.366710365517    0.104469942278    1.561132123265
              C      1.808324904158   -3.674084483106   -2.525540305413
              C      4.331232668177   -3.690294847342   -3.502088121509
              C      5.990839303076   -1.855034031731   -2.934444694110
              C      2.823027974813    0.213235958362   -0.279712497405
              C      5.275753188157    0.156542834847   -1.286050155315
              N      2.265740598985    2.124497900378    1.335682612626
              C      3.864123891734    3.944490750516    1.982169426675
              C      6.277911169510    3.977957351933    1.000556321238
              C      6.971499774542    2.075089084239   -0.622885197143
              C     -4.497149470504    1.485619987693    0.881750088509
              O     -5.246117623019    1.533039216508   -1.280041143947
              N     -5.464932186666    2.715708832303    2.853698231323
              C     -7.546193970970    4.462285978725    2.454277529437
              C     -4.584193380783    2.483559666003    5.447529889742
              H     -3.331264268636    0.878947243757    5.652885429377
              H     -6.216761434296    2.216880689416    6.674018622781
              H     -3.600587493345    4.201468572336    6.024480101477
              H     -7.918455683958    4.649373051013    0.449024915030
              H     -7.052107778573    6.303322197873    3.236315391636
              H     -9.238429060446    3.769914171290    3.405980195459
              H      0.802915995331   -7.108774138456   -4.413990291926
              H     -5.037413076193   -3.691458823764    0.006035043162
              H     -3.567663756790   -7.148071394614   -2.780119561003
              H      4.866346912987   -5.231679180036   -4.732691947888
              H      7.891298218384   -1.863713897269   -3.687412053719
              H      3.156734238378    5.341446676460    3.290189012370
              H      7.566394664564    5.467683903784    1.528370787834
              H      8.857772397530    2.030156799425   -1.412603428508
              H      0.503844987365    2.126161844176    2.099782067245
$End
$SCF_Energy
   &GeometryIndex 94
   &ListStatus       OUT
   &SCF_ENERGY [&Type "Double"]      -8.7844790889129365e+02
$End
$DFT_Energy
   &GeometryIndex 94
   &ListStatus       OUT
   &NALPHAEL [&Type "Integer"] 70
   &NBETAEL [&Type "Integer"] 70
   &NTOTALEL [&Type "Integer"] 139
   &EEXCHANGE [&Type "Double"]       0.0000000000000000e+00
   &ECORR [&Type "Double"]       0.0000000000000000e+00
   &ECNL [&Type "Double"]       0.0000000000000000e+00
   &EXC [&Type "Double"]      -8.9693515608516549e+01
   &EEMBED [&Type "Double"]       0.0000000000000000e+00
   &FINALEN [&Type "Double"]      -8.7844790889129365e+02  "No Van der Waals correction"
$End
$Solvation_Details
   &GeometryIndex 94
   &ListStatus       OUT
   &SOLVENT [&Type "String"] "WATER"
   &EPSILON [&Type "Double"]       8.0150999999999996e+01
   &REFRAC [&Type "Double"]       1.3328000000000000e+00
   &RSOLV [&Type "Double"]       1.3000000000000000e+00
   &SURFACETYPE [&Type "String"] "GAUSSIAN VDW"
   &NPOINTS [&Type "Integer"] 3048
   &SURFACEAREA [&Type "Double"]       1.0796861426870000e+03
   &CPCMDIELENERGY [&Type "Double"]      -8.8549968000000007e-02
$End
$CIS_Absorption_Spectrum
   &GeometryIndex 94
   &ListStatus       OUT
   &TEMPERATURE [&Type "Double"]       2.9814999999999998e+02
   &METHOD [&Type "Integer"] 20
   &RELCORRECTION [&Type "Integer"] 1 "Type of relativistic treatment in QDPT. 0->Unknow, 1->None, 2->SOC, 3->SSC, 4->SOC/SSC"
   &DENSTYPE [&Type "Integer"] 3 "Type of density (electron/spin ...). 0->Unknow, 1->Electronic, 2->Spin, 3->Trans/Electronic, 4->Tran/Spin"
   &DERITYPE [&Type "Integer"] 0 "Type of derivative (w.r.t. to what perturbation). 0->Unknown, 1->No Derivative, 2->Electric/Dipole, 3->Electric/Quad, 4->Magnetic/Dipole, 5->Magnetic/Quad"
   &DENSLEVEL [&Type "Integer"] 0 "// Source of density: relaxed, unrelaxed, ... 0->Unknown, 1->Linearized, 2->Unrelaxed, 3->Relaxed"
   &REPRESENTATION [&Type "String"] "Length" "Possible values: Unknown,  Length, Velocity"
   &POINTGROUP [&Type "String"] "C1"
   &NTRANS [&Type "Integer"] 5
   &DOHIGHERMOMENTS [&Type "Boolean"] false
   &STATES [&Type "ArrayOfIntegers", &Dim (5,4)] "The initial and Final states. Col1: Initial State  Col2: Initial Irrep Col3: Final State Col4: Final Irrep"
                                                         0                           1                           2                           3

0                                                        0                           0                           1                           0
1                                                        0                           0                           2                           0
2                                                        0                           0                           3                           0
3                                                        0                           0                           4                           0
4                                                        0                           0                           5                           0
   &MULTIPLICITIES [&Type "ArrayOfDoubles", &Dim (5,2)] "Col1: Multiplicity of the initial state  Col2: Multiplicity of the final state"
                                                         0                           1

0                                      1.0000000000000000e+00         1.0000000000000000e+00
1                                      1.0000000000000000e+00         1.0000000000000000e+00
2                                      1.0000000000000000e+00         1.0000000000000000e+00
3                                      1.0000000000000000e+00         1.0000000000000000e+00
4                                      1.0000000000000000e+00         1.0000000000000000e+00
   &EXCITATIONENERGIES [&Type "ArrayOfDoubles", &Dim (5,11)] 
                                                         0                           1                           2                           3                           4                           5                           6                           7

0                                      3.9237883739032968e+00         3.1647490839973249e+04         3.1598081663299575e+02         3.1951522187744136e-01         3.3237462279320429e+00        -1.5474100657080021e+00         0.0000000000000000e+00        -9.5845939083852238e-01
1                                      4.3988330988201483e+00         3.5478985341657652e+04         2.8185698953060250e+02         1.2129841183792454e-02         1.1255363125341722e-01         1.4494783452146701e-01         0.0000000000000000e+00         2.5215297601556158e-01
2                                      4.8280637802573345e+00         3.8940964624068773e+04         2.5679898011101562e+02         1.3732066303686179e+00         1.1609266304387210e+01        -1.2316032316698784e+00         0.0000000000000000e+00        -2.8329441988105262e+00
3                                      5.1369897882921904e+00         4.1432621175817745e+04         2.4135571721531645e+02         3.2000038762002414e-01         2.5426330189100828e+00         1.5364746299061072e+00         0.0000000000000000e+00         2.2629166818058402e-01
4                                      5.3591634424754337e+00         4.3224572732739522e+04         2.3134988659877982e+02         2.0530455830560880e-02         1.5636641174842797e-01        -1.5199031666949808e-01         0.0000000000000000e+00         2.5663716019712468e-01
                                                         8                           9                          10

0                                      0.0000000000000000e+00        -1.0307236579727957e-01         0.0000000000000000e+00
1                                      0.0000000000000000e+00         1.6722031338162915e-01         0.0000000000000000e+00
2                                      0.0000000000000000e+00        -1.4376532789769958e+00         0.0000000000000000e+00
3                                      0.0000000000000000e+00        -3.6148417873680438e-01         0.0000000000000000e+00
4                                      0.0000000000000000e+00         2.5962034472107343e-01         0.0000000000000000e+00
$End
$Geometry
   &GeometryIndex 95
   &ListStatus       OUT
   &NATOMS [&Type "Integer"] 35
   &NCORELESSECP [&Type "Integer"] 0
   &NGHOSTATOMS [&Type "Integer"] 0
   &CartesianCoordinates [&Type "Coordinates", &Dim(35,4), &Units "Bohr"] 
              C     -3.125618453751   -3.693597628205   -0.710939156266
              C     -2.286886006042   -5.634204504425   -2.281994600994
              C      0.137825912499   -5.618821797171   -3.184752560623
              C     -1.530509817856   -1.763265550981   -0.067897208203
              C      0.995013787062   -1.697425545153   -0.917356907762
              O     -2.366710324285    0.104469922438    1.561132070746
              C      1.808323924598   -3.674086061366   -2.525540990412
              C      4.331217445394   -3.690256666520   -3.502056894713
              C      5.990894477735   -1.855035244450   -2.934467216234
              C      2.823028088711    0.213236468563   -0.279712191079
              C      5.275756746661    0.156547884907   -1.286048062262
              N      2.265740498352    2.124497557882    1.335682414088
              C      3.864125083314    3.944488202166    1.982167083079
              C      6.277930662402    3.977971877452    1.000558655209
              C      6.971346753078    2.075092627055   -0.622821285510
              C     -4.497149604745    1.485620093670    0.881750247518
              O     -5.246117625362    1.533039129843   -1.280041163932
              N     -5.464932161645    2.715708816949    2.853698196544
              C     -7.546193984095    4.462285991329    2.454277561347
              C     -4.584193742373    2.483560130127    5.447529947372
              H     -3.331260543361    0.878942450527    5.652886005003
              H     -6.216760119442    2.216880934134    6.674017633102
              H     -3.600588210311    4.201467486681    6.024479732288
              H     -7.918455742610    4.649373079519    0.449024682449
              H     -7.052107826359    6.303321904845    3.236315286095
              H     -9.238428835606    3.769914223493    3.405980084985
              H      0.803254687577   -7.109543484414   -4.414623487825
              H     -5.037740404948   -3.691461371793    0.006155028835
              H     -3.567005340635   -7.147289183703   -2.779860813917
              H      4.866508911508   -5.232136569019   -4.733058076825
              H      7.890656727905   -1.863710938403   -3.687158197051
              H      3.156721280024    5.341473485561    3.290213812804
              H      7.566200675236    5.467467047451    1.528296578332
              H      8.859506206499    2.030116830165   -1.413327002711
              H      0.503846450265    2.126161727274    2.099781415495
$End
$SCF_Energy
   &GeometryIndex 95
   &ListStatus       OUT
   &SCF_ENERGY [&Type "Double"]      -8.7844790884975180e+02
$End
$DFT_Energy
   &GeometryIndex 95
   &ListStatus       OUT
   &NALPHAEL [&Type "Integer"] 70
   &NBETAEL [&Type "Integer"] 70
   &NTOTALEL [&Type "Integer"] 139
   &EEXCHANGE [&Type "Double"]       0.0000000000000000e+00
   &ECORR [&Type "Double"]       0.0000000000000000e+00
   &ECNL [&Type "Double"]       0.0000000000000000e+00
   &EXC [&Type "Double"]      -8.9693245835801108e+01
   &EEMBED [&Type "Double"]       0.0000000000000000e+00
   &FINALEN [&Type "Double"]      -8.7844790884975180e+02  "No Van der Waals correction"
$End
$Solvation_Details
   &GeometryIndex 95
   &ListStatus       OUT
   &SOLVENT [&Type "String"] "WATER"
   &EPSILON [&Type "Double"]       8.0150999999999996e+01
   &REFRAC [&Type "Double"]       1.3328000000000000e+00
   &RSOLV [&Type "Double"]       1.3000000000000000e+00
   &SURFACETYPE [&Type "String"] "GAUSSIAN VDW"
   &NPOINTS [&Type "Integer"] 3048
   &SURFACEAREA [&Type "Double"]       1.0797041935709999e+03
   &CPCMDIELENERGY [&Type "Double"]      -8.8549629000000005e-02
$End
$CIS_Absorption_Spectrum
   &GeometryIndex 95
   &ListStatus       OUT
   &TEMPERATURE [&Type "Double"]       2.9814999999999998e+02
   &METHOD [&Type "Integer"] 20
   &RELCORRECTION [&Type "Integer"] 1 "Type of relativistic treatment in QDPT. 0->Unknow, 1->None, 2->SOC, 3->SSC, 4->SOC/SSC"
   &DENSTYPE [&Type "Integer"] 3 "Type of density (electron/spin ...). 0->Unknow, 1->Electronic, 2->Spin, 3->Trans/Electronic, 4->Tran/Spin"
   &DERITYPE [&Type "Integer"] 0 "Type of derivative (w.r.t. to what perturbation). 0->Unknown, 1->No Derivative, 2->Electric/Dipole, 3->Electric/Quad, 4->Magnetic/Dipole, 5->Magnetic/Quad"
   &DENSLEVEL [&Type "Integer"] 0 "// Source of density: relaxed, unrelaxed, ... 0->Unknown, 1->Linearized, 2->Unrelaxed, 3->Relaxed"
   &REPRESENTATION [&Type "String"] "Length" "Possible values: Unknown,  Length, Velocity"
   &POINTGROUP [&Type "String"] "C1"
   &NTRANS [&Type "Integer"] 5
   &DOHIGHERMOMENTS [&Type "Boolean"] false
   &STATES [&Type "ArrayOfIntegers", &Dim (5,4)] "The initial and Final states. Col1: Initial State  Col2: Initial Irrep Col3: Final State Col4: Final Irrep"
                                                         0                           1                           2                           3

0                                                        0                           0                           1                           0
1                                                        0                           0                           2                           0
2                                                        0                           0                           3                           0
3                                                        0                           0                           4                           0
4                                                        0                           0                           5                           0
   &MULTIPLICITIES [&Type "ArrayOfDoubles", &Dim (5,2)] "Col1: Multiplicity of the initial state  Col2: Multiplicity of the final state"
                                                         0                           1

0                                      1.0000000000000000e+00         1.0000000000000000e+00
1                                      1.0000000000000000e+00         1.0000000000000000e+00
2                                      1.0000000000000000e+00         1.0000000000000000e+00
3                                      1.0000000000000000e+00         1.0000000000000000e+00
4                                      1.0000000000000000e+00         1.0000000000000000e+00
   &EXCITATIONENERGIES [&Type "ArrayOfDoubles", &Dim (5,11)] 
                                                         0                           1                           2                           3                           4                           5                           6                           7

0                                      3.9238967869969903e+00         3.1648365250635256e+04         3.1597208641919593e+02         3.1950628930302760e-01         3.3235614781255984e+00        -1.5475184693922142e+00         0.0000000000000000e+00        -9.5821042877586682e-01
1                                      4.3989747267691790e+00         3.5480127648222769e+04         2.8184791495531465e+02         1.2090521891029332e-02         1.1218517283612321e-01         1.4481622353440604e-01         0.0000000000000000e+00         2.5167746541035496e-01
2                                      4.8281691463697234e+00         3.8941814459166613e+04         2.5679337593490260e+02         1.3734996159807569e+00         1.1611489837190282e+01        -1.2318716779446304e+00         0.0000000000000000e+00        -2.8331819717037692e+00
3                                      5.1371159536663304e+00         4.1433638768292658e+04         2.4134978962196678e+02         3.2005569382287863e-01         2.5430100096587327e+00         1.5365853877441045e+00         0.0000000000000000e+00         2.2608309249254829e-01
4                                      5.3592773010990920e+00         4.3225491064567308e+04         2.3134497153688034e+02         2.0530470683088921e-02         1.5636320284045224e-01        -1.5194658561271204e-01         0.0000000000000000e+00         2.5665412970162671e-01
                                                         8                           9                          10

0                                      0.0000000000000000e+00        -1.0286320625348190e-01         0.0000000000000000e+00
1                                      0.0000000000000000e+00         1.6694875753348909e-01         0.0000000000000000e+00
2                                      0.0000000000000000e+00        -1.4377280415575493e+00         0.0000000000000000e+00
3                                      0.0000000000000000e+00        -3.6166530261975477e-01         0.0000000000000000e+00
4                                      0.0000000000000000e+00         2.5962298755732627e-01         0.0000000000000000e+00
$End
$Geometry
   &GeometryIndex 96
   &ListStatus       OUT
   &NATOMS [&Type "Integer"] 35
   &NCORELESSECP [&Type "Integer"] 0
   &NGHOSTATOMS [&Type "Integer"] 0
   &CartesianCoordinates [&Type "Coordinates", &Dim(35,4), &Units "Bohr"] 
              C     -3.125532407477   -3.693593576318   -0.710968861501
              C     -2.286945554492   -5.634264745478   -2.282011197126
              C      0.137865067048   -5.618900528575   -3.184819026613
              C     -1.530511943838   -1.763268634203   -0.067898311374
              C      0.995013352347   -1.697425088512   -0.917356420209
              O     -2.366710281688    0.104470147062    1.561132208086
              C      1.808327354306   -3.674083197741   -2.525540377102
              C      4.331214873625   -3.690243025986   -3.502046862539
              C      5.990863370304   -1.855036463596   -2.934455774329
              C      2.823027798162    0.213235939678   -0.279712452220
              C      5.275753466776    0.156543588050   -1.286049752118
              N      2.265740704855    2.124497719445    1.335682437115
              C      3.864124114279    3.944490827586    1.982169388830
              C      6.277912403556    3.977958333519    1.000556514628
              C      6.971487448311    2.075089276405   -0.622880110453
              C     -4.497149708571    1.485620390334    0.881750655281
              O     -5.246117689788    1.533038877572   -1.280041254080
              N     -5.464932096122    2.715708787249    2.853698092365
              C     -7.546194018339    4.462286021898    2.454277647208
              C     -4.584193845753    2.483560307338    5.447530005893
              H     -3.331259342152    0.878940902525    5.652886211954
              H     -6.216759468319    2.216881043717    6.674017047905
              H     -3.600588660614    4.201466764925    6.024479426908
              H     -7.918455915253    4.649373186500    0.449023992596
              H     -7.052107895576    6.303321325601    3.236315068045
              H     -9.238428325207    3.769914389696    3.405979814986
              H      0.802851457605   -7.108645529737   -4.413881482890
              H     -5.038725343374   -3.691465599156    0.006518405472
              H     -3.566397840946   -7.146579491936   -2.779630052663
              H      4.866553481073   -5.232273309745   -4.733166266371
              H      7.890998637132   -1.863710434504   -3.687292015166
              H      3.156734229560    5.341446744395    3.290189043052
              H      7.566381437293    5.467669161017    1.528365762996
              H      8.857911706750    2.030153076037   -1.412661906032
              H      0.503843043148    2.126162353175    2.099783496455
$End
$SCF_Energy
   &GeometryIndex 96
   &ListStatus       OUT
   &SCF_ENERGY [&Type "Double"]      -8.7844790882789073e+02
$End
$DFT_Energy
   &GeometryIndex 96
   &ListStatus       OUT
   &NALPHAEL [&Type "Integer"] 70
   &NBETAEL [&Type "Integer"] 70
   &NTOTALEL [&Type "Integer"] 139
   &EEXCHANGE [&Type "Double"]       0.0000000000000000e+00
   &ECORR [&Type "Double"]       0.0000000000000000e+00
   &ECNL [&Type "Double"]       0.0000000000000000e+00
   &EXC [&Type "Double"]      -8.9693545462227888e+01
   &EEMBED [&Type "Double"]       0.0000000000000000e+00
   &FINALEN [&Type "Double"]      -8.7844790882789073e+02  "No Van der Waals correction"
$End
$Solvation_Details
   &GeometryIndex 96
   &ListStatus       OUT
   &SOLVENT [&Type "String"] "WATER"
   &EPSILON [&Type "Double"]       8.0150999999999996e+01
   &REFRAC [&Type "Double"]       1.3328000000000000e+00
   &RSOLV [&Type "Double"]       1.3000000000000000e+00
   &SURFACETYPE [&Type "String"] "GAUSSIAN VDW"
   &NPOINTS [&Type "Integer"] 3047
   &SURFACEAREA [&Type "Double"]       1.0796768505990001e+03
   &CPCMDIELENERGY [&Type "Double"]      -8.8549478000000001e-02
$End
$CIS_Absorption_Spectrum
   &GeometryIndex 96
   &ListStatus       OUT
   &TEMPERATURE [&Type "Double"]       2.9814999999999998e+02
   &METHOD [&Type "Integer"] 20
   &RELCORRECTION [&Type "Integer"] 1 "Type of relativistic treatment in QDPT. 0->Unknow, 1->None, 2->SOC, 3->SSC, 4->SOC/SSC"
   &DENSTYPE [&Type "Integer"] 3 "Type of density (electron/spin ...). 0->Unknow, 1->Electronic, 2->Spin, 3->Trans/Electronic, 4->Tran/Spin"
   &DERITYPE [&Type "Integer"] 0 "Type of derivative (w.r.t. to what perturbation). 0->Unknown, 1->No Derivative, 2->Electric/Dipole, 3->Electric/Quad, 4->Magnetic/Dipole, 5->Magnetic/Quad"
   &DENSLEVEL [&Type "Integer"] 0 "// Source of density: relaxed, unrelaxed, ... 0->Unknown, 1->Linearized, 2->Unrelaxed, 3->Relaxed"
   &REPRESENTATION [&Type "String"] "Length" "Possible values: Unknown,  Length, Velocity"
   &POINTGROUP [&Type "String"] "C1"
   &NTRANS [&Type "Integer"] 5
   &DOHIGHERMOMENTS [&Type "Boolean"] false
   &STATES [&Type "ArrayOfIntegers", &Dim (5,4)] "The initial and Final states. Col1: Initial State  Col2: Initial Irrep Col3: Final State Col4: Final Irrep"
                                                         0                           1                           2                           3

0                                                        0                           0                           1                           0
1                                                        0                           0                           2                           0
2                                                        0                           0                           3                           0
3                                                        0                           0                           4                           0
4                                                        0                           0                           5                           0
   &MULTIPLICITIES [&Type "ArrayOfDoubles", &Dim (5,2)] "Col1: Multiplicity of the initial state  Col2: Multiplicity of the final state"
                                                         0                           1

0                                      1.0000000000000000e+00         1.0000000000000000e+00
1                                      1.0000000000000000e+00         1.0000000000000000e+00
2                                      1.0000000000000000e+00         1.0000000000000000e+00
3                                      1.0000000000000000e+00         1.0000000000000000e+00
4                                      1.0000000000000000e+00         1.0000000000000000e+00
   &EXCITATIONENERGIES [&Type "ArrayOfDoubles", &Dim (5,11)] 
                                                         0                           1                           2                           3                           4                           5                           6                           7

0                                      3.9237440584040049e+00         3.1647133411329229e+04         3.1598438537943974e+02         3.1949230704658116e-01         3.3235453935027870e+00        -1.5475115561141903e+00         0.0000000000000000e+00        -9.5821222284397689e-01
1                                      4.3988521611020222e+00         3.5479139089345728e+04         2.8185576811256300e+02         1.2133194737270443e-02         1.1258426122464231e-01         1.4503285131451060e-01         0.0000000000000000e+00         2.5217825386966519e-01
2                                      4.8280988034535710e+00         3.8941247105226379e+04         2.5679711728230399e+02         1.3732450305330390e+00         1.1609506727963934e+01        -1.2316669655773647e+00         0.0000000000000000e+00        -2.8329581163821285e+00
3                                      5.1370591916678183e+00         4.1433180951851806e+04         2.4135245641942586e+02         3.1995489825668644e-01         2.5422372262983486e+00         1.5363514447118864e+00         0.0000000000000000e+00         2.2601565875252508e-01
4                                      5.3590989135250400e+00         4.3224052271600463e+04         2.3135267228450741e+02         2.0526425526980762e-02         1.5633759812771109e-01        -1.5186836559703029e-01         0.0000000000000000e+00         2.5666036295236200e-01
                                                         8                           9                          10

0                                      0.0000000000000000e+00        -1.0287231497457704e-01         0.0000000000000000e+00
1                                      0.0000000000000000e+00         1.6720006441228444e-01         0.0000000000000000e+00
2                                      0.0000000000000000e+00        -1.4376548698119462e+00         0.0000000000000000e+00
3                                      0.0000000000000000e+00        -3.6163294461195000e-01         0.0000000000000000e+00
4                                      0.0000000000000000e+00         2.5961328114670801e-01         0.0000000000000000e+00
$End
$Geometry
   &GeometryIndex 97
   &ListStatus       OUT
   &NATOMS [&Type "Integer"] 35
   &NCORELESSECP [&Type "Integer"] 0
   &NGHOSTATOMS [&Type "Integer"] 0
   &CartesianCoordinates [&Type "Coordinates", &Dim(35,4), &Units "Bohr"] 
              C     -3.125602622177   -3.693597092071   -0.710944759607
              C     -2.286890823677   -5.634208445371   -2.281995335457
              C      0.137832208048   -5.618834566455   -3.184763310489
              C     -1.530510444347   -1.763266195130   -0.067897363363
              C      0.995013616686   -1.697425338630   -0.917356696382
              O     -2.366710231585    0.104469924867    1.561132073303
              C      1.808321583748   -3.674086011143   -2.525540072230
              C      4.331228780218   -3.690312146125   -3.502098047731
              C      5.991014624020   -1.855031032303   -2.934511670373
              C      2.823026872261    0.213236190106   -0.279711937650
              C      5.275751934149    0.156546887971   -1.286046899344
              N      2.265740593233    2.124497966659    1.335682665542
              C      3.864123531082    3.944491351564    1.982170011462
              C      6.277909279773    3.977955635360    1.000555874396
              C      6.971509265458    2.075088705667   -0.622889269694
              C     -4.497149721474    1.485620208476    0.881750282636
              O     -5.246117616484    1.533039075720   -1.280041156099
              N     -5.464932129479    2.715708795926    2.853698170112
              C     -7.546194001632    4.462286006221    2.454277572868
              C     -4.584193834071    2.483560249302    5.447529978734
              H     -3.331259649175    0.878941289765    5.652886169771
              H     -6.216759656386    2.216881008722    6.674017268239
              H     -3.600588425279    4.201467160008    6.024479598973
              H     -7.918455762286    4.649373095912    0.449024621648
              H     -7.052107838226    6.303321706285    3.236315217359
              H     -9.238428618249    3.769914280212    3.405979979049
              H      0.803190163649   -7.109396273848   -4.414502548879
              H     -5.037920295274   -3.691461713050    0.006221652560
              H     -3.566959979887   -7.147237610995   -2.779844512620
              H      4.866315575988   -5.231565226256   -4.732604124576
              H      7.889333107973   -1.863701172561   -3.686631038653
              H      3.156737575967    5.341439786631    3.290182614476
              H      7.566412387643    5.467702969074    1.528377030765
              H      8.857665109008    2.030155291088   -1.412561313590
              H      0.503846661640    2.126161657349    2.099781355114
$End
$SCF_Energy
   &GeometryIndex 97
   &ListStatus       OUT
   &SCF_ENERGY [&Type "Double"]      -8.7844790888198372e+02
$End
$DFT_Energy
   &GeometryIndex 97
   &ListStatus       OUT
   &NALPHAEL [&Type "Integer"] 70
   &NBETAEL [&Type "Integer"] 70
   &NTOTALEL [&Type "Integer"] 139
   &EEXCHANGE [&Type "Double"]       0.0000000000000000e+00
   &ECORR [&Type "Double"]       0.0000000000000000e+00
   &ECNL [&Type "Double"]       0.0000000000000000e+00
   &EXC [&Type "Double"]      -8.9693814665475202e+01
   &EEMBED [&Type "Double"]       0.0000000000000000e+00
   &FINALEN [&Type "Double"]      -8.7844790888198372e+02  "No Van der Waals correction"
$End
$Solvation_Details
   &GeometryIndex 97
   &ListStatus       OUT
   &SOLVENT [&Type "String"] "WATER"
   &EPSILON [&Type "Double"]       8.0150999999999996e+01
   &REFRAC [&Type "Double"]       1.3328000000000000e+00
   &RSOLV [&Type "Double"]       1.3000000000000000e+00
   &SURFACETYPE [&Type "String"] "GAUSSIAN VDW"
   &NPOINTS [&Type "Integer"] 3049
   &SURFACEAREA [&Type "Double"]       1.0796597378570000e+03
   &CPCMDIELENERGY [&Type "Double"]      -8.8548935999999995e-02
$End
$CIS_Absorption_Spectrum
   &GeometryIndex 97
   &ListStatus       OUT
   &TEMPERATURE [&Type "Double"]       2.9814999999999998e+02
   &METHOD [&Type "Integer"] 20
   &RELCORRECTION [&Type "Integer"] 1 "Type of relativistic treatment in QDPT. 0->Unknow, 1->None, 2->SOC, 3->SSC, 4->SOC/SSC"
   &DENSTYPE [&Type "Integer"] 3 "Type of density (electron/spin ...). 0->Unknow, 1->Electronic, 2->Spin, 3->Trans/Electronic, 4->Tran/Spin"
   &DERITYPE [&Type "Integer"] 0 "Type of derivative (w.r.t. to what perturbation). 0->Unknown, 1->No Derivative, 2->Electric/Dipole, 3->Electric/Quad, 4->Magnetic/Dipole, 5->Magnetic/Quad"
   &DENSLEVEL [&Type "Integer"] 0 "// Source of density: relaxed, unrelaxed, ... 0->Unknown, 1->Linearized, 2->Unrelaxed, 3->Relaxed"
   &REPRESENTATION [&Type "String"] "Length" "Possible values: Unknown,  Length, Velocity"
   &POINTGROUP [&Type "String"] "C1"
   &NTRANS [&Type "Integer"] 5
   &DOHIGHERMOMENTS [&Type "Boolean"] false
   &STATES [&Type "ArrayOfIntegers", &Dim (5,4)] "The initial and Final states. Col1: Initial State  Col2: Initial Irrep Col3: Final State Col4: Final Irrep"
                                                         0                           1                           2                           3

0                                                        0                           0                           1                           0
1                                                        0                           0                           2                           0
2                                                        0                           0                           3                           0
3                                                        0                           0                           4                           0
4                                                        0                           0                           5                           0
   &MULTIPLICITIES [&Type "ArrayOfDoubles", &Dim (5,2)] "Col1: Multiplicity of the initial state  Col2: Multiplicity of the final state"
                                                         0                           1

0                                      1.0000000000000000e+00         1.0000000000000000e+00
1                                      1.0000000000000000e+00         1.0000000000000000e+00
2                                      1.0000000000000000e+00         1.0000000000000000e+00
3                                      1.0000000000000000e+00         1.0000000000000000e+00
4                                      1.0000000000000000e+00         1.0000000000000000e+00
   &EXCITATIONENERGIES [&Type "ArrayOfDoubles", &Dim (5,11)] 
                                                         0                           1                           2                           3                           4                           5                           6                           7

0                                      3.9236881687163589e+00         3.1646682630550735e+04         3.1598888631525335e+02         3.1947880836215836e-01         3.3234523114620620e+00        -1.5474283226655390e+00         0.0000000000000000e+00        -9.5828976283792378e-01
1                                      4.3987950723275731e+00         3.5478678637278928e+04         2.8185942611438134e+02         1.2127015131557265e-02         1.1252838089174526e-01         1.4500532680292461e-01         0.0000000000000000e+00         2.5210647973194633e-01
2                                      4.8280219426451882e+00         3.8940627180934491e+04         2.5680120542321532e+02         1.3733339582444906e+00         1.1610443361061822e+01        -1.2317515021383225e+00         0.0000000000000000e+00        -2.8330680786114493e+00
3                                      5.1369763047668826e+00         4.1432512423840577e+04         2.4135635072532858e+02         3.1980592875225827e-01         2.5410945733179804e+00         1.5360129965948213e+00         0.0000000000000000e+00         2.2624475931846830e-01
4                                      5.3591141467628756e+00         4.3224175135962381e+04         2.3135201466644136e+02         2.0535591703315773e-02         1.5640696686475425e-01        -1.5200013701558140e-01         0.0000000000000000e+00         2.5667680063276765e-01
                                                         8                           9                          10

0                                      0.0000000000000000e+00        -1.0294963872988862e-01         0.0000000000000000e+00
1                                      0.0000000000000000e+00         1.6716506503360093e-01         0.0000000000000000e+00
2                                      0.0000000000000000e+00        -1.4376915037638083e+00         0.0000000000000000e+00
3                                      0.0000000000000000e+00        -3.6134741799368986e-01         0.0000000000000000e+00
4                                      0.0000000000000000e+00         2.5965350994917280e-01         0.0000000000000000e+00
$End
$Geometry
   &GeometryIndex 98
   &ListStatus       OUT
   &NATOMS [&Type "Integer"] 35
   &NCORELESSECP [&Type "Integer"] 0
   &NGHOSTATOMS [&Type "Integer"] 0
   &CartesianCoordinates [&Type "Coordinates", &Dim(35,4), &Units "Bohr"] 
              C     -3.125738052259   -3.693596265894   -0.710893378805
              C     -2.286943788390   -5.634275318263   -2.282018745126
              C      0.137845441879   -5.618854603733   -3.184781498637
              C     -1.530506600733   -1.763259792012   -0.067894841803
              C      0.995014555937   -1.697425383985   -0.917357169089
              O     -2.366710253781    0.104469232369    1.561131725297
              C      1.808325875644   -3.674084460957   -2.525540634375
              C      4.331214625700   -3.690246711248   -3.502049199949
              C      5.990888148625   -1.855035869478   -2.934465130932
              C      2.823027519211    0.213235955316   -0.279712331297
              C      5.275753111337    0.156543734115   -1.286049506028
              N      2.265740675001    2.124497890842    1.335682576238
              C      3.864123810237    3.944490922961    1.982169588985
              C      6.277911660293    3.977957581225    1.000556284702
              C      6.971493932277    2.075089273191   -0.622882717511
              C     -4.497149750867    1.485619952145    0.881749684041
              O     -5.246117477611    1.533039397127   -1.280041018586
              N     -5.464932175603    2.715708797293    2.853698292741
              C     -7.546193976032    4.462285993510    2.454277490015
              C     -4.584193809985    2.483560171567    5.447529950413
              H     -3.331260126850    0.878941914701    5.652886097626
              H     -6.216759889723    2.216880972625    6.674017556115
              H     -3.600588170954    4.201467560676    6.024479790750
              H     -7.918455570503    4.649372984550    0.449025332517
              H     -7.052107788747    6.303322118729    3.236315379562
              H     -9.238428938292    3.769914147745    3.405980180015
              H      0.803083734171   -7.109170625601   -4.414314065846
              H     -5.036400288064   -3.691463661039    0.005655512713
              H     -3.566358657443   -7.146520768154   -2.779606385336
              H      4.866545368493   -5.232242927957   -4.733142875670
              H      7.890723775681   -1.863708399335   -3.687182607372
              H      3.156735318762    5.341444513533    3.290186982296
              H      7.566389891516    5.467678460852    1.528368883698
              H      8.857838726733    2.030154121444   -1.412631883626
              H      0.503844390265    2.126161886375    2.099782340655
$End
$SCF_Energy
   &GeometryIndex 98
   &ListStatus       OUT
   &SCF_ENERGY [&Type "Double"]      -8.7844790886830572e+02
$End
$DFT_Energy
   &GeometryIndex 98
   &ListStatus       OUT
   &NALPHAEL [&Type "Integer"] 70
   &NBETAEL [&Type "Integer"] 70
   &NTOTALEL [&Type "Integer"] 139
   &EEXCHANGE [&Type "Double"]       0.0000000000000000e+00
   &ECORR [&Type "Double"]       0.0000000000000000e+00
   &ECNL [&Type "Double"]       0.0000000000000000e+00
   &EXC [&Type "Double"]      -8.9693862058522654e+01
   &EEMBED [&Type "Double"]       0.0000000000000000e+00
   &FINALEN [&Type "Double"]      -8.7844790886830572e+02  "No Van der Waals correction"
$End
$Solvation_Details
   &GeometryIndex 98
   &ListStatus       OUT
   &SOLVENT [&Type "String"] "WATER"
   &EPSILON [&Type "Double"]       8.0150999999999996e+01
   &REFRAC [&Type "Double"]       1.3328000000000000e+00
   &RSOLV [&Type "Double"]       1.3000000000000000e+00
   &SURFACETYPE [&Type "String"] "GAUSSIAN VDW"
   &NPOINTS [&Type "Integer"] 3048
   &SURFACEAREA [&Type "Double"]       1.0796627636010001e+03
   &CPCMDIELENERGY [&Type "Double"]      -8.8548922000000002e-02
$End
$CIS_Absorption_Spectrum
   &GeometryIndex 98
   &ListStatus       OUT
   &TEMPERATURE [&Type "Double"]       2.9814999999999998e+02
   &METHOD [&Type "Integer"] 20
   &RELCORRECTION [&Type "Integer"] 1 "Type of relativistic treatment in QDPT. 0->Unknow, 1->None, 2->SOC, 3->SSC, 4->SOC/SSC"
   &DENSTYPE [&Type "Integer"] 3 "Type of density (electron/spin ...). 0->Unknow, 1->Electronic, 2->Spin, 3->Trans/Electronic, 4->Tran/Spin"
   &DERITYPE [&Type "Integer"] 0 "Type of derivative (w.r.t. to what perturbation). 0->Unknown, 1->No Derivative, 2->Electric/Dipole, 3->Electric/Quad, 4->Magnetic/Dipole, 5->Magnetic/Quad"
   &DENSLEVEL [&Type "Integer"] 0 "// Source of density: relaxed, unrelaxed, ... 0->Unknown, 1->Linearized, 2->Unrelaxed, 3->Relaxed"
   &REPRESENTATION [&Type "String"] "Length" "Possible values: Unknown,  Length, Velocity"
   &POINTGROUP [&Type "String"] "C1"
   &NTRANS [&Type "Integer"] 5
   &DOHIGHERMOMENTS [&Type "Boolean"] false
   &STATES [&Type "ArrayOfIntegers", &Dim (5,4)] "The initial and Final states. Col1: Initial State  Col2: Initial Irrep Col3: Final State Col4: Final Irrep"
                                                         0                           1                           2                           3

0                                                        0                           0                           1                           0
1                                                        0                           0                           2                           0
2                                                        0                           0                           3                           0
3                                                        0                           0                           4                           0
4                                                        0                           0                           5                           0
   &MULTIPLICITIES [&Type "ArrayOfDoubles", &Dim (5,2)] "Col1: Multiplicity of the initial state  Col2: Multiplicity of the final state"
                                                         0                           1

0                                      1.0000000000000000e+00         1.0000000000000000e+00
1                                      1.0000000000000000e+00         1.0000000000000000e+00
2                                      1.0000000000000000e+00         1.0000000000000000e+00
3                                      1.0000000000000000e+00         1.0000000000000000e+00
4                                      1.0000000000000000e+00         1.0000000000000000e+00
   &EXCITATIONENERGIES [&Type "ArrayOfDoubles", &Dim (5,11)] 
                                                         0                           1                           2                           3                           4                           5                           6                           7

0                                      3.9236943434034122e+00         3.1646732432765672e+04         3.1598838904601814e+02         3.1947458591258615e-01         3.3234031564305080e+00        -1.5473782556844846e+00         0.0000000000000000e+00        -9.5833923261663323e-01
1                                      4.3988060141751211e+00         3.5478766889240316e+04         2.8185872500074714e+02         1.2124149501874473e-02         1.1250151044326925e-01         1.4492454074362465e-01         0.0000000000000000e+00         2.5208557907642531e-01
2                                      4.8280410510476992e+00         3.8940781300610623e+04         2.5680018905638116e+02         1.3731747755832018e+00         1.1609051652169031e+01        -1.2313617022484542e+00         0.0000000000000000e+00        -2.8329610873678943e+00
3                                      5.1369289045195439e+00         4.1432130115023043e+04         2.4135857780515269e+02         3.1985258890938584e-01         2.5414887737608085e+00         1.5361330763535084e+00         0.0000000000000000e+00         2.2624838516416670e-01
4                                      5.3591360655432663e+00         4.3224351922867165e+04         2.3135106844041903e+02         2.0531068376611058e-02         1.5637187590728152e-01        -1.5215002716029202e-01         0.0000000000000000e+00         2.5654489656697926e-01
                                                         8                           9                          10

0                                      0.0000000000000000e+00        -1.0300293924501369e-01         0.0000000000000000e+00
1                                      0.0000000000000000e+00         1.6718626963725833e-01         0.0000000000000000e+00
2                                      0.0000000000000000e+00        -1.4377522345189166e+00         0.0000000000000000e+00
3                                      0.0000000000000000e+00        -3.6138015123152739e-01         0.0000000000000000e+00
4                                      0.0000000000000000e+00         2.5962850611564564e-01         0.0000000000000000e+00
$End
$Geometry
   &GeometryIndex 99
   &ListStatus       OUT
   &NATOMS [&Type "Integer"] 35
   &NCORELESSECP [&Type "Integer"] 0
   &NGHOSTATOMS [&Type "Integer"] 0
   &CartesianCoordinates [&Type "Coordinates", &Dim(35,4), &Units "Bohr"] 
              C     -3.125615528251   -3.693597308709   -0.710940045152
              C     -2.286888762622   -5.634207632375   -2.281995588771
              C      0.137826769957   -5.618823591931   -3.184754062289
              C     -1.530510148198   -1.763265735992   -0.067897193287
              C      0.995014226563   -1.697425176166   -0.917356831305
              O     -2.366710235476    0.104469946777    1.561132077476
              C      1.808324671089   -3.674086004848   -2.525541242841
              C      4.331213591658   -3.690242762938   -3.502046181719
              C      5.990883953590   -1.855036264723   -2.934463743415
              C      2.823027783536    0.213234376976   -0.279713576508
              C      5.275753701002    0.156544929101   -1.286048907052
              N      2.265741103465    2.124496569710    1.335681433148
              C      3.864096405951    3.944554038857    1.982226762023
              C      6.277831126042    3.977858411545    1.000518972819
              C      6.971471600247    2.075094305161   -0.622870191077
              C     -4.497149648983    1.485620147736    0.881750246369
              O     -5.246117618073    1.533039120148   -1.280041153225
              N     -5.464932149856    2.715708809575    2.853698191220
              C     -7.546193986797    4.462285999401    2.454277568120
              C     -4.584193746651    2.483560115050    5.447529945440
              H     -3.331260563315    0.878942480163    5.652886007892
              H     -6.216760049326    2.216880949710    6.674017575764
              H     -3.600588077420    4.201467684436    6.024479772769
              H     -7.918455749664    4.649373089573    0.449024645319
              H     -7.052107828712    6.303321844572    3.236315266393
              H     -9.238428754841    3.769914252764    3.405980045556
              H      0.803245393417   -7.109523564036   -4.414606868627
              H     -5.037773771771   -3.691461532759    0.006167303824
              H     -3.566975077891   -7.147253512788   -2.779849111679
              H      4.866560505608   -5.232285264828   -4.733176761048
              H      7.890769451778   -1.863708680105   -3.687200811719
              H      3.157085034822    5.340743519206    3.289532710759
              H      7.567336112596    5.468774111226    1.528757970984
              H      8.858084004737    2.030144768942   -1.412736785029
              H      0.503836737084    2.126166669956    2.099789289723
$End
$SCF_Energy
   &GeometryIndex 99
   &ListStatus       OUT
   &SCF_ENERGY [&Type "Double"]      -8.7844790883122619e+02
$End
$DFT_Energy
   &GeometryIndex 99
   &ListStatus       OUT
   &NALPHAEL [&Type "Integer"] 70
   &NBETAEL [&Type "Integer"] 70
   &NTOTALEL [&Type "Integer"] 139
   &EEXCHANGE [&Type "Double"]       0.0000000000000000e+00
   &ECORR [&Type "Double"]       0.0000000000000000e+00
   &ECNL [&Type "Double"]       0.0000000000000000e+00
   &EXC [&Type "Double"]      -8.9693314641597070e+01
   &EEMBED [&Type "Double"]       0.0000000000000000e+00
   &FINALEN [&Type "Double"]      -8.7844790883122619e+02  "No Van der Waals correction"
$End
$Solvation_Details
   &GeometryIndex 99
   &ListStatus       OUT
   &SOLVENT [&Type "String"] "WATER"
   &EPSILON [&Type "Double"]       8.0150999999999996e+01
   &REFRAC [&Type "Double"]       1.3328000000000000e+00
   &RSOLV [&Type "Double"]       1.3000000000000000e+00
   &SURFACETYPE [&Type "String"] "GAUSSIAN VDW"
   &NPOINTS [&Type "Integer"] 3049
   &SURFACEAREA [&Type "Double"]       1.0797002765509999e+03
   &CPCMDIELENERGY [&Type "Double"]      -8.8549822000000000e-02
$End
$CIS_Absorption_Spectrum
   &GeometryIndex 99
   &ListStatus       OUT
   &TEMPERATURE [&Type "Double"]       2.9814999999999998e+02
   &METHOD [&Type "Integer"] 20
   &RELCORRECTION [&Type "Integer"] 1 "Type of relativistic treatment in QDPT. 0->Unknow, 1->None, 2->SOC, 3->SSC, 4->SOC/SSC"
   &DENSTYPE [&Type "Integer"] 3 "Type of density (electron/spin ...). 0->Unknow, 1->Electronic, 2->Spin, 3->Trans/Electronic, 4->Tran/Spin"
   &DERITYPE [&Type "Integer"] 0 "Type of derivative (w.r.t. to what perturbation). 0->Unknown, 1->No Derivative, 2->Electric/Dipole, 3->Electric/Quad, 4->Magnetic/Dipole, 5->Magnetic/Quad"
   &DENSLEVEL [&Type "Integer"] 0 "// Source of density: relaxed, unrelaxed, ... 0->Unknown, 1->Linearized, 2->Unrelaxed, 3->Relaxed"
   &REPRESENTATION [&Type "String"] "Length" "Possible values: Unknown,  Length, Velocity"
   &POINTGROUP [&Type "String"] "C1"
   &NTRANS [&Type "Integer"] 5
   &DOHIGHERMOMENTS [&Type "Boolean"] false
   &STATES [&Type "ArrayOfIntegers", &Dim (5,4)] "The initial and Final states. Col1: Initial State  Col2: Initial Irrep Col3: Final State Col4: Final Irrep"
                                                         0                           1                           2                           3

0                                                        0                           0                           1                           0
1                                                        0                           0                           2                           0
2                                                        0                           0                           3                           0
3                                                        0                           0                           4                           0
4                                                        0                           0                           5                           0
   &MULTIPLICITIES [&Type "ArrayOfDoubles", &Dim (5,2)] "Col1: Multiplicity of the initial state  Col2: Multiplicity of the final state"
                                                         0                           1

0                                      1.0000000000000000e+00         1.0000000000000000e+00
1                                      1.0000000000000000e+00         1.0000000000000000e+00
2                                      1.0000000000000000e+00         1.0000000000000000e+00
3                                      1.0000000000000000e+00         1.0000000000000000e+00
4                                      1.0000000000000000e+00         1.0000000000000000e+00
   &EXCITATIONENERGIES [&Type "ArrayOfDoubles", &Dim (5,11)] 
                                                         0                           1                           2                           3                           4                           5                           6                           7

0                                      3.9237777028912575e+00         3.1647404772447790e+04         3.1598167596687085e+02         3.1959617765342740e-01         3.3245974091092423e+00        -1.5475654409282993e+00         0.0000000000000000e+00        -9.5864556596893169e-01
1                                      4.3988362693979415e+00         3.5479010914094826e+04         2.8185678637470915e+02         1.2123452204970988e-02         1.1249426639589145e-01         1.4492153993161747e-01         0.0000000000000000e+00         2.5207938038121991e-01
2                                      4.8281194467191400e+00         3.8941413604409252e+04         2.5679601931214233e+02         1.3731536097628712e+00         1.1608684215883200e+01        -1.2313882987849891e+00         0.0000000000000000e+00        -2.8329073670954892e+00
3                                      5.1370094855412241e+00         4.1432780044861887e+04         2.4135479176565917e+02         3.1994812906837944e-01         2.5422080393360678e+00         1.5363504194058721e+00         0.0000000000000000e+00         2.2633271630886206e-01
4                                      5.3590774813855617e+00         4.3223879409719761e+04         2.3135359751515730e+02         2.0525636448289086e-02         1.5633221338843284e-01        -1.5177060159680114e-01         0.0000000000000000e+00         2.5672143206548598e-01
                                                         8                           9                          10

0                                      0.0000000000000000e+00        -1.0313725806781962e-01         0.0000000000000000e+00
1                                      0.0000000000000000e+00         1.6717655232226891e-01         0.0000000000000000e+00
2                                      0.0000000000000000e+00        -1.4377075234395595e+00         0.0000000000000000e+00
3                                      0.0000000000000000e+00        -3.6139857450704066e-01         0.0000000000000000e+00
4                                      0.0000000000000000e+00         2.5959969991820864e-01         0.0000000000000000e+00
$End
$Geometry
   &GeometryIndex 100
   &ListStatus       OUT
   &NATOMS [&Type "Integer"] 35
   &NCORELESSECP [&Type "Integer"] 0
   &NGHOSTATOMS [&Type "Integer"] 0
   &CartesianCoordinates [&Type "Coordinates", &Dim(35,4), &Units "Bohr"] 
              C     -3.125615413407   -3.693597381676   -0.710940135888
              C     -2.286888824504   -5.634207645534   -2.281995575413
              C      0.137826732263   -5.618823469338   -3.184753970471
              C     -1.530510014939   -1.763265723414   -0.067897240732
              C      0.995014077283   -1.697425393125   -0.917356921385
              O     -2.366710190832    0.104469980055    1.561132097454
              C      1.808324571480   -3.674085957915   -2.525541168245
              C      4.331213442956   -3.690242359935   -3.502045856543
              C      5.990884641515   -1.855036171670   -2.934463948586
              C      2.823027435799    0.213234255716   -0.279713517099
              C      5.275752419214    0.156542865026   -1.286049846353
              N      2.265739351773    2.124494173505    1.335680420048
              C      3.864071804996    3.944583536158    1.982258414345
              C      6.277974540935    3.978022631825    1.000576553563
              C      6.971504922632    2.075085432935   -0.622889840573
              C     -4.497149662162    1.485620169927    0.881750241173
              O     -5.246117615653    1.533039116744   -1.280041150414
              N     -5.464932149143    2.715708804882    2.853698188991
              C     -7.546193988006    4.462285999100    2.454277569424
              C     -4.584193742587    2.483560100724    5.447529942492
              H     -3.331260633227    0.878942569312    5.652885997344
              H     -6.216760065260    2.216880948236    6.674017582717
              H     -3.600588025257    4.201467756571    6.024479789616
              H     -7.918455754534    4.649373090526    0.449024621367
              H     -7.052107832114    6.303321830940    3.236315262543
              H     -9.238428742842    3.769914257606    3.405980036710
              H      0.803245931366   -7.109524815241   -4.414607897550
              H     -5.037775075471   -3.691461536637    0.006167792542
              H     -3.566974779051   -7.147253148604   -2.779848993044
              H      4.866562012341   -5.232288665364   -4.733179610373
              H      7.890762885665   -1.863708026388   -3.687197729494
              H      3.157265012320    5.340410655328    3.289216214117
              H      7.565747052449    5.466944916433    1.528112244138
              H      8.857727175354    2.030159698514   -1.412583204727
              H      0.503833293323    2.126169096372    2.099792470742
$End
$SCF_Energy
   &GeometryIndex 100
   &ListStatus       OUT
   &SCF_ENERGY [&Type "Double"]      -8.7844790883240273e+02
$End
$DFT_Energy
   &GeometryIndex 100
   &ListStatus       OUT
   &NALPHAEL [&Type "Integer"] 70
   &NBETAEL [&Type "Integer"] 70
   &NTOTALEL [&Type "Integer"] 139
   &EEXCHANGE [&Type "Double"]       0.0000000000000000e+00
   &ECORR [&Type "Double"]       0.0000000000000000e+00
   &ECNL [&Type "Double"]       0.0000000000000000e+00
   &EXC [&Type "Double"]      -8.9693804143751706e+01
   &EEMBED [&Type "Double"]       0.0000000000000000e+00
   &FINALEN [&Type "Double"]      -8.7844790883240273e+02  "No Van der Waals correction"
$End
$Solvation_Details
   &GeometryIndex 100
   &ListStatus       OUT
   &SOLVENT [&Type "String"] "WATER"
   &EPSILON [&Type "Double"]       8.0150999999999996e+01
   &REFRAC [&Type "Double"]       1.3328000000000000e+00
   &RSOLV [&Type "Double"]       1.3000000000000000e+00
   &SURFACETYPE [&Type "String"] "GAUSSIAN VDW"
   &NPOINTS [&Type "Integer"] 3048
   &SURFACEAREA [&Type "Double"]       1.0796620656790001e+03
   &CPCMDIELENERGY [&Type "Double"]      -8.8549544999999993e-02
$End
$CIS_Absorption_Spectrum
   &GeometryIndex 100
   &ListStatus       OUT
   &TEMPERATURE [&Type "Double"]       2.9814999999999998e+02
   &METHOD [&Type "Integer"] 20
   &RELCORRECTION [&Type "Integer"] 1 "Type of relativistic treatment in QDPT. 0->Unknow, 1->None, 2->SOC, 3->SSC, 4->SOC/SSC"
   &DENSTYPE [&Type "Integer"] 3 "Type of density (electron/spin ...). 0->Unknow, 1->Electronic, 2->Spin, 3->Trans/Electronic, 4->Tran/Spin"
   &DERITYPE [&Type "Integer"] 0 "Type of derivative (w.r.t. to what perturbation). 0->Unknown, 1->No Derivative, 2->Electric/Dipole, 3->Electric/Quad, 4->Magnetic/Dipole, 5->Magnetic/Quad"
   &DENSLEVEL [&Type "Integer"] 0 "// Source of density: relaxed, unrelaxed, ... 0->Unknown, 1->Linearized, 2->Unrelaxed, 3->Relaxed"
   &REPRESENTATION [&Type "String"] "Length" "Possible values: Unknown,  Length, Velocity"
   &POINTGROUP [&Type "String"] "C1"
   &NTRANS [&Type "Integer"] 5
   &DOHIGHERMOMENTS [&Type "Boolean"] false
   &STATES [&Type "ArrayOfIntegers", &Dim (5,4)] "The initial and Final states. Col1: Initial State  Col2: Initial Irrep Col3: Final State Col4: Final Irrep"
                                                         0                           1                           2                           3

0                                                        0                           0                           1                           0
1                                                        0                           0                           2                           0
2                                                        0                           0                           3                           0
3                                                        0                           0                           4                           0
4                                                        0                           0                           5                           0
   &MULTIPLICITIES [&Type "ArrayOfDoubles", &Dim (5,2)] "Col1: Multiplicity of the initial state  Col2: Multiplicity of the final state"
                                                         0                           1

0                                      1.0000000000000000e+00         1.0000000000000000e+00
1                                      1.0000000000000000e+00         1.0000000000000000e+00
2                                      1.0000000000000000e+00         1.0000000000000000e+00
3                                      1.0000000000000000e+00         1.0000000000000000e+00
4                                      1.0000000000000000e+00         1.0000000000000000e+00
   &EXCITATIONENERGIES [&Type "ArrayOfDoubles", &Dim (5,11)] 
                                                         0                           1                           2                           3                           4                           5                           6                           7

0                                      3.9237516341964089e+00         3.1647194514222112e+04         3.1598377529186808e+02         3.1951762669517220e-01         3.3238023658094220e+00        -1.5474895244610505e+00         0.0000000000000000e+00        -9.5837063499732966e-01
1                                      4.3988119438145583e+00         3.5478814715012726e+04         2.8185834505256281e+02         1.2085889216049648e-02         1.1214633725714354e-01         1.4480641672390857e-01         0.0000000000000000e+00         2.5163155609644572e-01
2                                      4.8281177763997079e+00         3.8941400132373070e+04         2.5679610815243183e+02         1.3731680609746699e+00         1.1608810403030306e+01        -1.2314011600413799e+00         0.0000000000000000e+00        -2.8329179815817414e+00
3                                      5.1370385059364843e+00         4.1433014110159413e+04         2.4135342829301888e+02         3.2000608943422609e-01         2.5426542101640268e+00         1.5364830346324543e+00         0.0000000000000000e+00         2.2637916100362149e-01
4                                      5.3591327114044676e+00         4.3224324869910481e+04         2.3135121323690694e+02         2.0527960291985638e-02         1.5634830149003898e-01        -1.5193645140557796e-01         0.0000000000000000e+00         2.5664038747534651e-01
                                                         8                           9                          10

0                                      0.0000000000000000e+00        -1.0297700455708014e-01         0.0000000000000000e+00
1                                      0.0000000000000000e+00         1.6691015220533040e-01         0.0000000000000000e+00
2                                      0.0000000000000000e+00        -1.4377194774050612e+00         0.0000000000000000e+00
3                                      0.0000000000000000e+00        -3.6142297922789518e-01         0.0000000000000000e+00
4                                      0.0000000000000000e+00         2.5961380498891701e-01         0.0000000000000000e+00
$End
$Geometry
   &GeometryIndex 101
   &ListStatus       OUT
   &NATOMS [&Type "Integer"] 35
   &NCORELESSECP [&Type "Integer"] 0
   &NGHOSTATOMS [&Type "Integer"] 0
   &CartesianCoordinates [&Type "Coordinates", &Dim(35,4), &Units "Bohr"] 
              C     -3.125615313803   -3.693598039281   -0.710940681655
              C     -2.286889028333   -5.634207498273   -2.281995377862
              C      0.137827111506   -5.618823568349   -3.184754191783
              C     -1.530512424730   -1.763263461109   -0.067895206658
              C      0.995014908173   -1.697425385729   -0.917357157605
              O     -2.366710142105    0.104468808495    1.561130368412
              C      1.808324733736   -3.674086287462   -2.525541433409
              C      4.331213253440   -3.690242461695   -3.502045848394
              C      5.990885014486   -1.855036164133   -2.934464099729
              C      2.823025648974    0.213235558746   -0.279711856417
              C      5.275752398381    0.156544400513   -1.286048721831
              N      2.265861785525    2.124495204308    1.335628212808
              C      3.864122316488    3.944489628960    1.982169212253
              C      6.277908968357    3.977957615634    1.000557399671
              C      6.971493222960    2.075088326546   -0.622883084404
              C     -4.497145490763    1.485618142921    0.881751683211
              O     -5.246118326068    1.533039458218   -1.280042147355
              N     -5.464932689474    2.715709221254    2.853698489552
              C     -7.546193706511    4.462285705117    2.454277688424
              C     -4.584192744672    2.483559786377    5.447529366672
              H     -3.331263059615    0.878948122968    5.652883237481
              H     -6.216764932769    2.216881120920    6.674020629680
              H     -3.600587711881    4.201467275629    6.024480039651
              H     -7.918456067081    4.649373295006    0.449023456546
              H     -7.052107955623    6.303324251390    3.236315973565
              H     -9.238431128648    3.769914542123    3.405980801890
              H      0.803245531150   -7.109523268948   -4.414606755636
              H     -5.037772559382   -3.691460509326    0.006167260821
              H     -3.566974901214   -7.147254235560   -2.779849575604
              H      4.866562090292   -5.232288087280   -4.733179238039
              H      7.890758607228   -1.863707521020   -3.687195764204
              H      3.156730557822    5.341456659647    3.290197830223
              H      7.566386576172    5.467677614690    1.528369739742
              H      8.857844835539    2.030154335091   -1.412634179142
              H      0.502226143886    2.126220142110    2.100521603515
$End
$SCF_Energy
   &GeometryIndex 101
   &ListStatus       OUT
   &SCF_ENERGY [&Type "Double"]      -8.7844790873690340e+02
$End
$DFT_Energy
   &GeometryIndex 101
   &ListStatus       OUT
   &NALPHAEL [&Type "Integer"] 70
   &NBETAEL [&Type "Integer"] 70
   &NTOTALEL [&Type "Integer"] 139
   &EEXCHANGE [&Type "Double"]       0.0000000000000000e+00
   &ECORR [&Type "Double"]       0.0000000000000000e+00
   &ECNL [&Type "Double"]       0.0000000000000000e+00
   &EXC [&Type "Double"]      -8.9693167506418874e+01
   &EEMBED [&Type "Double"]       0.0000000000000000e+00
   &FINALEN [&Type "Double"]      -8.7844790873690340e+02  "No Van der Waals correction"
$End
$Solvation_Details
   &GeometryIndex 101
   &ListStatus       OUT
   &SOLVENT [&Type "String"] "WATER"
   &EPSILON [&Type "Double"]       8.0150999999999996e+01
   &REFRAC [&Type "Double"]       1.3328000000000000e+00
   &RSOLV [&Type "Double"]       1.3000000000000000e+00
   &SURFACETYPE [&Type "String"] "GAUSSIAN VDW"
   &NPOINTS [&Type "Integer"] 3048
   &SURFACEAREA [&Type "Double"]       1.0796814017150000e+03
   &CPCMDIELENERGY [&Type "Double"]      -8.8549554000000003e-02
$End
$CIS_Absorption_Spectrum
   &GeometryIndex 101
   &ListStatus       OUT
   &TEMPERATURE [&Type "Double"]       2.9814999999999998e+02
   &METHOD [&Type "Integer"] 20
   &RELCORRECTION [&Type "Integer"] 1 "Type of relativistic treatment in QDPT. 0->Unknow, 1->None, 2->SOC, 3->SSC, 4->SOC/SSC"
   &DENSTYPE [&Type "Integer"] 3 "Type of density (electron/spin ...). 0->Unknow, 1->Electronic, 2->Spin, 3->Trans/Electronic, 4->Tran/Spin"
   &DERITYPE [&Type "Integer"] 0 "Type of derivative (w.r.t. to what perturbation). 0->Unknown, 1->No Derivative, 2->Electric/Dipole, 3->Electric/Quad, 4->Magnetic/Dipole, 5->Magnetic/Quad"
   &DENSLEVEL [&Type "Integer"] 0 "// Source of density: relaxed, unrelaxed, ... 0->Unknown, 1->Linearized, 2->Unrelaxed, 3->Relaxed"
   &REPRESENTATION [&Type "String"] "Length" "Possible values: Unknown,  Length, Velocity"
   &POINTGROUP [&Type "String"] "C1"
   &NTRANS [&Type "Integer"] 5
   &DOHIGHERMOMENTS [&Type "Boolean"] false
   &STATES [&Type "ArrayOfIntegers", &Dim (5,4)] "The initial and Final states. Col1: Initial State  Col2: Initial Irrep Col3: Final State Col4: Final Irrep"
                                                         0                           1                           2                           3

0                                                        0                           0                           1                           0
1                                                        0                           0                           2                           0
2                                                        0                           0                           3                           0
3                                                        0                           0                           4                           0
4                                                        0                           0                           5                           0
   &MULTIPLICITIES [&Type "ArrayOfDoubles", &Dim (5,2)] "Col1: Multiplicity of the initial state  Col2: Multiplicity of the final state"
                                                         0                           1

0                                      1.0000000000000000e+00         1.0000000000000000e+00
1                                      1.0000000000000000e+00         1.0000000000000000e+00
2                                      1.0000000000000000e+00         1.0000000000000000e+00
3                                      1.0000000000000000e+00         1.0000000000000000e+00
4                                      1.0000000000000000e+00         1.0000000000000000e+00
   &EXCITATIONENERGIES [&Type "ArrayOfDoubles", &Dim (5,11)] 
                                                         0                           1                           2                           3                           4                           5                           6                           7

0                                      3.9242529858586952e+00         3.1651238188505195e+04         3.1594340608234745e+02         3.1945129479776102e-01         3.3226877924383547e+00        -1.5472794816673279e+00         0.0000000000000000e+00        -9.5813780159566564e-01
1                                      4.3991988349782583e+00         3.5481935203018831e+04         2.8183355678833414e+02         1.2001571550686879e-02         1.1135415008010904e-01         1.4411754643724972e-01         0.0000000000000000e+00         2.5069691409899419e-01
2                                      4.8283489527434007e+00         3.8943264695525380e+04         2.5678381302092038e+02         1.3738838307697310e+00         1.1614305438164552e+01        -1.2321824743008449e+00         0.0000000000000000e+00        -2.8334869603174782e+00
3                                      5.1371872642442735e+00         4.1434213926952398e+04         2.4134643938532969e+02         3.2026815828493527e-01         2.5446628274272105e+00         1.5370792718160751e+00         0.0000000000000000e+00         2.2604525510903276e-01
4                                      5.3598803886405983e+00         4.3230355294140056e+04         2.3131894086828186e+02         2.0555539234623239e-02         1.5653651347122863e-01        -1.5290689210757985e-01         0.0000000000000000e+00         2.5630863942521526e-01
                                                         8                           9                          10

0                                      0.0000000000000000e+00        -1.0288805179934479e-01         0.0000000000000000e+00
1                                      0.0000000000000000e+00         1.6653930512121676e-01         0.0000000000000000e+00
2                                      0.0000000000000000e+00        -1.4378398498794009e+00         0.0000000000000000e+00
3                                      0.0000000000000000e+00        -3.6187523018751516e-01         0.0000000000000000e+00
4                                      0.0000000000000000e+00         2.5973424335890821e-01         0.0000000000000000e+00
$End
