*************************************************
******************* ORCA 6.0.1 ******************
*************************************************
$Calculation_Status
   &GeometryIndex 6
   &ListStatus       OUT
   &VERSION [&Type "String"] "6.0.1"
   &PROGNAME [&Type "String"] "ProgCIS"
   &STATUS [&Type "String"] "NORMAL TERMINATION"
$End
$Geometry
   &GeometryIndex 1
   &ListStatus       OUT
   &NATOMS [&Type "Integer"] 42
   &NCORELESSECP [&Type "Integer"] 0
   &NGHOSTATOMS [&Type "Integer"] 0
   &CartesianCoordinates [&Type "Coordinates", &Dim(42,4), &Units "Bohr"] 
              C    -12.399591542002   -2.799055150340   -0.270809646527
              C    -12.355011602124   -4.899690336131   -2.226363479556
              C    -10.516116708558   -6.950051221249   -1.388288759721
              H    -11.784164157961   -4.125328189305   -4.054417813987
              H    -14.259712118633   -5.658331339906   -2.435201634628
              C     -7.973711092417   -5.841983117103   -0.742544447075
              H    -10.291623865462   -8.388910993877   -2.848166167901
              H    -11.286888074779   -7.912597657455    0.276414440902
              C     -7.774735530363   -3.268716144359    0.062462338540
              N     -9.881884212045   -1.773992712592    0.195069222127
              H    -13.182403713344   -3.513184331749    1.518827300401
              H    -13.596527504975   -1.237012513092   -0.878210361345
              C     -9.775591824724    0.749908605619    1.297134519435
              C     -7.302359041722    2.062769759186    0.673176185043
              H    -10.005672783940    0.604689890449    3.359200605012
              H    -11.386009081369    1.808740234851    0.574098405822
              C     -5.085604620350    0.455797347584    1.562307872968
              H     -7.269922323489    3.909638271337    1.586456662738
              H     -7.190104275469    2.370547313287   -1.365883927792
              C     -5.360598514037   -2.246693111289    0.716193343716
              H     -4.973743668009    0.509220753898    3.630554249064
              H     -3.304292019076    1.222849051734    0.870765656036
              C     -5.816452312378   -7.286164488410   -0.902518704170
              C     -3.273846094709   -3.819019952492    0.562628242218
              C     -3.399960629431   -6.344228839346   -0.255807863664
              O     -0.992148912270   -2.791531710135    1.256084557588
              C      1.284193194017   -4.119761958652    1.128545591661
              C     -1.140242881189   -7.785908872739   -0.382790589923
              C      1.212934774548   -6.720744314327    0.282506186043
              O      3.132916393501   -2.867758964824    1.733577776343
              C      3.536037423818   -8.155417137163    0.087788736200
              C      5.815676746281   -7.554438713411    1.351969983960
              C      3.617916238467  -10.379076581943   -1.423690146581
              N      5.633774019616  -11.846934664259   -1.707154619129
              C      7.754246040361  -11.222499815752   -0.470684436350
              C      7.906095291420   -9.089195901866    1.069694364750
              H      1.969411488293  -10.937399747938   -2.499874815232
              H      9.649445746288   -8.656293136476    2.048928705737
              H      9.366846258785  -12.461998372666   -0.718534860231
              H      5.904966170776   -5.914388418458    2.555757413391
              H     -5.964002582155   -9.227946434560   -1.537351440914
              H     -1.283059644440   -9.749664783027   -0.911479293185
$End
$SCF_Energy
   &GeometryIndex 1
   &ListStatus       OUT
   &SCF_ENERGY [&Type "Double"]      -1.0326976333383882e+03
$End
$DFT_Energy
   &GeometryIndex 1
   &ListStatus       OUT
   &NALPHAEL [&Type "Integer"] 84
   &NBETAEL [&Type "Integer"] 84
   &NTOTALEL [&Type "Integer"] 168
   &EEXCHANGE [&Type "Double"]      -1.1124701207538463e+02
   &ECORR [&Type "Double"]      -6.7536340797570089e+00
   &ECNL [&Type "Double"]       0.0000000000000000e+00
   &EXC [&Type "Double"]      -1.1800064615514164e+02
   &EEMBED [&Type "Double"]       0.0000000000000000e+00
   &FINALEN [&Type "Double"]      -1.0326976333383882e+03  "No Van der Waals correction"
$End
$Solvation_Details
   &GeometryIndex 1
   &ListStatus       OUT
   &SOLVENT [&Type "String"] "WATER"
   &EPSILON [&Type "Double"]       8.0150999999999996e+01
   &REFRAC [&Type "Double"]       1.3328000000000000e+00
   &RSOLV [&Type "Double"]       1.3000000000000000e+00
   &SURFACETYPE [&Type "String"] "GAUSSIAN VDW"
   &NPOINTS [&Type "Integer"] 3538
   &SURFACEAREA [&Type "Double"]       1.2144213276500000e+03
   &CPCMDIELENERGY [&Type "Double"]      -2.8160642999999999e-02
$End
$Mulliken_Population_Analysis
   &GeometryIndex 1
   &ListStatus       OUT
   &NATOMS [&Type "Integer"] 42
   &ATNO [&Type "ArrayOfIntegers", &Dim (42,1)] 
                                                         0

0                                                        6
1                                                        6
2                                                        6
3                                                        1
4                                                        1
5                                                        6
6                                                        1
7                                                        1
8                                                        6
9                                                        7
10                                                       1
11                                                       1
12                                                       6
13                                                       6
14                                                       1
15                                                       1
16                                                       6
17                                                       1
18                                                       1
19                                                       6
20                                                       1
21                                                       1
22                                                       6
23                                                       6
24                                                       6
25                                                       8
26                                                       6
27                                                       6
28                                                       6
29                                                       8
30                                                       6
31                                                       6
32                                                       6
33                                                       7
34                                                       6
35                                                       6
36                                                       1
37                                                       1
38                                                       1
39                                                       1
40                                                       1
41                                                       1
   &ATOMICCHARGES [&Type "ArrayOfDoubles", &Dim (42,1)] 
                                                         0

0                                     -1.1268426362946471e-01
1                                     -1.6279161400396269e-01
2                                     -2.3248078405744543e-01
3                                      1.0222780989031643e-01
4                                      1.1738445125623309e-01
5                                      2.4057757040048244e-01
6                                      1.2689434883892425e-01
7                                      1.1163330317531361e-01
8                                      6.8396451565000405e-04
9                                     -1.3777709489136125e-01
10                                     1.0583837872218460e-01
11                                     1.3228877963198205e-01
12                                    -1.1399418986297860e-01
13                                    -1.5141521086793919e-01
14                                     1.0607762657909237e-01
15                                     1.3408064160283628e-01
16                                    -2.7372459515668712e-01
17                                     1.1720192696199794e-01
18                                     1.0260945601186422e-01
19                                     9.8087156085020055e-02
20                                     1.1266934528718797e-01
21                                     1.2676076318406526e-01
22                                    -5.5323175436574434e-01
23                                     9.3950348952139606e-02
24                                     4.2501036551136995e-01
25                                    -3.6974832146269421e-01
26                                     4.2171564716254206e-01
27                                    -2.8749379894156046e-01
28                                     1.7481327762576981e-01
29                                    -5.7393862156729547e-01
30                                     1.4620336420641422e-01
31                                    -1.9598838127642093e-01
32                                    -3.3674189178601210e-02
33                                    -5.0071526519088749e-01
34                                     6.3597685355640365e-02
35                                    -7.3207371422968848e-02
36                                     1.1846434507786374e-01
37                                     1.1506301739108782e-01
38                                     1.2319772193675094e-01
39                                     1.2997429921690007e-01
40                                     9.1254927431045796e-02
41                                     1.3460493386452277e-01
$End
$Loewdin_Population_Analysis
   &GeometryIndex 1
   &ListStatus       OUT
   &NATOMS [&Type "Integer"] 42
   &ATNO [&Type "ArrayOfIntegers", &Dim (42,1)] 
                                                         0

0                                                        6
1                                                        6
2                                                        6
3                                                        1
4                                                        1
5                                                        6
6                                                        1
7                                                        1
8                                                        6
9                                                        7
10                                                       1
11                                                       1
12                                                       6
13                                                       6
14                                                       1
15                                                       1
16                                                       6
17                                                       1
18                                                       1
19                                                       6
20                                                       1
21                                                       1
22                                                       6
23                                                       6
24                                                       6
25                                                       8
26                                                       6
27                                                       6
28                                                       6
29                                                       8
30                                                       6
31                                                       6
32                                                       6
33                                                       7
34                                                       6
35                                                       6
36                                                       1
37                                                       1
38                                                       1
39                                                       1
40                                                       1
41                                                       1
   &ATOMICCHARGES [&Type "ArrayOfDoubles", &Dim (42,1)] 
                                                         0

0                                     -1.8925304453949554e-01
1                                     -2.1739662760248102e-01
2                                     -1.8688239794204708e-01
3                                      1.2961357720527800e-01
4                                      1.3170947961139023e-01
5                                     -1.0772886748365629e-01
6                                      1.3672650374282724e-01
7                                      1.3799045833133361e-01
8                                     -6.3722376323582353e-02
9                                      1.2703886466068592e-01
10                                     1.2591085130462654e-01
11                                     1.3029825417697938e-01
12                                    -1.8781199480180977e-01
13                                    -2.1632474646681388e-01
14                                     1.2647282136166349e-01
15                                     1.3075758591358522e-01
16                                    -1.8888099785178802e-01
17                                     1.3190762765359731e-01
18                                     1.2998753554101683e-01
19                                    -8.8779441782955715e-02
20                                     1.3849967971775423e-01
21                                     1.3566834874603440e-01
22                                    -6.3482087454558744e-02
23                                    -9.1481632055883999e-02
24                                    -1.3209795471429953e-01
25                                     2.0837394383044483e-01
26                                    -2.3674857304267061e-01
27                                    -1.1672640198305828e-03
28                                    -1.0821934999831395e-01
29                                    -7.8902017076206477e-02
30                                    -1.0254302407028781e-01
31                                    -7.4763610606725983e-02
32                                    -1.2893526216212692e-01
33                                    -1.7463084143445329e-03
34                                    -1.6995428151645875e-01
35                                    -1.3724501442737758e-01
36                                     1.3342537550871003e-01
37                                     1.4330489898758292e-01
38                                     1.3037372284463411e-01
39                                     1.4450344343893007e-01
40                                     1.4898092736254176e-01
41                                     1.5252297441324869e-01
$End
$Mayer_Population_Analysis
   &GeometryIndex 1
   &ListStatus       FIRST
   &NATOMS [&Type "Integer"] 42 "Total number of atoms"
   &BONDTHRESH [&Type "Double"]       1.0000000000000001e-01  "The threshold for printing"
   &NBONDORDERSPRINT [&Type "Integer"] 46 "The number of bond orders larger than threshold"
   &BONDORDERS [&Type "ArrayOfDoubles", &Dim (46,1)] "The bond orders"
                                                         0

0                                      1.0029948079213871e+00
1                                      9.4959707877294630e-01
2                                      9.4803817309374738e-01
3                                      9.5060221021517488e-01
4                                      1.0239864523567497e+00
5                                      9.6791781592430359e-01
6                                      9.6030380745661692e-01
7                                      9.9849683564139791e-01
8                                      9.5508154932248224e-01
9                                      9.4616891122254854e-01
10                                     1.2376251251823120e+00
11                                     1.3896262720512229e+00
12                                     1.3602814979191049e+00
13                                     1.2462526508974374e+00
14                                     9.4839174944878446e-01
15                                     9.9879719156037061e-01
16                                     9.4815274810049410e-01
17                                     9.5179687799666579e-01
18                                     1.0348383198680091e+00
19                                     9.6256493750635830e-01
20                                     9.6660064840915383e-01
21                                     1.0353625037460721e+00
22                                     9.5405588100903582e-01
23                                     9.4750257868163512e-01
24                                     1.3391796751383482e+00
25                                     1.0904344802630885e+00
26                                     1.0525505287622978e+00
27                                     1.3387033853746826e+00
28                                     1.0206686951566721e+00
29                                     1.1766784817148164e+00
30                                     1.0900788071300793e+00
31                                     1.1374107252505561e+00
32                                     1.8810261239806498e+00
33                                     1.3570109241432426e+00
34                                     9.6363160273755422e-01
35                                     9.9239524105184684e-01
36                                     1.3956493538504229e+00
37                                     1.3625113181935780e+00
38                                     1.4683607608707527e+00
39                                     9.5617244782899879e-01
40                                     1.5348095991746666e+00
41                                     9.6739800168489709e-01
42                                     1.4418725105476868e+00
43                                     1.4122786405923855e+00
44                                     9.6786417902379562e-01
45                                     9.6567509886049852e-01
   &COMPONENTS [&Type "ArrayOfIntegers", &Dim (46,4)] "The indices and atomic numbers of the bonding atoms"
                                                         0                           1                           2                           3

0                                                        0                           6                           1                           6
1                                                        0                           6                           9                           7
2                                                        0                           6                          10                           1
3                                                        0                           6                          11                           1
4                                                        1                           6                           2                           6
5                                                        1                           6                           3                           1
6                                                        1                           6                           4                           1
7                                                        2                           6                           5                           6
8                                                        2                           6                           6                           1
9                                                        2                           6                           7                           1
10                                                       5                           6                           8                           6
11                                                       5                           6                          22                           6
12                                                       8                           6                           9                           7
13                                                       8                           6                          19                           6
14                                                       9                           7                          12                           6
15                                                      12                           6                          13                           6
16                                                      12                           6                          14                           1
17                                                      12                           6                          15                           1
18                                                      13                           6                          16                           6
19                                                      13                           6                          17                           1
20                                                      13                           6                          18                           1
21                                                      16                           6                          19                           6
22                                                      16                           6                          20                           1
23                                                      16                           6                          21                           1
24                                                      19                           6                          23                           6
25                                                      22                           6                          24                           6
26                                                      22                           6                          40                           1
27                                                      23                           6                          24                           6
28                                                      23                           6                          25                           8
29                                                      24                           6                          27                           6
30                                                      25                           8                          26                           6
31                                                      26                           6                          28                           6
32                                                      26                           6                          29                           8
33                                                      27                           6                          28                           6
34                                                      27                           6                          41                           1
35                                                      28                           6                          30                           6
36                                                      30                           6                          31                           6
37                                                      30                           6                          32                           6
38                                                      31                           6                          35                           6
39                                                      31                           6                          39                           1
40                                                      32                           6                          33                           7
41                                                      32                           6                          36                           1
42                                                      33                           7                          34                           6
43                                                      34                           6                          35                           6
44                                                      34                           6                          38                           1
45                                                      35                           6                          37                           1
   &ATNO [&Type "ArrayOfIntegers", &Dim (42,1)] "Atomic number of the elements"
                                                         0

0                                                        6
1                                                        6
2                                                        6
3                                                        1
4                                                        1
5                                                        6
6                                                        1
7                                                        1
8                                                        6
9                                                        7
10                                                       1
11                                                       1
12                                                       6
13                                                       6
14                                                       1
15                                                       1
16                                                       6
17                                                       1
18                                                       1
19                                                       6
20                                                       1
21                                                       1
22                                                       6
23                                                       6
24                                                       6
25                                                       8
26                                                       6
27                                                       6
28                                                       6
29                                                       8
30                                                       6
31                                                       6
32                                                       6
33                                                       7
34                                                       6
35                                                       6
36                                                       1
37                                                       1
38                                                       1
39                                                       1
40                                                       1
41                                                       1
   &NA [&Type "ArrayOfDoubles", &Dim (42,1)] "Mulliken gross atomic population"
                                                         0

0                                      6.1126842636294878e+00
1                                      6.1627916140039591e+00
2                                      6.2324807840574126e+00
3                                      8.9777219010968379e-01
4                                      8.8261554874376691e-01
5                                      5.7594224295995051e+00
6                                      8.7310565116107575e-01
7                                      8.8836669682468572e-01
8                                      5.9993160354843322e+00
9                                      7.1377770948914048e+00
10                                     8.9416162127781773e-01
11                                     8.6771122036801684e-01
12                                     6.1139941898629697e+00
13                                     6.1514152108679232e+00
14                                     8.9392237342090886e-01
15                                     8.6591935839716272e-01
16                                     6.2737245951567013e+00
17                                     8.8279807303800006e-01
18                                     8.9739054398813434e-01
19                                     5.9019128439149897e+00
20                                     8.8733065471281158e-01
21                                     8.7323923681593507e-01
22                                     6.5532317543657523e+00
23                                     5.9060496510478542e+00
24                                     5.5749896344886292e+00
25                                     8.3697483214626409e+00
26                                     5.5782843528374721e+00
27                                     6.2874937989416049e+00
28                                     5.8251867223742693e+00
29                                     8.5739386215672742e+00
30                                     5.8537966357936053e+00
31                                     6.1959883812764494e+00
32                                     6.0336741891786092e+00
33                                     7.5007152651908990e+00
34                                     5.9364023146443756e+00
35                                     6.0732073714229804e+00
36                                     8.8153565492213659e-01
37                                     8.8493698260891307e-01
38                                     8.7680227806324895e-01
39                                     8.7002570078310115e-01
40                                     9.0874507256895265e-01
41                                     8.6539506613547834e-01
   &ZA [&Type "ArrayOfDoubles", &Dim (42,1)] "Total nuclear charge"
                                                         0

0                                      6.0000000000000000e+00
1                                      6.0000000000000000e+00
2                                      6.0000000000000000e+00
3                                      1.0000000000000000e+00
4                                      1.0000000000000000e+00
5                                      6.0000000000000000e+00
6                                      1.0000000000000000e+00
7                                      1.0000000000000000e+00
8                                      6.0000000000000000e+00
9                                      7.0000000000000000e+00
10                                     1.0000000000000000e+00
11                                     1.0000000000000000e+00
12                                     6.0000000000000000e+00
13                                     6.0000000000000000e+00
14                                     1.0000000000000000e+00
15                                     1.0000000000000000e+00
16                                     6.0000000000000000e+00
17                                     1.0000000000000000e+00
18                                     1.0000000000000000e+00
19                                     6.0000000000000000e+00
20                                     1.0000000000000000e+00
21                                     1.0000000000000000e+00
22                                     6.0000000000000000e+00
23                                     6.0000000000000000e+00
24                                     6.0000000000000000e+00
25                                     8.0000000000000000e+00
26                                     6.0000000000000000e+00
27                                     6.0000000000000000e+00
28                                     6.0000000000000000e+00
29                                     8.0000000000000000e+00
30                                     6.0000000000000000e+00
31                                     6.0000000000000000e+00
32                                     6.0000000000000000e+00
33                                     7.0000000000000000e+00
34                                     6.0000000000000000e+00
35                                     6.0000000000000000e+00
36                                     1.0000000000000000e+00
37                                     1.0000000000000000e+00
38                                     1.0000000000000000e+00
39                                     1.0000000000000000e+00
40                                     1.0000000000000000e+00
41                                     1.0000000000000000e+00
   &QA [&Type "ArrayOfDoubles", &Dim (42,1)] "Mulliken gross atomic charge"
                                                         0

0                                     -1.1268426362948780e-01
1                                     -1.6279161400395914e-01
2                                     -2.3248078405741257e-01
3                                      1.0222780989031621e-01
4                                      1.1738445125623309e-01
5                                      2.4057757040049488e-01
6                                      1.2689434883892425e-01
7                                      1.1163330317531428e-01
8                                      6.8396451566776761e-04
9                                     -1.3777709489140477e-01
10                                     1.0583837872218227e-01
11                                     1.3228877963198316e-01
12                                    -1.1399418986296972e-01
13                                    -1.5141521086792320e-01
14                                     1.0607762657909114e-01
15                                     1.3408064160283728e-01
16                                    -2.7372459515670133e-01
17                                     1.1720192696199994e-01
18                                     1.0260945601186566e-01
19                                     9.8087156085010285e-02
20                                     1.1266934528718842e-01
21                                     1.2676076318406493e-01
22                                    -5.5323175436575234e-01
23                                     9.3950348952145823e-02
24                                     4.2501036551137084e-01
25                                    -3.6974832146264092e-01
26                                     4.2171564716252785e-01
27                                    -2.8749379894160487e-01
28                                     1.7481327762573073e-01
29                                    -5.7393862156727415e-01
30                                     1.4620336420639468e-01
31                                    -1.9598838127644935e-01
32                                    -3.3674189178609204e-02
33                                    -5.0071526519089904e-01
34                                     6.3597685355624378e-02
35                                    -7.3207371422980394e-02
36                                     1.1846434507786341e-01
37                                     1.1506301739108693e-01
38                                     1.2319772193675105e-01
39                                     1.2997429921689885e-01
40                                     9.1254927431047350e-02
41                                     1.3460493386452166e-01
   &VA [&Type "ArrayOfDoubles", &Dim (42,1)] "Mayer's total valence"
                                                         0

0                                      3.9099678496739387e+00
1                                      3.9536729855596118e+00
2                                      3.9174852261716362e+00
3                                      9.6722818427580726e-01
4                                      9.5872735603366266e-01
5                                      3.6759675781221164e+00
6                                      9.5262594710536386e-01
7                                      9.5435529875908665e-01
8                                      4.0859720906658223e+00
9                                      3.3348148860214519e+00
10                                     9.5316187942331732e-01
11                                     9.4925453655103975e-01
12                                     3.9059665384969957e+00
13                                     3.9523343057940399e+00
14                                     9.5452560682872567e-01
15                                     9.4891685377809232e-01
16                                     3.9520029673306216e+00
17                                     9.5921894469708269e-01
18                                     9.6622735973076357e-01
19                                     3.6565515759558944e+00
20                                     9.5542036598668401e-01
21                                     9.5679241533665371e-01
22                                     3.8254971408380301e+00
23                                     3.8850786871660592e+00
24                                     3.5846132019681578e+00
25                                     2.1224927484575113e+00
26                                     4.2075611251112814e+00
27                                     3.7563488618693794e+00
28                                     3.4383246682058632e+00
29                                     1.9880172813421306e+00
30                                     3.7953850578701331e+00
31                                     3.9950993578071672e+00
32                                     4.0407051190853034e+00
33                                     3.0394417464482055e+00
34                                     3.9928679502837880e+00
35                                     3.9281366011829681e+00
36                                     9.8881419822534466e-01
37                                     9.6865596196469472e-01
38                                     9.7474906692679053e-01
39                                     9.9840480741654392e-01
40                                     9.8912484425228753e-01
41                                     9.8077874019004974e-01
   &BVA [&Type "ArrayOfDoubles", &Dim (42,1)] "Mayer's bonded valence"
                                                         0

0                                      3.9099678496739507e+00
1                                      3.9536729855595598e+00
2                                      3.9174852261716215e+00
3                                      9.6722818427580648e-01
4                                      9.5872735603366310e-01
5                                      3.6759675781222545e+00
6                                      9.5262594710533777e-01
7                                      9.5435529875908109e-01
8                                      4.0859720906660009e+00
9                                      3.3348148860214644e+00
10                                     9.5316187942331543e-01
11                                     9.4925453655104253e-01
12                                     3.9059665384969864e+00
13                                     3.9523343057940252e+00
14                                     9.5452560682869958e-01
15                                     9.4891685377808632e-01
16                                     3.9520029673304955e+00
17                                     9.5921894469707958e-01
18                                     9.6622735973076534e-01
19                                     3.6565515759557581e+00
20                                     9.5542036598664748e-01
21                                     9.5679241533662618e-01
22                                     3.8254971408383818e+00
23                                     3.8850786871664398e+00
24                                     3.5846132019685863e+00
25                                     2.1224927484577929e+00
26                                     4.2075611251113187e+00
27                                     3.7563488618693937e+00
28                                     3.4383246682058779e+00
29                                     1.9880172813422168e+00
30                                     3.7953850578700283e+00
31                                     3.9950993578070597e+00
32                                     4.0407051190852901e+00
33                                     3.0394417464481704e+00
34                                     3.9928679502838751e+00
35                                     3.9281366011830570e+00
36                                     9.8881419822533101e-01
37                                     9.6865596196469683e-01
38                                     9.7474906692681607e-01
39                                     9.9840480741654436e-01
40                                     9.8912484425232527e-01
41                                     9.8077874019005240e-01
   &FA [&Type "ArrayOfDoubles", &Dim (42,1)] "Mayer's free valence"
                                                         0

0                                      0.0000000000000000e+00
1                                      0.0000000000000000e+00
2                                      0.0000000000000000e+00
3                                      0.0000000000000000e+00
4                                      0.0000000000000000e+00
5                                      0.0000000000000000e+00
6                                      0.0000000000000000e+00
7                                      0.0000000000000000e+00
8                                      0.0000000000000000e+00
9                                      0.0000000000000000e+00
10                                     0.0000000000000000e+00
11                                     0.0000000000000000e+00
12                                     0.0000000000000000e+00
13                                     0.0000000000000000e+00
14                                     0.0000000000000000e+00
15                                     0.0000000000000000e+00
16                                     0.0000000000000000e+00
17                                     0.0000000000000000e+00
18                                     0.0000000000000000e+00
19                                     0.0000000000000000e+00
20                                     0.0000000000000000e+00
21                                     0.0000000000000000e+00
22                                     0.0000000000000000e+00
23                                     0.0000000000000000e+00
24                                     0.0000000000000000e+00
25                                     0.0000000000000000e+00
26                                     0.0000000000000000e+00
27                                     0.0000000000000000e+00
28                                     0.0000000000000000e+00
29                                     0.0000000000000000e+00
30                                     0.0000000000000000e+00
31                                     0.0000000000000000e+00
32                                     0.0000000000000000e+00
33                                     0.0000000000000000e+00
34                                     0.0000000000000000e+00
35                                     0.0000000000000000e+00
36                                     0.0000000000000000e+00
37                                     0.0000000000000000e+00
38                                     0.0000000000000000e+00
39                                     0.0000000000000000e+00
40                                     0.0000000000000000e+00
41                                     0.0000000000000000e+00
$End
$CIS_Absorption_Spectrum
   &GeometryIndex 1
   &ListStatus       FIRST
   &TEMPERATURE [&Type "Double"]       2.9814999999999998e+02
   &METHOD [&Type "Integer"] 20
   &RELCORRECTION [&Type "Integer"] 1 "Type of relativistic treatment in QDPT. 0->Unknow, 1->None, 2->SOC, 3->SSC, 4->SOC/SSC"
   &DENSTYPE [&Type "Integer"] 3 "Type of density (electron/spin ...). 0->Unknow, 1->Electronic, 2->Spin, 3->Trans/Electronic, 4->Tran/Spin"
   &DERITYPE [&Type "Integer"] 0 "Type of derivative (w.r.t. to what perturbation). 0->Unknown, 1->No Derivative, 2->Electric/Dipole, 3->Electric/Quad, 4->Magnetic/Dipole, 5->Magnetic/Quad"
   &DENSLEVEL [&Type "Integer"] 0 "// Source of density: relaxed, unrelaxed, ... 0->Unknown, 1->Linearized, 2->Unrelaxed, 3->Relaxed"
   &REPRESENTATION [&Type "String"] "Length" "Possible values: Unknown,  Length, Velocity"
   &POINTGROUP [&Type "String"] "C1"
   &NTRANS [&Type "Integer"] 1
   &DOHIGHERMOMENTS [&Type "Boolean"] false
   &STATES [&Type "ArrayOfIntegers", &Dim (1,4)] "The initial and Final states. Col1: Initial State  Col2: Initial Irrep Col3: Final State Col4: Final Irrep"
                                                         0                           1                           2                           3

0                                                        0                           0                           1                           0
   &MULTIPLICITIES [&Type "ArrayOfDoubles", &Dim (1,2)] "Col1: Multiplicity of the initial state  Col2: Multiplicity of the final state"
                                                         0                           1

0                                      1.0000000000000000e+00         1.0000000000000000e+00
   &EXCITATIONENERGIES [&Type "ArrayOfDoubles", &Dim (1,11)] 
                                                         0                           1                           2                           3                           4                           5                           6                           7

0                                      2.7311839106361520e+00         2.2028486135748502e+04         4.5395765911356449e+02         1.4008863156331077e+00         2.0936005711325528e+01        -4.3202009938953152e+00         0.0000000000000000e+00         1.5060562182525026e+00
                                                         8                           9                          10

0                                      0.0000000000000000e+00        -6.0528928079293561e-02         0.0000000000000000e+00
$End
$CIS_Absorption_Spectrum
   &GeometryIndex 1
   &ListStatus       LAST
   &TEMPERATURE [&Type "Double"]       2.9814999999999998e+02
   &METHOD [&Type "Integer"] 20
   &RELCORRECTION [&Type "Integer"] 1 "Type of relativistic treatment in QDPT. 0->Unknow, 1->None, 2->SOC, 3->SSC, 4->SOC/SSC"
   &DENSTYPE [&Type "Integer"] 3 "Type of density (electron/spin ...). 0->Unknow, 1->Electronic, 2->Spin, 3->Trans/Electronic, 4->Tran/Spin"
   &DERITYPE [&Type "Integer"] 0 "Type of derivative (w.r.t. to what perturbation). 0->Unknown, 1->No Derivative, 2->Electric/Dipole, 3->Electric/Quad, 4->Magnetic/Dipole, 5->Magnetic/Quad"
   &DENSLEVEL [&Type "Integer"] 0 "// Source of density: relaxed, unrelaxed, ... 0->Unknown, 1->Linearized, 2->Unrelaxed, 3->Relaxed"
   &REPRESENTATION [&Type "String"] "Velocity" "Possible values: Unknown,  Length, Velocity"
   &POINTGROUP [&Type "String"] "C1"
   &NTRANS [&Type "Integer"] 1
   &DOHIGHERMOMENTS [&Type "Boolean"] false
   &STATES [&Type "ArrayOfIntegers", &Dim (1,4)] "The initial and Final states. Col1: Initial State  Col2: Initial Irrep Col3: Final State Col4: Final Irrep"
                                                         0                           1                           2                           3

0                                                        0                           0                           1                           0
   &MULTIPLICITIES [&Type "ArrayOfDoubles", &Dim (1,2)] "Col1: Multiplicity of the initial state  Col2: Multiplicity of the final state"
                                                         0                           1

0                                      1.0000000000000000e+00         1.0000000000000000e+00
   &EXCITATIONENERGIES [&Type "ArrayOfDoubles", &Dim (1,11)] 
                                                         0                           1                           2                           3                           4                           5                           6                           7

0                                      2.7311839106361520e+00         2.2028486135748502e+04         4.5395765911356449e+02         7.4096765482256144e-01         1.1155546048900154e-01         3.0518190282000257e-01         0.0000000000000000e+00        -1.3557102837328061e-01
                                                         8                           9                          10

0                                      0.0000000000000000e+00        -6.3216252637428227e-03         0.0000000000000000e+00
$End
$CIS_ECD_Spectrum
   &GeometryIndex 1
   &ListStatus       FIRST
   &TEMPERATURE [&Type "Double"]       2.9814999999999998e+02
   &METHOD [&Type "Integer"] 20
   &RELCORRECTION [&Type "Integer"] 1 "Type of relativistic treatment in QDPT. 0->Unknow, 1->None, 2->SOC, 3->SSC, 4->SOC/SSC"
   &DENSTYPE [&Type "Integer"] 3 "Type of density (electron/spin ...). 0->Unknow, 1->Electronic, 2->Spin, 3->Trans/Electronic, 4->Tran/Spin"
   &DERITYPE [&Type "Integer"] 0 "Type of derivative (w.r.t. to what perturbation). 0->Unknown, 1->No Derivative, 2->Electric/Dipole, 3->Electric/Quad, 4->Magnetic/Dipole, 5->Magnetic/Quad"
   &DENSLEVEL [&Type "Integer"] 0 "// Source of density: relaxed, unrelaxed, ... 0->Unknown, 1->Linearized, 2->Unrelaxed, 3->Relaxed"
   &REPRESENTATION [&Type "String"] "Length" "Possible values: Unknown,  Length, Velocity"
   &POINTGROUP [&Type "String"] "C1"
   &NTRANS [&Type "Integer"] 1
   &DOHIGHERMOMENTS [&Type "Boolean"] false
   &STATES [&Type "ArrayOfIntegers", &Dim (1,4)] "The initial and Final states. Col1: Initial State  Col2: Initial Irrep Col3: Final State Col4: Final Irrep"
                                                         0                           1                           2                           3

0                                                        0                           0                           1                           0
   &MULTIPLICITIES [&Type "ArrayOfDoubles", &Dim (1,2)] "Col1: Multiplicity of the initial state  Col2: Multiplicity of the final state"
                                                         0                           1

0                                      1.0000000000000000e+00         1.0000000000000000e+00
   &EXCITATIONENERGIES [&Type "ArrayOfDoubles", &Dim (1,10)] 
                                                         0                           1                           2                           3                           4                           5                           6                           7

0                                      2.7311839106361520e+00         2.2028486135748502e+04         4.5395765911356449e+02        -3.4694938891058406e+01        -4.4647673341788527e-02         0.0000000000000000e+00        -6.8540563563063844e-02         0.0000000000000000e+00
                                                         8                           9

0                                      2.6547793657400393e-01         0.0000000000000000e+00
$End
$CIS_ECD_Spectrum
   &GeometryIndex 1
   &ListStatus       LAST
   &TEMPERATURE [&Type "Double"]       2.9814999999999998e+02
   &METHOD [&Type "Integer"] 20
   &RELCORRECTION [&Type "Integer"] 1 "Type of relativistic treatment in QDPT. 0->Unknow, 1->None, 2->SOC, 3->SSC, 4->SOC/SSC"
   &DENSTYPE [&Type "Integer"] 3 "Type of density (electron/spin ...). 0->Unknow, 1->Electronic, 2->Spin, 3->Trans/Electronic, 4->Tran/Spin"
   &DERITYPE [&Type "Integer"] 0 "Type of derivative (w.r.t. to what perturbation). 0->Unknown, 1->No Derivative, 2->Electric/Dipole, 3->Electric/Quad, 4->Magnetic/Dipole, 5->Magnetic/Quad"
   &DENSLEVEL [&Type "Integer"] 0 "// Source of density: relaxed, unrelaxed, ... 0->Unknown, 1->Linearized, 2->Unrelaxed, 3->Relaxed"
   &REPRESENTATION [&Type "String"] "Velocity" "Possible values: Unknown,  Length, Velocity"
   &POINTGROUP [&Type "String"] "C1"
   &NTRANS [&Type "Integer"] 1
   &DOHIGHERMOMENTS [&Type "Boolean"] false
   &STATES [&Type "ArrayOfIntegers", &Dim (1,4)] "The initial and Final states. Col1: Initial State  Col2: Initial Irrep Col3: Final State Col4: Final Irrep"
                                                         0                           1                           2                           3

0                                                        0                           0                           1                           0
   &MULTIPLICITIES [&Type "ArrayOfDoubles", &Dim (1,2)] "Col1: Multiplicity of the initial state  Col2: Multiplicity of the final state"
                                                         0                           1

0                                      1.0000000000000000e+00         1.0000000000000000e+00
   &EXCITATIONENERGIES [&Type "ArrayOfDoubles", &Dim (1,10)] 
                                                         0                           1                           2                           3                           4                           5                           6                           7

0                                      2.7311839106361520e+00         2.2028486135748502e+04         4.5395765911356449e+02        -2.8238416572504143e+01        -4.4647673341788527e-02         0.0000000000000000e+00        -6.8540563563063844e-02         0.0000000000000000e+00
                                                         8                           9

0                                      2.6547793657400393e-01         0.0000000000000000e+00
$End
$Mayer_Population_Analysis
   &GeometryIndex 1
   &ListStatus       LAST
   &NATOMS [&Type "Integer"] 42 "Total number of atoms"
   &BONDTHRESH [&Type "Double"]       1.0000000000000001e-01  "The threshold for printing"
   &NBONDORDERSPRINT [&Type "Integer"] 46 "The number of bond orders larger than threshold"
   &BONDORDERS [&Type "ArrayOfDoubles", &Dim (46,1)] "The bond orders"
                                                         0

0                                      9.9920322235008352e-01
1                                      9.5558647254471873e-01
2                                      9.2906355509145711e-01
3                                      9.4426854260648818e-01
4                                      1.0217902021465697e+00
5                                      9.6601520840750943e-01
6                                      9.5826917964995717e-01
7                                      9.9954814315739116e-01
8                                      9.5273214092958725e-01
9                                      9.4036196872877664e-01
10                                     1.2387420535059002e+00
11                                     1.3503218151965890e+00
12                                     1.3299430531912841e+00
13                                     1.2089369576735023e+00
14                                     9.5308308565794542e-01
15                                     9.9470610609974952e-01
16                                     9.2848130451697186e-01
17                                     9.4681753106088717e-01
18                                     1.0324862695240380e+00
19                                     9.5986533147131581e-01
20                                     9.6507362559564558e-01
21                                     1.0361703790349417e+00
22                                     9.4478374517912400e-01
23                                     9.4603573615264380e-01
24                                     1.3287251487104832e+00
25                                     1.0823062038048448e+00
26                                     1.0584132974074334e+00
27                                     1.3404035382060433e+00
28                                     1.0038846312676031e+00
29                                     1.1115518103611746e+00
30                                     1.0625386877483074e+00
31                                     1.1570124774617110e+00
32                                     1.8530441725329574e+00
33                                     1.1636429438770570e+00
34                                     9.7629129601075204e-01
35                                     1.0735889798051823e+00
36                                     1.3336940092408318e+00
37                                     1.2875313851542631e+00
38                                     1.5072263933404471e+00
39                                     9.5733372865411659e-01
40                                     1.5501701741942715e+00
41                                     9.6783465183365114e-01
42                                     1.4305372183576555e+00
43                                     1.3656159360570985e+00
44                                     9.6930658107123557e-01
45                                     9.6592914982055911e-01
   &COMPONENTS [&Type "ArrayOfIntegers", &Dim (46,4)] "The indices and atomic numbers of the bonding atoms"
                                                         0                           1                           2                           3

0                                                        0                           6                           1                           6
1                                                        0                           6                           9                           7
2                                                        0                           6                          10                           1
3                                                        0                           6                          11                           1
4                                                        1                           6                           2                           6
5                                                        1                           6                           3                           1
6                                                        1                           6                           4                           1
7                                                        2                           6                           5                           6
8                                                        2                           6                           6                           1
9                                                        2                           6                           7                           1
10                                                       5                           6                           8                           6
11                                                       5                           6                          22                           6
12                                                       8                           6                           9                           7
13                                                       8                           6                          19                           6
14                                                       9                           7                          12                           6
15                                                      12                           6                          13                           6
16                                                      12                           6                          14                           1
17                                                      12                           6                          15                           1
18                                                      13                           6                          16                           6
19                                                      13                           6                          17                           1
20                                                      13                           6                          18                           1
21                                                      16                           6                          19                           6
22                                                      16                           6                          20                           1
23                                                      16                           6                          21                           1
24                                                      19                           6                          23                           6
25                                                      22                           6                          24                           6
26                                                      22                           6                          40                           1
27                                                      23                           6                          24                           6
28                                                      23                           6                          25                           8
29                                                      24                           6                          27                           6
30                                                      25                           8                          26                           6
31                                                      26                           6                          28                           6
32                                                      26                           6                          29                           8
33                                                      27                           6                          28                           6
34                                                      27                           6                          41                           1
35                                                      28                           6                          30                           6
36                                                      30                           6                          31                           6
37                                                      30                           6                          32                           6
38                                                      31                           6                          35                           6
39                                                      31                           6                          39                           1
40                                                      32                           6                          33                           7
41                                                      32                           6                          36                           1
42                                                      33                           7                          34                           6
43                                                      34                           6                          35                           6
44                                                      34                           6                          38                           1
45                                                      35                           6                          37                           1
   &ATNO [&Type "ArrayOfIntegers", &Dim (42,1)] "Atomic number of the elements"
                                                         0

0                                                        6
1                                                        6
2                                                        6
3                                                        1
4                                                        1
5                                                        6
6                                                        1
7                                                        1
8                                                        6
9                                                        7
10                                                       1
11                                                       1
12                                                       6
13                                                       6
14                                                       1
15                                                       1
16                                                       6
17                                                       1
18                                                       1
19                                                       6
20                                                       1
21                                                       1
22                                                       6
23                                                       6
24                                                       6
25                                                       8
26                                                       6
27                                                       6
28                                                       6
29                                                       8
30                                                       6
31                                                       6
32                                                       6
33                                                       7
34                                                       6
35                                                       6
36                                                       1
37                                                       1
38                                                       1
39                                                       1
40                                                       1
41                                                       1
   &NA [&Type "ArrayOfDoubles", &Dim (42,1)] "Mulliken gross atomic population"
                                                         0

0                                      6.1132852186661655e+00
1                                      6.1619796922890986e+00
2                                      6.2321503307410593e+00
3                                      8.9198045718849883e-01
4                                      8.7662934179626351e-01
5                                      5.7357827403396238e+00
6                                      8.6964402745785718e-01
7                                      8.8241242657724339e-01
8                                      6.0112313108434652e+00
9                                      7.0930283358271282e+00
10                                     8.7997890749702479e-01
11                                     8.5519998233413230e-01
12                                     6.1130300690375963e+00
13                                     6.1533070451134861e+00
14                                     8.8143174079018904e-01
15                                     8.5437175924219522e-01
16                                     6.2679085454817001e+00
17                                     8.7624858736255296e-01
18                                     8.9041188500010016e-01
19                                     5.8658302291627145e+00
20                                     8.7765942066598135e-01
21                                     8.6552602330158568e-01
22                                     6.5692913326631199e+00
23                                     5.9300553517896351e+00
24                                     5.5250765801014525e+00
25                                     8.3803034030949277e+00
26                                     5.5922455627803087e+00
27                                     6.4149278168729662e+00
28                                     5.8113658238946462e+00
29                                     8.5767916129341000e+00
30                                     5.8489996176043597e+00
31                                     6.2051457081212789e+00
32                                     6.0509976808972130e+00
33                                     7.5009037256865456e+00
34                                     5.9499969640464618e+00
35                                     6.0756187489978881e+00
36                                     8.8415360616015459e-01
37                                     8.8831264874534266e-01
38                                     8.8007273939386244e-01
39                                     8.7376087133991198e-01
40                                     9.1049726785136076e-01
41                                     8.8245486030948128e-01
   &ZA [&Type "ArrayOfDoubles", &Dim (42,1)] "Total nuclear charge"
                                                         0

0                                      6.0000000000000000e+00
1                                      6.0000000000000000e+00
2                                      6.0000000000000000e+00
3                                      1.0000000000000000e+00
4                                      1.0000000000000000e+00
5                                      6.0000000000000000e+00
6                                      1.0000000000000000e+00
7                                      1.0000000000000000e+00
8                                      6.0000000000000000e+00
9                                      7.0000000000000000e+00
10                                     1.0000000000000000e+00
11                                     1.0000000000000000e+00
12                                     6.0000000000000000e+00
13                                     6.0000000000000000e+00
14                                     1.0000000000000000e+00
15                                     1.0000000000000000e+00
16                                     6.0000000000000000e+00
17                                     1.0000000000000000e+00
18                                     1.0000000000000000e+00
19                                     6.0000000000000000e+00
20                                     1.0000000000000000e+00
21                                     1.0000000000000000e+00
22                                     6.0000000000000000e+00
23                                     6.0000000000000000e+00
24                                     6.0000000000000000e+00
25                                     8.0000000000000000e+00
26                                     6.0000000000000000e+00
27                                     6.0000000000000000e+00
28                                     6.0000000000000000e+00
29                                     8.0000000000000000e+00
30                                     6.0000000000000000e+00
31                                     6.0000000000000000e+00
32                                     6.0000000000000000e+00
33                                     7.0000000000000000e+00
34                                     6.0000000000000000e+00
35                                     6.0000000000000000e+00
36                                     1.0000000000000000e+00
37                                     1.0000000000000000e+00
38                                     1.0000000000000000e+00
39                                     1.0000000000000000e+00
40                                     1.0000000000000000e+00
41                                     1.0000000000000000e+00
   &QA [&Type "ArrayOfDoubles", &Dim (42,1)] "Mulliken gross atomic charge"
                                                         0

0                                     -1.1328521866616548e-01
1                                     -1.6197969228909859e-01
2                                     -2.3215033074105929e-01
3                                      1.0801954281150117e-01
4                                      1.2337065820373649e-01
5                                      2.6421725966037624e-01
6                                      1.3035597254214282e-01
7                                      1.1758757342275661e-01
8                                     -1.1231310843465181e-02
9                                     -9.3028335827128217e-02
10                                     1.2002109250297521e-01
11                                     1.4480001766586770e-01
12                                    -1.1303006903759627e-01
13                                    -1.5330704511348614e-01
14                                     1.1856825920981096e-01
15                                     1.4562824075780478e-01
16                                    -2.6790854548170007e-01
17                                     1.2375141263744704e-01
18                                     1.0958811499989984e-01
19                                     1.3416977083728554e-01
20                                     1.2234057933401865e-01
21                                     1.3447397669841432e-01
22                                    -5.6929133266311993e-01
23                                     6.9944648210364946e-02
24                                     4.7492341989854747e-01
25                                    -3.8030340309492772e-01
26                                     4.0775443721969129e-01
27                                    -4.1492781687296620e-01
28                                     1.8863417610535382e-01
29                                    -5.7679161293409997e-01
30                                     1.5100038239564029e-01
31                                    -2.0514570812127886e-01
32                                    -5.0997680897213016e-02
33                                    -5.0090372568654562e-01
34                                     5.0003035953538166e-02
35                                    -7.5618748997888119e-02
36                                     1.1584639383984541e-01
37                                     1.1168735125465734e-01
38                                     1.1992726060613756e-01
39                                     1.2623912866008802e-01
40                                     8.9502732148639241e-02
41                                     1.1754513969051872e-01
   &VA [&Type "ArrayOfDoubles", &Dim (42,1)] "Mayer's total valence"
                                                         0

0                                      3.9001095383512165e+00
1                                      3.9462367415491459e+00
2                                      3.9186348053977289e+00
3                                      9.6762280836830805e-01
4                                      9.5878955446972758e-01
5                                      3.6806946727477476e+00
6                                      9.5325329672110348e-01
7                                      9.5429446940332330e-01
8                                      4.0763812890278626e+00
9                                      3.4331951781852155e+00
10                                     9.5653346732175415e-01
11                                     9.4769662293867929e-01
12                                     3.8940239173591218e+00
13                                     3.9492169235369938e+00
14                                     9.5840722509185328e-01
15                                     9.4780511063899542e-01
16                                     3.9481848636884238e+00
17                                     9.6005230378804862e-01
18                                     9.6701247212925179e-01
19                                     3.6872558534787165e+00
20                                     9.5699071846805361e-01
21                                     9.5829712209782747e-01
22                                     3.8137396000186672e+00
23                                     3.8921345276579156e+00
24                                     3.5773892907556628e+00
25                                     2.0859087826769076e+00
26                                     4.2167215549337804e+00
27                                     3.7173696712703643e+00
28                                     3.4314024736364068e+00
29                                     1.9798153557844624e+00
30                                     3.7776769820152212e+00
31                                     3.9961200481101669e+00
32                                     4.0312038894582356e+00
33                                     3.0417528285457647e+00
34                                     3.9836749281268817e+00
35                                     3.9235615003792539e+00
36                                     9.9446073164756710e-01
37                                     9.6908893318539657e-01
38                                     9.7571959221092164e-01
39                                     1.0008266966832413e+00
40                                     9.9040066448895203e-01
41                                     9.8794962759248939e-01
   &BVA [&Type "ArrayOfDoubles", &Dim (42,1)] "Mayer's bonded valence"
                                                         0

0                                      3.8906692654541115e+00
1                                      3.9416674617092640e+00
2                                      3.9135112200929978e+00
3                                      9.6644384746280021e-01
4                                      9.5805772498169961e-01
5                                      3.6024107699585484e+00
6                                      9.5055448405753695e-01
7                                      9.5006261145912596e-01
8                                      3.9575397195675288e+00
9                                      3.2556621777512822e+00
10                                     9.3090275366268427e-01
11                                     9.4318174853996073e-01
12                                     3.8845584948604457e+00
13                                     3.9442227246113899e+00
14                                     9.3223865123122573e-01
15                                     9.4437898179773450e-01
16                                     3.9440773363161212e+00
17                                     9.5890442155194922e-01
18                                     9.6569335495673148e-01
19                                     3.5823959409809882e+00
20                                     9.5098610771967218e-01
21                                     9.5601038444405062e-01
22                                     3.7202353655328397e+00
23                                     3.8127167701309825e+00
24                                     3.4420245816017117e+00
25                                     2.0474117442043038e+00
26                                     4.1510959513625521e+00
27                                     3.3350568059254995e+00
28                                     3.2626745598783966e+00
29                                     1.9233708769450060e+00
30                                     3.7136172836077761e+00
31                                     3.9449339932770497e+00
32                                     3.9627981921016060e+00
33                                     3.0359012285297924e+00
34                                     3.9068192669175570e+00
35                                     3.9029428771107266e+00
36                                     9.8987728185240420e-01
37                                     9.6851659709581661e-01
38                                     9.7423482526355565e-01
39                                     1.0002938002043642e+00
40                                     9.8907014405612148e-01
41                                     9.8305481358489344e-01
   &FA [&Type "ArrayOfDoubles", &Dim (42,1)] "Mayer's free valence"
                                                         0

0                                      9.4402728971050461e-03
1                                      4.5692798398818436e-03
2                                      5.1235853047313269e-03
3                                      1.1789609055078928e-03
4                                      7.3182948802801657e-04
5                                      7.8283902789199389e-02
6                                      2.6988126635665109e-03
7                                      4.2318579441973586e-03
8                                      1.1884156946033360e-01
9                                      1.7753300043393336e-01
10                                     2.5630713659069840e-02
11                                     4.5148743987186149e-03
12                                     9.4654224986760425e-03
13                                     4.9941989256037629e-03
14                                     2.6168573860627521e-02
15                                     3.4261288412608783e-03
16                                     4.1075273723023562e-03
17                                     1.1478822360993979e-03
18                                     1.3191171725203210e-03
19                                     1.0485991249772809e-01
20                                     6.0046107483814008e-03
21                                     2.2867376537767992e-03
22                                     9.3504234485827287e-02
23                                     7.9417757526933003e-02
24                                     1.3536470915395113e-01
25                                     3.8497038472603641e-02
26                                     6.5625603571228527e-02
27                                     3.8231286534486497e-01
28                                     1.6872791375801033e-01
29                                     5.6444478839456545e-02
30                                     6.4059698407445145e-02
31                                     5.1186054833116959e-02
32                                     6.8405697356629658e-02
33                                     5.8516000159724302e-03
34                                     7.6855661209324952e-02
35                                     2.0618623268527099e-02
36                                     4.5834497951629301e-03
37                                     5.7233608957994882e-04
38                                     1.4847669473659563e-03
39                                     5.3289647887703659e-04
40                                     1.3305204328305578e-03
41                                     4.8948140075959577e-03
$End
$CIS_Nuc_Gradient
   &GeometryIndex 1
   &ListStatus       OUT
   &NATOMS [&Type "Integer"] 42
   &ROOT [&Type "Integer"] 1
   &GRADNORM [&Type "Double"]       3.1232945224745406e-03
   &GRAD [&Type "ArrayOfDoubles", &Dim (126,1)] 
                                                         0

0                                     -7.0681980452966166e-04
1                                      4.2530334688655738e-05
2                                     -4.0887005643617535e-05
3                                     -5.8278298404853147e-04
4                                     -1.7698839291730028e-04
5                                     -3.9347647687305355e-04
6                                     -4.5856468260385117e-04
7                                     -5.4775428649468856e-04
8                                     -1.7439126354962522e-04
9                                     -3.0634088080944936e-04
10                                    -9.1150759146763213e-05
11                                    -2.4406961982538484e-04
12                                    -1.4031932359767347e-04
13                                    -2.7387981668832933e-05
14                                    -1.3732335328163443e-04
15                                    -8.5514747139512064e-05
16                                    -5.6769489489080088e-04
17                                    -1.4032905856811484e-04
18                                    -1.4031622738193403e-04
19                                    -2.0403336334308029e-04
20                                    -5.4408426814727019e-05
21                                    -1.8334642242556331e-04
22                                    -3.2749511056626607e-04
23                                    -5.3432971853767031e-05
24                                     8.7754315494248131e-05
25                                    -3.0229867728603330e-04
26                                     3.1310722811262785e-05
27                                    -6.5757293125287075e-04
28                                     4.0940307850733000e-04
29                                     1.3033685323980354e-04
30                                    -3.8585806332268622e-04
31                                     2.1360301172963032e-05
32                                     7.5873673722712828e-05
33                                    -3.1184551112947099e-04
34                                     1.4404297587550447e-06
35                                     1.3189123789716798e-05
36                                    -3.0552796213691028e-04
37                                     6.4239910445691316e-04
38                                     1.7726759024422169e-04
39                                     4.3383390908540544e-05
40                                     7.4476838305332065e-04
41                                     1.3987971141035163e-05
42                                    -2.2113786717513679e-04
43                                     2.9914780169938314e-04
44                                     1.9776785990464614e-04
45                                    -1.2676952481326424e-04
46                                     2.3536164318063783e-04
47                                     1.1437912979239266e-04
48                                     2.4561554483085483e-04
49                                     6.8012567185769975e-04
50                                     2.7906081778384241e-04
51                                    -8.8570709265410737e-06
52                                     1.7971147515081863e-04
53                                    -4.0992832350426948e-05
54                                     4.6196470345552805e-05
55                                     3.9724734110048335e-04
56                                    -2.1792341862003601e-05
57                                     2.7153264482818797e-04
58                                     3.3889381270136730e-04
59                                     1.6625430974885096e-04
60                                     1.5465313808300508e-04
61                                     2.8179144330236849e-04
62                                     2.0414040560826850e-04
63                                     4.9171142738510960e-05
64                                     2.6865378765534762e-04
65                                     1.2160190580970143e-04
66                                     8.4053560302975650e-05
67                                    -6.5511755838226207e-04
68                                    -1.8882732122264869e-04
69                                     3.0402331922170229e-04
70                                    -4.8010410497040720e-05
71                                     7.3866110491342178e-05
72                                    -1.1896821047126648e-04
73                                    -4.4020660246669579e-04
74                                    -7.4401950186835932e-05
75                                     5.2343977357953843e-04
76                                     1.7797156267486489e-04
77                                     1.0240713876525522e-04
78                                     1.9865872612150667e-04
79                                     5.2924518831515819e-04
80                                     1.9796520131100596e-04
81                                    -9.0238026945697056e-06
82                                    -4.6512449820406354e-04
83                                    -1.1711773020399049e-04
84                                     8.8119373478464194e-05
85                                     1.8894726977786874e-04
86                                     9.6066572778294614e-05
87                                     1.6898037242725874e-04
88                                     3.8612700184207532e-04
89                                     1.5797984516142355e-04
90                                     2.4375669026587113e-04
91                                    -1.9288821965619978e-04
92                                    -3.0234449456372628e-05
93                                     6.4042030189505718e-04
94                                     3.8334875201887040e-06
95                                     2.8116161777899938e-04
96                                     1.9641215235889999e-04
97                                    -5.7326485700927765e-04
98                                    -2.5310118031055597e-04
99                                     2.4881786017778043e-04
100                                   -2.4818888742229666e-04
101                                   -2.0666449646701194e-04
102                                    3.0405418429321941e-04
103                                   -3.3760021369255689e-04
104                                   -3.5801945515333852e-05
105                                    4.6626926524666009e-04
106                                   -9.5938520367377201e-05
107                                    6.6940592917220048e-05
108                                    7.8699080114938012e-05
109                                   -2.2513536844971080e-04
110                                   -1.8160130420873425e-04
111                                    1.0772002226140572e-04
112                                    3.5611316072233749e-05
113                                    7.2870928430469954e-05
114                                    7.0329479554692584e-05
115                                   -8.3662711522395852e-05
116                                   -1.4964938126772284e-05
117                                    2.2890091082278848e-04
118                                    3.2580932404826813e-05
119                                    1.4892970283496965e-04
120                                   -8.0560155500453877e-06
121                                   -2.1912096104838188e-04
122                                   -7.4776872884470546e-05
123                                   -1.1890209083553508e-04
124                                   -1.2929303803464124e-04
125                                   -7.7983214011745502e-05
$End
$VdW_Correction
   &GeometryIndex 1
   &ListStatus       OUT
   &VDW [&Type "Double"]      -9.7963193898445045e-02
$End
$Geometry
   &GeometryIndex 2
   &ListStatus       OUT
   &NATOMS [&Type "Integer"] 42
   &NCORELESSECP [&Type "Integer"] 0
   &NGHOSTATOMS [&Type "Integer"] 0
   &CartesianCoordinates [&Type "Coordinates", &Dim(42,4), &Units "Bohr"] 
              C    -12.386863096129   -2.801271056827   -0.267322319577
              C    -12.340438774810   -4.892915802557   -2.228614810705
              C    -10.508731391151   -6.946102389265   -1.390552231886
              H    -11.760612439458   -4.112645851944   -4.051021411022
              H    -14.245332439028   -5.647631122018   -2.445532701288
              C     -7.969161953378   -5.841360777587   -0.746602492117
              H    -10.285103992677   -8.385145272134   -2.849744304639
              H    -11.280041449428   -7.904135158965    0.275869105234
              C     -7.768888750378   -3.271667513326    0.058022983655
              N     -9.872171529185   -1.779093723152    0.195704344703
              H    -13.164604609184   -3.522075770785    1.521170295141
              H    -13.583424103644   -1.237179890123   -0.868463197663
              C     -9.763916769907    0.737320696782    1.304171888065
              C     -7.295388979238    2.049298591035    0.671350198861
              H     -9.983461070582    0.583901945879    3.366227459481
              H    -11.377772774636    1.796123987133    0.590249915004
              C     -5.080037638207    0.444428263932    1.558912156041
              H     -7.260661917592    3.897522525509    1.580907062458
              H     -7.187939504323    2.349247727803   -1.368874414084
              C     -5.358430686890   -2.252340033387    0.712138904090
              H     -4.968088273644    0.494974186610    3.626624051030
              H     -3.298534192622    1.208869979541    0.865867929729
              C     -5.815191189959   -7.285958169423   -0.906844952257
              C     -3.275027300457   -3.821908586131    0.558823105833
              C     -3.401363662223   -6.344745733034   -0.259539496702
              O     -0.997543922578   -2.791535583483    1.254130653144
              C      1.276815482376   -4.119092509192    1.126154888446
              C     -1.145079558678   -7.785463376209   -0.383828976376
              C      1.203139784827   -6.717590038186    0.281943651607
              O      3.126796246604   -2.869265266707    1.730410928079
              C      3.521795432332   -8.147948523591    0.088654563586
              C      5.799774907846   -7.538673965877    1.346016419121
              C      3.598497940166  -10.375421306520   -1.412810036790
              N      5.612986540954  -11.844074845658   -1.693788503120
              C      7.735398791278  -11.212017727715   -0.464836966167
              C      7.889608369082   -9.072709846189    1.066416411930
              H      1.946025923342  -10.937609230778   -2.480360617360
              H      9.634463558219   -8.634931845037    2.040052952323
              H      9.348116352581  -12.451304902969   -0.710530262085
              H      5.888069060474   -5.892989853114    2.541625039863
              H     -5.963426559280   -9.227158596676   -1.541277783130
              H     -1.285771406067   -9.749482034612   -0.910530078675
$End
$SCF_Energy
   &GeometryIndex 2
   &ListStatus       OUT
   &SCF_ENERGY [&Type "Double"]      -1.0326975404084949e+03
$End
$DFT_Energy
   &GeometryIndex 2
   &ListStatus       OUT
   &NALPHAEL [&Type "Integer"] 84
   &NBETAEL [&Type "Integer"] 84
   &NTOTALEL [&Type "Integer"] 168
   &EEXCHANGE [&Type "Double"]      -1.1126494329789369e+02
   &ECORR [&Type "Double"]      -6.7552002842843342e+00
   &ECNL [&Type "Double"]       0.0000000000000000e+00
   &EXC [&Type "Double"]      -1.1802014358217802e+02
   &EEMBED [&Type "Double"]       0.0000000000000000e+00
   &FINALEN [&Type "Double"]      -1.0326975404084949e+03  "No Van der Waals correction"
$End
$Solvation_Details
   &GeometryIndex 2
   &ListStatus       OUT
   &SOLVENT [&Type "String"] "WATER"
   &EPSILON [&Type "Double"]       8.0150999999999996e+01
   &REFRAC [&Type "Double"]       1.3328000000000000e+00
   &RSOLV [&Type "Double"]       1.3000000000000000e+00
   &SURFACETYPE [&Type "String"] "GAUSSIAN VDW"
   &NPOINTS [&Type "Integer"] 3533
   &SURFACEAREA [&Type "Double"]       1.2121852651050001e+03
   &CPCMDIELENERGY [&Type "Double"]      -2.8127943999999998e-02
$End
$CIS_Absorption_Spectrum
   &GeometryIndex 2
   &ListStatus       FIRST
   &TEMPERATURE [&Type "Double"]       2.9814999999999998e+02
   &METHOD [&Type "Integer"] 20
   &RELCORRECTION [&Type "Integer"] 1 "Type of relativistic treatment in QDPT. 0->Unknow, 1->None, 2->SOC, 3->SSC, 4->SOC/SSC"
   &DENSTYPE [&Type "Integer"] 3 "Type of density (electron/spin ...). 0->Unknow, 1->Electronic, 2->Spin, 3->Trans/Electronic, 4->Tran/Spin"
   &DERITYPE [&Type "Integer"] 0 "Type of derivative (w.r.t. to what perturbation). 0->Unknown, 1->No Derivative, 2->Electric/Dipole, 3->Electric/Quad, 4->Magnetic/Dipole, 5->Magnetic/Quad"
   &DENSLEVEL [&Type "Integer"] 0 "// Source of density: relaxed, unrelaxed, ... 0->Unknown, 1->Linearized, 2->Unrelaxed, 3->Relaxed"
   &REPRESENTATION [&Type "String"] "Length" "Possible values: Unknown,  Length, Velocity"
   &POINTGROUP [&Type "String"] "C1"
   &NTRANS [&Type "Integer"] 1
   &DOHIGHERMOMENTS [&Type "Boolean"] false
   &STATES [&Type "ArrayOfIntegers", &Dim (1,4)] "The initial and Final states. Col1: Initial State  Col2: Initial Irrep Col3: Final State Col4: Final Irrep"
                                                         0                           1                           2                           3

0                                                        0                           0                           1                           0
   &MULTIPLICITIES [&Type "ArrayOfDoubles", &Dim (1,2)] "Col1: Multiplicity of the initial state  Col2: Multiplicity of the final state"
                                                         0                           1

0                                      1.0000000000000000e+00         1.0000000000000000e+00
   &EXCITATIONENERGIES [&Type "ArrayOfDoubles", &Dim (1,11)] 
                                                         0                           1                           2                           3                           4                           5                           6                           7

0                                      2.7314821934035285e+00         2.2030891948766108e+04         4.5390808612086505e+02         1.4002240798013454e+00         2.0923823541703225e+01         4.3189812380301964e+00         0.0000000000000000e+00        -1.5055127862386664e+00
                                                         8                           9                          10

0                                      0.0000000000000000e+00         6.0463689254512593e-02         0.0000000000000000e+00
$End
$CIS_Absorption_Spectrum
   &GeometryIndex 2
   &ListStatus       LAST
   &TEMPERATURE [&Type "Double"]       2.9814999999999998e+02
   &METHOD [&Type "Integer"] 20
   &RELCORRECTION [&Type "Integer"] 1 "Type of relativistic treatment in QDPT. 0->Unknow, 1->None, 2->SOC, 3->SSC, 4->SOC/SSC"
   &DENSTYPE [&Type "Integer"] 3 "Type of density (electron/spin ...). 0->Unknow, 1->Electronic, 2->Spin, 3->Trans/Electronic, 4->Tran/Spin"
   &DERITYPE [&Type "Integer"] 0 "Type of derivative (w.r.t. to what perturbation). 0->Unknown, 1->No Derivative, 2->Electric/Dipole, 3->Electric/Quad, 4->Magnetic/Dipole, 5->Magnetic/Quad"
   &DENSLEVEL [&Type "Integer"] 0 "// Source of density: relaxed, unrelaxed, ... 0->Unknown, 1->Linearized, 2->Unrelaxed, 3->Relaxed"
   &REPRESENTATION [&Type "String"] "Velocity" "Possible values: Unknown,  Length, Velocity"
   &POINTGROUP [&Type "String"] "C1"
   &NTRANS [&Type "Integer"] 1
   &DOHIGHERMOMENTS [&Type "Boolean"] false
   &STATES [&Type "ArrayOfIntegers", &Dim (1,4)] "The initial and Final states. Col1: Initial State  Col2: Initial Irrep Col3: Final State Col4: Final Irrep"
                                                         0                           1                           2                           3

0                                                        0                           0                           1                           0
   &MULTIPLICITIES [&Type "ArrayOfDoubles", &Dim (1,2)] "Col1: Multiplicity of the initial state  Col2: Multiplicity of the final state"
                                                         0                           1

0                                      1.0000000000000000e+00         1.0000000000000000e+00
   &EXCITATIONENERGIES [&Type "ArrayOfDoubles", &Dim (1,11)] 
                                                         0                           1                           2                           3                           4                           5                           6                           7

0                                      2.7314821934035285e+00         2.2030891948766108e+04         4.5390808612086505e+02         7.4044836198070629e-01         1.1148945385215749e-01        -3.0506299121205360e-01         0.0000000000000000e+00         1.3558979014703165e-01
                                                         8                           9                          10

0                                      0.0000000000000000e+00         6.4369288325968462e-03         0.0000000000000000e+00
$End
$CIS_ECD_Spectrum
   &GeometryIndex 2
   &ListStatus       FIRST
   &TEMPERATURE [&Type "Double"]       2.9814999999999998e+02
   &METHOD [&Type "Integer"] 20
   &RELCORRECTION [&Type "Integer"] 1 "Type of relativistic treatment in QDPT. 0->Unknow, 1->None, 2->SOC, 3->SSC, 4->SOC/SSC"
   &DENSTYPE [&Type "Integer"] 3 "Type of density (electron/spin ...). 0->Unknow, 1->Electronic, 2->Spin, 3->Trans/Electronic, 4->Tran/Spin"
   &DERITYPE [&Type "Integer"] 0 "Type of derivative (w.r.t. to what perturbation). 0->Unknown, 1->No Derivative, 2->Electric/Dipole, 3->Electric/Quad, 4->Magnetic/Dipole, 5->Magnetic/Quad"
   &DENSLEVEL [&Type "Integer"] 0 "// Source of density: relaxed, unrelaxed, ... 0->Unknown, 1->Linearized, 2->Unrelaxed, 3->Relaxed"
   &REPRESENTATION [&Type "String"] "Length" "Possible values: Unknown,  Length, Velocity"
   &POINTGROUP [&Type "String"] "C1"
   &NTRANS [&Type "Integer"] 1
   &DOHIGHERMOMENTS [&Type "Boolean"] false
   &STATES [&Type "ArrayOfIntegers", &Dim (1,4)] "The initial and Final states. Col1: Initial State  Col2: Initial Irrep Col3: Final State Col4: Final Irrep"
                                                         0                           1                           2                           3

0                                                        0                           0                           1                           0
   &MULTIPLICITIES [&Type "ArrayOfDoubles", &Dim (1,2)] "Col1: Multiplicity of the initial state  Col2: Multiplicity of the final state"
                                                         0                           1

0                                      1.0000000000000000e+00         1.0000000000000000e+00
   &EXCITATIONENERGIES [&Type "ArrayOfDoubles", &Dim (1,10)] 
                                                         0                           1                           2                           3                           4                           5                           6                           7

0                                      2.7314821934035285e+00         2.2030891948766108e+04         4.5390808612086505e+02        -3.5023324630627130e+01         4.4976373735254066e-02         0.0000000000000000e+00         6.9088181056252682e-02         0.0000000000000000e+00
                                                         8                           9

0                                     -2.6380370491638994e-01         0.0000000000000000e+00
$End
$CIS_ECD_Spectrum
   &GeometryIndex 2
   &ListStatus       LAST
   &TEMPERATURE [&Type "Double"]       2.9814999999999998e+02
   &METHOD [&Type "Integer"] 20
   &RELCORRECTION [&Type "Integer"] 1 "Type of relativistic treatment in QDPT. 0->Unknow, 1->None, 2->SOC, 3->SSC, 4->SOC/SSC"
   &DENSTYPE [&Type "Integer"] 3 "Type of density (electron/spin ...). 0->Unknow, 1->Electronic, 2->Spin, 3->Trans/Electronic, 4->Tran/Spin"
   &DERITYPE [&Type "Integer"] 0 "Type of derivative (w.r.t. to what perturbation). 0->Unknown, 1->No Derivative, 2->Electric/Dipole, 3->Electric/Quad, 4->Magnetic/Dipole, 5->Magnetic/Quad"
   &DENSLEVEL [&Type "Integer"] 0 "// Source of density: relaxed, unrelaxed, ... 0->Unknown, 1->Linearized, 2->Unrelaxed, 3->Relaxed"
   &REPRESENTATION [&Type "String"] "Velocity" "Possible values: Unknown,  Length, Velocity"
   &POINTGROUP [&Type "String"] "C1"
   &NTRANS [&Type "Integer"] 1
   &DOHIGHERMOMENTS [&Type "Boolean"] false
   &STATES [&Type "ArrayOfIntegers", &Dim (1,4)] "The initial and Final states. Col1: Initial State  Col2: Initial Irrep Col3: Final State Col4: Final Irrep"
                                                         0                           1                           2                           3

0                                                        0                           0                           1                           0
   &MULTIPLICITIES [&Type "ArrayOfDoubles", &Dim (1,2)] "Col1: Multiplicity of the initial state  Col2: Multiplicity of the final state"
                                                         0                           1

0                                      1.0000000000000000e+00         1.0000000000000000e+00
   &EXCITATIONENERGIES [&Type "ArrayOfDoubles", &Dim (1,10)] 
                                                         0                           1                           2                           3                           4                           5                           6                           7

0                                      2.7314821934035285e+00         2.2030891948766108e+04         4.5390808612086505e+02        -2.8419730789902268e+01         4.4976373735254066e-02         0.0000000000000000e+00         6.9088181056252682e-02         0.0000000000000000e+00
                                                         8                           9

0                                     -2.6380370491638994e-01         0.0000000000000000e+00
$End
$CIS_Nuc_Gradient
   &GeometryIndex 2
   &ListStatus       OUT
   &NATOMS [&Type "Integer"] 42
   &ROOT [&Type "Integer"] 1
   &GRADNORM [&Type "Double"]       1.0954620973737902e-03
   &GRAD [&Type "ArrayOfDoubles", &Dim (126,1)] 
                                                         0

0                                     -1.7381017863793793e-04
1                                     -7.7633665718003354e-05
2                                      1.0237171434799116e-04
3                                      1.6578906403887388e-04
4                                      7.1166682368093266e-05
5                                     -4.2232549916737972e-05
6                                     -1.0878109415779437e-04
7                                     -1.0158995776551394e-04
8                                      2.5659708061358900e-05
9                                     -2.0163737024965028e-04
10                                    -7.9959068573543814e-05
11                                    -8.3680603820371455e-05
12                                     4.7932964347038301e-06
13                                     2.5847047491059017e-05
14                                     9.0953245743060241e-06
15                                    -4.7218226350508236e-05
16                                    -1.6792040437344782e-04
17                                    -2.0300336087675247e-05
18                                    -3.2132221841467000e-05
19                                    -1.8087908261466001e-06
20                                    -1.6049143956300217e-05
21                                     7.9225874131945255e-06
22                                    -8.1876309722612615e-05
23                                    -7.4653134416194231e-05
24                                    -1.4348470439911914e-05
25                                    -1.7664627297004487e-05
26                                    -1.0702258647775760e-04
27                                    -1.8075606530327799e-05
28                                     2.5641013947840083e-05
29                                     1.0781726091188219e-04
30                                    -6.9177721081046997e-05
31                                     7.6722667406560073e-05
32                                    -5.6988294622745692e-05
33                                    -1.3575012786229640e-05
34                                    -1.1593294910755005e-05
35                                    -2.2560693299669994e-06
36                                     1.0390382081866458e-05
37                                     1.0747076750892515e-04
38                                     9.7185178586097257e-05
39                                    -4.8966651267720083e-05
40                                    -5.5143744931346978e-05
41                                    -1.2963689235597625e-04
42                                    -1.2756953826210813e-04
43                                     8.2326870312065766e-05
44                                    -5.0190322570603345e-05
45                                    -7.0923825333679843e-06
46                                     1.9052392928010421e-05
47                                    -2.4294936511653689e-06
48                                    -4.6501475873719452e-05
49                                    -4.3079934857740494e-05
50                                     1.1736995341428782e-04
51                                    -1.7447824848490994e-05
52                                    -2.9120114282217742e-05
53                                     4.4953872409689718e-05
54                                     5.9716842696825327e-05
55                                     1.8097592798564552e-04
56                                     4.8742923754497674e-05
57                                     3.0522886578142393e-04
58                                     8.8999184459694731e-05
59                                     1.1163516742870492e-04
60                                     4.8826675166411680e-05
61                                     9.1631965417276454e-05
62                                    -2.4810576709589753e-05
63                                    -1.3861588418556415e-05
64                                     8.8566940571402114e-05
65                                     3.7274731297504801e-05
66                                     9.8067465355628131e-06
67                                    -8.2253875077245380e-05
68                                    -4.3424879840880948e-06
69                                    -2.0665373330008819e-04
70                                     3.2632351463095357e-05
71                                     2.5151366931072878e-05
72                                    -9.7569456578418452e-05
73                                    -6.6324958481530998e-05
74                                    -4.8973005928469948e-05
75                                    -1.0801370984688121e-04
76                                     3.8995873851608372e-05
77                                    -5.7660631548051228e-05
78                                     4.4246095635830135e-04
79                                     4.1127710928907067e-05
80                                     2.9856901684486469e-05
81                                     2.7429874169189456e-04
82                                     1.3768122604870255e-04
83                                     1.4001082424930475e-04
84                                     3.7336585582401887e-05
85                                    -1.9953958519792491e-04
86                                    -1.9473474612765004e-06
87                                    -5.9887962768371758e-05
88                                    -1.9095513361074110e-04
89                                     3.4737446002276496e-05
90                                    -1.0287964996097659e-04
91                                     1.3392667342349387e-05
92                                    -5.6544785533752099e-05
93                                    -1.6425008902949147e-04
94                                    -5.7218182100807395e-05
95                                    -1.0860504178891782e-04
96                                     9.9992962776447787e-05
97                                     1.5128604728902745e-04
98                                     6.1515878108895218e-05
99                                    -8.6135189023631425e-05
100                                   -1.2698163097612787e-05
101                                   -2.6211445764765700e-05
102                                    1.4028085587376721e-04
103                                   -7.5872420460985684e-05
104                                    2.5426996874443938e-06
105                                    9.3175259026709724e-05
106                                    2.3347274066041161e-05
107                                    6.4941081757887895e-05
108                                   -5.8967441502579375e-05
109                                   -1.1513475853004522e-04
110                                   -4.1270070868256186e-05
111                                   -2.0373684889593243e-05
112                                    4.9848143210527849e-05
113                                    2.8476606133182129e-05
114                                   -9.6669046171423962e-06
115                                   -1.3735294100238401e-05
116                                    4.1549472479451903e-07
117                                    1.3746449855720879e-04
118                                    1.1781989705110350e-04
119                                    1.0784155082662971e-04
120                                   -1.3709457392068685e-05
121                                    5.3633946913497353e-06
122                                   -1.7824679259166327e-06
123                                   -2.3562076137308022e-06
124                                   -5.6836452450051758e-05
125                                   -7.6286302013011518e-05
$End
$VdW_Correction
   &GeometryIndex 2
   &ListStatus       OUT
   &VDW [&Type "Double"]      -9.8131266064153677e-02
$End
$Geometry
   &GeometryIndex 3
   &ListStatus       OUT
   &NATOMS [&Type "Integer"] 42
   &NCORELESSECP [&Type "Integer"] 0
   &NGHOSTATOMS [&Type "Integer"] 0
   &CartesianCoordinates [&Type "Coordinates", &Dim(42,4), &Units "Bohr"] 
              C    -12.384882136995   -2.803864084182   -0.263166701089
              C    -12.337304937899   -4.891938705373   -2.227545218999
              C    -10.506883219682   -6.945553364113   -1.389423863144
              H    -11.752905666807   -4.108217978316   -4.047049225616
              H    -14.242032698173   -5.645857483447   -2.448899604513
              C     -7.967754576045   -5.840743455352   -0.747534118237
              H    -10.283828578138   -8.385562998270   -2.847694751186
              H    -11.277708895960   -7.901213644590    0.278646066197
              C     -7.767926308749   -3.271822615147    0.056831434058
              N     -9.871097052979   -1.780839285361    0.197849611594
              H    -13.159163838977   -3.528957904462    1.525257643444
              H    -13.583409475348   -1.239850782590   -0.860483860954
              C     -9.761750148638    0.733051604004    1.309889323269
              C     -7.297066226212    2.047063983877    0.668240221745
              H     -9.971648317253    0.575467689450    3.372769935313
              H    -11.379618216032    1.791097071406    0.604204377053
              C     -5.079011297921    0.444888204259    1.552328847359
              H     -7.261178681881    3.897176611794    1.573916290569
              H     -7.195929790226    2.341184813547   -1.373174897898
              C     -5.358127187557   -2.251576818778    0.707666466829
              H     -4.963610907912    0.495782732051    3.619906224048
              H     -3.299032606250    1.209071355961    0.855279713222
              C     -5.813957690432   -7.284719230785   -0.908908291933
              C     -3.274538088084   -3.819834333792    0.553984103393
              C     -3.400620157332   -6.342725794101   -0.262771858667
              O     -0.998244994121   -2.787710750778    1.248722611314
              C      1.275648309399   -4.114389481770    1.121110197504
              C     -1.145063531820   -7.783023562061   -0.386216024006
              C      1.202392215015   -6.713709372019    0.279445241007
              O      3.125762735211   -2.861463928421    1.719047145564
              C      3.520189613553   -8.145328846549    0.088813911800
              C      5.795261425738   -7.541825171762    1.353584795061
              C      3.597414686289  -10.369351899829   -1.417510791010
              N      5.610937125495  -11.839236427873   -1.697951326202
              C      7.730755975403  -11.212459831674   -0.462218843256
              C      7.883707115286   -9.077680924387    1.075193470227
              H      1.947478705505  -10.924974160010   -2.491753788278
              H      9.626689478033   -8.645208407409    2.054482338552
              H      9.342878428287  -12.452601832775   -0.707349222103
              H      5.881169892715   -5.900190532221    2.554066305135
              H     -5.961935294911   -9.226152033665   -1.542641062506
              H     -1.285576728849   -9.747956823432   -0.908573472872
$End
$SCF_Energy
   &GeometryIndex 3
   &ListStatus       OUT
   &SCF_ENERGY [&Type "Double"]      -1.0326975352330617e+03
$End
$DFT_Energy
   &GeometryIndex 3
   &ListStatus       OUT
   &NALPHAEL [&Type "Integer"] 84
   &NBETAEL [&Type "Integer"] 84
   &NTOTALEL [&Type "Integer"] 167
   &EEXCHANGE [&Type "Double"]      -1.1126792160943997e+02
   &ECORR [&Type "Double"]      -6.7554391483427390e+00
   &ECNL [&Type "Double"]       0.0000000000000000e+00
   &EXC [&Type "Double"]      -1.1802336075778271e+02
   &EEMBED [&Type "Double"]       0.0000000000000000e+00
   &FINALEN [&Type "Double"]      -1.0326975352330617e+03  "No Van der Waals correction"
$End
$Solvation_Details
   &GeometryIndex 3
   &ListStatus       OUT
   &SOLVENT [&Type "String"] "WATER"
   &EPSILON [&Type "Double"]       8.0150999999999996e+01
   &REFRAC [&Type "Double"]       1.3328000000000000e+00
   &RSOLV [&Type "Double"]       1.3000000000000000e+00
   &SURFACETYPE [&Type "String"] "GAUSSIAN VDW"
   &NPOINTS [&Type "Integer"] 3529
   &SURFACEAREA [&Type "Double"]       1.2121222343400000e+03
   &CPCMDIELENERGY [&Type "Double"]      -2.8146211000000001e-02
$End
$CIS_Absorption_Spectrum
   &GeometryIndex 3
   &ListStatus       FIRST
   &TEMPERATURE [&Type "Double"]       2.9814999999999998e+02
   &METHOD [&Type "Integer"] 20
   &RELCORRECTION [&Type "Integer"] 1 "Type of relativistic treatment in QDPT. 0->Unknow, 1->None, 2->SOC, 3->SSC, 4->SOC/SSC"
   &DENSTYPE [&Type "Integer"] 3 "Type of density (electron/spin ...). 0->Unknow, 1->Electronic, 2->Spin, 3->Trans/Electronic, 4->Tran/Spin"
   &DERITYPE [&Type "Integer"] 0 "Type of derivative (w.r.t. to what perturbation). 0->Unknown, 1->No Derivative, 2->Electric/Dipole, 3->Electric/Quad, 4->Magnetic/Dipole, 5->Magnetic/Quad"
   &DENSLEVEL [&Type "Integer"] 0 "// Source of density: relaxed, unrelaxed, ... 0->Unknown, 1->Linearized, 2->Unrelaxed, 3->Relaxed"
   &REPRESENTATION [&Type "String"] "Length" "Possible values: Unknown,  Length, Velocity"
   &POINTGROUP [&Type "String"] "C1"
   &NTRANS [&Type "Integer"] 1
   &DOHIGHERMOMENTS [&Type "Boolean"] false
   &STATES [&Type "ArrayOfIntegers", &Dim (1,4)] "The initial and Final states. Col1: Initial State  Col2: Initial Irrep Col3: Final State Col4: Final Irrep"
                                                         0                           1                           2                           3

0                                                        0                           0                           1                           0
   &MULTIPLICITIES [&Type "ArrayOfDoubles", &Dim (1,2)] "Col1: Multiplicity of the initial state  Col2: Multiplicity of the final state"
                                                         0                           1

0                                      1.0000000000000000e+00         1.0000000000000000e+00
   &EXCITATIONENERGIES [&Type "ArrayOfDoubles", &Dim (1,11)] 
                                                         0                           1                           2                           3                           4                           5                           6                           7

0                                      2.7326835858581027e+00         2.2040581833407752e+04         4.5370853072683485e+02         1.3992978029246770e+00         2.0900789174721275e+01        -4.3171823983640101e+00         0.0000000000000000e+00         1.5030387537888761e+00
                                                         8                           9                          10

0                                      0.0000000000000000e+00        -5.9998488197894231e-02         0.0000000000000000e+00
$End
$CIS_Absorption_Spectrum
   &GeometryIndex 3
   &ListStatus       LAST
   &TEMPERATURE [&Type "Double"]       2.9814999999999998e+02
   &METHOD [&Type "Integer"] 20
   &RELCORRECTION [&Type "Integer"] 1 "Type of relativistic treatment in QDPT. 0->Unknow, 1->None, 2->SOC, 3->SSC, 4->SOC/SSC"
   &DENSTYPE [&Type "Integer"] 3 "Type of density (electron/spin ...). 0->Unknow, 1->Electronic, 2->Spin, 3->Trans/Electronic, 4->Tran/Spin"
   &DERITYPE [&Type "Integer"] 0 "Type of derivative (w.r.t. to what perturbation). 0->Unknown, 1->No Derivative, 2->Electric/Dipole, 3->Electric/Quad, 4->Magnetic/Dipole, 5->Magnetic/Quad"
   &DENSLEVEL [&Type "Integer"] 0 "// Source of density: relaxed, unrelaxed, ... 0->Unknown, 1->Linearized, 2->Unrelaxed, 3->Relaxed"
   &REPRESENTATION [&Type "String"] "Velocity" "Possible values: Unknown,  Length, Velocity"
   &POINTGROUP [&Type "String"] "C1"
   &NTRANS [&Type "Integer"] 1
   &DOHIGHERMOMENTS [&Type "Boolean"] false
   &STATES [&Type "ArrayOfIntegers", &Dim (1,4)] "The initial and Final states. Col1: Initial State  Col2: Initial Irrep Col3: Final State Col4: Final Irrep"
                                                         0                           1                           2                           3

0                                                        0                           0                           1                           0
   &MULTIPLICITIES [&Type "ArrayOfDoubles", &Dim (1,2)] "Col1: Multiplicity of the initial state  Col2: Multiplicity of the final state"
                                                         0                           1

0                                      1.0000000000000000e+00         1.0000000000000000e+00
   &EXCITATIONENERGIES [&Type "ArrayOfDoubles", &Dim (1,11)] 
                                                         0                           1                           2                           3                           4                           5                           6                           7

0                                      2.7326835858581027e+00         2.2040581833407752e+04         4.5370853072683485e+02         7.3949783335694930e-01         1.1139530621909685e-01         3.0496079020557210e-01         0.0000000000000000e+00        -1.3547190944274151e-01
                                                         8                           9                          10

0                                      0.0000000000000000e+00        -6.4485973845131855e-03         0.0000000000000000e+00
$End
$CIS_ECD_Spectrum
   &GeometryIndex 3
   &ListStatus       FIRST
   &TEMPERATURE [&Type "Double"]       2.9814999999999998e+02
   &METHOD [&Type "Integer"] 20
   &RELCORRECTION [&Type "Integer"] 1 "Type of relativistic treatment in QDPT. 0->Unknow, 1->None, 2->SOC, 3->SSC, 4->SOC/SSC"
   &DENSTYPE [&Type "Integer"] 3 "Type of density (electron/spin ...). 0->Unknow, 1->Electronic, 2->Spin, 3->Trans/Electronic, 4->Tran/Spin"
   &DERITYPE [&Type "Integer"] 0 "Type of derivative (w.r.t. to what perturbation). 0->Unknown, 1->No Derivative, 2->Electric/Dipole, 3->Electric/Quad, 4->Magnetic/Dipole, 5->Magnetic/Quad"
   &DENSLEVEL [&Type "Integer"] 0 "// Source of density: relaxed, unrelaxed, ... 0->Unknown, 1->Linearized, 2->Unrelaxed, 3->Relaxed"
   &REPRESENTATION [&Type "String"] "Length" "Possible values: Unknown,  Length, Velocity"
   &POINTGROUP [&Type "String"] "C1"
   &NTRANS [&Type "Integer"] 1
   &DOHIGHERMOMENTS [&Type "Boolean"] false
   &STATES [&Type "ArrayOfIntegers", &Dim (1,4)] "The initial and Final states. Col1: Initial State  Col2: Initial Irrep Col3: Final State Col4: Final Irrep"
                                                         0                           1                           2                           3

0                                                        0                           0                           1                           0
   &MULTIPLICITIES [&Type "ArrayOfDoubles", &Dim (1,2)] "Col1: Multiplicity of the initial state  Col2: Multiplicity of the final state"
                                                         0                           1

0                                      1.0000000000000000e+00         1.0000000000000000e+00
   &EXCITATIONENERGIES [&Type "ArrayOfDoubles", &Dim (1,10)] 
                                                         0                           1                           2                           3                           4                           5                           6                           7

0                                      2.7326835858581027e+00         2.2040581833407752e+04         4.5370853072683485e+02        -3.5113778072747074e+01        -4.5223301123582756e-02         0.0000000000000000e+00        -6.9807371862476347e-02         0.0000000000000000e+00
                                                         8                           9

0                                      2.6390270455410630e-01         0.0000000000000000e+00
$End
$CIS_ECD_Spectrum
   &GeometryIndex 3
   &ListStatus       LAST
   &TEMPERATURE [&Type "Double"]       2.9814999999999998e+02
   &METHOD [&Type "Integer"] 20
   &RELCORRECTION [&Type "Integer"] 1 "Type of relativistic treatment in QDPT. 0->Unknow, 1->None, 2->SOC, 3->SSC, 4->SOC/SSC"
   &DENSTYPE [&Type "Integer"] 3 "Type of density (electron/spin ...). 0->Unknow, 1->Electronic, 2->Spin, 3->Trans/Electronic, 4->Tran/Spin"
   &DERITYPE [&Type "Integer"] 0 "Type of derivative (w.r.t. to what perturbation). 0->Unknown, 1->No Derivative, 2->Electric/Dipole, 3->Electric/Quad, 4->Magnetic/Dipole, 5->Magnetic/Quad"
   &DENSLEVEL [&Type "Integer"] 0 "// Source of density: relaxed, unrelaxed, ... 0->Unknown, 1->Linearized, 2->Unrelaxed, 3->Relaxed"
   &REPRESENTATION [&Type "String"] "Velocity" "Possible values: Unknown,  Length, Velocity"
   &POINTGROUP [&Type "String"] "C1"
   &NTRANS [&Type "Integer"] 1
   &DOHIGHERMOMENTS [&Type "Boolean"] false
   &STATES [&Type "ArrayOfIntegers", &Dim (1,4)] "The initial and Final states. Col1: Initial State  Col2: Initial Irrep Col3: Final State Col4: Final Irrep"
                                                         0                           1                           2                           3

0                                                        0                           0                           1                           0
   &MULTIPLICITIES [&Type "ArrayOfDoubles", &Dim (1,2)] "Col1: Multiplicity of the initial state  Col2: Multiplicity of the final state"
                                                         0                           1

0                                      1.0000000000000000e+00         1.0000000000000000e+00
   &EXCITATIONENERGIES [&Type "ArrayOfDoubles", &Dim (1,10)] 
                                                         0                           1                           2                           3                           4                           5                           6                           7

0                                      2.7326835858581027e+00         2.2040581833407752e+04         4.5370853072683485e+02        -2.8337461519101588e+01        -4.5223301123582756e-02         0.0000000000000000e+00        -6.9807371862476347e-02         0.0000000000000000e+00
                                                         8                           9

0                                      2.6390270455410630e-01         0.0000000000000000e+00
$End
$CIS_Nuc_Gradient
   &GeometryIndex 3
   &ListStatus       OUT
   &NATOMS [&Type "Integer"] 42
   &ROOT [&Type "Integer"] 1
   &GRADNORM [&Type "Double"]       8.2135446997247277e-04
   &GRAD [&Type "ArrayOfDoubles", &Dim (126,1)] 
                                                         0

0                                     -1.6441286553927248e-05
1                                     -8.7129398172943563e-05
2                                      7.1020852308856339e-05
3                                      2.4330413500414877e-04
4                                      8.3845904565884850e-05
5                                      3.8649351182092116e-05
6                                     -6.2199192547071473e-06
7                                      2.8310144609647206e-05
8                                      3.4618892203464252e-05
9                                     -1.0852460584955247e-04
10                                    -4.2074061708514347e-05
11                                    -3.6320644962061735e-05
12                                    -1.4702343989880643e-05
13                                     1.3096652382326964e-05
14                                     1.7442350408076714e-05
15                                    -5.8636173177442857e-05
16                                     1.0716877612668651e-05
17                                     8.2167292510121879e-06
18                                     9.6476000293398514e-07
19                                     2.6777003770652754e-05
20                                    -2.6322986082124520e-05
21                                     2.9099283563329271e-05
22                                    -2.0280378760124083e-05
23                                    -2.0328983641280270e-05
24                                    -7.4948673658836493e-05
25                                     3.1341507562821400e-05
26                                    -7.4934712974525106e-05
27                                     1.5432642019165923e-04
28                                    -8.8340605519196373e-05
29                                     6.3675200074821527e-05
30                                    -9.9936044136945739e-06
31                                     3.8631318238710168e-05
32                                    -1.6277245304506424e-05
33                                     1.8736085372125213e-05
34                                    -3.8655293559517097e-06
35                                    -2.0644045408957960e-05
36                                     1.0434490374622648e-04
37                                    -1.4917021233228642e-06
38                                     1.0624292978507108e-05
39                                    -8.7276686943308859e-05
40                                    -1.4992100161877523e-04
41                                    -1.0555652001238968e-04
42                                    -9.0213639492974917e-05
43                                     1.3906753330202091e-05
44                                    -2.2070303617075014e-05
45                                     5.9129159610581475e-06
46                                    -5.8127620375870623e-06
47                                    -2.8039091336379039e-05
48                                    -7.6621174287972045e-05
49                                    -1.4831470903924244e-04
50                                     1.9571002933090883e-05
51                                    -1.2231730952823567e-05
52                                    -2.6641887830624927e-05
53                                     6.8610501552235354e-05
54                                     4.7308278815282279e-05
55                                     6.2182804763888323e-05
56                                     3.3015603602606355e-05
57                                     1.0086559514683465e-04
58                                     4.9156609422435057e-05
59                                     5.4353483921970217e-05
60                                     1.0315222777294007e-05
61                                     2.4687650479019623e-05
62                                    -4.2996789308226749e-06
63                                    -8.6932795143682682e-06
64                                     3.7813998485167145e-05
65                                     1.3166698673903836e-05
66                                     5.2361183737652055e-06
67                                     4.1583098286318413e-05
68                                     2.7437518125608229e-05
69                                    -1.6561699368864216e-04
70                                     6.8606866496589920e-05
71                                    -6.1317609167152264e-05
72                                    -4.9523594258471906e-05
73                                    -9.0770843210102869e-05
74                                     2.5105532902104427e-06
75                                    -6.2896301381930807e-05
76                                     6.0110849307472866e-05
77                                    -6.3478714088104407e-05
78                                     2.8618088602600552e-04
79                                    -1.3881690129572831e-05
80                                     3.0074672114615577e-04
81                                     6.2999089125883876e-05
82                                     1.1244764882174850e-04
83                                     3.7041572395498688e-05
84                                     4.2335060942972423e-05
85                                    -9.8560545325935496e-05
86                                    -1.0659492070519968e-04
87                                    -2.6095022864107084e-04
88                                     1.1456272926344577e-05
89                                    -8.9523872894019696e-05
90                                    -4.6412756319603370e-05
91                                     5.0235374383403303e-05
92                                     2.5158887575631284e-06
93                                    -1.1239038732309371e-06
94                                     2.6735594692949284e-05
95                                     1.0084861323840803e-05
96                                    -5.7766540214358654e-06
97                                    -8.7329280841121765e-06
98                                     9.4115835088661338e-05
99                                    -3.9896190056697714e-05
100                                    4.4954136220337246e-05
101                                    1.0852315460735547e-06
102                                    2.4304479164521703e-05
103                                    7.2368820784995264e-06
104                                    7.3500716934637766e-06
105                                   -1.4866659798061337e-05
106                                   -2.4582124095033744e-05
107                                   -6.7099532175577629e-06
108                                    5.2022327621793055e-05
109                                   -3.2709170867124175e-05
110                                   -1.3436083374767619e-05
111                                   -2.8107448801785375e-05
112                                    3.2364544216738261e-05
113                                    2.1293224456470338e-05
114                                   -2.8496107027705850e-05
115                                    7.6593216302576128e-07
116                                   -3.4151259617962510e-06
117                                    6.8560657816722081e-05
118                                   -1.1476424165428366e-04
119                                   -3.1555945487078934e-05
120                                   -7.9037254703888564e-06
121                                    3.7858959599775064e-06
122                                    1.7843648316532320e-06
123                                   -3.0958030923169364e-05
124                                    7.2477713824604505e-06
125                                   -3.5429990972816355e-05
$End
$VdW_Correction
   &GeometryIndex 3
   &ListStatus       OUT
   &VDW [&Type "Double"]      -9.8163119619557954e-02
$End
$Geometry
   &GeometryIndex 4
   &ListStatus       OUT
   &NATOMS [&Type "Integer"] 42
   &NCORELESSECP [&Type "Integer"] 0
   &NGHOSTATOMS [&Type "Integer"] 0
   &CartesianCoordinates [&Type "Coordinates", &Dim(42,4), &Units "Bohr"] 
              C    -12.384705028859   -2.804514500641   -0.260084247183
              C    -12.336387040459   -4.889443718459   -2.227801760933
              C    -10.507653658614   -6.944466553389   -1.389554417029
              H    -11.747019201852   -4.102478236659   -4.044378059308
              H    -14.241071533408   -5.641991763427   -2.453971492002
              C     -7.968058711675   -5.840570448093   -0.748417629296
              H    -10.285403046953   -8.385239490947   -2.847183226638
              H    -11.279065285157   -7.898310270699    0.279367095682
              C     -7.767897244160   -3.272200643211    0.056772339411
              N     -9.871072485099   -1.781593028528    0.200759029407
              H    -13.157117080739   -3.533648382340    1.527663281636
              H    -13.584379107408   -1.240044677170   -0.853903344847
              C     -9.759754614369    0.729952969240    1.317381667917
              C     -7.298100841754    2.045823419487    0.667599134678
              H     -9.959999280978    0.567808177236    3.380983940333
              H    -11.381309628678    1.788145718817    0.620579829546
              C     -5.077209052728    0.445181642459    1.547198123473
              H     -7.260551822740    3.897420822695    1.570120312597
              H     -7.203481595229    2.335563457951   -1.374800775203
              C     -5.357772354001   -2.251762701982    0.704621034793
              H     -4.957458636373    0.496536789234    3.614573943509
              H     -3.298839987431    1.208850176886    0.845673678256
              C     -5.814486884849   -7.284548659839   -0.911446605598
              C     -3.274108033653   -3.819760087017    0.549780915049
              C     -3.400855802641   -6.342607524790   -0.266607517872
              O     -0.997753577659   -2.786739957648    1.242191288454
              C      1.275769739768   -4.112425026834    1.110195745172
              C     -1.146075834634   -7.783583564004   -0.389678854203
              C      1.201353676472   -6.713108989546    0.274032909503
              O      3.126808787601   -2.860726724975    1.709069813119
              C      3.519013193208   -8.145144220001    0.087408803124
              C      5.790960151732   -7.541903980075    1.357489799456
              C      3.599364615712  -10.367770158444   -1.420674517129
              N      5.613496435900  -11.837639172060   -1.697314316738
              C      7.730273678975  -11.211554418830   -0.456011935507
              C      7.879960477500   -9.077670213827    1.082963285362
              H      1.951707000167  -10.921626178261   -2.499199485031
              H      9.620919037156   -8.646310324580    2.066375372563
              H      9.343165305824  -12.451384438442   -0.698137067047
              H      5.873061680483   -5.900673525924    2.559072203636
              H     -5.962761218309   -9.225889390668   -1.545395937222
              H     -1.287026735338   -9.749710601642   -0.906943006110
$End
$SCF_Energy
   &GeometryIndex 4
   &ListStatus       OUT
   &SCF_ENERGY [&Type "Double"]      -1.0326975424972513e+03
$End
$DFT_Energy
   &GeometryIndex 4
   &ListStatus       OUT
   &NALPHAEL [&Type "Integer"] 84
   &NBETAEL [&Type "Integer"] 84
   &NTOTALEL [&Type "Integer"] 167
   &EEXCHANGE [&Type "Double"]      -1.1126866344532782e+02
   &ECORR [&Type "Double"]      -6.7555077019249001e+00
   &ECNL [&Type "Double"]       0.0000000000000000e+00
   &EXC [&Type "Double"]      -1.1802417114725272e+02
   &EEMBED [&Type "Double"]       0.0000000000000000e+00
   &FINALEN [&Type "Double"]      -1.0326975424972513e+03  "No Van der Waals correction"
$End
$Solvation_Details
   &GeometryIndex 4
   &ListStatus       OUT
   &SOLVENT [&Type "String"] "WATER"
   &EPSILON [&Type "Double"]       8.0150999999999996e+01
   &REFRAC [&Type "Double"]       1.3328000000000000e+00
   &RSOLV [&Type "Double"]       1.3000000000000000e+00
   &SURFACETYPE [&Type "String"] "GAUSSIAN VDW"
   &NPOINTS [&Type "Integer"] 3530
   &SURFACEAREA [&Type "Double"]       1.2121944046809999e+03
   &CPCMDIELENERGY [&Type "Double"]      -2.8146416000000000e-02
$End
$CIS_Absorption_Spectrum
   &GeometryIndex 4
   &ListStatus       FIRST
   &TEMPERATURE [&Type "Double"]       2.9814999999999998e+02
   &METHOD [&Type "Integer"] 20
   &RELCORRECTION [&Type "Integer"] 1 "Type of relativistic treatment in QDPT. 0->Unknow, 1->None, 2->SOC, 3->SSC, 4->SOC/SSC"
   &DENSTYPE [&Type "Integer"] 3 "Type of density (electron/spin ...). 0->Unknow, 1->Electronic, 2->Spin, 3->Trans/Electronic, 4->Tran/Spin"
   &DERITYPE [&Type "Integer"] 0 "Type of derivative (w.r.t. to what perturbation). 0->Unknown, 1->No Derivative, 2->Electric/Dipole, 3->Electric/Quad, 4->Magnetic/Dipole, 5->Magnetic/Quad"
   &DENSLEVEL [&Type "Integer"] 0 "// Source of density: relaxed, unrelaxed, ... 0->Unknown, 1->Linearized, 2->Unrelaxed, 3->Relaxed"
   &REPRESENTATION [&Type "String"] "Length" "Possible values: Unknown,  Length, Velocity"
   &POINTGROUP [&Type "String"] "C1"
   &NTRANS [&Type "Integer"] 1
   &DOHIGHERMOMENTS [&Type "Boolean"] false
   &STATES [&Type "ArrayOfIntegers", &Dim (1,4)] "The initial and Final states. Col1: Initial State  Col2: Initial Irrep Col3: Final State Col4: Final Irrep"
                                                         0                           1                           2                           3

0                                                        0                           0                           1                           0
   &MULTIPLICITIES [&Type "ArrayOfDoubles", &Dim (1,2)] "Col1: Multiplicity of the initial state  Col2: Multiplicity of the final state"
                                                         0                           1

0                                      1.0000000000000000e+00         1.0000000000000000e+00
   &EXCITATIONENERGIES [&Type "ArrayOfDoubles", &Dim (1,11)] 
                                                         0                           1                           2                           3                           4                           5                           6                           7

0                                      2.7332264106180082e+00         2.2044960010816882e+04         4.5361842321751834e+02         1.3980312767413199e+00         2.0877724360199174e+01        -4.3151569094048083e+00         0.0000000000000000e+00         1.5012308902814246e+00
                                                         8                           9                          10

0                                      0.0000000000000000e+00        -5.8745395393663032e-02         0.0000000000000000e+00
$End
$CIS_Absorption_Spectrum
   &GeometryIndex 4
   &ListStatus       LAST
   &TEMPERATURE [&Type "Double"]       2.9814999999999998e+02
   &METHOD [&Type "Integer"] 20
   &RELCORRECTION [&Type "Integer"] 1 "Type of relativistic treatment in QDPT. 0->Unknow, 1->None, 2->SOC, 3->SSC, 4->SOC/SSC"
   &DENSTYPE [&Type "Integer"] 3 "Type of density (electron/spin ...). 0->Unknow, 1->Electronic, 2->Spin, 3->Trans/Electronic, 4->Tran/Spin"
   &DERITYPE [&Type "Integer"] 0 "Type of derivative (w.r.t. to what perturbation). 0->Unknown, 1->No Derivative, 2->Electric/Dipole, 3->Electric/Quad, 4->Magnetic/Dipole, 5->Magnetic/Quad"
   &DENSLEVEL [&Type "Integer"] 0 "// Source of density: relaxed, unrelaxed, ... 0->Unknown, 1->Linearized, 2->Unrelaxed, 3->Relaxed"
   &REPRESENTATION [&Type "String"] "Velocity" "Possible values: Unknown,  Length, Velocity"
   &POINTGROUP [&Type "String"] "C1"
   &NTRANS [&Type "Integer"] 1
   &DOHIGHERMOMENTS [&Type "Boolean"] false
   &STATES [&Type "ArrayOfIntegers", &Dim (1,4)] "The initial and Final states. Col1: Initial State  Col2: Initial Irrep Col3: Final State Col4: Final Irrep"
                                                         0                           1                           2                           3

0                                                        0                           0                           1                           0
   &MULTIPLICITIES [&Type "ArrayOfDoubles", &Dim (1,2)] "Col1: Multiplicity of the initial state  Col2: Multiplicity of the final state"
                                                         0                           1

0                                      1.0000000000000000e+00         1.0000000000000000e+00
   &EXCITATIONENERGIES [&Type "ArrayOfDoubles", &Dim (1,11)] 
                                                         0                           1                           2                           3                           4                           5                           6                           7

0                                      2.7332264106180082e+00         2.2044960010816882e+04         4.5361842321751834e+02         7.3863352671451543e-01         1.1128721204509043e-01         3.0482162122609274e-01         0.0000000000000000e+00        -1.3538624736210120e-01
                                                         8                           9                          10

0                                      0.0000000000000000e+00        -6.4463403101930952e-03         0.0000000000000000e+00
$End
$CIS_ECD_Spectrum
   &GeometryIndex 4
   &ListStatus       FIRST
   &TEMPERATURE [&Type "Double"]       2.9814999999999998e+02
   &METHOD [&Type "Integer"] 20
   &RELCORRECTION [&Type "Integer"] 1 "Type of relativistic treatment in QDPT. 0->Unknow, 1->None, 2->SOC, 3->SSC, 4->SOC/SSC"
   &DENSTYPE [&Type "Integer"] 3 "Type of density (electron/spin ...). 0->Unknow, 1->Electronic, 2->Spin, 3->Trans/Electronic, 4->Tran/Spin"
   &DERITYPE [&Type "Integer"] 0 "Type of derivative (w.r.t. to what perturbation). 0->Unknown, 1->No Derivative, 2->Electric/Dipole, 3->Electric/Quad, 4->Magnetic/Dipole, 5->Magnetic/Quad"
   &DENSLEVEL [&Type "Integer"] 0 "// Source of density: relaxed, unrelaxed, ... 0->Unknown, 1->Linearized, 2->Unrelaxed, 3->Relaxed"
   &REPRESENTATION [&Type "String"] "Length" "Possible values: Unknown,  Length, Velocity"
   &POINTGROUP [&Type "String"] "C1"
   &NTRANS [&Type "Integer"] 1
   &DOHIGHERMOMENTS [&Type "Boolean"] false
   &STATES [&Type "ArrayOfIntegers", &Dim (1,4)] "The initial and Final states. Col1: Initial State  Col2: Initial Irrep Col3: Final State Col4: Final Irrep"
                                                         0                           1                           2                           3

0                                                        0                           0                           1                           0
   &MULTIPLICITIES [&Type "ArrayOfDoubles", &Dim (1,2)] "Col1: Multiplicity of the initial state  Col2: Multiplicity of the final state"
                                                         0                           1

0                                      1.0000000000000000e+00         1.0000000000000000e+00
   &EXCITATIONENERGIES [&Type "ArrayOfDoubles", &Dim (1,10)] 
                                                         0                           1                           2                           3                           4                           5                           6                           7

0                                      2.7332264106180082e+00         2.2044960010816882e+04         4.5361842321751834e+02        -3.4656616709427929e+01        -4.5264473288100023e-02         0.0000000000000000e+00        -7.0797504941570957e-02         0.0000000000000000e+00
                                                         8                           9

0                                      2.6434928218623266e-01         0.0000000000000000e+00
$End
$CIS_ECD_Spectrum
   &GeometryIndex 4
   &ListStatus       LAST
   &TEMPERATURE [&Type "Double"]       2.9814999999999998e+02
   &METHOD [&Type "Integer"] 20
   &RELCORRECTION [&Type "Integer"] 1 "Type of relativistic treatment in QDPT. 0->Unknow, 1->None, 2->SOC, 3->SSC, 4->SOC/SSC"
   &DENSTYPE [&Type "Integer"] 3 "Type of density (electron/spin ...). 0->Unknow, 1->Electronic, 2->Spin, 3->Trans/Electronic, 4->Tran/Spin"
   &DERITYPE [&Type "Integer"] 0 "Type of derivative (w.r.t. to what perturbation). 0->Unknown, 1->No Derivative, 2->Electric/Dipole, 3->Electric/Quad, 4->Magnetic/Dipole, 5->Magnetic/Quad"
   &DENSLEVEL [&Type "Integer"] 0 "// Source of density: relaxed, unrelaxed, ... 0->Unknown, 1->Linearized, 2->Unrelaxed, 3->Relaxed"
   &REPRESENTATION [&Type "String"] "Velocity" "Possible values: Unknown,  Length, Velocity"
   &POINTGROUP [&Type "String"] "C1"
   &NTRANS [&Type "Integer"] 1
   &DOHIGHERMOMENTS [&Type "Boolean"] false
   &STATES [&Type "ArrayOfIntegers", &Dim (1,4)] "The initial and Final states. Col1: Initial State  Col2: Initial Irrep Col3: Final State Col4: Final Irrep"
                                                         0                           1                           2                           3

0                                                        0                           0                           1                           0
   &MULTIPLICITIES [&Type "ArrayOfDoubles", &Dim (1,2)] "Col1: Multiplicity of the initial state  Col2: Multiplicity of the final state"
                                                         0                           1

0                                      1.0000000000000000e+00         1.0000000000000000e+00
   &EXCITATIONENERGIES [&Type "ArrayOfDoubles", &Dim (1,10)] 
                                                         0                           1                           2                           3                           4                           5                           6                           7

0                                      2.7332264106180082e+00         2.2044960010816882e+04         4.5361842321751834e+02        -2.7770796640553424e+01        -4.5264473288100023e-02         0.0000000000000000e+00        -7.0797504941570957e-02         0.0000000000000000e+00
                                                         8                           9

0                                      2.6434928218623266e-01         0.0000000000000000e+00
$End
$CIS_Nuc_Gradient
   &GeometryIndex 4
   &ListStatus       OUT
   &NATOMS [&Type "Integer"] 42
   &ROOT [&Type "Integer"] 1
   &GRADNORM [&Type "Double"]       6.5572016601211426e-04
   &GRAD [&Type "ArrayOfDoubles", &Dim (126,1)] 
                                                         0

0                                      3.4590339448454296e-05
1                                     -5.3772798576144325e-05
2                                      3.5432039068628096e-05
3                                      1.4724001175157886e-04
4                                      3.4903957548104936e-05
5                                      5.4007177187994433e-05
6                                      1.9633395165395977e-05
7                                      5.5136171873185723e-05
8                                      5.1815339679569714e-06
9                                     -1.8031980884107828e-05
10                                    -2.1719688592701369e-06
11                                    -7.6709416497565278e-06
12                                    -2.4841833894309617e-05
13                                     1.3452254496425648e-06
14                                     4.7257651514843199e-06
15                                    -3.0963592304804062e-05
16                                     7.0906962925292483e-05
17                                     6.9520127489531354e-06
18                                     1.6581266457071789e-05
19                                     2.5357608782774024e-05
20                                    -3.2318926236171730e-05
21                                     2.5931917625451840e-05
22                                     1.0174753366660235e-05
23                                     2.0421753757695650e-05
24                                    -8.1514031331090736e-05
25                                     4.1776384885966117e-05
26                                    -3.4356499538191608e-05
27                                     1.4717839884624648e-04
28                                    -7.8758028817298002e-05
29                                     2.2459218912859434e-05
30                                     1.8159991295366444e-05
31                                    -1.7816331446743492e-06
32                                     2.0449339537890852e-05
33                                     1.4219688060365784e-05
34                                    -1.1026572914233333e-06
35                                    -2.4272255545512032e-05
36                                     1.1837247157088303e-04
37                                    -2.7594940479919996e-05
38                                    -4.4238204569439017e-05
39                                    -9.6749777040091279e-05
40                                    -8.9071567584701381e-05
41                                    -4.0105064435848153e-05
42                                    -5.3774918073168842e-05
43                                    -2.3949835612413137e-05
44                                     1.6402572298396061e-05
45                                    -1.7122456859379161e-06
46                                    -1.3033861488536943e-06
47                                    -3.2987028182973914e-05
48                                    -2.8319099357487906e-05
49                                    -1.2619528327257852e-04
50                                    -3.1593403888085066e-05
51                                    -6.2004062240759429e-06
52                                    -9.7601681803749962e-06
53                                     5.7625407010500848e-05
54                                     2.5005585053072722e-05
55                                    -2.6241106735912353e-05
56                                     1.0108652202444495e-05
57                                     4.3473426696903812e-05
58                                    -2.4457051558333638e-06
59                                     1.5412369722637103e-05
60                                    -1.5414705747135400e-05
61                                    -1.6404023888588997e-05
62                                     1.6980709668721293e-05
63                                    -1.3591104928438035e-05
64                                    -2.6934390193485537e-06
65                                     1.1767542422549779e-05
66                                     2.4070893099718818e-05
67                                     3.3588644914575062e-05
68                                     3.5952987200407938e-05
69                                    -3.8375975593425596e-05
70                                     4.3615716744633610e-05
71                                     3.7848017272368886e-05
72                                     4.2364686887409950e-05
73                                    -5.6745298773539139e-05
74                                    -8.3616604397180748e-06
75                                    -8.1579414379362610e-05
76                                    -4.0790992942850901e-05
77                                     5.4769211881998089e-05
78                                     1.1889467155352571e-04
79                                     8.6757964998943082e-05
80                                    -3.4000649761477058e-04
81                                    -8.7710532896540519e-05
82                                     6.9912224442894382e-05
83                                     2.0101008096317768e-06
84                                     3.9384394646770810e-05
85                                    -7.5062168348867121e-05
86                                     3.5040917375621109e-05
87                                    -1.1766401108671381e-04
88                                    -4.5650376500028906e-05
89                                     1.7026475658745487e-04
90                                    -9.0422998400213194e-05
91                                     5.6113098459044570e-05
92                                     1.1657882845399838e-04
93                                    -1.4238972480941012e-05
94                                     2.4649996050948319e-05
95                                    -3.0025867954959354e-05
96                                    -4.6218983458741090e-05
97                                    -2.6594602207627742e-05
98                                    -1.2457196276490889e-05
99                                    -1.1532781542544844e-05
100                                    2.2682892666276724e-05
101                                    7.9899589000081918e-06
102                                   -8.0583447278779943e-06
103                                    2.8149565246732061e-05
104                                    3.0432190093170232e-05
105                                   -1.9385663437713530e-05
106                                   -2.4328208856632416e-05
107                                   -2.3851971591831511e-05
108                                    9.2115690462954601e-05
109                                   -6.3784680783153915e-07
110                                    1.0993642674051070e-05
111                                   -2.0473730040582367e-05
112                                    2.0046889504945636e-05
113                                    1.7647763297670379e-05
114                                   -9.9203781317079793e-06
115                                    3.8463958587861297e-06
116                                   -4.5502538216677876e-06
117                                    1.4679169517662087e-05
118                                   -3.4396507305524182e-05
119                                    2.2230389549609837e-06
120                                   -5.7237459351818540e-06
121                                   -7.0836685795003154e-07
122                                    1.1607285929043747e-06
123                                   -4.8937605461649982e-05
124                                    6.5703739715715402e-05
125                                    1.6254689999189577e-05
$End
$VdW_Correction
   &GeometryIndex 4
   &ListStatus       OUT
   &VDW [&Type "Double"]      -9.8178902869572954e-02
$End
$Geometry
   &GeometryIndex 5
   &ListStatus       OUT
   &NATOMS [&Type "Integer"] 42
   &NCORELESSECP [&Type "Integer"] 0
   &NGHOSTATOMS [&Type "Integer"] 0
   &CartesianCoordinates [&Type "Coordinates", &Dim(42,4), &Units "Bohr"] 
              C    -12.385260354006   -2.803996651213   -0.261418141963
              C    -12.335209310754   -4.888121082949   -2.230322960691
              C    -10.508640448037   -6.944246001713   -1.389302503679
              H    -11.740831872513   -4.100196198114   -4.044897058557
              H    -14.239747166651   -5.639485170073   -2.460956729465
              C     -7.968681565391   -5.841233942134   -0.746882969522
              H    -10.286110179421   -8.386391090296   -2.845513781092
              H    -11.282342801152   -7.896035452490    0.279758837230
              C     -7.768357232583   -3.272671015240    0.058030453769
              N     -9.871665296802   -1.781616102486    0.201770704255
              H    -13.158798962181   -3.534698646935    1.525250613855
              H    -13.584634863793   -1.239141896279   -0.854826267630
              C     -9.759172343402    0.728763584807    1.321275060599
              C     -7.299039513403    2.045798919938    0.666584117089
              H     -9.953334771214    0.563970550261    3.385260181617
              H    -11.382961960161    1.787098163799    0.630100020287
              C     -5.076340864613    0.446255375721    1.544111409275
              H     -7.260602571575    3.898562066010    1.566542895468
              H     -7.208320412622    2.332566421554   -1.376445402915
              C     -5.357904941318   -2.251988585534    0.704574619841
              H     -4.953659958206    0.499297625665    3.611280077475
              H     -3.298956219339    1.209081829581    0.839222609860
              C     -5.815203186439   -7.285583290627   -0.909262036192
              C     -3.274181202607   -3.820536091616    0.550946634160
              C     -3.401417025323   -6.343900571131   -0.263995332041
              O     -0.997567647801   -2.787094852137    1.242212054671
              C      1.275439149818   -4.113281469389    1.110881810724
              C     -1.146817125952   -7.785571555875   -0.386079613226
              C      1.200630018088   -6.714153867059    0.276042566600
              O      3.128414505016   -2.859559625039    1.700433236935
              C      3.518898995366   -8.145166174131    0.087678673930
              C      5.789771696691   -7.543034963794    1.360094471043
              C      3.600352416019  -10.365412847340   -1.423669643239
              N      5.614919908634  -11.834703160009   -1.701008639262
              C      7.730804499090  -11.209810763670   -0.457470006561
              C      7.879286919513   -9.078030505970    1.084655625297
              H      1.952677298224  -10.917968642927   -2.503159178031
              H      9.619753025723   -8.648135586506    2.069648924365
              H      9.344194266120  -12.448985125245   -0.700122033675
              H      5.870077456968   -5.903164039465    2.564022880203
              H     -5.963520139087   -9.226946057271   -1.543127159846
              H     -1.287461764174   -9.752291911626   -0.901549669176
$End
$SCF_Energy
   &GeometryIndex 5
   &ListStatus       OUT
   &SCF_ENERGY [&Type "Double"]      -1.0326975450057262e+03
$End
$DFT_Energy
   &GeometryIndex 5
   &ListStatus       OUT
   &NALPHAEL [&Type "Integer"] 84
   &NBETAEL [&Type "Integer"] 84
   &NTOTALEL [&Type "Integer"] 167
   &EEXCHANGE [&Type "Double"]      -1.1126785394258511e+02
   &ECORR [&Type "Double"]      -6.7554456423569471e+00
   &ECNL [&Type "Double"]       0.0000000000000000e+00
   &EXC [&Type "Double"]      -1.1802329958494205e+02
   &EEMBED [&Type "Double"]       0.0000000000000000e+00
   &FINALEN [&Type "Double"]      -1.0326975450057262e+03  "No Van der Waals correction"
$End
$Solvation_Details
   &GeometryIndex 5
   &ListStatus       OUT
   &SOLVENT [&Type "String"] "WATER"
   &EPSILON [&Type "Double"]       8.0150999999999996e+01
   &REFRAC [&Type "Double"]       1.3328000000000000e+00
   &RSOLV [&Type "Double"]       1.3000000000000000e+00
   &SURFACETYPE [&Type "String"] "GAUSSIAN VDW"
   &NPOINTS [&Type "Integer"] 3529
   &SURFACEAREA [&Type "Double"]       1.2123450749570000e+03
   &CPCMDIELENERGY [&Type "Double"]      -2.8152323000000000e-02
$End
$CIS_Absorption_Spectrum
   &GeometryIndex 5
   &ListStatus       FIRST
   &TEMPERATURE [&Type "Double"]       2.9814999999999998e+02
   &METHOD [&Type "Integer"] 20
   &RELCORRECTION [&Type "Integer"] 1 "Type of relativistic treatment in QDPT. 0->Unknow, 1->None, 2->SOC, 3->SSC, 4->SOC/SSC"
   &DENSTYPE [&Type "Integer"] 3 "Type of density (electron/spin ...). 0->Unknow, 1->Electronic, 2->Spin, 3->Trans/Electronic, 4->Tran/Spin"
   &DERITYPE [&Type "Integer"] 0 "Type of derivative (w.r.t. to what perturbation). 0->Unknown, 1->No Derivative, 2->Electric/Dipole, 3->Electric/Quad, 4->Magnetic/Dipole, 5->Magnetic/Quad"
   &DENSLEVEL [&Type "Integer"] 0 "// Source of density: relaxed, unrelaxed, ... 0->Unknown, 1->Linearized, 2->Unrelaxed, 3->Relaxed"
   &REPRESENTATION [&Type "String"] "Length" "Possible values: Unknown,  Length, Velocity"
   &POINTGROUP [&Type "String"] "C1"
   &NTRANS [&Type "Integer"] 1
   &DOHIGHERMOMENTS [&Type "Boolean"] false
   &STATES [&Type "ArrayOfIntegers", &Dim (1,4)] "The initial and Final states. Col1: Initial State  Col2: Initial Irrep Col3: Final State Col4: Final Irrep"
                                                         0                           1                           2                           3

0                                                        0                           0                           1                           0
   &MULTIPLICITIES [&Type "ArrayOfDoubles", &Dim (1,2)] "Col1: Multiplicity of the initial state  Col2: Multiplicity of the final state"
                                                         0                           1

0                                      1.0000000000000000e+00         1.0000000000000000e+00
   &EXCITATIONENERGIES [&Type "ArrayOfDoubles", &Dim (1,11)] 
                                                         0                           1                           2                           3                           4                           5                           6                           7

0                                      2.7333500505251926e+00         2.2045957234024969e+04         4.5359790431627732e+02         1.3968274564204097e+00         2.0858803349940104e+01        -4.3134769013752123e+00         0.0000000000000000e+00         1.4997653413652796e+00
                                                         8                           9                          10

0                                      0.0000000000000000e+00        -5.8517451090141219e-02         0.0000000000000000e+00
$End
$CIS_Absorption_Spectrum
   &GeometryIndex 5
   &ListStatus       LAST
   &TEMPERATURE [&Type "Double"]       2.9814999999999998e+02
   &METHOD [&Type "Integer"] 20
   &RELCORRECTION [&Type "Integer"] 1 "Type of relativistic treatment in QDPT. 0->Unknow, 1->None, 2->SOC, 3->SSC, 4->SOC/SSC"
   &DENSTYPE [&Type "Integer"] 3 "Type of density (electron/spin ...). 0->Unknow, 1->Electronic, 2->Spin, 3->Trans/Electronic, 4->Tran/Spin"
   &DERITYPE [&Type "Integer"] 0 "Type of derivative (w.r.t. to what perturbation). 0->Unknown, 1->No Derivative, 2->Electric/Dipole, 3->Electric/Quad, 4->Magnetic/Dipole, 5->Magnetic/Quad"
   &DENSLEVEL [&Type "Integer"] 0 "// Source of density: relaxed, unrelaxed, ... 0->Unknown, 1->Linearized, 2->Unrelaxed, 3->Relaxed"
   &REPRESENTATION [&Type "String"] "Velocity" "Possible values: Unknown,  Length, Velocity"
   &POINTGROUP [&Type "String"] "C1"
   &NTRANS [&Type "Integer"] 1
   &DOHIGHERMOMENTS [&Type "Boolean"] false
   &STATES [&Type "ArrayOfIntegers", &Dim (1,4)] "The initial and Final states. Col1: Initial State  Col2: Initial Irrep Col3: Final State Col4: Final Irrep"
                                                         0                           1                           2                           3

0                                                        0                           0                           1                           0
   &MULTIPLICITIES [&Type "ArrayOfDoubles", &Dim (1,2)] "Col1: Multiplicity of the initial state  Col2: Multiplicity of the final state"
                                                         0                           1

0                                      1.0000000000000000e+00         1.0000000000000000e+00
   &EXCITATIONENERGIES [&Type "ArrayOfDoubles", &Dim (1,11)] 
                                                         0                           1                           2                           3                           4                           5                           6                           7

0                                      2.7333500505251926e+00         2.2045957234024969e+04         4.5359790431627732e+02         7.3774035563182261e-01         1.1115766931243468e-01         3.0464794321903643e-01         0.0000000000000000e+00        -1.3529824217965797e-01
                                                         8                           9                          10

0                                      0.0000000000000000e+00        -6.4564439082245417e-03         0.0000000000000000e+00
$End
$CIS_ECD_Spectrum
   &GeometryIndex 5
   &ListStatus       FIRST
   &TEMPERATURE [&Type "Double"]       2.9814999999999998e+02
   &METHOD [&Type "Integer"] 20
   &RELCORRECTION [&Type "Integer"] 1 "Type of relativistic treatment in QDPT. 0->Unknow, 1->None, 2->SOC, 3->SSC, 4->SOC/SSC"
   &DENSTYPE [&Type "Integer"] 3 "Type of density (electron/spin ...). 0->Unknow, 1->Electronic, 2->Spin, 3->Trans/Electronic, 4->Tran/Spin"
   &DERITYPE [&Type "Integer"] 0 "Type of derivative (w.r.t. to what perturbation). 0->Unknown, 1->No Derivative, 2->Electric/Dipole, 3->Electric/Quad, 4->Magnetic/Dipole, 5->Magnetic/Quad"
   &DENSLEVEL [&Type "Integer"] 0 "// Source of density: relaxed, unrelaxed, ... 0->Unknown, 1->Linearized, 2->Unrelaxed, 3->Relaxed"
   &REPRESENTATION [&Type "String"] "Length" "Possible values: Unknown,  Length, Velocity"
   &POINTGROUP [&Type "String"] "C1"
   &NTRANS [&Type "Integer"] 1
   &DOHIGHERMOMENTS [&Type "Boolean"] false
   &STATES [&Type "ArrayOfIntegers", &Dim (1,4)] "The initial and Final states. Col1: Initial State  Col2: Initial Irrep Col3: Final State Col4: Final Irrep"
                                                         0                           1                           2                           3

0                                                        0                           0                           1                           0
   &MULTIPLICITIES [&Type "ArrayOfDoubles", &Dim (1,2)] "Col1: Multiplicity of the initial state  Col2: Multiplicity of the final state"
                                                         0                           1

0                                      1.0000000000000000e+00         1.0000000000000000e+00
   &EXCITATIONENERGIES [&Type "ArrayOfDoubles", &Dim (1,10)] 
                                                         0                           1                           2                           3                           4                           5                           6                           7

0                                      2.7333500505251926e+00         2.2045957234024969e+04         4.5359790431627732e+02        -3.4972788314324617e+01        -4.5202334248895255e-02         0.0000000000000000e+00        -7.0203443860040932e-02         0.0000000000000000e+00
                                                         8                           9

0                                      2.6503712230742388e-01         0.0000000000000000e+00
$End
$CIS_ECD_Spectrum
   &GeometryIndex 5
   &ListStatus       LAST
   &TEMPERATURE [&Type "Double"]       2.9814999999999998e+02
   &METHOD [&Type "Integer"] 20
   &RELCORRECTION [&Type "Integer"] 1 "Type of relativistic treatment in QDPT. 0->Unknow, 1->None, 2->SOC, 3->SSC, 4->SOC/SSC"
   &DENSTYPE [&Type "Integer"] 3 "Type of density (electron/spin ...). 0->Unknow, 1->Electronic, 2->Spin, 3->Trans/Electronic, 4->Tran/Spin"
   &DERITYPE [&Type "Integer"] 0 "Type of derivative (w.r.t. to what perturbation). 0->Unknown, 1->No Derivative, 2->Electric/Dipole, 3->Electric/Quad, 4->Magnetic/Dipole, 5->Magnetic/Quad"
   &DENSLEVEL [&Type "Integer"] 0 "// Source of density: relaxed, unrelaxed, ... 0->Unknown, 1->Linearized, 2->Unrelaxed, 3->Relaxed"
   &REPRESENTATION [&Type "String"] "Velocity" "Possible values: Unknown,  Length, Velocity"
   &POINTGROUP [&Type "String"] "C1"
   &NTRANS [&Type "Integer"] 1
   &DOHIGHERMOMENTS [&Type "Boolean"] false
   &STATES [&Type "ArrayOfIntegers", &Dim (1,4)] "The initial and Final states. Col1: Initial State  Col2: Initial Irrep Col3: Final State Col4: Final Irrep"
                                                         0                           1                           2                           3

0                                                        0                           0                           1                           0
   &MULTIPLICITIES [&Type "ArrayOfDoubles", &Dim (1,2)] "Col1: Multiplicity of the initial state  Col2: Multiplicity of the final state"
                                                         0                           1

0                                      1.0000000000000000e+00         1.0000000000000000e+00
   &EXCITATIONENERGIES [&Type "ArrayOfDoubles", &Dim (1,10)] 
                                                         0                           1                           2                           3                           4                           5                           6                           7

0                                      2.7333500505251926e+00         2.2045957234024969e+04         4.5359790431627732e+02        -2.8083653243620375e+01        -4.5202334248895255e-02         0.0000000000000000e+00        -7.0203443860040932e-02         0.0000000000000000e+00
                                                         8                           9

0                                      2.6503712230742388e-01         0.0000000000000000e+00
$End
$CIS_Nuc_Gradient
   &GeometryIndex 5
   &ListStatus       OUT
   &NATOMS [&Type "Integer"] 42
   &ROOT [&Type "Integer"] 1
   &GRADNORM [&Type "Double"]       4.4096354362976230e-04
   &GRAD [&Type "ArrayOfDoubles", &Dim (126,1)] 
                                                         0

0                                      1.6526689907316603e-05
1                                     -1.2866699089124692e-06
2                                      1.7091782025846792e-05
3                                     -5.3647206562213281e-06
4                                     -2.2560246348151541e-05
5                                      1.9700453839236690e-05
6                                      7.4473123806463050e-06
7                                      1.8642980201674848e-05
8                                     -2.9956226521692553e-05
9                                      3.5620487672159749e-05
10                                     2.2009913578069276e-05
11                                     1.2292544335417517e-05
12                                    -1.0922689143447835e-05
13                                    -9.2554114480684381e-07
14                                    -1.2581021275801142e-05
15                                    -4.7654999097676066e-06
16                                     6.5936443383489808e-05
17                                     1.2203441699678398e-05
18                                     1.4991609089804939e-05
19                                     1.3992468079888649e-05
20                                    -2.0000761541000885e-05
21                                     1.2580950164940913e-05
22                                     1.8851330881155875e-05
23                                     2.9348051717687822e-05
24                                    -6.5265976025002457e-05
25                                     2.1433140591911224e-05
26                                     2.5041588851177955e-05
27                                     7.1300419951296989e-05
28                                    -2.3877291124108383e-05
29                                    -8.8245830772490900e-06
30                                     2.2299964835267437e-05
31                                    -2.5901379197066757e-05
32                                     2.4753666014261426e-05
33                                    -1.5765690657701869e-06
34                                    -6.3181112869610404e-06
35                                    -1.1905465232743133e-05
36                                     6.6950169630832358e-05
37                                    -1.4759415531399910e-05
38                                    -5.0649902288149140e-05
39                                    -6.7025682401075808e-05
40                                     2.3293961727028386e-05
41                                     2.9501251360132017e-05
42                                    -2.6598421789128518e-05
43                                    -2.8579164935763274e-05
44                                     2.6511215820933178e-05
45                                    -5.9357117070721723e-06
46                                     2.5258628807190461e-06
47                                    -1.4324618758261127e-05
48                                     2.7695059946531407e-05
49                                    -3.2234821026682204e-05
50                                    -3.1980187984405496e-05
51                                    -1.3202260305338140e-06
52                                    -2.0432867302492652e-06
53                                     2.4478633472480104e-05
54                                     3.9250143749362123e-06
55                                    -6.7126634338262020e-05
56                                    -1.3808526714423678e-06
57                                    -2.2840199066411946e-05
58                                    -2.7685842436718966e-05
59                                    -1.5334898727320631e-05
60                                    -2.7866405846233689e-05
61                                    -3.0990356145520084e-05
62                                     2.4464439174925730e-05
63                                    -9.7322389668185361e-06
64                                    -1.5172298544164850e-05
65                                     1.6712566368651060e-05
66                                     2.0031965068483527e-05
67                                    -1.0037570194429499e-05
68                                     9.9721162670843582e-06
69                                     6.9377705212165597e-05
70                                     5.4588932591545600e-05
71                                     2.1406050254974124e-05
72                                     7.9357533094226633e-05
73                                    -5.8587375133724784e-05
74                                    -6.2924303177384737e-07
75                                    -1.7877046326901156e-05
76                                    -3.4666067621100542e-05
77                                    -6.1271412318480008e-05
78                                    -1.0387042766964714e-04
79                                    -1.2285613219900041e-04
80                                     1.7617586163368295e-04
81                                    -1.0265467949835757e-04
82                                     3.5368849848109235e-05
83                                    -3.3815767059536847e-05
84                                     6.6250688997060154e-05
85                                     4.3378300277297741e-05
86                                    -5.4020214071706455e-05
87                                     4.9687133460317966e-05
88                                     4.8980002707417307e-05
89                                    -4.3407269959749135e-05
90                                    -4.8824652894099616e-05
91                                     6.8510743729760997e-05
92                                     9.3476673179267915e-05
93                                    -1.7485063787606083e-05
94                                    -6.5519588068114516e-06
95                                    -3.7294017855257799e-05
96                                    -2.9092450753368426e-05
97                                    -2.9769164980317838e-06
98                                    -6.0338209843685076e-05
99                                    -7.8804858943368498e-07
100                                   -1.0968241430978705e-05
101                                    1.2809279788171329e-05
102                                   -8.3163848453654478e-06
103                                    2.2132751267018279e-05
104                                    3.1596189547744769e-05
105                                   -6.8822503972921405e-06
106                                   -2.5325438620549636e-05
107                                   -1.6341245921096920e-05
108                                    3.1175322310221507e-05
109                                   -2.2996660388713936e-06
110                                    9.8294938275824946e-06
111                                   -9.0901975959505705e-07
112                                    9.9981476263037475e-06
113                                    1.7926028787143924e-05
114                                    1.2028268402650014e-05
115                                   -2.5708723093398030e-06
116                                   -9.7609582541473386e-07
117                                   -1.9835125285095343e-05
118                                    3.5310557305177171e-05
119                                    3.0155504452710586e-05
120                                    3.9690308788756034e-07
121                                   -3.7895890722865829e-06
122                                   -3.9947503466096100e-06
123                                   -3.9128757623773893e-05
124                                    2.9911484920014983e-05
125                                    2.2225506311140662e-05
$End
$VdW_Correction
   &GeometryIndex 5
   &ListStatus       OUT
   &VDW [&Type "Double"]      -9.8180123524561763e-02
$End
$Geometry
   &GeometryIndex 6
   &ListStatus       OUT
   &NATOMS [&Type "Integer"] 42
   &NCORELESSECP [&Type "Integer"] 0
   &NGHOSTATOMS [&Type "Integer"] 0
   &CartesianCoordinates [&Type "Coordinates", &Dim(42,4), &Units "Bohr"] 
              C    -12.385732846169   -2.803704415422   -0.262998264126
              C    -12.335111724019   -4.888571390736   -2.231318242773
              C    -10.508667662405   -6.944598968368   -1.389274540224
              H    -11.740585871933   -4.101396137590   -4.046152015715
              H    -14.239528848604   -5.640120379906   -2.461959061803
              C     -7.968669949337   -5.841445362242   -0.746460852653
              H    -10.285875587365   -8.387147044091   -2.845034214771
              H    -11.282974683218   -7.896189647107    0.279575828484
              C     -7.768542112883   -3.272626137013    0.058271027844
              N     -9.872145432792   -1.781537937271    0.201652756036
              H    -13.160684247197   -3.533748984675    1.523256540709
              H    -13.584490022928   -1.238763937359   -0.857413301675
              C     -9.759844476698    0.728593099041    1.322175353937
              C     -7.299978049452    2.046476931157    0.667303492240
              H     -9.953164719505    0.563069244481    3.386104759437
              H    -11.384082695804    1.786879042700    0.632098065366
              C     -5.076551259543    0.447180339899    1.543673851026
              H     -7.261748656615    3.898845605919    1.568018170155
              H     -7.209995029010    2.334626416110   -1.375561138393
              C     -5.358058245233   -2.251587410479    0.704862597906
              H     -4.952486582806    0.500791757413    3.610706519490
              H     -3.299702736071    1.210184084662    0.837518368170
              C     -5.815000745462   -7.285639032392   -0.908512129764
              C     -3.274179685346   -3.820236440035    0.551552552781
              C     -3.401221599923   -6.343803257796   -0.263003175365
              O     -0.997353544291   -2.786553839607    1.242444005034
              C      1.275993484167   -4.112357303944    1.110275436476
              C     -1.146227318041   -7.785546227406   -0.384607503009
              C      1.201244241242   -6.713860735432    0.276974299832
              O      3.128807927177   -2.858659693566    1.700245705153
              C      3.519651581272   -8.145069602100    0.087922159820
              C      5.790942819085   -7.543741248389    1.360170623330
              C      3.600110154658  -10.365545550489   -1.423008363791
              N      5.614382715607  -11.835061485204   -1.701315402867
              C      7.730841530251  -11.210572003715   -0.458565248350
              C      7.880104749297   -9.079110700832    1.083978337895
              H      1.951762475529  -10.917816842248   -2.501813865764
              H      9.620932903821   -8.649786474312    2.068560452569
              H      9.343879589920  -12.450060557354   -0.701724253411
              H      5.871953587702   -5.904128718140    2.564252379471
              H     -5.963116185521   -9.227051188337   -1.542239422742
              H     -1.286408786809   -9.752366266768   -0.900262934182
$End
$SCF_Energy
   &GeometryIndex 6
   &ListStatus       FIRST
   &SCF_ENERGY [&Type "Double"]      -1.0326975580572100e+03
$End
$DFT_Energy
   &GeometryIndex 6
   &ListStatus       FIRST
   &NALPHAEL [&Type "Integer"] 84
   &NBETAEL [&Type "Integer"] 84
   &NTOTALEL [&Type "Integer"] 167
   &EEXCHANGE [&Type "Double"]      -1.1126718389227052e+02
   &ECORR [&Type "Double"]      -6.7553830341222056e+00
   &ECNL [&Type "Double"]       0.0000000000000000e+00
   &EXC [&Type "Double"]      -1.1802256692639273e+02
   &EEMBED [&Type "Double"]       0.0000000000000000e+00
   &FINALEN [&Type "Double"]      -1.0326975580572100e+03  "No Van der Waals correction"
$End
$Solvation_Details
   &GeometryIndex 6
   &ListStatus       FIRST
   &SOLVENT [&Type "String"] "WATER"
   &EPSILON [&Type "Double"]       8.0150999999999996e+01
   &REFRAC [&Type "Double"]       1.3328000000000000e+00
   &RSOLV [&Type "Double"]       1.3000000000000000e+00
   &SURFACETYPE [&Type "String"] "GAUSSIAN VDW"
   &NPOINTS [&Type "Integer"] 3529
   &SURFACEAREA [&Type "Double"]       1.2124446853090001e+03
   &CPCMDIELENERGY [&Type "Double"]      -2.8149759999999999e-02
$End
$Mulliken_Population_Analysis
   &GeometryIndex 6
   &ListStatus       OUT
   &NATOMS [&Type "Integer"] 42
   &ATNO [&Type "ArrayOfIntegers", &Dim (42,1)] 
                                                         0

0                                                        6
1                                                        6
2                                                        6
3                                                        1
4                                                        1
5                                                        6
6                                                        1
7                                                        1
8                                                        6
9                                                        7
10                                                       1
11                                                       1
12                                                       6
13                                                       6
14                                                       1
15                                                       1
16                                                       6
17                                                       1
18                                                       1
19                                                       6
20                                                       1
21                                                       1
22                                                       6
23                                                       6
24                                                       6
25                                                       8
26                                                       6
27                                                       6
28                                                       6
29                                                       8
30                                                       6
31                                                       6
32                                                       6
33                                                       7
34                                                       6
35                                                       6
36                                                       1
37                                                       1
38                                                       1
39                                                       1
40                                                       1
41                                                       1
   &ATOMICCHARGES [&Type "ArrayOfDoubles", &Dim (42,1)] 
                                                         0

0                                     -1.1193750453177209e-01
1                                     -1.6235276930265208e-01
2                                     -2.3180494505784921e-01
3                                      1.0205890012554386e-01
4                                      1.1737035580653243e-01
5                                      2.4375636082372942e-01
6                                      1.2670262651678388e-01
7                                      1.1150750138844701e-01
8                                     -9.0229917756268208e-04
9                                     -1.4031443604405336e-01
10                                     1.0531000673580571e-01
11                                     1.3197786456454841e-01
12                                    -1.1311350946660781e-01
13                                    -1.5058935435720322e-01
14                                     1.0548185668868404e-01
15                                     1.3413044509960792e-01
16                                    -2.7296188008356381e-01
17                                     1.1702566956528426e-01
18                                     1.0216485798326724e-01
19                                     1.0186660312347229e-01
20                                     1.1231343836450103e-01
21                                     1.2660559555039042e-01
22                                    -5.5579120764071988e-01
23                                     9.1658936139101144e-02
24                                     4.2708673610353998e-01
25                                    -3.7101596057770259e-01
26                                     4.2243641394284825e-01
27                                    -2.8670978766805533e-01
28                                     1.7566327296992146e-01
29                                    -5.7500864872984714e-01
30                                     1.4721395530347081e-01
31                                    -1.9622675236631526e-01
32                                    -3.3432922810089138e-02
33                                    -5.0103722266751660e-01
34                                     6.3441776502171088e-02
35                                    -7.3504952400002210e-02
36                                     1.1823113432433419e-01
37                                     1.1484333628688681e-01
38                                     1.2293623527183084e-01
39                                     1.2983503693051590e-01
40                                     9.0585770981914893e-02
41                                     1.3449946578789596e-01
$End
$Loewdin_Population_Analysis
   &GeometryIndex 6
   &ListStatus       OUT
   &NATOMS [&Type "Integer"] 42
   &ATNO [&Type "ArrayOfIntegers", &Dim (42,1)] 
                                                         0

0                                                        6
1                                                        6
2                                                        6
3                                                        1
4                                                        1
5                                                        6
6                                                        1
7                                                        1
8                                                        6
9                                                        7
10                                                       1
11                                                       1
12                                                       6
13                                                       6
14                                                       1
15                                                       1
16                                                       6
17                                                       1
18                                                       1
19                                                       6
20                                                       1
21                                                       1
22                                                       6
23                                                       6
24                                                       6
25                                                       8
26                                                       6
27                                                       6
28                                                       6
29                                                       8
30                                                       6
31                                                       6
32                                                       6
33                                                       7
34                                                       6
35                                                       6
36                                                       1
37                                                       1
38                                                       1
39                                                       1
40                                                       1
41                                                       1
   &ATOMICCHARGES [&Type "ArrayOfDoubles", &Dim (42,1)] 
                                                         0

0                                     -1.8970370874985676e-01
1                                     -2.1726775946892918e-01
2                                     -1.8689286529305438e-01
3                                      1.2993656349467031e-01
4                                      1.3154480756208653e-01
5                                     -1.0821692137830308e-01
6                                      1.3674461244798797e-01
7                                      1.3816285546865703e-01
8                                     -6.4559481541669683e-02
9                                      1.2767121579721508e-01
10                                     1.2598484524554787e-01
11                                     1.3029113860205410e-01
12                                    -1.8783172048437180e-01
13                                    -2.1623883604560135e-01
14                                     1.2660708037124269e-01
15                                     1.3076743740282382e-01
16                                    -1.8903915004094429e-01
17                                     1.3165787612356739e-01
18                                     1.3025480371719589e-01
19                                    -8.9356651518682106e-02
20                                     1.3865609396428913e-01
21                                     1.3581959537424482e-01
22                                    -6.3015735576176013e-02
23                                    -9.1642444219587560e-02
24                                    -1.3223027485432581e-01
25                                     2.1054697263793809e-01
26                                    -2.3744874795762794e-01
27                                    -9.6263755224246239e-04
28                                    -1.0867872643659027e-01
29                                    -7.9342965306381075e-02
30                                    -1.0358392871036681e-01
31                                    -7.4475984970502118e-02
32                                    -1.2892653490916839e-01
33                                    -1.5112589484322925e-03
34                                    -1.7009785925367282e-01
35                                    -1.3714101124552247e-01
36                                     1.3358487379921080e-01
37                                     1.4324762137366509e-01
38                                     1.3027774155116012e-01
39                                     1.4463860543287199e-01
40                                     1.4903786666216534e-01
41                                     1.5273259743291867e-01
$End
$Mayer_Population_Analysis
   &GeometryIndex 6
   &ListStatus       FIRST
   &NATOMS [&Type "Integer"] 42 "Total number of atoms"
   &BONDTHRESH [&Type "Double"]       1.0000000000000001e-01  "The threshold for printing"
   &NBONDORDERSPRINT [&Type "Integer"] 46 "The number of bond orders larger than threshold"
   &BONDORDERS [&Type "ArrayOfDoubles", &Dim (46,1)] "The bond orders"
                                                         0

0                                      1.0025490322975894e+00
1                                      9.5101866558077952e-01
2                                      9.4786124640286862e-01
3                                      9.5044570077099566e-01
4                                      1.0237633616221540e+00
5                                      9.6810804610414736e-01
6                                      9.5999522747029431e-01
7                                      9.9920532187934008e-01
8                                      9.5499875709538495e-01
9                                      9.4604239799861389e-01
10                                     1.2385932061957818e+00
11                                     1.3877819416060879e+00
12                                     1.3587744262446988e+00
13                                     1.2459647543552517e+00
14                                     9.4991706279288501e-01
15                                     9.9748773423077985e-01
16                                     9.4809969632967783e-01
17                                     9.5187484075386275e-01
18                                     1.0357189976926013e+00
19                                     9.6237671611902409e-01
20                                     9.6668026592693634e-01
21                                     1.0367912213978465e+00
22                                     9.5407455165367239e-01
23                                     9.4708191808634901e-01
24                                     1.3381115575131801e+00
25                                     1.0885732661638208e+00
26                                     1.0540263067207749e+00
27                                     1.3419313486706674e+00
28                                     1.0201727383501069e+00
29                                     1.1771748786530774e+00
30                                     1.0902389254530520e+00
31                                     1.1389147670742059e+00
32                                     1.8801408719836588e+00
33                                     1.3577953290974529e+00
34                                     9.6324861431774389e-01
35                                     9.9262188179450794e-01
36                                     1.3960796417180157e+00
37                                     1.3630503390173363e+00
38                                     1.4690351789552909e+00
39                                     9.5622783804592260e-01
40                                     1.5349819915347618e+00
41                                     9.6748719002710071e-01
42                                     1.4424633449559223e+00
43                                     1.4122314693042353e+00
44                                     9.6796751932967928e-01
45                                     9.6579197175423082e-01
   &COMPONENTS [&Type "ArrayOfIntegers", &Dim (46,4)] "The indices and atomic numbers of the bonding atoms"
                                                         0                           1                           2                           3

0                                                        0                           6                           1                           6
1                                                        0                           6                           9                           7
2                                                        0                           6                          10                           1
3                                                        0                           6                          11                           1
4                                                        1                           6                           2                           6
5                                                        1                           6                           3                           1
6                                                        1                           6                           4                           1
7                                                        2                           6                           5                           6
8                                                        2                           6                           6                           1
9                                                        2                           6                           7                           1
10                                                       5                           6                           8                           6
11                                                       5                           6                          22                           6
12                                                       8                           6                           9                           7
13                                                       8                           6                          19                           6
14                                                       9                           7                          12                           6
15                                                      12                           6                          13                           6
16                                                      12                           6                          14                           1
17                                                      12                           6                          15                           1
18                                                      13                           6                          16                           6
19                                                      13                           6                          17                           1
20                                                      13                           6                          18                           1
21                                                      16                           6                          19                           6
22                                                      16                           6                          20                           1
23                                                      16                           6                          21                           1
24                                                      19                           6                          23                           6
25                                                      22                           6                          24                           6
26                                                      22                           6                          40                           1
27                                                      23                           6                          24                           6
28                                                      23                           6                          25                           8
29                                                      24                           6                          27                           6
30                                                      25                           8                          26                           6
31                                                      26                           6                          28                           6
32                                                      26                           6                          29                           8
33                                                      27                           6                          28                           6
34                                                      27                           6                          41                           1
35                                                      28                           6                          30                           6
36                                                      30                           6                          31                           6
37                                                      30                           6                          32                           6
38                                                      31                           6                          35                           6
39                                                      31                           6                          39                           1
40                                                      32                           6                          33                           7
41                                                      32                           6                          36                           1
42                                                      33                           7                          34                           6
43                                                      34                           6                          35                           6
44                                                      34                           6                          38                           1
45                                                      35                           6                          37                           1
   &ATNO [&Type "ArrayOfIntegers", &Dim (42,1)] "Atomic number of the elements"
                                                         0

0                                                        6
1                                                        6
2                                                        6
3                                                        1
4                                                        1
5                                                        6
6                                                        1
7                                                        1
8                                                        6
9                                                        7
10                                                       1
11                                                       1
12                                                       6
13                                                       6
14                                                       1
15                                                       1
16                                                       6
17                                                       1
18                                                       1
19                                                       6
20                                                       1
21                                                       1
22                                                       6
23                                                       6
24                                                       6
25                                                       8
26                                                       6
27                                                       6
28                                                       6
29                                                       8
30                                                       6
31                                                       6
32                                                       6
33                                                       7
34                                                       6
35                                                       6
36                                                       1
37                                                       1
38                                                       1
39                                                       1
40                                                       1
41                                                       1
   &NA [&Type "ArrayOfDoubles", &Dim (42,1)] "Mulliken gross atomic population"
                                                         0

0                                      6.1119375045317854e+00
1                                      6.1623527693027027e+00
2                                      6.2318049450578270e+00
3                                      8.9794109987445669e-01
4                                      8.8262964419346812e-01
5                                      5.7562436391762875e+00
6                                      8.7329737348321468e-01
7                                      8.8849249861155211e-01
8                                      6.0009022991775733e+00
9                                      7.1403144360441058e+00
10                                     8.9468999326419718e-01
11                                     8.6802213543544993e-01
12                                     6.1131135094666078e+00
13                                     6.1505893543572165e+00
14                                     8.9451814331131563e-01
15                                     8.6586955490039252e-01
16                                     6.2729618800835913e+00
17                                     8.8297433043471418e-01
18                                     8.9783514201673575e-01
19                                     5.8981333968765277e+00
20                                     8.8768656163549819e-01
21                                     8.7339440444960992e-01
22                                     6.5557912076407492e+00
23                                     5.9083410638608962e+00
24                                     5.5729132638964565e+00
25                                     8.3710159605776848e+00
26                                     5.5775635860571713e+00
27                                     6.2867097876680589e+00
28                                     5.8243367270300519e+00
29                                     8.5750086487298347e+00
30                                     5.8527860446965514e+00
31                                     6.1962267523663597e+00
32                                     6.0334329228100909e+00
33                                     7.5010372226675202e+00
34                                     5.9365582234978183e+00
35                                     6.0735049524000022e+00
36                                     8.8176886567566748e-01
37                                     8.8515666371311463e-01
38                                     8.7706376472816738e-01
39                                     8.7016496306948310e-01
40                                     9.0941422901808477e-01
41                                     8.6550053421210271e-01
   &ZA [&Type "ArrayOfDoubles", &Dim (42,1)] "Total nuclear charge"
                                                         0

0                                      6.0000000000000000e+00
1                                      6.0000000000000000e+00
2                                      6.0000000000000000e+00
3                                      1.0000000000000000e+00
4                                      1.0000000000000000e+00
5                                      6.0000000000000000e+00
6                                      1.0000000000000000e+00
7                                      1.0000000000000000e+00
8                                      6.0000000000000000e+00
9                                      7.0000000000000000e+00
10                                     1.0000000000000000e+00
11                                     1.0000000000000000e+00
12                                     6.0000000000000000e+00
13                                     6.0000000000000000e+00
14                                     1.0000000000000000e+00
15                                     1.0000000000000000e+00
16                                     6.0000000000000000e+00
17                                     1.0000000000000000e+00
18                                     1.0000000000000000e+00
19                                     6.0000000000000000e+00
20                                     1.0000000000000000e+00
21                                     1.0000000000000000e+00
22                                     6.0000000000000000e+00
23                                     6.0000000000000000e+00
24                                     6.0000000000000000e+00
25                                     8.0000000000000000e+00
26                                     6.0000000000000000e+00
27                                     6.0000000000000000e+00
28                                     6.0000000000000000e+00
29                                     8.0000000000000000e+00
30                                     6.0000000000000000e+00
31                                     6.0000000000000000e+00
32                                     6.0000000000000000e+00
33                                     7.0000000000000000e+00
34                                     6.0000000000000000e+00
35                                     6.0000000000000000e+00
36                                     1.0000000000000000e+00
37                                     1.0000000000000000e+00
38                                     1.0000000000000000e+00
39                                     1.0000000000000000e+00
40                                     1.0000000000000000e+00
41                                     1.0000000000000000e+00
   &QA [&Type "ArrayOfDoubles", &Dim (42,1)] "Mulliken gross atomic charge"
                                                         0

0                                     -1.1193750453178541e-01
1                                     -1.6235276930270270e-01
2                                     -2.3180494505782701e-01
3                                      1.0205890012554331e-01
4                                      1.1737035580653188e-01
5                                      2.4375636082371255e-01
6                                      1.2670262651678532e-01
7                                      1.1150750138844789e-01
8                                     -9.0229917757334022e-04
9                                     -1.4031443604410576e-01
10                                     1.0531000673580282e-01
11                                     1.3197786456455007e-01
12                                    -1.1311350946660781e-01
13                                    -1.5058935435721654e-01
14                                     1.0548185668868437e-01
15                                     1.3413044509960748e-01
16                                    -2.7296188008359135e-01
17                                     1.1702566956528582e-01
18                                     1.0216485798326425e-01
19                                     1.0186660312347229e-01
20                                     1.1231343836450181e-01
21                                     1.2660559555039008e-01
22                                    -5.5579120764074919e-01
23                                     9.1658936139103808e-02
24                                     4.2708673610354353e-01
25                                    -3.7101596057768482e-01
26                                     4.2243641394282871e-01
27                                    -2.8670978766805888e-01
28                                     1.7566327296994810e-01
29                                    -5.7500864872983470e-01
30                                     1.4721395530344861e-01
31                                    -1.9622675236635967e-01
32                                    -3.3432922810090915e-02
33                                    -5.0103722266752015e-01
34                                     6.3441776502181746e-02
35                                    -7.3504952400002210e-02
36                                     1.1823113432433252e-01
37                                     1.1484333628688537e-01
38                                     1.2293623527183262e-01
39                                     1.2983503693051690e-01
40                                     9.0585770981915226e-02
41                                     1.3449946578789729e-01
   &VA [&Type "ArrayOfDoubles", &Dim (42,1)] "Mayer's total valence"
                                                         0

0                                      3.9114323514778420e+00
1                                      3.9532999640164506e+00
2                                      3.9177775554768854e+00
3                                      9.6777515186065244e-01
4                                      9.5858039214624691e-01
5                                      3.6760800543576986e+00
6                                      9.5266666975518588e-01
7                                      9.5449050139575098e-01
8                                      4.0842568827264172e+00
9                                      3.3356364472943074e+00
10                                     9.5325245553831262e-01
11                                     9.4934081886249022e-01
12                                     3.9067874458451817e+00
13                                     3.9515602370410838e+00
14                                     9.5502803368246392e-01
15                                     9.4892131130596857e-01
16                                     3.9532509158134674e+00
17                                     9.5903538639496033e-01
18                                     9.6685808106064774e-01
19                                     3.6544805986358702e+00
20                                     9.5558969484870293e-01
21                                     9.5671744941948655e-01
22                                     3.8258111528910148e+00
23                                     3.8881751652166421e+00
24                                     3.5843026038687986e+00
25                                     2.1214231383348312e+00
26                                     4.2073998200484048e+00
27                                     3.7559171552422450e+00
28                                     3.4405805615544494e+00
29                                     1.9868696910334012e+00
30                                     3.7950311858724786e+00
31                                     3.9962107289493933e+00
32                                     4.0413029471894362e+00
33                                     3.0402543539965623e+00
34                                     3.9931493918786827e+00
35                                     3.9288462995653535e+00
36                                     9.8903279579259984e-01
37                                     9.6873513895717323e-01
38                                     9.7478771942455500e-01
39                                     9.9843135677773787e-01
40                                     9.8953037810771693e-01
41                                     9.8096080468153946e-01
   &BVA [&Type "ArrayOfDoubles", &Dim (42,1)] "Mayer's bonded valence"
                                                         0

0                                      3.9114323514778189e+00
1                                      3.9532999640163431e+00
2                                      3.9177775554768703e+00
3                                      9.6777515186064589e-01
4                                      9.5858039214624435e-01
5                                      3.6760800543579326e+00
6                                      9.5266666975516967e-01
7                                      9.5449050139570668e-01
8                                      4.0842568827265699e+00
9                                      3.3356364472943514e+00
10                                     9.5325245553831328e-01
11                                     9.4934081886250188e-01
12                                     3.9067874458453273e+00
13                                     3.9515602370410772e+00
14                                     9.5502803368248346e-01
15                                     9.4892131130599133e-01
16                                     3.9532509158131894e+00
17                                     9.5903538639493124e-01
18                                     9.6685808106067073e-01
19                                     3.6544805986355646e+00
20                                     9.5558969484866674e-01
21                                     9.5671744941946824e-01
22                                     3.8258111528912702e+00
23                                     3.8881751652165830e+00
24                                     3.5843026038688315e+00
25                                     2.1214231383347495e+00
26                                     4.2073998200484146e+00
27                                     3.7559171552424684e+00
28                                     3.4405805615547145e+00
29                                     1.9868696910334160e+00
30                                     3.7950311858724546e+00
31                                     3.9962107289494710e+00
32                                     4.0413029471893731e+00
33                                     3.0402543539965698e+00
34                                     3.9931493918787644e+00
35                                     3.9288462995653717e+00
36                                     9.8903279579257652e-01
37                                     9.6873513895715480e-01
38                                     9.7478771942455511e-01
39                                     9.9843135677779093e-01
40                                     9.8953037810770772e-01
41                                     9.8096080468158031e-01
   &FA [&Type "ArrayOfDoubles", &Dim (42,1)] "Mayer's free valence"
                                                         0

0                                      0.0000000000000000e+00
1                                      0.0000000000000000e+00
2                                      0.0000000000000000e+00
3                                      0.0000000000000000e+00
4                                      0.0000000000000000e+00
5                                      0.0000000000000000e+00
6                                      0.0000000000000000e+00
7                                      0.0000000000000000e+00
8                                      0.0000000000000000e+00
9                                      0.0000000000000000e+00
10                                     0.0000000000000000e+00
11                                     0.0000000000000000e+00
12                                     0.0000000000000000e+00
13                                     0.0000000000000000e+00
14                                     0.0000000000000000e+00
15                                     0.0000000000000000e+00
16                                     0.0000000000000000e+00
17                                     0.0000000000000000e+00
18                                     0.0000000000000000e+00
19                                     0.0000000000000000e+00
20                                     0.0000000000000000e+00
21                                     0.0000000000000000e+00
22                                     0.0000000000000000e+00
23                                     0.0000000000000000e+00
24                                     0.0000000000000000e+00
25                                     0.0000000000000000e+00
26                                     0.0000000000000000e+00
27                                     0.0000000000000000e+00
28                                     0.0000000000000000e+00
29                                     0.0000000000000000e+00
30                                     0.0000000000000000e+00
31                                     0.0000000000000000e+00
32                                     0.0000000000000000e+00
33                                     0.0000000000000000e+00
34                                     0.0000000000000000e+00
35                                     0.0000000000000000e+00
36                                     0.0000000000000000e+00
37                                     0.0000000000000000e+00
38                                     0.0000000000000000e+00
39                                     0.0000000000000000e+00
40                                     0.0000000000000000e+00
41                                     0.0000000000000000e+00
$End
$CIS_Absorption_Spectrum
   &GeometryIndex 6
   &ListStatus       FIRST
   &TEMPERATURE [&Type "Double"]       2.9814999999999998e+02
   &METHOD [&Type "Integer"] 20
   &RELCORRECTION [&Type "Integer"] 1 "Type of relativistic treatment in QDPT. 0->Unknow, 1->None, 2->SOC, 3->SSC, 4->SOC/SSC"
   &DENSTYPE [&Type "Integer"] 3 "Type of density (electron/spin ...). 0->Unknow, 1->Electronic, 2->Spin, 3->Trans/Electronic, 4->Tran/Spin"
   &DERITYPE [&Type "Integer"] 0 "Type of derivative (w.r.t. to what perturbation). 0->Unknown, 1->No Derivative, 2->Electric/Dipole, 3->Electric/Quad, 4->Magnetic/Dipole, 5->Magnetic/Quad"
   &DENSLEVEL [&Type "Integer"] 0 "// Source of density: relaxed, unrelaxed, ... 0->Unknown, 1->Linearized, 2->Unrelaxed, 3->Relaxed"
   &REPRESENTATION [&Type "String"] "Length" "Possible values: Unknown,  Length, Velocity"
   &POINTGROUP [&Type "String"] "C1"
   &NTRANS [&Type "Integer"] 1
   &DOHIGHERMOMENTS [&Type "Boolean"] false
   &STATES [&Type "ArrayOfIntegers", &Dim (1,4)] "The initial and Final states. Col1: Initial State  Col2: Initial Irrep Col3: Final State Col4: Final Irrep"
                                                         0                           1                           2                           3

0                                                        0                           0                           1                           0
   &MULTIPLICITIES [&Type "ArrayOfDoubles", &Dim (1,2)] "Col1: Multiplicity of the initial state  Col2: Multiplicity of the final state"
                                                         0                           1

0                                      1.0000000000000000e+00         1.0000000000000000e+00
   &EXCITATIONENERGIES [&Type "ArrayOfDoubles", &Dim (1,11)] 
                                                         0                           1                           2                           3                           4                           5                           6                           7

0                                      2.7334044777394380e+00         2.2046396219158756e+04         4.5358887233051729e+02         1.3963697019202215e+00         2.0851552507069325e+01         4.3127140027220099e+00         0.0000000000000000e+00        -1.4995425231104853e+00
                                                         8                           9                          10

0                                      0.0000000000000000e+00         5.8503497145622377e-02         0.0000000000000000e+00
$End
$CIS_Absorption_Spectrum
   &GeometryIndex 6
   &ListStatus       IN
   &TEMPERATURE [&Type "Double"]       2.9814999999999998e+02
   &METHOD [&Type "Integer"] 20
   &RELCORRECTION [&Type "Integer"] 1 "Type of relativistic treatment in QDPT. 0->Unknow, 1->None, 2->SOC, 3->SSC, 4->SOC/SSC"
   &DENSTYPE [&Type "Integer"] 3 "Type of density (electron/spin ...). 0->Unknow, 1->Electronic, 2->Spin, 3->Trans/Electronic, 4->Tran/Spin"
   &DERITYPE [&Type "Integer"] 0 "Type of derivative (w.r.t. to what perturbation). 0->Unknown, 1->No Derivative, 2->Electric/Dipole, 3->Electric/Quad, 4->Magnetic/Dipole, 5->Magnetic/Quad"
   &DENSLEVEL [&Type "Integer"] 0 "// Source of density: relaxed, unrelaxed, ... 0->Unknown, 1->Linearized, 2->Unrelaxed, 3->Relaxed"
   &REPRESENTATION [&Type "String"] "Velocity" "Possible values: Unknown,  Length, Velocity"
   &POINTGROUP [&Type "String"] "C1"
   &NTRANS [&Type "Integer"] 1
   &DOHIGHERMOMENTS [&Type "Boolean"] false
   &STATES [&Type "ArrayOfIntegers", &Dim (1,4)] "The initial and Final states. Col1: Initial State  Col2: Initial Irrep Col3: Final State Col4: Final Irrep"
                                                         0                           1                           2                           3

0                                                        0                           0                           1                           0
   &MULTIPLICITIES [&Type "ArrayOfDoubles", &Dim (1,2)] "Col1: Multiplicity of the initial state  Col2: Multiplicity of the final state"
                                                         0                           1

0                                      1.0000000000000000e+00         1.0000000000000000e+00
   &EXCITATIONENERGIES [&Type "ArrayOfDoubles", &Dim (1,11)] 
                                                         0                           1                           2                           3                           4                           5                           6                           7

0                                      2.7334044777394380e+00         2.2046396219158756e+04         4.5358887233051729e+02         7.3749682462719446e-01         1.1112318839812775e-01        -3.0460073244119651e-01         0.0000000000000000e+00         1.3527693424466650e-01
                                                         8                           9                          10

0                                      0.0000000000000000e+00         6.4601281549629633e-03         0.0000000000000000e+00
$End
$CIS_ECD_Spectrum
   &GeometryIndex 6
   &ListStatus       FIRST
   &TEMPERATURE [&Type "Double"]       2.9814999999999998e+02
   &METHOD [&Type "Integer"] 20
   &RELCORRECTION [&Type "Integer"] 1 "Type of relativistic treatment in QDPT. 0->Unknow, 1->None, 2->SOC, 3->SSC, 4->SOC/SSC"
   &DENSTYPE [&Type "Integer"] 3 "Type of density (electron/spin ...). 0->Unknow, 1->Electronic, 2->Spin, 3->Trans/Electronic, 4->Tran/Spin"
   &DERITYPE [&Type "Integer"] 0 "Type of derivative (w.r.t. to what perturbation). 0->Unknown, 1->No Derivative, 2->Electric/Dipole, 3->Electric/Quad, 4->Magnetic/Dipole, 5->Magnetic/Quad"
   &DENSLEVEL [&Type "Integer"] 0 "// Source of density: relaxed, unrelaxed, ... 0->Unknown, 1->Linearized, 2->Unrelaxed, 3->Relaxed"
   &REPRESENTATION [&Type "String"] "Length" "Possible values: Unknown,  Length, Velocity"
   &POINTGROUP [&Type "String"] "C1"
   &NTRANS [&Type "Integer"] 1
   &DOHIGHERMOMENTS [&Type "Boolean"] false
   &STATES [&Type "ArrayOfIntegers", &Dim (1,4)] "The initial and Final states. Col1: Initial State  Col2: Initial Irrep Col3: Final State Col4: Final Irrep"
                                                         0                           1                           2                           3

0                                                        0                           0                           1                           0
   &MULTIPLICITIES [&Type "ArrayOfDoubles", &Dim (1,2)] "Col1: Multiplicity of the initial state  Col2: Multiplicity of the final state"
                                                         0                           1

0                                      1.0000000000000000e+00         1.0000000000000000e+00
   &EXCITATIONENERGIES [&Type "ArrayOfDoubles", &Dim (1,10)] 
                                                         0                           1                           2                           3                           4                           5                           6                           7

0                                      2.7334044777394380e+00         2.2046396219158756e+04         4.5358887233051729e+02        -3.4867956783148323e+01         4.5077564271578545e-02         0.0000000000000000e+00         6.9981976814902300e-02         0.0000000000000000e+00
                                                         8                           9

0                                     -2.6505793591788701e-01         0.0000000000000000e+00
$End
$CIS_ECD_Spectrum
   &GeometryIndex 6
   &ListStatus       IN
   &TEMPERATURE [&Type "Double"]       2.9814999999999998e+02
   &METHOD [&Type "Integer"] 20
   &RELCORRECTION [&Type "Integer"] 1 "Type of relativistic treatment in QDPT. 0->Unknow, 1->None, 2->SOC, 3->SSC, 4->SOC/SSC"
   &DENSTYPE [&Type "Integer"] 3 "Type of density (electron/spin ...). 0->Unknow, 1->Electronic, 2->Spin, 3->Trans/Electronic, 4->Tran/Spin"
   &DERITYPE [&Type "Integer"] 0 "Type of derivative (w.r.t. to what perturbation). 0->Unknown, 1->No Derivative, 2->Electric/Dipole, 3->Electric/Quad, 4->Magnetic/Dipole, 5->Magnetic/Quad"
   &DENSLEVEL [&Type "Integer"] 0 "// Source of density: relaxed, unrelaxed, ... 0->Unknown, 1->Linearized, 2->Unrelaxed, 3->Relaxed"
   &REPRESENTATION [&Type "String"] "Velocity" "Possible values: Unknown,  Length, Velocity"
   &POINTGROUP [&Type "String"] "C1"
   &NTRANS [&Type "Integer"] 1
   &DOHIGHERMOMENTS [&Type "Boolean"] false
   &STATES [&Type "ArrayOfIntegers", &Dim (1,4)] "The initial and Final states. Col1: Initial State  Col2: Initial Irrep Col3: Final State Col4: Final Irrep"
                                                         0                           1                           2                           3

0                                                        0                           0                           1                           0
   &MULTIPLICITIES [&Type "ArrayOfDoubles", &Dim (1,2)] "Col1: Multiplicity of the initial state  Col2: Multiplicity of the final state"
                                                         0                           1

0                                      1.0000000000000000e+00         1.0000000000000000e+00
   &EXCITATIONENERGIES [&Type "ArrayOfDoubles", &Dim (1,10)] 
                                                         0                           1                           2                           3                           4                           5                           6                           7

0                                      2.7334044777394380e+00         2.2046396219158756e+04         4.5358887233051729e+02        -2.8047551919292378e+01         4.5077564271578545e-02         0.0000000000000000e+00         6.9981976814902300e-02         0.0000000000000000e+00
                                                         8                           9

0                                     -2.6505793591788701e-01         0.0000000000000000e+00
$End
$Mayer_Population_Analysis
   &GeometryIndex 6
   &ListStatus       LAST
   &NATOMS [&Type "Integer"] 42 "Total number of atoms"
   &BONDTHRESH [&Type "Double"]       1.0000000000000001e-01  "The threshold for printing"
   &NBONDORDERSPRINT [&Type "Integer"] 46 "The number of bond orders larger than threshold"
   &BONDORDERS [&Type "ArrayOfDoubles", &Dim (46,1)] "The bond orders"
                                                         0

0                                      9.9871599357510721e-01
1                                      9.5719392798796943e-01
2                                      9.2872396182033778e-01
3                                      9.4406931853442655e-01
4                                      1.0215379881528661e+00
5                                      9.6620600448783533e-01
6                                      9.5797039700528941e-01
7                                      1.0002093225146493e+00
8                                      9.5266705732314139e-01
9                                      9.4020116728907832e-01
10                                     1.2396315803802431e+00
11                                     1.3484848734101251e+00
12                                     1.3283956736215954e+00
13                                     1.2089767310740898e+00
14                                     9.5476135922007666e-01
15                                     9.9320320401639994e-01
16                                     9.2833847097130318e-01
17                                     9.4701112738157311e-01
18                                     1.0333302262827639e+00
19                                     9.5965458359739020e-01
20                                     9.6516422793652490e-01
21                                     1.0375017532992088e+00
22                                     9.4468837467956057e-01
23                                     9.4570169130193393e-01
24                                     1.3276658570710502e+00
25                                     1.0804977630073567e+00
26                                     1.0599640588000028e+00
27                                     1.3435451753907417e+00
28                                     1.0032272756446092e+00
29                                     1.1119088286036169e+00
30                                     1.0626113529728971e+00
31                                     1.1585544290346199e+00
32                                     1.8520478916362593e+00
33                                     1.1643346653275146e+00
34                                     9.7598925587752194e-01
35                                     1.0733582650541871e+00
36                                     1.3343932961221963e+00
37                                     1.2880984515003864e+00
38                                     1.5078988012212500e+00
39                                     9.5734188235748841e-01
40                                     1.5502182073411672e+00
41                                     9.6785390881575306e-01
42                                     1.4312070640921686e+00
43                                     1.3654486084632456e+00
44                                     9.6938250828558992e-01
45                                     9.6603016302225897e-01
   &COMPONENTS [&Type "ArrayOfIntegers", &Dim (46,4)] "The indices and atomic numbers of the bonding atoms"
                                                         0                           1                           2                           3

0                                                        0                           6                           1                           6
1                                                        0                           6                           9                           7
2                                                        0                           6                          10                           1
3                                                        0                           6                          11                           1
4                                                        1                           6                           2                           6
5                                                        1                           6                           3                           1
6                                                        1                           6                           4                           1
7                                                        2                           6                           5                           6
8                                                        2                           6                           6                           1
9                                                        2                           6                           7                           1
10                                                       5                           6                           8                           6
11                                                       5                           6                          22                           6
12                                                       8                           6                           9                           7
13                                                       8                           6                          19                           6
14                                                       9                           7                          12                           6
15                                                      12                           6                          13                           6
16                                                      12                           6                          14                           1
17                                                      12                           6                          15                           1
18                                                      13                           6                          16                           6
19                                                      13                           6                          17                           1
20                                                      13                           6                          18                           1
21                                                      16                           6                          19                           6
22                                                      16                           6                          20                           1
23                                                      16                           6                          21                           1
24                                                      19                           6                          23                           6
25                                                      22                           6                          24                           6
26                                                      22                           6                          40                           1
27                                                      23                           6                          24                           6
28                                                      23                           6                          25                           8
29                                                      24                           6                          27                           6
30                                                      25                           8                          26                           6
31                                                      26                           6                          28                           6
32                                                      26                           6                          29                           8
33                                                      27                           6                          28                           6
34                                                      27                           6                          41                           1
35                                                      28                           6                          30                           6
36                                                      30                           6                          31                           6
37                                                      30                           6                          32                           6
38                                                      31                           6                          35                           6
39                                                      31                           6                          39                           1
40                                                      32                           6                          33                           7
41                                                      32                           6                          36                           1
42                                                      33                           7                          34                           6
43                                                      34                           6                          35                           6
44                                                      34                           6                          38                           1
45                                                      35                           6                          37                           1
   &ATNO [&Type "ArrayOfIntegers", &Dim (42,1)] "Atomic number of the elements"
                                                         0

0                                                        6
1                                                        6
2                                                        6
3                                                        1
4                                                        1
5                                                        6
6                                                        1
7                                                        1
8                                                        6
9                                                        7
10                                                       1
11                                                       1
12                                                       6
13                                                       6
14                                                       1
15                                                       1
16                                                       6
17                                                       1
18                                                       1
19                                                       6
20                                                       1
21                                                       1
22                                                       6
23                                                       6
24                                                       6
25                                                       8
26                                                       6
27                                                       6
28                                                       6
29                                                       8
30                                                       6
31                                                       6
32                                                       6
33                                                       7
34                                                       6
35                                                       6
36                                                       1
37                                                       1
38                                                       1
39                                                       1
40                                                       1
41                                                       1
   &NA [&Type "ArrayOfDoubles", &Dim (42,1)] "Mulliken gross atomic population"
                                                         0

0                                      6.1125845092811870e+00
1                                      6.1615624309316885e+00
2                                      6.2315906293836711e+00
3                                      8.9210627961067512e-01
4                                      8.7661265664947685e-01
5                                      5.7325277229065668e+00
6                                      8.6981770531392322e-01
7                                      8.8249658782690932e-01
8                                      6.0129701643934501e+00
9                                      7.0956046276592470e+00
10                                     8.8047590435020928e-01
11                                     8.5544635130516544e-01
12                                     6.1120772608189720e+00
13                                     6.1524290998247491e+00
14                                     8.8216939500988356e-01
15                                     8.5442763603665328e-01
16                                     6.2671358336558383e+00
17                                     8.7638939326325349e-01
18                                     8.9080894289117007e-01
19                                     5.8622613078507984e+00
20                                     8.7801731782785408e-01
21                                     8.6564834443845862e-01
22                                     6.5718885793762629e+00
23                                     5.9325875578119041e+00
24                                     5.5229891983788049e+00
25                                     8.3816321775388190e+00
26                                     5.5914202747064117e+00
27                                     6.4142832638520275e+00
28                                     5.8106187514963858e+00
29                                     8.5778882695822745e+00
30                                     5.8476217062469749e+00
31                                     6.2052956947928957e+00
32                                     6.0506914447566071e+00
33                                     7.5011489029240881e+00
34                                     5.9499832977738079e+00
35                                     6.0759122129690288e+00
36                                     8.8432847978740248e-01
37                                     8.8849935541612468e-01
38                                     8.8027968893854369e-01
39                                     8.7384656533392002e-01
40                                     9.1118692362896958e-01
41                                     8.8273755345935812e-01
   &ZA [&Type "ArrayOfDoubles", &Dim (42,1)] "Total nuclear charge"
                                                         0

0                                      6.0000000000000000e+00
1                                      6.0000000000000000e+00
2                                      6.0000000000000000e+00
3                                      1.0000000000000000e+00
4                                      1.0000000000000000e+00
5                                      6.0000000000000000e+00
6                                      1.0000000000000000e+00
7                                      1.0000000000000000e+00
8                                      6.0000000000000000e+00
9                                      7.0000000000000000e+00
10                                     1.0000000000000000e+00
11                                     1.0000000000000000e+00
12                                     6.0000000000000000e+00
13                                     6.0000000000000000e+00
14                                     1.0000000000000000e+00
15                                     1.0000000000000000e+00
16                                     6.0000000000000000e+00
17                                     1.0000000000000000e+00
18                                     1.0000000000000000e+00
19                                     6.0000000000000000e+00
20                                     1.0000000000000000e+00
21                                     1.0000000000000000e+00
22                                     6.0000000000000000e+00
23                                     6.0000000000000000e+00
24                                     6.0000000000000000e+00
25                                     8.0000000000000000e+00
26                                     6.0000000000000000e+00
27                                     6.0000000000000000e+00
28                                     6.0000000000000000e+00
29                                     8.0000000000000000e+00
30                                     6.0000000000000000e+00
31                                     6.0000000000000000e+00
32                                     6.0000000000000000e+00
33                                     7.0000000000000000e+00
34                                     6.0000000000000000e+00
35                                     6.0000000000000000e+00
36                                     1.0000000000000000e+00
37                                     1.0000000000000000e+00
38                                     1.0000000000000000e+00
39                                     1.0000000000000000e+00
40                                     1.0000000000000000e+00
41                                     1.0000000000000000e+00
   &QA [&Type "ArrayOfDoubles", &Dim (42,1)] "Mulliken gross atomic charge"
                                                         0

0                                     -1.1258450928118702e-01
1                                     -1.6156243093168854e-01
2                                     -2.3159062938367114e-01
3                                      1.0789372038932488e-01
4                                      1.2338734335052315e-01
5                                      2.6747227709343324e-01
6                                      1.3018229468607678e-01
7                                      1.1750341217309068e-01
8                                     -1.2970164393450112e-02
9                                     -9.5604627659247043e-02
10                                     1.1952409564979072e-01
11                                     1.4455364869483456e-01
12                                    -1.1207726081897196e-01
13                                    -1.5242909982474906e-01
14                                     1.1783060499011644e-01
15                                     1.4557236396334672e-01
16                                    -2.6713583365583826e-01
17                                     1.2361060673674651e-01
18                                     1.0919105710882993e-01
19                                     1.3773869214920165e-01
20                                     1.2198268217214592e-01
21                                     1.3435165556154138e-01
22                                    -5.7188857937626292e-01
23                                     6.7412442188095945e-02
24                                     4.7701080162119514e-01
25                                    -3.8163217753881895e-01
26                                     4.0857972529358833e-01
27                                    -4.1428326385202752e-01
28                                     1.8938124850361415e-01
29                                    -5.7788826958227446e-01
30                                     1.5237829375302514e-01
31                                    -2.0529569479289567e-01
32                                    -5.0691444756607140e-02
33                                    -5.0114890292408809e-01
34                                     5.0016702226192145e-02
35                                    -7.5912212969028836e-02
36                                     1.1567152021259752e-01
37                                     1.1150064458387532e-01
38                                     1.1972031106145631e-01
39                                     1.2615343466607998e-01
40                                     8.8813076371030419e-02
41                                     1.1726244654064188e-01
   &VA [&Type "ArrayOfDoubles", &Dim (42,1)] "Mayer's total valence"
                                                         0

0                                      3.9017140270299122e+00
1                                      3.9457780869139216e+00
2                                      3.9188841527463683e+00
3                                      9.6816764192001159e-01
4                                      9.5863748618375821e-01
5                                      3.6804835149357960e+00
6                                      9.5331499975179934e-01
7                                      9.5445138518557326e-01
8                                      4.0747504529304930e+00
9                                      3.4340996800295356e+00
10                                     9.5668621207276416e-01
11                                     9.4776810305850356e-01
12                                     3.8947766702390392e+00
13                                     3.9481786067829994e+00
14                                     9.5908403932176256e-01
15                                     9.4782838546812476e-01
16                                     3.9492949042412215e+00
17                                     9.5990994249044415e-01
18                                     9.6767458234672776e-01
19                                     3.6849971605035736e+00
20                                     9.5726628033124339e-01
21                                     9.5825009948332363e-01
22                                     3.8139272494330867e+00
23                                     3.8953820904186958e+00
24                                     3.5766748643380604e+00
25                                     2.0846013798067506e+00
26                                     4.2165047227807211e+00
27                                     3.7168975763872871e+00
28                                     3.4332008596620507e+00
29                                     1.9786713992938951e+00
30                                     3.7768993391629593e+00
31                                     3.9976546700647488e+00
32                                     4.0318118133390870e+00
33                                     3.0425761917857366e+00
34                                     3.9839652809924337e+00
35                                     3.9242444195582316e+00
36                                     9.9473628661870872e-01
37                                     9.6916307066164853e-01
38                                     9.7574650997051959e-01
39                                     1.0008144058806183e+00
40                                     9.9081162511714904e-01
41                                     9.8822237229785204e-01
   &BVA [&Type "ArrayOfDoubles", &Dim (42,1)] "Mayer's bonded valence"
                                                         0

0                                      3.8921852689324252e+00
1                                      3.9411988722502787e+00
2                                      3.9136889813050422e+00
3                                      9.6698398398205321e-01
4                                      9.5790303522959919e-01
5                                      3.6022850584668005e+00
6                                      9.5059988400496376e-01
7                                      9.5019468991801659e-01
8                                      3.9561233937779883e+00
9                                      3.2567118458805124e+00
10                                     9.3080746522418478e-01
11                                     9.4322957485611192e-01
12                                     3.8853357089560960e+00
13                                     3.9431109603294709e+00
14                                     9.3267486720976034e-01
15                                     9.4461549290508040e-01
16                                     3.9451505735683208e+00
17                                     9.5868659118005339e-01
18                                     9.6632615295231894e-01
19                                     3.5808878721044639e+00
20                                     9.5120785598672164e-01
21                                     9.5593856195249371e-01
22                                     3.7206327880008891e+00
23                                     3.8157685674570958e+00
24                                     3.4418867072316179e+00
25                                     2.0458560101525336e+00
26                                     4.1506182365934645e+00
27                                     3.3346086702517881e+00
28                                     3.2645080502386490e+00
29                                     1.9219684803482242e+00
30                                     3.7130499362756386e+00
31                                     3.9465305361095018e+00
32                                     3.9632112992617148e+00
33                                     3.0367035057628708e+00
34                                     3.9070477945364073e+00
35                                     3.9034925741114024e+00
36                                     9.9005881250690519e-01
37                                     9.6858337796553118e-01
38                                     9.7425654320365329e-01
39                                     1.0002987113003394e+00
40                                     9.8947704381485080e-01
41                                     9.8324815451250736e-01
   &FA [&Type "ArrayOfDoubles", &Dim (42,1)] "Mayer's free valence"
                                                         0

0                                      9.5287580974868103e-03
1                                      4.5792146636431160e-03
2                                      5.1951714413260653e-03
3                                      1.1836579379583710e-03
4                                      7.3445095415899150e-04
5                                      7.8198456468995425e-02
6                                      2.7151157468355900e-03
7                                      4.2566952675566682e-03
8                                      1.1862705915250452e-01
9                                      1.7738783414902329e-01
10                                     2.5878746848579347e-02
11                                     4.5385282023916885e-03
12                                     9.4409612829431944e-03
13                                     5.0676464535283636e-03
14                                     2.6409172112002183e-02
15                                     3.2128925630443301e-03
16                                     4.1443306729009597e-03
17                                     1.2233513103907538e-03
18                                     1.3484293944087840e-03
19                                     1.0410928839910977e-01
20                                     6.0584243445217347e-03
21                                     2.3115375308298590e-03
22                                     9.3294461432197717e-02
23                                     7.9613522961599736e-02
24                                     1.3478815710644224e-01
25                                     3.8745369654217120e-02
26                                     6.5886486187256649e-02
27                                     3.8228890613549915e-01
28                                     1.6869280942340178e-01
29                                     5.6702918945670831e-02
30                                     6.3849402887320592e-02
31                                     5.1124133955246849e-02
32                                     6.8600514077372138e-02
33                                     5.8726860228659411e-03
34                                     7.6917486456026612e-02
35                                     2.0751845446829086e-02
36                                     4.6774741118035552e-03
37                                     5.7969269611730543e-04
38                                     1.4899667668663368e-03
39                                     5.1569458027880919e-04
40                                     1.3345813022982459e-03
41                                     4.9742177853446682e-03
$End
$CIS_Nuc_Gradient
   &GeometryIndex 6
   &ListStatus       FIRST
   &NATOMS [&Type "Integer"] 42
   &ROOT [&Type "Integer"] 1
   &GRADNORM [&Type "Double"]       2.2043511307966442e-04
   &GRAD [&Type "ArrayOfDoubles", &Dim (126,1)] 
                                                         0

0                                     -1.8285006480555505e-05
1                                      7.4591728204662821e-06
2                                      3.0541355248454092e-05
3                                     -4.9014308686768531e-05
4                                     -3.3294460359317002e-05
5                                     -1.2169385961184750e-05
6                                     -1.7020399939760586e-05
7                                     -2.3462387687469611e-05
8                                     -2.5346615272768617e-05
9                                      2.3750548605915478e-05
10                                     1.3914952823303138e-05
11                                     8.2574281283856747e-06
12                                     3.2577577977660520e-06
13                                    -1.6158568992136451e-06
14                                    -1.2756299306167793e-05
15                                     1.3723561013452020e-05
16                                     1.8135754557240110e-05
17                                     5.2795518849891394e-06
18                                     6.1998998775701912e-06
19                                     4.4021279079850149e-06
20                                    -9.9242048775124113e-06
21                                     6.8663558288406339e-06
22                                     6.8626087738857971e-06
23                                     8.5812133349777399e-06
24                                    -3.2583715249400705e-05
25                                     2.2833830280207369e-06
26                                     2.0421885007562209e-05
27                                     1.4120714525382716e-05
28                                     1.0110927401444075e-05
29                                    -1.1107182159082930e-05
30                                     1.4151562997089982e-05
31                                    -1.8814285433312019e-05
32                                     2.6027276857666648e-06
33                                    -6.1344297088518135e-06
34                                    -1.0321391693227425e-05
35                                     2.6725166993053079e-08
36                                     2.1465800474457035e-05
37                                     1.0719885122962192e-05
38                                    -1.9417601096401854e-05
39                                    -3.1179250504641072e-05
40                                     4.6016464069092793e-05
41                                     3.7591104225545098e-05
42                                    -2.4661573797582541e-05
43                                    -1.1913649044268965e-05
44                                     7.7624122285828369e-06
45                                    -2.5317192626489590e-06
46                                     2.2822506716955212e-06
47                                    -5.5381877267491036e-08
48                                     3.2918161621339141e-05
49                                     1.1564497454610314e-05
50                                     2.4751524919086056e-06
51                                    -8.7470364831645486e-07
52                                    -7.2513980779036506e-06
53                                     6.8455999851118384e-06
54                                    -6.7792108420437183e-07
55                                    -3.8346655232156322e-05
56                                     2.4299392023772201e-06
57                                     4.0550567899250178e-06
58                                    -2.8828730499243075e-05
59                                    -7.2912776415634485e-06
60                                    -2.5717949549310354e-05
61                                    -1.7803850177562403e-05
62                                     1.4062743786786137e-05
63                                    -7.1027866626045377e-06
64                                    -7.4859135818436937e-06
65                                     1.7291476092478840e-05
66                                    -2.5147268595637724e-06
67                                    -1.8454717931203849e-05
68                                     4.3784468924093945e-07
69                                     3.6846823475456816e-05
70                                     2.7773787847224329e-05
71                                     2.6247338537086569e-05
72                                     3.6566136168189614e-05
73                                    -1.6411619544334376e-05
74                                    -1.2401424573967176e-06
75                                     2.0852907698861735e-06
76                                    -2.4275051699434373e-05
77                                    -2.2122975248880828e-05
78                                    -8.1723785149726447e-05
79                                    -2.6808911150793288e-05
80                                     2.3754875427456237e-05
81                                    -2.9979807222514044e-05
82                                     1.0201965113626813e-05
83                                    -1.7548271102323359e-05
84                                     3.2535515249823452e-05
85                                     6.0241017507770700e-06
86                                     2.5873584497070787e-05
87                                     3.5482539162039813e-05
88                                     4.9654162281799539e-05
89                                     1.5013223419463865e-05
90                                    -8.6549611362483642e-06
91                                     4.2368968725286550e-05
92                                     1.4270129797187129e-05
93                                     2.4873745050971782e-05
94                                    -6.6210950073993441e-06
95                                     2.3277398997482177e-05
96                                    -8.2299799919585329e-06
97                                    -9.5144899383528721e-06
98                                    -1.1706945549413831e-06
99                                     2.6922623591689432e-06
100                                   -4.7633907044605057e-06
101                                    1.0151937112632195e-06
102                                    9.5248501608331294e-06
103                                    1.5731563750508301e-05
104                                    9.4751226787905338e-06
105                                    3.0432575655547044e-06
106                                   -2.0672566876697284e-05
107                                   -7.3952593771913757e-07
108                                   -1.1928144839797001e-05
109                                   -1.9456456051696351e-06
110                                   -4.1063786360394372e-06
111                                   -1.7915162663085225e-06
112                                    5.7342614522447110e-06
113                                    1.1677716172284728e-05
114                                    2.9140968064981132e-06
115                                   -2.2150443699374574e-06
116                                    7.7193024841591990e-06
117                                   -1.3034153846976782e-05
118                                   -4.1590800814526169e-06
119                                    7.4501052062194871e-06
120                                    2.1209669883373849e-07
121                                    2.2381019397886971e-06
122                                   -3.2993459737510689e-06
123                                   -8.9192072540590352e-06
124                                   -1.1859641588823379e-05
125                                   -4.2027020786507751e-06
$End
$VdW_Correction
   &GeometryIndex 6
   &ListStatus       FIRST
   &VDW [&Type "Double"]      -9.8173021609963482e-02
$End
$SCF_Dipole_Moment
   &GeometryIndex 6
   &ListStatus       FIRST
   &METHOD [&Type "String"] "SCF"
   &LEVEL [&Type "String"] "Relaxed density"
   &MULT [&Type "Integer"] 1
   &STATE [&Type "Integer"] -1
   &IRREP [&Type "Integer"] 0
   &NATOMS [&Type "Integer"] 42
   &DODIPOLEATOM [&Type "Boolean"] false
   &DIPOLEELECCONTRIB [&Type "ArrayOfDoubles", &Dim (3,1)] "Electronic contribution"
                                                         0

0                                      1.9878354976480704e+01
1                                     -6.4234914467538102e+00
2                                      1.3189964185490215e+00
   &DIPOLENUCCONTRIB [&Type "ArrayOfDoubles", &Dim (3,1)] "Nuclear contribution"
                                                         0

0                                     -2.4885424197490018e+01
1                                      7.1371410660872971e+00
2                                     -1.3080480613786443e+00
   &DIPOLETOTAL [&Type "ArrayOfDoubles", &Dim (3,1)] "Total"
                                                         0

0                                     -5.0070692210093135e+00
1                                      7.1364961933348692e-01
2                                      1.0948357170377232e-02
   &DIPOLEMAGNITUDE [&Type "Double", &Units "a.u."]       5.0576830495473297e+00
$End
$CIS_Dipole_Moment
   &GeometryIndex 6
   &ListStatus       LAST
   &METHOD [&Type "String"] "TDA/CIS"
   &LEVEL [&Type "String"] "Relaxed density"
   &MULT [&Type "Integer"] 1
   &STATE [&Type "Integer"] 1
   &IRREP [&Type "Integer"] 0
   &NATOMS [&Type "Integer"] 42
   &DODIPOLEATOM [&Type "Boolean"] false
   &DIPOLEELECCONTRIB [&Type "ArrayOfDoubles", &Dim (3,1)] "Electronic contribution"
                                                         0

0                                      1.7999770009006635e+01
1                                     -5.2728195560015969e+00
2                                      1.4307404395199379e+00
   &DIPOLENUCCONTRIB [&Type "ArrayOfDoubles", &Dim (3,1)] "Nuclear contribution"
                                                         0

0                                     -2.4885424197490018e+01
1                                      7.1371410660872971e+00
2                                     -1.3080480613786443e+00
   &DIPOLETOTAL [&Type "ArrayOfDoubles", &Dim (3,1)] "Total"
                                                         0

0                                     -6.8856541884833824e+00
1                                      1.8643215100857002e+00
2                                      1.2269237814129363e-01
   &DIPOLEMAGNITUDE [&Type "Double", &Units "a.u."]       7.1346325564811632e+00
$End
$SCF_Energy
   &GeometryIndex 6
   &ListStatus       LAST
   &SCF_ENERGY [&Type "Double"]      -1.0326975580505498e+03
$End
$DFT_Energy
   &GeometryIndex 6
   &ListStatus       LAST
   &NALPHAEL [&Type "Integer"] 84
   &NBETAEL [&Type "Integer"] 84
   &NTOTALEL [&Type "Integer"] 167
   &EEXCHANGE [&Type "Double"]      -1.1126718340743273e+02
   &ECORR [&Type "Double"]      -6.7553829850722709e+00
   &ECNL [&Type "Double"]       0.0000000000000000e+00
   &EXC [&Type "Double"]      -1.1802256639250500e+02
   &EEMBED [&Type "Double"]       0.0000000000000000e+00
   &FINALEN [&Type "Double"]      -1.0326975580505498e+03  "No Van der Waals correction"
$End
$Solvation_Details
   &GeometryIndex 6
   &ListStatus       LAST
   &SOLVENT [&Type "String"] "WATER"
   &EPSILON [&Type "Double"]       8.0150999999999996e+01
   &REFRAC [&Type "Double"]       1.3328000000000000e+00
   &RSOLV [&Type "Double"]       1.3000000000000000e+00
   &SURFACETYPE [&Type "String"] "GAUSSIAN VDW"
   &NPOINTS [&Type "Integer"] 3529
   &SURFACEAREA [&Type "Double"]       1.2124446853090001e+03
   &CPCMDIELENERGY [&Type "Double"]      -2.8149731000000001e-02
$End
$CIS_Absorption_Spectrum
   &GeometryIndex 6
   &ListStatus       IN
   &TEMPERATURE [&Type "Double"]       2.9814999999999998e+02
   &METHOD [&Type "Integer"] 20
   &RELCORRECTION [&Type "Integer"] 1 "Type of relativistic treatment in QDPT. 0->Unknow, 1->None, 2->SOC, 3->SSC, 4->SOC/SSC"
   &DENSTYPE [&Type "Integer"] 3 "Type of density (electron/spin ...). 0->Unknow, 1->Electronic, 2->Spin, 3->Trans/Electronic, 4->Tran/Spin"
   &DERITYPE [&Type "Integer"] 0 "Type of derivative (w.r.t. to what perturbation). 0->Unknown, 1->No Derivative, 2->Electric/Dipole, 3->Electric/Quad, 4->Magnetic/Dipole, 5->Magnetic/Quad"
   &DENSLEVEL [&Type "Integer"] 0 "// Source of density: relaxed, unrelaxed, ... 0->Unknown, 1->Linearized, 2->Unrelaxed, 3->Relaxed"
   &REPRESENTATION [&Type "String"] "Length" "Possible values: Unknown,  Length, Velocity"
   &POINTGROUP [&Type "String"] "C1"
   &NTRANS [&Type "Integer"] 1
   &DOHIGHERMOMENTS [&Type "Boolean"] false
   &STATES [&Type "ArrayOfIntegers", &Dim (1,4)] "The initial and Final states. Col1: Initial State  Col2: Initial Irrep Col3: Final State Col4: Final Irrep"
                                                         0                           1                           2                           3

0                                                        0                           0                           1                           0
   &MULTIPLICITIES [&Type "ArrayOfDoubles", &Dim (1,2)] "Col1: Multiplicity of the initial state  Col2: Multiplicity of the final state"
                                                         0                           1

0                                      1.0000000000000000e+00         1.0000000000000000e+00
   &EXCITATIONENERGIES [&Type "ArrayOfDoubles", &Dim (1,11)] 
                                                         0                           1                           2                           3                           4                           5                           6                           7

0                                      2.7334004602609143e+00         2.2046363816005818e+04         4.5358953900324951e+02         1.3963710994595520e+00         2.0851604023169596e+01        -4.3127190151105523e+00         0.0000000000000000e+00         1.4995452934475917e+00
                                                         8                           9                          10

0                                      0.0000000000000000e+00        -5.8503271469543906e-02         0.0000000000000000e+00
$End
$CIS_Absorption_Spectrum
   &GeometryIndex 6
   &ListStatus       LAST
   &TEMPERATURE [&Type "Double"]       2.9814999999999998e+02
   &METHOD [&Type "Integer"] 20
   &RELCORRECTION [&Type "Integer"] 1 "Type of relativistic treatment in QDPT. 0->Unknow, 1->None, 2->SOC, 3->SSC, 4->SOC/SSC"
   &DENSTYPE [&Type "Integer"] 3 "Type of density (electron/spin ...). 0->Unknow, 1->Electronic, 2->Spin, 3->Trans/Electronic, 4->Tran/Spin"
   &DERITYPE [&Type "Integer"] 0 "Type of derivative (w.r.t. to what perturbation). 0->Unknown, 1->No Derivative, 2->Electric/Dipole, 3->Electric/Quad, 4->Magnetic/Dipole, 5->Magnetic/Quad"
   &DENSLEVEL [&Type "Integer"] 0 "// Source of density: relaxed, unrelaxed, ... 0->Unknown, 1->Linearized, 2->Unrelaxed, 3->Relaxed"
   &REPRESENTATION [&Type "String"] "Velocity" "Possible values: Unknown,  Length, Velocity"
   &POINTGROUP [&Type "String"] "C1"
   &NTRANS [&Type "Integer"] 1
   &DOHIGHERMOMENTS [&Type "Boolean"] false
   &STATES [&Type "ArrayOfIntegers", &Dim (1,4)] "The initial and Final states. Col1: Initial State  Col2: Initial Irrep Col3: Final State Col4: Final Irrep"
                                                         0                           1                           2                           3

0                                                        0                           0                           1                           0
   &MULTIPLICITIES [&Type "ArrayOfDoubles", &Dim (1,2)] "Col1: Multiplicity of the initial state  Col2: Multiplicity of the final state"
                                                         0                           1

0                                      1.0000000000000000e+00         1.0000000000000000e+00
   &EXCITATIONENERGIES [&Type "ArrayOfDoubles", &Dim (1,11)] 
                                                         0                           1                           2                           3                           4                           5                           6                           7

0                                      2.7334004602609143e+00         2.2046363816005818e+04         4.5358953900324951e+02         7.3749655296827510e-01         1.1112298414003022e-01         3.0460047437398530e-01         0.0000000000000000e+00        -1.3527676206030279e-01
                                                         8                           9                          10

0                                      0.0000000000000000e+00        -6.4600926969802224e-03         0.0000000000000000e+00
$End
$CIS_ECD_Spectrum
   &GeometryIndex 6
   &ListStatus       IN
   &TEMPERATURE [&Type "Double"]       2.9814999999999998e+02
   &METHOD [&Type "Integer"] 20
   &RELCORRECTION [&Type "Integer"] 1 "Type of relativistic treatment in QDPT. 0->Unknow, 1->None, 2->SOC, 3->SSC, 4->SOC/SSC"
   &DENSTYPE [&Type "Integer"] 3 "Type of density (electron/spin ...). 0->Unknow, 1->Electronic, 2->Spin, 3->Trans/Electronic, 4->Tran/Spin"
   &DERITYPE [&Type "Integer"] 0 "Type of derivative (w.r.t. to what perturbation). 0->Unknown, 1->No Derivative, 2->Electric/Dipole, 3->Electric/Quad, 4->Magnetic/Dipole, 5->Magnetic/Quad"
   &DENSLEVEL [&Type "Integer"] 0 "// Source of density: relaxed, unrelaxed, ... 0->Unknown, 1->Linearized, 2->Unrelaxed, 3->Relaxed"
   &REPRESENTATION [&Type "String"] "Length" "Possible values: Unknown,  Length, Velocity"
   &POINTGROUP [&Type "String"] "C1"
   &NTRANS [&Type "Integer"] 1
   &DOHIGHERMOMENTS [&Type "Boolean"] false
   &STATES [&Type "ArrayOfIntegers", &Dim (1,4)] "The initial and Final states. Col1: Initial State  Col2: Initial Irrep Col3: Final State Col4: Final Irrep"
                                                         0                           1                           2                           3

0                                                        0                           0                           1                           0
   &MULTIPLICITIES [&Type "ArrayOfDoubles", &Dim (1,2)] "Col1: Multiplicity of the initial state  Col2: Multiplicity of the final state"
                                                         0                           1

0                                      1.0000000000000000e+00         1.0000000000000000e+00
   &EXCITATIONENERGIES [&Type "ArrayOfDoubles", &Dim (1,10)] 
                                                         0                           1                           2                           3                           4                           5                           6                           7

0                                      2.7334004602609143e+00         2.2046363816005818e+04         4.5358953900324951e+02        -3.4868024582431886e+01        -4.5077698431849340e-02         0.0000000000000000e+00        -6.9982299733157949e-02         0.0000000000000000e+00
                                                         8                           9

0                                      2.6505866143105689e-01         0.0000000000000000e+00
$End
$CIS_ECD_Spectrum
   &GeometryIndex 6
   &ListStatus       LAST
   &TEMPERATURE [&Type "Double"]       2.9814999999999998e+02
   &METHOD [&Type "Integer"] 20
   &RELCORRECTION [&Type "Integer"] 1 "Type of relativistic treatment in QDPT. 0->Unknow, 1->None, 2->SOC, 3->SSC, 4->SOC/SSC"
   &DENSTYPE [&Type "Integer"] 3 "Type of density (electron/spin ...). 0->Unknow, 1->Electronic, 2->Spin, 3->Trans/Electronic, 4->Tran/Spin"
   &DERITYPE [&Type "Integer"] 0 "Type of derivative (w.r.t. to what perturbation). 0->Unknown, 1->No Derivative, 2->Electric/Dipole, 3->Electric/Quad, 4->Magnetic/Dipole, 5->Magnetic/Quad"
   &DENSLEVEL [&Type "Integer"] 0 "// Source of density: relaxed, unrelaxed, ... 0->Unknown, 1->Linearized, 2->Unrelaxed, 3->Relaxed"
   &REPRESENTATION [&Type "String"] "Velocity" "Possible values: Unknown,  Length, Velocity"
   &POINTGROUP [&Type "String"] "C1"
   &NTRANS [&Type "Integer"] 1
   &DOHIGHERMOMENTS [&Type "Boolean"] false
   &STATES [&Type "ArrayOfIntegers", &Dim (1,4)] "The initial and Final states. Col1: Initial State  Col2: Initial Irrep Col3: Final State Col4: Final Irrep"
                                                         0                           1                           2                           3

0                                                        0                           0                           1                           0
   &MULTIPLICITIES [&Type "ArrayOfDoubles", &Dim (1,2)] "Col1: Multiplicity of the initial state  Col2: Multiplicity of the final state"
                                                         0                           1

0                                      1.0000000000000000e+00         1.0000000000000000e+00
   &EXCITATIONENERGIES [&Type "ArrayOfDoubles", &Dim (1,10)] 
                                                         0                           1                           2                           3                           4                           5                           6                           7

0                                      2.7334004602609143e+00         2.2046363816005818e+04         4.5358953900324951e+02        -2.8047559759780583e+01        -4.5077698431849340e-02         0.0000000000000000e+00        -6.9982299733157949e-02         0.0000000000000000e+00
                                                         8                           9

0                                      2.6505866143105689e-01         0.0000000000000000e+00
$End
$CIS_Nuc_Gradient
   &GeometryIndex 6
   &ListStatus       LAST
   &NATOMS [&Type "Integer"] 42
   &ROOT [&Type "Integer"] 1
   &GRADNORM [&Type "Double"]       2.2177085128374194e-04
   &GRAD [&Type "ArrayOfDoubles", &Dim (126,1)] 
                                                         0

0                                     -1.8329765709753504e-05
1                                      7.4323399931190730e-06
2                                      3.0380120328150137e-05
3                                     -4.9068624866745896e-05
4                                     -3.3214308468687413e-05
5                                     -1.2134235580817945e-05
6                                     -1.7120733791849195e-05
7                                     -2.3446457696053359e-05
8                                     -2.5431198439753393e-05
9                                      2.3719464905714032e-05
10                                     1.3910035970720071e-05
11                                     8.2322742180959284e-06
12                                     3.2740155473189080e-06
13                                    -1.6031284623518448e-06
14                                    -1.2778507422891213e-05
15                                     1.4069987822097548e-05
16                                     1.8122881811896046e-05
17                                     5.3822236695308509e-06
18                                     6.2052937518704699e-06
19                                     4.4804407174739739e-06
20                                    -9.8106090595415595e-06
21                                     6.8566088729315826e-06
22                                     6.8751167348860714e-06
23                                     8.5866262378866227e-06
24                                    -3.2543826215154889e-05
25                                     2.1090185797519435e-06
26                                     2.0513132209048727e-05
27                                     1.4026823324887749e-05
28                                     1.0116117645844139e-05
29                                    -1.1151582616385382e-05
30                                     1.4121028337821045e-05
31                                    -1.8810952762578889e-05
32                                     2.6443579886920726e-06
33                                    -6.1896539991019217e-06
34                                    -1.0266808538509135e-05
35                                    -5.4824326188671751e-08
36                                     2.1565236547273713e-05
37                                     1.0724811418224103e-05
38                                    -1.9402393169799792e-05
39                                    -3.1279659514581846e-05
40                                     4.6043109717296290e-05
41                                     3.7674116365305330e-05
42                                    -2.4697952499822814e-05
43                                    -1.1951825583677981e-05
44                                     7.6820039391029622e-06
45                                    -2.5015711278981436e-06
46                                     2.2805183553600036e-06
47                                    -1.4509050430013253e-08
48                                     3.3053370620536929e-05
49                                     1.1468767717963684e-05
50                                     2.4494843234706412e-06
51                                    -8.7873378693503385e-07
52                                    -7.2727701136246796e-06
53                                     6.8354875203365580e-06
54                                    -7.0289562341097316e-07
55                                    -3.8313380604299864e-05
56                                     2.4475009666439943e-06
57                                     4.4440409608299835e-06
58                                    -2.8974758726393857e-05
59                                    -7.4602035410389629e-06
60                                    -2.5712926731648669e-05
61                                    -1.7780265625520720e-05
62                                     1.4019824664243728e-05
63                                    -7.1896137505466707e-06
64                                    -7.5142730491412090e-06
65                                     1.7311957834233499e-05
66                                    -2.4513813847997255e-06
67                                    -1.8707620092958937e-05
68                                     4.0176861746432408e-07
69                                     3.7685749862474661e-05
70                                     2.7456726167816541e-05
71                                     2.6587171329287246e-05
72                                     3.6662567573557850e-05
73                                    -1.5915318622120576e-05
74                                    -1.3586062041828220e-06
75                                     2.3453647214291703e-06
76                                    -2.4803054607681440e-05
77                                    -2.2009331559192969e-05
78                                    -8.3963359180900838e-05
79                                    -2.7549599469073207e-05
80                                     2.3078289513265139e-05
81                                    -3.0052019015365362e-05
82                                     1.0245946245536822e-05
83                                    -1.7327096474946662e-05
84                                     3.2449415857544920e-05
85                                     6.6295687525484015e-06
86                                     2.6085050775415243e-05
87                                     3.6153173735601403e-05
88                                     5.0238029152619638e-05
89                                     1.5226791283454714e-05
90                                    -8.5669475576634086e-06
91                                     4.2291779949586380e-05
92                                     1.4093830959298497e-05
93                                     2.4802696198836195e-05
94                                    -6.6805492838136344e-06
95                                     2.3255244586173438e-05
96                                    -8.0524913205794868e-06
97                                    -9.6189433793710151e-06
98                                    -1.2109319578809002e-06
99                                     2.5879697600739138e-06
100                                   -4.4423344768934571e-06
101                                    1.0243008142689705e-06
102                                    9.4029969581457470e-06
103                                    1.5627602817182772e-05
104                                    9.3716958751889628e-06
105                                    2.8824827441784572e-06
106                                   -2.0728787433319201e-05
107                                   -8.5436126388648394e-07
108                                   -1.1804463030560885e-05
109                                   -1.9034718117268796e-06
110                                   -4.0113520737680881e-06
111                                   -1.7258504830531250e-06
112                                    5.7602183618798601e-06
113                                    1.1720165745356651e-05
114                                    2.9393675602793390e-06
115                                   -2.2184840211731695e-06
116                                    7.7166101992197239e-06
117                                   -1.2977142371011716e-05
118                                   -4.1650554915880617e-06
119                                    7.4683218263415672e-06
120                                    1.7895817036696007e-07
121                                    2.4418661192677766e-06
122                                   -3.2307336971781073e-06
123                                   -8.8657424918311246e-06
124                                   -1.1573410005022249e-05
125                                   -4.0735360536534515e-06
$End
$VdW_Correction
   &GeometryIndex 6
   &ListStatus       LAST
   &VDW [&Type "Double"]      -9.8173021609963482e-02
$End
$THERMOCHEMISTRY_Energies
   &GeometryIndex 6
   &ListStatus       OUT
   &TEMPERATURE [&Type "Double"]       2.9814999999999998e+02
   &PRESSURE [&Type "Double"]       1.0000000000000000e+00
   &TOTALMASS [&Type "Double"]       3.1837599999999998e+02
   &SPINDEGENERACY [&Type "Integer"] 1
   &ELENERGY [&Type "Double"]      -1.0326952804475045e+03
   &TRANSENERGY [&Type "Double"]       1.4162714244859817e-03
   &ROTENERGY [&Type "Double"]       1.4162714244859817e-03
   &VIBENERGY [&Type "Double"]       1.6091263640509699e-02
   &NUMOFFREQS [&Type "Integer"] 126
   &FREQSCALINGFACTOR [&Type "Double"]       1.0000000000000000e+00
   &FREQ [&Type "ArrayOfDoubles", &Dim (126,1)] "In cm^-1"
                                                         0

0                                      0.0000000000000000e+00
1                                      0.0000000000000000e+00
2                                      0.0000000000000000e+00
3                                      0.0000000000000000e+00
4                                      0.0000000000000000e+00
5                                      0.0000000000000000e+00
6                                      2.1947313760237765e+01
7                                      3.0674490630291640e+01
8                                      5.6837973425359934e+01
9                                      7.3521996315713722e+01
10                                     7.8789428129734958e+01
11                                     9.8655729236443364e+01
12                                     1.2067131912085898e+02
13                                     1.3824562034570465e+02
14                                     1.6058522538879683e+02
15                                     1.9330466793827236e+02
16                                     2.1551699762673519e+02
17                                     2.5147846261714901e+02
18                                     2.7258640654011867e+02
19                                     3.0515344304633209e+02
20                                     3.1801205835929704e+02
21                                     3.3874281561522071e+02
22                                     3.5342745336445722e+02
23                                     3.7882080707029871e+02
24                                     3.8191082241602658e+02
25                                     4.0343037106159568e+02
26                                     4.1426405709983038e+02
27                                     4.3926889661309201e+02
28                                     4.5872889391949701e+02
29                                     4.7675580482643068e+02
30                                     5.1478420966039471e+02
31                                     5.2791390182983639e+02
32                                     5.3055897716321522e+02
33                                     5.5184636603592241e+02
34                                     5.9180263072140224e+02
35                                     6.1408264829978134e+02
36                                     6.2265210223538270e+02
37                                     6.3676322936080044e+02
38                                     6.6178282022738108e+02
39                                     6.9116547328782951e+02
40                                     7.0295834690084905e+02
41                                     7.0700350152178862e+02
42                                     7.1951497467382524e+02
43                                     7.4336962703154222e+02
44                                     7.5598709844857467e+02
45                                     7.9184491275089852e+02
46                                     8.1341548581307381e+02
47                                     8.5483572410106967e+02
48                                     8.6015536119116598e+02
49                                     8.6942822977705521e+02
50                                     8.8224660216594214e+02
51                                     8.9008458838458728e+02
52                                     8.9756330991918617e+02
53                                     9.0766213320967938e+02
54                                     9.1133393248583639e+02
55                                     9.3425271695656761e+02
56                                     9.4681025903530337e+02
57                                     9.8906997383864029e+02
58                                     9.9202612842695362e+02
59                                     1.0209689066067008e+03
60                                     1.0305993648003810e+03
61                                     1.0413331011936284e+03
62                                     1.0525664334342559e+03
63                                     1.0595358679614437e+03
64                                     1.0867755306340002e+03
65                                     1.0950964663614259e+03
66                                     1.0982352615748805e+03
67                                     1.1122640058978322e+03
68                                     1.1424817709371255e+03
69                                     1.1581281714368390e+03
70                                     1.1792563551082847e+03
71                                     1.2021267594233248e+03
72                                     1.2058508284186655e+03
73                                     1.2112863186043817e+03
74                                     1.2226940365195424e+03
75                                     1.2276396774044333e+03
76                                     1.2320806472133806e+03
77                                     1.2725248670862456e+03
78                                     1.2849744987097044e+03
79                                     1.2959956275885970e+03
80                                     1.2984243751589777e+03
81                                     1.3143312759328874e+03
82                                     1.3235762404700024e+03
83                                     1.3399269961692964e+03
84                                     1.3422396233108846e+03
85                                     1.3543039570140606e+03
86                                     1.3671437203193143e+03
87                                     1.3719033365086052e+03
88                                     1.3796370120925910e+03
89                                     1.3829032904687811e+03
90                                     1.3839218739467542e+03
91                                     1.4007161309421504e+03
92                                     1.4242888896185248e+03
93                                     1.4439288054009537e+03
94                                     1.4501147282559341e+03
95                                     1.4611586222461974e+03
96                                     1.4691942485626435e+03
97                                     1.4754862470442717e+03
98                                     1.4829356453130954e+03
99                                     1.4838467953891961e+03
100                                    1.4957079127069424e+03
101                                    1.5123076315338571e+03
102                                    1.5162273346650563e+03
103                                    1.5351068796748327e+03
104                                    1.5605644710911722e+03
105                                    1.5852063188508519e+03
106                                    1.6041133089210446e+03
107                                    1.6483825081330863e+03
108                                    2.9517421141670602e+03
109                                    2.9560816912413566e+03
110                                    3.0055893857565366e+03
111                                    3.0057164149428272e+03
112                                    3.0362438975283658e+03
113                                    3.0368527569945509e+03
114                                    3.0776209465787679e+03
115                                    3.0870869054751938e+03
116                                    3.0907930127544123e+03
117                                    3.0955802485840613e+03
118                                    3.0961615720165169e+03
119                                    3.0995171173988879e+03
120                                    3.1692005031305089e+03
121                                    3.1812939262482723e+03
122                                    3.1907397901717895e+03
123                                    3.1942715481645096e+03
124                                    3.2377522662755764e+03
125                                    3.2576318448256065e+03
   &ZPE [&Type "Double"]       3.3831731307011370e-01
   &INNERENERGYU [&Type "Double"]      -1.0323380393279451e+03
   &ENTHALPYH [&Type "Double"]      -1.0323370951189029e+03
   &QEL [&Type "Double"]       0.0000000000000000e+00
   &QROT [&Type "Double"]       1.6626825836062179e-02
   &QVIB [&Type "Double"]       2.7842139021151208e-02
   &QTRANS [&Type "Double"]       2.0511373495954850e-02
   &ENTROPYS [&Type "Double"]       6.4980338353168243e-02
   &FREEENERGYG [&Type "Double"]      -1.0324020754572562e+03
   &ISLINEAR [&Type "Boolean"] false
$End
