*************************************************
******************* ORCA 6.0.1 ******************
*************************************************
$Calculation_Status
   &GeometryIndex 98
   &ListStatus       OUT
   &VERSION [&Type "String"] "6.0.1"
   &PROGNAME [&Type "String"] "ProgCIS"
   &STATUS [&Type "String"] "NORMAL TERMINATION"
$End
$Geometry
   &GeometryIndex 1
   &ListStatus       OUT
   &NATOMS [&Type "Integer"] 34
   &NCORELESSECP [&Type "Integer"] 0
   &NGHOSTATOMS [&Type "Integer"] 0
   &CartesianCoordinates [&Type "Coordinates", &Dim(34,4), &Units "Bohr"] 
              C     -3.697731831204   -3.506843359726   -1.625599634109
              C     -2.847148870644   -5.253914565852   -3.415909133983
              C     -0.327827367660   -5.316596929581   -4.040541670180
              C     -2.042502373481   -1.846778721104   -0.494386653649
              C      0.574305250500   -1.838232413199   -1.074339220657
              O     -3.075624975474   -0.324616223553    1.384369926505
              C      1.402346141945   -3.646663416882   -2.898034188038
              C      4.017619899577   -3.796164842033   -3.578296229204
              C      5.762057979084   -2.257937196468   -2.519753392687
              C      2.454871477190   -0.167753582874    0.045082082329
              C      5.028654533384   -0.415356977358   -0.689878344035
              N      1.743822392210    1.593937104608    1.754115572264
              C      3.474605036617    3.085353411065    2.761750955782
              C      6.051541291807    2.967480188342    2.166782669911
              C      6.818235096090    1.203630214973    0.424247135316
              C     -3.671185773861    2.120344191822    0.767687007537
              O     -3.501860489591    2.926708824349   -1.389362195809
              N     -4.485787188894    3.433418600491    2.789514797424
              C     -4.749354906804    2.369524439587    5.318597283238
              C     -5.467266064179    5.982150958422    2.445193887540
              H     -7.502415459381    6.024821098964    2.800850494850
              H     -5.103034136189    6.607553265947    0.527804204024
              H     -4.543988306494    7.264055788721    3.771307475580
              H     -3.568166235795    0.710440438660    5.532105144906
              H     -6.715387938382    1.859714804291    5.702929616906
              H     -4.163646296338    3.788440618281    6.693966111725
              H      0.371392809781   -6.660978208883   -5.415385033823
              H     -5.669500693290   -3.430737783202   -1.089967354613
              H     -4.172897896318   -6.542585039129   -4.289982163078
              H      4.566344222678   -5.193295564130   -4.969483571844
              H      7.737868351256   -2.389647396306   -3.038675746638
              H      2.803611395830    4.468115676522    4.120562399375
              H      7.376684967813    4.242546762506    3.059330855946
              H      8.786174131204    1.034836959929   -0.115192354975
$End
$SCF_Energy
   &GeometryIndex 1
   &ListStatus       OUT
   &SCF_ENERGY [&Type "Double"]      -8.7844052784489656e+02
$End
$DFT_Energy
   &GeometryIndex 1
   &ListStatus       OUT
   &NALPHAEL [&Type "Integer"] 70
   &NBETAEL [&Type "Integer"] 70
   &NTOTALEL [&Type "Integer"] 140
   &EEXCHANGE [&Type "Double"]      -9.3625722051463882e+01
   &ECORR [&Type "Double"]      -6.1571291512570721e+00
   &ECNL [&Type "Double"]       0.0000000000000000e+00
   &EXC [&Type "Double"]      -9.9782851202720948e+01
   &EEMBED [&Type "Double"]       0.0000000000000000e+00
   &FINALEN [&Type "Double"]      -8.7844052784489656e+02  "No Van der Waals correction"
$End
$Solvation_Details
   &GeometryIndex 1
   &ListStatus       OUT
   &SOLVENT [&Type "String"] "WATER"
   &EPSILON [&Type "Double"]       8.0150999999999996e+01
   &REFRAC [&Type "Double"]       1.3328000000000000e+00
   &RSOLV [&Type "Double"]       1.3000000000000000e+00
   &SURFACETYPE [&Type "String"] "GAUSSIAN VDW"
   &NPOINTS [&Type "Integer"] 2999
   &SURFACEAREA [&Type "Double"]       1.0804645120079999e+03
   &CPCMDIELENERGY [&Type "Double"]      -2.4182049000000001e-02
$End
$Mulliken_Population_Analysis
   &GeometryIndex 1
   &ListStatus       OUT
   &NATOMS [&Type "Integer"] 34
   &ATNO [&Type "ArrayOfIntegers", &Dim (34,1)] 
                                                         0

0                                                        6
1                                                        6
2                                                        6
3                                                        6
4                                                        6
5                                                        8
6                                                        6
7                                                        6
8                                                        6
9                                                        6
10                                                       6
11                                                       7
12                                                       6
13                                                       6
14                                                       6
15                                                       6
16                                                       8
17                                                       7
18                                                       6
19                                                       6
20                                                       1
21                                                       1
22                                                       1
23                                                       1
24                                                       1
25                                                       1
26                                                       1
27                                                       1
28                                                       1
29                                                       1
30                                                       1
31                                                       1
32                                                       1
33                                                       1
   &ATOMICCHARGES [&Type "ArrayOfDoubles", &Dim (34,1)] 
                                                         0

0                                     -1.5722312752599610e-01
1                                     -1.1353801856388390e-01
2                                     -1.8645079622186245e-01
3                                      1.3043828537181934e-01
4                                      1.7287218667037063e-01
5                                     -4.7274640237528764e-01
6                                      2.3588854637193624e-01
7                                     -2.4422798608235041e-01
8                                     -2.6004402635159529e-01
9                                      1.4883543169142754e-01
10                                     3.4373447888842001e-01
11                                    -5.2112825034393584e-01
12                                     6.5937287060458871e-02
13                                    -4.4884202249853900e-02
14                                    -2.0824340996587321e-01
15                                     7.4486186299710866e-01
16                                    -6.4199202325014149e-01
17                                    -2.3017181045364321e-01
18                                    -2.6600260658435193e-01
19                                    -2.4808970072494940e-01
20                                     1.3334787189234054e-01
21                                     1.4417923203794847e-01
22                                     1.3764441493015389e-01
23                                     1.5075647199048681e-01
24                                     1.3656868803392586e-01
25                                     1.3817678129923361e-01
26                                     1.1105714145354484e-01
27                                     1.1259901206536926e-01
28                                     1.1238108133273483e-01
29                                     1.0786064641551385e-01
30                                     1.0457730145541166e-01
31                                     1.1791904435031619e-01
32                                     1.2181350148759396e-01
33                                     1.2329309289818269e-01
$End
$Loewdin_Population_Analysis
   &GeometryIndex 1
   &ListStatus       OUT
   &NATOMS [&Type "Integer"] 34
   &ATNO [&Type "ArrayOfIntegers", &Dim (34,1)] 
                                                         0

0                                                        6
1                                                        6
2                                                        6
3                                                        6
4                                                        6
5                                                        8
6                                                        6
7                                                        6
8                                                        6
9                                                        6
10                                                       6
11                                                       7
12                                                       6
13                                                       6
14                                                       6
15                                                       6
16                                                       8
17                                                       7
18                                                       6
19                                                       6
20                                                       1
21                                                       1
22                                                       1
23                                                       1
24                                                       1
25                                                       1
26                                                       1
27                                                       1
28                                                       1
29                                                       1
30                                                       1
31                                                       1
32                                                       1
33                                                       1
   &ATOMICCHARGES [&Type "ArrayOfDoubles", &Dim (34,1)] 
                                                         0

0                                     -9.9148026804455114e-02
1                                     -1.2094855588450937e-01
2                                     -9.5861593180209148e-02
3                                     -1.2189724097310961e-01
4                                     -2.7673149970776301e-02
5                                      1.7659821174139267e-01
6                                     -8.1007210979227473e-02
7                                     -8.9831380213409417e-02
8                                     -9.3141446222147373e-02
9                                     -8.9143325529082773e-02
10                                    -8.9792772377050412e-02
11                                     6.5989364460646627e-02
12                                    -1.5751133705997589e-01
13                                    -1.2849396056583906e-01
14                                    -6.4073988218032341e-02
15                                    -3.5813237602679493e-01
16                                    -1.0296467579443735e-01
17                                     7.5352214629726966e-02
18                                    -2.2366972661803342e-01
19                                    -2.1945186715919363e-01
20                                     1.1212476079449718e-01
21                                     1.1803667480256796e-01
22                                     1.1353801391200202e-01
23                                     1.1684524046402756e-01
24                                     1.1116685612216792e-01
25                                     1.1545183411089288e-01
26                                     1.4571779754008352e-01
27                                     1.4735250082292994e-01
28                                     1.4361443050830180e-01
29                                     1.4728466564070608e-01
30                                     1.4672445616000929e-01
31                                     1.3333587642821165e-01
32                                     1.4425179604975191e-01
33                                     1.4935793938901265e-01
$End
$Mayer_Population_Analysis
   &GeometryIndex 1
   &ListStatus       OUT
   &NATOMS [&Type "Integer"] 34 "Total number of atoms"
   &BONDTHRESH [&Type "Double"]       1.0000000000000001e-01  "The threshold for printing"
   &NBONDORDERSPRINT [&Type "Integer"] 36 "The number of bond orders larger than threshold"
   &BONDORDERS [&Type "ArrayOfDoubles", &Dim (36,1)] "The bond orders"
                                                         0

0                                      1.2606086085327302e+00
1                                      1.4930728318916886e+00
2                                      1.0022852951881271e+00
3                                      1.4068395281112869e+00
4                                      1.0004627348203381e+00
5                                      1.2616503784250215e+00
6                                      1.0020732108584314e+00
7                                      1.2174820582282453e+00
8                                      9.0661471661714943e-01
9                                      1.3163917898811688e+00
10                                     9.9878830856550516e-01
11                                     9.9946666778843241e-01
12                                     1.1174783633262579e+00
13                                     1.5184811120784893e+00
14                                     1.0119976327482283e+00
15                                     1.1047568062405269e+00
16                                     1.0215578600560384e+00
17                                     1.3172046138953006e+00
18                                     1.3681868424387267e+00
19                                     1.2818521007449331e+00
20                                     1.5601040056145856e+00
21                                     1.3124271426959178e+00
22                                     9.7534962046211116e-01
23                                     1.4744618101062394e+00
24                                     9.6686179297551211e-01
25                                     9.7123905091127882e-01
26                                     1.7724935622283720e+00
27                                     1.3250637393955558e+00
28                                     9.4651027725016690e-01
29                                     9.4045314574624916e-01
30                                     9.6147643160850482e-01
31                                     9.6108282805500189e-01
32                                     9.6392635855059283e-01
33                                     9.6035814160098232e-01
34                                     9.6299462948921122e-01
35                                     9.6385556800105410e-01
   &COMPONENTS [&Type "ArrayOfIntegers", &Dim (36,4)] "The indices and atomic numbers of the bonding atoms"
                                                         0                           1                           2                           3

0                                                        0                           6                           1                           6
1                                                        0                           6                           3                           6
2                                                        0                           6                          27                           1
3                                                        1                           6                           2                           6
4                                                        1                           6                          28                           1
5                                                        2                           6                           6                           6
6                                                        2                           6                          26                           1
7                                                        3                           6                           4                           6
8                                                        3                           6                           5                           8
9                                                        4                           6                           6                           6
10                                                       4                           6                           9                           6
11                                                       5                           8                          15                           6
12                                                       6                           6                           7                           6
13                                                       7                           6                           8                           6
14                                                       7                           6                          29                           1
15                                                       8                           6                          10                           6
16                                                       8                           6                          30                           1
17                                                       9                           6                          10                           6
18                                                       9                           6                          11                           7
19                                                      10                           6                          14                           6
20                                                      11                           7                          12                           6
21                                                      12                           6                          13                           6
22                                                      12                           6                          31                           1
23                                                      13                           6                          14                           6
24                                                      13                           6                          32                           1
25                                                      14                           6                          33                           1
26                                                      15                           6                          16                           8
27                                                      15                           6                          17                           7
28                                                      17                           7                          18                           6
29                                                      17                           7                          19                           6
30                                                      18                           6                          23                           1
31                                                      18                           6                          24                           1
32                                                      18                           6                          25                           1
33                                                      19                           6                          20                           1
34                                                      19                           6                          21                           1
35                                                      19                           6                          22                           1
   &ATNO [&Type "ArrayOfIntegers", &Dim (34,1)] "Atomic number of the elements"
                                                         0

0                                                        6
1                                                        6
2                                                        6
3                                                        6
4                                                        6
5                                                        8
6                                                        6
7                                                        6
8                                                        6
9                                                        6
10                                                       6
11                                                       7
12                                                       6
13                                                       6
14                                                       6
15                                                       6
16                                                       8
17                                                       7
18                                                       6
19                                                       6
20                                                       1
21                                                       1
22                                                       1
23                                                       1
24                                                       1
25                                                       1
26                                                       1
27                                                       1
28                                                       1
29                                                       1
30                                                       1
31                                                       1
32                                                       1
33                                                       1
   &NA [&Type "ArrayOfDoubles", &Dim (34,1)] "Mulliken gross atomic population"
                                                         0

0                                      6.1572231275259774e+00
1                                      6.1135380185638626e+00
2                                      6.1864507962218642e+00
3                                      5.8695617146281887e+00
4                                      5.8271278133295930e+00
5                                      8.4727464023752415e+00
6                                      5.7641114536280575e+00
7                                      6.2442279860823549e+00
8                                      6.2600440263515580e+00
9                                      5.8511645683085414e+00
10                                     5.6562655211115755e+00
11                                     7.5211282503439412e+00
12                                     5.9340627129395562e+00
13                                     6.0448842022498734e+00
14                                     6.2082434099658830e+00
15                                     5.2551381370028611e+00
16                                     8.6419920232501415e+00
17                                     7.2301718104536628e+00
18                                     6.2660026065843439e+00
19                                     6.2480897007249485e+00
20                                     8.6665212810765813e-01
21                                     8.5582076796204898e-01
22                                     8.6235558506984589e-01
23                                     8.4924352800951319e-01
24                                     8.6343131196607281e-01
25                                     8.6182321870076717e-01
26                                     8.8894285854645638e-01
27                                     8.8740098793462907e-01
28                                     8.8761891866726439e-01
29                                     8.9213935358448360e-01
30                                     8.9542269854458867e-01
31                                     8.8208095564968181e-01
32                                     8.7818649851240715e-01
33                                     8.7670690710181498e-01
   &ZA [&Type "ArrayOfDoubles", &Dim (34,1)] "Total nuclear charge"
                                                         0

0                                      6.0000000000000000e+00
1                                      6.0000000000000000e+00
2                                      6.0000000000000000e+00
3                                      6.0000000000000000e+00
4                                      6.0000000000000000e+00
5                                      8.0000000000000000e+00
6                                      6.0000000000000000e+00
7                                      6.0000000000000000e+00
8                                      6.0000000000000000e+00
9                                      6.0000000000000000e+00
10                                     6.0000000000000000e+00
11                                     7.0000000000000000e+00
12                                     6.0000000000000000e+00
13                                     6.0000000000000000e+00
14                                     6.0000000000000000e+00
15                                     6.0000000000000000e+00
16                                     8.0000000000000000e+00
17                                     7.0000000000000000e+00
18                                     6.0000000000000000e+00
19                                     6.0000000000000000e+00
20                                     1.0000000000000000e+00
21                                     1.0000000000000000e+00
22                                     1.0000000000000000e+00
23                                     1.0000000000000000e+00
24                                     1.0000000000000000e+00
25                                     1.0000000000000000e+00
26                                     1.0000000000000000e+00
27                                     1.0000000000000000e+00
28                                     1.0000000000000000e+00
29                                     1.0000000000000000e+00
30                                     1.0000000000000000e+00
31                                     1.0000000000000000e+00
32                                     1.0000000000000000e+00
33                                     1.0000000000000000e+00
   &QA [&Type "ArrayOfDoubles", &Dim (34,1)] "Mulliken gross atomic charge"
                                                         0

0                                     -1.5722312752597745e-01
1                                     -1.1353801856386259e-01
2                                     -1.8645079622186422e-01
3                                      1.3043828537181135e-01
4                                      1.7287218667040705e-01
5                                     -4.7274640237524146e-01
6                                      2.3588854637194245e-01
7                                     -2.4422798608235485e-01
8                                     -2.6004402635155799e-01
9                                      1.4883543169145863e-01
10                                     3.4373447888842446e-01
11                                    -5.2112825034394117e-01
12                                     6.5937287060443772e-02
13                                    -4.4884202249873439e-02
14                                    -2.0824340996588298e-01
15                                     7.4486186299713886e-01
16                                    -6.4199202325014149e-01
17                                    -2.3017181045366275e-01
18                                    -2.6600260658434394e-01
19                                    -2.4808970072494851e-01
20                                     1.3334787189234187e-01
21                                     1.4417923203795102e-01
22                                     1.3764441493015411e-01
23                                     1.5075647199048681e-01
24                                     1.3656868803392719e-01
25                                     1.3817678129923283e-01
26                                     1.1105714145354362e-01
27                                     1.1259901206537093e-01
28                                     1.1238108133273561e-01
29                                     1.0786064641551640e-01
30                                     1.0457730145541133e-01
31                                     1.1791904435031819e-01
32                                     1.2181350148759285e-01
33                                     1.2329309289818502e-01
   &VA [&Type "ArrayOfDoubles", &Dim (34,1)] "Mayer's total valence"
                                                         0

0                                      3.9482007699076007e+00
1                                      3.8370002187737158e+00
2                                      3.7717867055676191e+00
3                                      3.8076689902098169e+00
4                                      3.5516844234258933e+00
5                                      2.0382422652919927e+00
6                                      3.7971929780165925e+00
7                                      3.7604795194941167e+00
8                                      3.7648448476186833e+00
9                                      3.7756414622516119e+00
10                                     3.7429935040055331e+00
11                                     2.9702377655019032e+00
12                                     4.0289824660580278e+00
13                                     3.8342631311188424e+00
14                                     3.9553170456396414e+00
15                                     4.1630185940054734e+00
16                                     1.9478937135175516e+00
17                                     3.2233101601741887e+00
18                                     3.8542483314267075e+00
19                                     3.8335647729186557e+00
20                                     9.4907289121002503e-01
21                                     9.8522015111254013e-01
22                                     9.5168503051890918e-01
23                                     9.7068569727749965e-01
24                                     9.4877364537342845e-01
25                                     9.5105424717133158e-01
26                                     9.7271416295589908e-01
27                                     9.7765814059794576e-01
28                                     9.6492246450262009e-01
29                                     9.7672948897424583e-01
30                                     9.7765437399763577e-01
31                                     9.6644396449218595e-01
32                                     9.6616659381994219e-01
33                                     9.7143943220437778e-01
   &BVA [&Type "ArrayOfDoubles", &Dim (34,1)] "Mayer's bonded valence"
                                                         0

0                                      3.9482007699074111e+00
1                                      3.8370002187736287e+00
2                                      3.7717867055674703e+00
3                                      3.8076689902093159e+00
4                                      3.5516844234256890e+00
5                                      2.0382422652920584e+00
6                                      3.7971929780167986e+00
7                                      3.7604795194942184e+00
8                                      3.7648448476189293e+00
9                                      3.7756414622513792e+00
10                                     3.7429935040053084e+00
11                                     2.9702377655019525e+00
12                                     4.0289824660580678e+00
13                                     3.8342631311188198e+00
14                                     3.9553170456397182e+00
15                                     4.1630185940055719e+00
16                                     1.9478937135175225e+00
17                                     3.2233101601740373e+00
18                                     3.8542483314267399e+00
19                                     3.8335647729186468e+00
20                                     9.4907289121002769e-01
21                                     9.8522015111255667e-01
22                                     9.5168503051890396e-01
23                                     9.7068569727751575e-01
24                                     9.4877364537341446e-01
25                                     9.5105424717133213e-01
26                                     9.7271416295586499e-01
27                                     9.7765814059791223e-01
28                                     9.6492246450258712e-01
29                                     9.7672948897424516e-01
30                                     9.7765437399768873e-01
31                                     9.6644396449220515e-01
32                                     9.6616659381992565e-01
33                                     9.7143943220442164e-01
   &FA [&Type "ArrayOfDoubles", &Dim (34,1)] "Mayer's free valence"
                                                         0

0                                      0.0000000000000000e+00
1                                      0.0000000000000000e+00
2                                      0.0000000000000000e+00
3                                      0.0000000000000000e+00
4                                      0.0000000000000000e+00
5                                      0.0000000000000000e+00
6                                      0.0000000000000000e+00
7                                      0.0000000000000000e+00
8                                      0.0000000000000000e+00
9                                      0.0000000000000000e+00
10                                     0.0000000000000000e+00
11                                     0.0000000000000000e+00
12                                     0.0000000000000000e+00
13                                     0.0000000000000000e+00
14                                     0.0000000000000000e+00
15                                     0.0000000000000000e+00
16                                     0.0000000000000000e+00
17                                     0.0000000000000000e+00
18                                     0.0000000000000000e+00
19                                     0.0000000000000000e+00
20                                     0.0000000000000000e+00
21                                     0.0000000000000000e+00
22                                     0.0000000000000000e+00
23                                     0.0000000000000000e+00
24                                     0.0000000000000000e+00
25                                     0.0000000000000000e+00
26                                     0.0000000000000000e+00
27                                     0.0000000000000000e+00
28                                     0.0000000000000000e+00
29                                     0.0000000000000000e+00
30                                     0.0000000000000000e+00
31                                     0.0000000000000000e+00
32                                     0.0000000000000000e+00
33                                     0.0000000000000000e+00
$End
$CIS_Absorption_Spectrum
   &GeometryIndex 1
   &ListStatus       FIRST
   &TEMPERATURE [&Type "Double"]       2.9814999999999998e+02
   &METHOD [&Type "Integer"] 20
   &RELCORRECTION [&Type "Integer"] 1 "Type of relativistic treatment in QDPT. 0->Unknow, 1->None, 2->SOC, 3->SSC, 4->SOC/SSC"
   &DENSTYPE [&Type "Integer"] 3 "Type of density (electron/spin ...). 0->Unknow, 1->Electronic, 2->Spin, 3->Trans/Electronic, 4->Tran/Spin"
   &DERITYPE [&Type "Integer"] 0 "Type of derivative (w.r.t. to what perturbation). 0->Unknown, 1->No Derivative, 2->Electric/Dipole, 3->Electric/Quad, 4->Magnetic/Dipole, 5->Magnetic/Quad"
   &DENSLEVEL [&Type "Integer"] 0 "// Source of density: relaxed, unrelaxed, ... 0->Unknown, 1->Linearized, 2->Unrelaxed, 3->Relaxed"
   &REPRESENTATION [&Type "String"] "Length" "Possible values: Unknown,  Length, Velocity"
   &POINTGROUP [&Type "String"] "C1"
   &NTRANS [&Type "Integer"] 3
   &DOHIGHERMOMENTS [&Type "Boolean"] false
   &STATES [&Type "ArrayOfIntegers", &Dim (3,4)] "The initial and Final states. Col1: Initial State  Col2: Initial Irrep Col3: Final State Col4: Final Irrep"
                                                         0                           1                           2                           3

0                                                        0                           0                           1                           0
1                                                        0                           0                           2                           0
2                                                        0                           0                           3                           0
   &MULTIPLICITIES [&Type "ArrayOfDoubles", &Dim (3,2)] "Col1: Multiplicity of the initial state  Col2: Multiplicity of the final state"
                                                         0                           1

0                                      1.0000000000000000e+00         1.0000000000000000e+00
1                                      1.0000000000000000e+00         1.0000000000000000e+00
2                                      1.0000000000000000e+00         1.0000000000000000e+00
   &EXCITATIONENERGIES [&Type "ArrayOfDoubles", &Dim (3,11)] 
                                                         0                           1                           2                           3                           4                           5                           6                           7

0                                      3.8894429897592948e+00         3.1370476606147127e+04         3.1877105743559133e+02         2.0922318363432740e-01         2.1956558873721757e+00        -1.2163783110142270e+00         0.0000000000000000e+00        -7.3353949703935384e-01
1                                      4.2185794223396735e+00         3.4025141242106343e+04         2.9390032296544683e+02         1.9232386262104495e-01         1.8608391020339066e+00        -6.2867110882438670e-01         0.0000000000000000e+00        -9.7062618703783954e-01
2                                      4.3266510767144899e+00         3.4896798009998085e+04         2.8655924240198067e+02         3.8570923626543695e-03         3.6387318007083377e-02         5.7515723983902006e-02         0.0000000000000000e+00        -5.4326778764681137e-02
                                                         8                           9                          10

0                                      0.0000000000000000e+00        -4.2189986744440200e-01         0.0000000000000000e+00
1                                      0.0000000000000000e+00        -7.2353061027147125e-01         0.0000000000000000e+00
2                                      0.0000000000000000e+00         1.7357379010306934e-01         0.0000000000000000e+00
$End
$CIS_Absorption_Spectrum
   &GeometryIndex 1
   &ListStatus       LAST
   &TEMPERATURE [&Type "Double"]       2.9814999999999998e+02
   &METHOD [&Type "Integer"] 20
   &RELCORRECTION [&Type "Integer"] 1 "Type of relativistic treatment in QDPT. 0->Unknow, 1->None, 2->SOC, 3->SSC, 4->SOC/SSC"
   &DENSTYPE [&Type "Integer"] 3 "Type of density (electron/spin ...). 0->Unknow, 1->Electronic, 2->Spin, 3->Trans/Electronic, 4->Tran/Spin"
   &DERITYPE [&Type "Integer"] 0 "Type of derivative (w.r.t. to what perturbation). 0->Unknown, 1->No Derivative, 2->Electric/Dipole, 3->Electric/Quad, 4->Magnetic/Dipole, 5->Magnetic/Quad"
   &DENSLEVEL [&Type "Integer"] 0 "// Source of density: relaxed, unrelaxed, ... 0->Unknown, 1->Linearized, 2->Unrelaxed, 3->Relaxed"
   &REPRESENTATION [&Type "String"] "Velocity" "Possible values: Unknown,  Length, Velocity"
   &POINTGROUP [&Type "String"] "C1"
   &NTRANS [&Type "Integer"] 3
   &DOHIGHERMOMENTS [&Type "Boolean"] false
   &STATES [&Type "ArrayOfIntegers", &Dim (3,4)] "The initial and Final states. Col1: Initial State  Col2: Initial Irrep Col3: Final State Col4: Final Irrep"
                                                         0                           1                           2                           3

0                                                        0                           0                           1                           0
1                                                        0                           0                           2                           0
2                                                        0                           0                           3                           0
   &MULTIPLICITIES [&Type "ArrayOfDoubles", &Dim (3,2)] "Col1: Multiplicity of the initial state  Col2: Multiplicity of the final state"
                                                         0                           1

0                                      1.0000000000000000e+00         1.0000000000000000e+00
1                                      1.0000000000000000e+00         1.0000000000000000e+00
2                                      1.0000000000000000e+00         1.0000000000000000e+00
   &EXCITATIONENERGIES [&Type "ArrayOfDoubles", &Dim (3,11)] 
                                                         0                           1                           2                           3                           4                           5                           6                           7

0                                      3.8894429897592948e+00         3.1370476606147127e+04         3.1877105743559133e+02         7.4354927275916138e-02         1.5941816319822288e-02         1.0346522577907727e-01         0.0000000000000000e+00         5.8729508941897525e-02
1                                      4.2185794223396735e+00         3.4025141242106343e+04         2.9390032296544683e+02         7.0904121056902719e-02         1.6488393569677771e-02         5.8709402144599208e-02         0.0000000000000000e+00         9.4915262301595721e-02
2                                      4.3266510767144899e+00         3.4896798009998085e+04         2.8655924240198067e+02         4.4873744621849320e-04         1.0702489797946219e-04        -3.1612120087097123e-03         0.0000000000000000e+00        -9.8079868910170530e-03
                                                         8                           9                          10

0                                      0.0000000000000000e+00         4.2280115346938589e-02         0.0000000000000000e+00
1                                      0.0000000000000000e+00         6.3503485350969377e-02         0.0000000000000000e+00
2                                      0.0000000000000000e+00        -9.1379962852330629e-04         0.0000000000000000e+00
$End
$CIS_ECD_Spectrum
   &GeometryIndex 1
   &ListStatus       FIRST
   &TEMPERATURE [&Type "Double"]       2.9814999999999998e+02
   &METHOD [&Type "Integer"] 20
   &RELCORRECTION [&Type "Integer"] 1 "Type of relativistic treatment in QDPT. 0->Unknow, 1->None, 2->SOC, 3->SSC, 4->SOC/SSC"
   &DENSTYPE [&Type "Integer"] 3 "Type of density (electron/spin ...). 0->Unknow, 1->Electronic, 2->Spin, 3->Trans/Electronic, 4->Tran/Spin"
   &DERITYPE [&Type "Integer"] 0 "Type of derivative (w.r.t. to what perturbation). 0->Unknown, 1->No Derivative, 2->Electric/Dipole, 3->Electric/Quad, 4->Magnetic/Dipole, 5->Magnetic/Quad"
   &DENSLEVEL [&Type "Integer"] 0 "// Source of density: relaxed, unrelaxed, ... 0->Unknown, 1->Linearized, 2->Unrelaxed, 3->Relaxed"
   &REPRESENTATION [&Type "String"] "Length" "Possible values: Unknown,  Length, Velocity"
   &POINTGROUP [&Type "String"] "C1"
   &NTRANS [&Type "Integer"] 3
   &DOHIGHERMOMENTS [&Type "Boolean"] false
   &STATES [&Type "ArrayOfIntegers", &Dim (3,4)] "The initial and Final states. Col1: Initial State  Col2: Initial Irrep Col3: Final State Col4: Final Irrep"
                                                         0                           1                           2                           3

0                                                        0                           0                           1                           0
1                                                        0                           0                           2                           0
2                                                        0                           0                           3                           0
   &MULTIPLICITIES [&Type "ArrayOfDoubles", &Dim (3,2)] "Col1: Multiplicity of the initial state  Col2: Multiplicity of the final state"
                                                         0                           1

0                                      1.0000000000000000e+00         1.0000000000000000e+00
1                                      1.0000000000000000e+00         1.0000000000000000e+00
2                                      1.0000000000000000e+00         1.0000000000000000e+00
   &EXCITATIONENERGIES [&Type "ArrayOfDoubles", &Dim (3,10)] 
                                                         0                           1                           2                           3                           4                           5                           6                           7

0                                      3.8894429897592948e+00         3.1370476606147127e+04         3.1877105743559133e+02        -2.7215293230668164e-01         4.5053000281374329e-02         0.0000000000000000e+00        -2.7716433666967577e-01         0.0000000000000000e+00
1                                      4.2185794223396735e+00         3.4025141242106343e+04         2.9390032296544683e+02        -2.0875301607088641e+01         2.5877865385665264e-02         0.0000000000000000e+00        -2.9374571394107074e-01         0.0000000000000000e+00
2                                      4.3266510767144899e+00         3.4896798009998085e+04         2.8655924240198067e+02         1.0770311160997778e+01        -1.1091005511178596e-01         0.0000000000000000e+00        -1.5783802243967027e-01         0.0000000000000000e+00
                                                         8                           9

0                                      3.5063350340295601e-01         0.0000000000000000e+00
1                                      3.1038043060402404e-01         0.0000000000000000e+00
2                                     -1.4426605649557545e-01         0.0000000000000000e+00
$End
$CIS_ECD_Spectrum
   &GeometryIndex 1
   &ListStatus       LAST
   &TEMPERATURE [&Type "Double"]       2.9814999999999998e+02
   &METHOD [&Type "Integer"] 20
   &RELCORRECTION [&Type "Integer"] 1 "Type of relativistic treatment in QDPT. 0->Unknow, 1->None, 2->SOC, 3->SSC, 4->SOC/SSC"
   &DENSTYPE [&Type "Integer"] 3 "Type of density (electron/spin ...). 0->Unknow, 1->Electronic, 2->Spin, 3->Trans/Electronic, 4->Tran/Spin"
   &DERITYPE [&Type "Integer"] 0 "Type of derivative (w.r.t. to what perturbation). 0->Unknown, 1->No Derivative, 2->Electric/Dipole, 3->Electric/Quad, 4->Magnetic/Dipole, 5->Magnetic/Quad"
   &DENSLEVEL [&Type "Integer"] 0 "// Source of density: relaxed, unrelaxed, ... 0->Unknown, 1->Linearized, 2->Unrelaxed, 3->Relaxed"
   &REPRESENTATION [&Type "String"] "Velocity" "Possible values: Unknown,  Length, Velocity"
   &POINTGROUP [&Type "String"] "C1"
   &NTRANS [&Type "Integer"] 3
   &DOHIGHERMOMENTS [&Type "Boolean"] false
   &STATES [&Type "ArrayOfIntegers", &Dim (3,4)] "The initial and Final states. Col1: Initial State  Col2: Initial Irrep Col3: Final State Col4: Final Irrep"
                                                         0                           1                           2                           3

0                                                        0                           0                           1                           0
1                                                        0                           0                           2                           0
2                                                        0                           0                           3                           0
   &MULTIPLICITIES [&Type "ArrayOfDoubles", &Dim (3,2)] "Col1: Multiplicity of the initial state  Col2: Multiplicity of the final state"
                                                         0                           1

0                                      1.0000000000000000e+00         1.0000000000000000e+00
1                                      1.0000000000000000e+00         1.0000000000000000e+00
2                                      1.0000000000000000e+00         1.0000000000000000e+00
   &EXCITATIONENERGIES [&Type "ArrayOfDoubles", &Dim (3,10)] 
                                                         0                           1                           2                           3                           4                           5                           6                           7

0                                      3.8894429897592948e+00         3.1370476606147127e+04         3.1877105743559133e+02         1.0582881753817299e+01         4.5053000281374329e-02         0.0000000000000000e+00        -2.7716433666967577e-01         0.0000000000000000e+00
1                                      4.2185794223396735e+00         3.4025141242106343e+04         2.9390032296544683e+02        -2.0227218069369076e+01         2.5877865385665264e-02         0.0000000000000000e+00        -2.9374571394107074e-01         0.0000000000000000e+00
2                                      4.3266510767144899e+00         3.4896798009998085e+04         2.8655924240198067e+02         6.0206152169057301e+00        -1.1091005511178596e-01         0.0000000000000000e+00        -1.5783802243967027e-01         0.0000000000000000e+00
                                                         8                           9

0                                      3.5063350340295601e-01         0.0000000000000000e+00
1                                      3.1038043060402404e-01         0.0000000000000000e+00
2                                     -1.4426605649557545e-01         0.0000000000000000e+00
$End
$Calculation_Info
   &GeometryIndex 1
   &ListStatus       OUT
   &MULT [&Type "Integer"] 1
   &CHARGE [&Type "Integer"] 0
   &NUMOFATOMS [&Type "Integer"] 34
   &NUMOFELECTRONS [&Type "Integer"] 140
   &NUMOFFCELECTRONS [&Type "Integer"] 1
   &NUMOFCORRELECTRONS [&Type "Integer"] 0
   &NUMOFBASISFUNCTS [&Type "Integer"] 564
   &NUMOFAUXCBASISFUNCTS [&Type "Integer"] 1730
   &NUMOFAUXJBASISFUNCTS [&Type "Integer"] 1134
   &NUMOFAUXJKBASISFUNCTS [&Type "Integer"] 0
   &NUMOFCABSBASISFUNCTS [&Type "Integer"] 0
   &TOTALENERGY [&Type "Double"]      -8.7829759343643286e+02  "Hartrees"
$End
$SCF_Dipole_Moment
   &GeometryIndex 1
   &ListStatus       OUT
   &METHOD [&Type "String"] "SCF"
   &LEVEL [&Type "String"] "Relaxed density"
   &MULT [&Type "Integer"] 1
   &STATE [&Type "Integer"] -1
   &IRREP [&Type "Integer"] 0
   &NATOMS [&Type "Integer"] 34
   &DODIPOLEATOM [&Type "Boolean"] false
   &DIPOLEELECCONTRIB [&Type "ArrayOfDoubles", &Dim (3,1)] "Electronic contribution"
                                                         0

0                                      5.7760776308723871e+00
1                                     -6.1664739651532221e+00
2                                     -5.4893455300354486e+00
   &DIPOLENUCCONTRIB [&Type "ArrayOfDoubles", &Dim (3,1)] "Nuclear contribution"
                                                         0

0                                     -4.9232812707734119e+00
1                                      5.8849605590340746e+00
2                                      6.6112598423761257e+00
   &DIPOLETOTAL [&Type "ArrayOfDoubles", &Dim (3,1)] "Total"
                                                         0

0                                      8.5279636009897519e-01
1                                     -2.8151340611914755e-01
2                                      1.1219143123406772e+00
   &DIPOLEMAGNITUDE [&Type "Double", &Units "a.u."]       1.4370814708490678e+00
$End
$Geometry
   &GeometryIndex 2
   &ListStatus       OUT
   &NATOMS [&Type "Integer"] 34
   &NCORELESSECP [&Type "Integer"] 0
   &NGHOSTATOMS [&Type "Integer"] 0
   &CartesianCoordinates [&Type "Coordinates", &Dim(34,4), &Units "Bohr"] 
              C     -3.711749544878   -3.960098591462   -1.422568052990
              C     -2.787601031546   -5.707602020134   -3.163590980457
              C     -0.301671200163   -5.492869673656   -3.967074770682
              C     -2.158729858719   -2.041870194114   -0.460690268279
              C      0.465356565950   -1.878250588677   -1.058092300740
              O     -3.386505044968   -0.418538435666    1.119154633325
              C      1.338677376035   -3.617355206797   -2.979964587429
              C      3.840889116203   -3.482080252380   -3.818349895001
              C      5.508570587206   -1.723363441206   -2.792875257867
              C      2.241682803894   -0.242623974495    0.169492924792
              C      4.793609475491   -0.123838076769   -0.793621560250
              N      1.520662262026    1.145499861772    2.207405133067
              C      3.204838799920    2.785784417503    3.198025017456
              C      5.649736375732    3.125178340601    2.307434646748
              C      6.495144230620    1.622132720050    0.309051568962
              C     -3.356761973543    2.167983516972    0.639965048543
              O     -2.748762267850    3.004663888151   -1.412263574244
              N     -4.288041753539    3.477739834694    2.603031711067
              C     -4.727583669670    2.418219038906    5.109814656022
              C     -4.458843953963    6.220801438127    2.405469400121
              H     -2.926310544652    7.122814604773    3.457484660628
              H     -6.256702590611    6.841356237894    3.198099495250
              H     -4.349190919464    6.781825759009    0.436866942139
              H     -3.161090959850    2.880088706031    6.375587989611
              H     -4.934530211164    0.383265526351    5.014388267988
              H     -6.456295661753    3.235844333832    5.876220251338
              H      0.444357740356   -6.789899084776   -5.362835805652
              H     -5.670893908491   -3.979075815838   -0.840373604340
              H     -4.009893334633   -7.158247532255   -3.920782218753
              H      4.474735992473   -4.767385930896   -5.277800059986
              H      7.419177787081   -1.597723343597   -3.517805296083
              H      2.554836472458    3.850695908252    4.825676688631
              H      6.882851143023    4.481482560251    3.213918533133
              H      8.411236582012    1.745036846479   -0.393281438043
$End
$SCF_Energy
   &GeometryIndex 2
   &ListStatus       OUT
   &SCF_ENERGY [&Type "Double"]      -8.7843202742960216e+02
$End
$DFT_Energy
   &GeometryIndex 2
   &ListStatus       OUT
   &NALPHAEL [&Type "Integer"] 70
   &NBETAEL [&Type "Integer"] 70
   &NTOTALEL [&Type "Integer"] 140
   &EEXCHANGE [&Type "Double"]      -9.3582946241729445e+01
   &ECORR [&Type "Double"]      -6.1549125775570488e+00
   &ECNL [&Type "Double"]       0.0000000000000000e+00
   &EXC [&Type "Double"]      -9.9737858819286487e+01
   &EEMBED [&Type "Double"]       0.0000000000000000e+00
   &FINALEN [&Type "Double"]      -8.7843202742960216e+02  "No Van der Waals correction"
$End
$Solvation_Details
   &GeometryIndex 2
   &ListStatus       OUT
   &SOLVENT [&Type "String"] "WATER"
   &EPSILON [&Type "Double"]       8.0150999999999996e+01
   &REFRAC [&Type "Double"]       1.3328000000000000e+00
   &RSOLV [&Type "Double"]       1.3000000000000000e+00
   &SURFACETYPE [&Type "String"] "GAUSSIAN VDW"
   &NPOINTS [&Type "Integer"] 2997
   &SURFACEAREA [&Type "Double"]       1.0732997994100001e+03
   &CPCMDIELENERGY [&Type "Double"]      -2.3305248000000001e-02
$End
$CIS_Absorption_Spectrum
   &GeometryIndex 2
   &ListStatus       OUT
   &TEMPERATURE [&Type "Double"]       2.9814999999999998e+02
   &METHOD [&Type "Integer"] 20
   &RELCORRECTION [&Type "Integer"] 1 "Type of relativistic treatment in QDPT. 0->Unknow, 1->None, 2->SOC, 3->SSC, 4->SOC/SSC"
   &DENSTYPE [&Type "Integer"] 3 "Type of density (electron/spin ...). 0->Unknow, 1->Electronic, 2->Spin, 3->Trans/Electronic, 4->Tran/Spin"
   &DERITYPE [&Type "Integer"] 0 "Type of derivative (w.r.t. to what perturbation). 0->Unknown, 1->No Derivative, 2->Electric/Dipole, 3->Electric/Quad, 4->Magnetic/Dipole, 5->Magnetic/Quad"
   &DENSLEVEL [&Type "Integer"] 0 "// Source of density: relaxed, unrelaxed, ... 0->Unknown, 1->Linearized, 2->Unrelaxed, 3->Relaxed"
   &REPRESENTATION [&Type "String"] "Length" "Possible values: Unknown,  Length, Velocity"
   &POINTGROUP [&Type "String"] "C1"
   &NTRANS [&Type "Integer"] 3
   &DOHIGHERMOMENTS [&Type "Boolean"] false
   &STATES [&Type "ArrayOfIntegers", &Dim (3,4)] "The initial and Final states. Col1: Initial State  Col2: Initial Irrep Col3: Final State Col4: Final Irrep"
                                                         0                           1                           2                           3

0                                                        0                           0                           1                           0
1                                                        0                           0                           2                           0
2                                                        0                           0                           3                           0
   &MULTIPLICITIES [&Type "ArrayOfDoubles", &Dim (3,2)] "Col1: Multiplicity of the initial state  Col2: Multiplicity of the final state"
                                                         0                           1

0                                      1.0000000000000000e+00         1.0000000000000000e+00
1                                      1.0000000000000000e+00         1.0000000000000000e+00
2                                      1.0000000000000000e+00         1.0000000000000000e+00
   &EXCITATIONENERGIES [&Type "ArrayOfDoubles", &Dim (3,11)] 
                                                         0                           1                           2                           3                           4                           5                           6                           7

0                                      3.4758652792764808e+00         2.8034747061920556e+04         3.5670020413998827e+02         2.8887823298360404e-01         3.3922961861460448e+00        -1.4543779845526454e+00         0.0000000000000000e+00        -1.0051875792379672e+00
1                                      3.8974537397614890e+00         3.1435087669017361e+04         3.1811586165404810e+02         2.0390271854677297e-01         2.1354230561123009e+00        -4.5332988350666786e-01         0.0000000000000000e+00        -1.1165903887984696e+00
2                                      4.2506200834453383e+00         3.4283566629059489e+04         2.9168493780701868e+02         3.9563830936392347e-02         3.7991630088603201e-01         2.5708222939236569e-01         0.0000000000000000e+00        -4.6781827459939196e-01
                                                         8                           9                          10

0                                      0.0000000000000000e+00        -5.1640952231765180e-01         0.0000000000000000e+00
1                                      0.0000000000000000e+00        -8.2652342766252807e-01         0.0000000000000000e+00
2                                      0.0000000000000000e+00        -3.0817379863890271e-01         0.0000000000000000e+00
$End
$Geometry
   &GeometryIndex 3
   &ListStatus       OUT
   &NATOMS [&Type "Integer"] 34
   &NCORELESSECP [&Type "Integer"] 0
   &NGHOSTATOMS [&Type "Integer"] 0
   &CartesianCoordinates [&Type "Coordinates", &Dim(34,4), &Units "Bohr"] 
              C     -3.697781148477   -3.506879288852   -1.626359293516
              C     -2.846962670541   -5.253893838285   -3.416616158906
              C     -0.327542058417   -5.316637361114   -4.040850669476
              C     -2.042692700044   -1.846859646187   -0.494875790454
              C      0.574177886890   -1.838265187264   -1.074547660885
              O     -3.075920236097   -0.324892496692    1.383969315263
              C      1.402490257872   -3.646751625786   -2.898059043558
              C      4.017897428020   -3.796396307736   -3.577779703819
              C      5.762196600868   -2.258233790416   -2.518909142865
              C      2.454556266502   -0.167686644813    0.045032433896
              C      5.028487993790   -0.415470817567   -0.689340120649
              N      1.743177287908    1.594323622523    1.753595886937
              C      3.473782898931    3.085830964014    2.761399446647
              C      6.050859182295    2.967720122191    2.167088893576
              C      6.817882877337    1.203581662137    0.424988766913
              C     -3.671602645107    2.120103631670    0.767494916134
              O     -3.503026753533    2.926397689500   -1.389648621723
              N     -4.485638101459    3.433182869621    2.789515500474
              C     -4.746495500695    2.370232319953    5.319256069169
              C     -5.466543936375    5.982193311640    2.445757199757
              H     -7.500809588409    6.025959356115    2.806229993464
              H     -5.106578854998    6.606048948486    0.527056968034
              H     -4.539582276198    7.264689750226    3.768776625749
              H     -3.567144291378    0.709665888140    5.531253653938
              H     -6.712599431847    1.863073108203    5.706696554454
              H     -4.156846521746    3.788675950340    6.693471762508
              H      0.371863992688   -6.661044755838   -5.415574193479
              H     -5.669612631743   -3.430820167787   -1.090950632604
              H     -4.172603399704   -6.542521730119   -4.290916733985
              H      4.566845611222   -5.193607392596   -4.968798065935
              H      7.738113976914   -2.390089261318   -3.037388047211
              H      2.802521661597    4.468869005900    4.119797740030
              H      7.375852598450    4.242853193796    3.059765169435
              H      8.785939165309    1.034633502506   -0.113974529065
$End
$SCF_Energy
   &GeometryIndex 3
   &ListStatus       OUT
   &SCF_ENERGY [&Type "Double"]      -8.7844052790086755e+02
$End
$DFT_Energy
   &GeometryIndex 3
   &ListStatus       OUT
   &NALPHAEL [&Type "Integer"] 70
   &NBETAEL [&Type "Integer"] 70
   &NTOTALEL [&Type "Integer"] 140
   &EEXCHANGE [&Type "Double"]      -9.3626228201531035e+01
   &ECORR [&Type "Double"]      -6.1571580742541991e+00
   &ECNL [&Type "Double"]       0.0000000000000000e+00
   &EXC [&Type "Double"]      -9.9783386275785233e+01
   &EEMBED [&Type "Double"]       0.0000000000000000e+00
   &FINALEN [&Type "Double"]      -8.7844052790086755e+02  "No Van der Waals correction"
$End
$Solvation_Details
   &GeometryIndex 3
   &ListStatus       OUT
   &SOLVENT [&Type "String"] "WATER"
   &EPSILON [&Type "Double"]       8.0150999999999996e+01
   &REFRAC [&Type "Double"]       1.3328000000000000e+00
   &RSOLV [&Type "Double"]       1.3000000000000000e+00
   &SURFACETYPE [&Type "String"] "GAUSSIAN VDW"
   &NPOINTS [&Type "Integer"] 2997
   &SURFACEAREA [&Type "Double"]       1.0804753623800000e+03
   &CPCMDIELENERGY [&Type "Double"]      -2.4171868999999999e-02
$End
$CIS_Absorption_Spectrum
   &GeometryIndex 3
   &ListStatus       OUT
   &TEMPERATURE [&Type "Double"]       2.9814999999999998e+02
   &METHOD [&Type "Integer"] 20
   &RELCORRECTION [&Type "Integer"] 1 "Type of relativistic treatment in QDPT. 0->Unknow, 1->None, 2->SOC, 3->SSC, 4->SOC/SSC"
   &DENSTYPE [&Type "Integer"] 3 "Type of density (electron/spin ...). 0->Unknow, 1->Electronic, 2->Spin, 3->Trans/Electronic, 4->Tran/Spin"
   &DERITYPE [&Type "Integer"] 0 "Type of derivative (w.r.t. to what perturbation). 0->Unknown, 1->No Derivative, 2->Electric/Dipole, 3->Electric/Quad, 4->Magnetic/Dipole, 5->Magnetic/Quad"
   &DENSLEVEL [&Type "Integer"] 0 "// Source of density: relaxed, unrelaxed, ... 0->Unknown, 1->Linearized, 2->Unrelaxed, 3->Relaxed"
   &REPRESENTATION [&Type "String"] "Length" "Possible values: Unknown,  Length, Velocity"
   &POINTGROUP [&Type "String"] "C1"
   &NTRANS [&Type "Integer"] 3
   &DOHIGHERMOMENTS [&Type "Boolean"] false
   &STATES [&Type "ArrayOfIntegers", &Dim (3,4)] "The initial and Final states. Col1: Initial State  Col2: Initial Irrep Col3: Final State Col4: Final Irrep"
                                                         0                           1                           2                           3

0                                                        0                           0                           1                           0
1                                                        0                           0                           2                           0
2                                                        0                           0                           3                           0
   &MULTIPLICITIES [&Type "ArrayOfDoubles", &Dim (3,2)] "Col1: Multiplicity of the initial state  Col2: Multiplicity of the final state"
                                                         0                           1

0                                      1.0000000000000000e+00         1.0000000000000000e+00
1                                      1.0000000000000000e+00         1.0000000000000000e+00
2                                      1.0000000000000000e+00         1.0000000000000000e+00
   &EXCITATIONENERGIES [&Type "ArrayOfDoubles", &Dim (3,11)] 
                                                         0                           1                           2                           3                           4                           5                           6                           7

0                                      3.8889030027882372e+00         3.1366121317051031e+04         3.1881531984523281e+02         2.0955333636546611e-01         2.1994259722477700e+00        -1.2171952132105346e+00         0.0000000000000000e+00        -7.3435134890955067e-01
1                                      4.2183745711813430e+00         3.4023489005915442e+04         2.9391459524510742e+02         1.9181079527720898e-01         1.8559650177362115e+00        -6.2736268403234208e-01         0.0000000000000000e+00        -9.6940287050891150e-01
2                                      4.3284962722905549e+00         3.4911680517546112e+04         2.8643708500294451e+02         3.8292455506557547e-03         3.6109215160475737e-02         5.6209365041491322e-02         0.0000000000000000e+00        -5.5316568528511190e-02
                                                         8                           9                          10

0                                      0.0000000000000000e+00        -4.2259896064691710e-01         0.0000000000000000e+00
1                                      0.0000000000000000e+00        -7.2293786390604142e-01         0.0000000000000000e+00
2                                      0.0000000000000000e+00         1.7288666717922072e-01         0.0000000000000000e+00
$End
$Geometry
   &GeometryIndex 4
   &ListStatus       OUT
   &NATOMS [&Type "Integer"] 34
   &NCORELESSECP [&Type "Integer"] 0
   &NGHOSTATOMS [&Type "Integer"] 0
   &CartesianCoordinates [&Type "Coordinates", &Dim(34,4), &Units "Bohr"] 
              C     -3.697751478981   -3.507772756183   -1.625285521217
              C     -2.846947786671   -5.254784559904   -3.415552091870
              C     -0.327681677004   -5.316919704430   -4.040457635115
              C     -2.042763386134   -1.847351091036   -0.494242888378
              C      0.574035972281   -1.838444884792   -1.074256634472
              O     -3.076196101199   -0.325094045299    1.384256049795
              C      1.402250485799   -3.646605391925   -2.898136473420
              C      4.017450039087   -3.795386009439   -3.578844367437
              C      5.761667859910   -2.256762818310   -2.520511645251
              C      2.454423163997   -0.167831400570    0.045256958815
              C      5.028132337816   -0.414652199554   -0.690217996045
              N      1.743293016517    1.593160391661    1.754973916196
              C      3.473900850420    3.084721056267    2.762689493130
              C      6.050732903073    2.967721058886    2.167099755979
              C      6.817519172796    1.204530162762    0.423936759075
              C     -3.670619555367    2.120164016023    0.767584972399
              O     -3.500421846248    2.926562270683   -1.389384181873
              N     -4.485324057464    3.433461240091    2.789210924860
              C     -4.749698639557    2.369943343377    5.318350306234
              C     -5.464888999059    5.982918951313    2.444860199839
              H     -7.499962073914    6.027112190453    2.800739183404
              H     -5.100384987350    6.607955297802    0.527405173448
              H     -4.540521780879    7.264207830353    3.770824900203
              H     -3.571303225111    0.708819450529    5.531337351523
              H     -6.716480996515    1.863494355173    5.703288595867
              H     -4.161113962663    3.787771670275    6.693642537236
              H      0.371678100255   -6.661128377955   -5.415398784385
              H     -5.669518489532   -3.431938865780   -1.089608673554
              H     -4.172508361814   -6.543755726305   -4.289467896096
              H      4.566298231597   -5.192258620731   -4.970241826453
              H      7.737412931976   -2.387880169390   -3.039833001564
              H      2.802844594614    4.466873159069    4.122091231528
              H      7.375732923465    4.242896951962    3.059705074272
              H      8.785393374635    1.036371559743   -0.115937631167
$End
$SCF_Energy
   &GeometryIndex 4
   &ListStatus       OUT
   &SCF_ENERGY [&Type "Double"]      -8.7844052799372992e+02
$End
$DFT_Energy
   &GeometryIndex 4
   &ListStatus       OUT
   &NALPHAEL [&Type "Integer"] 70
   &NBETAEL [&Type "Integer"] 70
   &NTOTALEL [&Type "Integer"] 140
   &EEXCHANGE [&Type "Double"]      -9.3626192791443202e+01
   &ECORR [&Type "Double"]      -6.1571523251468214e+00
   &ECNL [&Type "Double"]       0.0000000000000000e+00
   &EXC [&Type "Double"]      -9.9783345116590027e+01
   &EEMBED [&Type "Double"]       0.0000000000000000e+00
   &FINALEN [&Type "Double"]      -8.7844052799372992e+02  "No Van der Waals correction"
$End
$Solvation_Details
   &GeometryIndex 4
   &ListStatus       OUT
   &SOLVENT [&Type "String"] "WATER"
   &EPSILON [&Type "Double"]       8.0150999999999996e+01
   &REFRAC [&Type "Double"]       1.3328000000000000e+00
   &RSOLV [&Type "Double"]       1.3000000000000000e+00
   &SURFACETYPE [&Type "String"] "GAUSSIAN VDW"
   &NPOINTS [&Type "Integer"] 2999
   &SURFACEAREA [&Type "Double"]       1.0804179592730000e+03
   &CPCMDIELENERGY [&Type "Double"]      -2.4190811999999999e-02
$End
$CIS_Absorption_Spectrum
   &GeometryIndex 4
   &ListStatus       OUT
   &TEMPERATURE [&Type "Double"]       2.9814999999999998e+02
   &METHOD [&Type "Integer"] 20
   &RELCORRECTION [&Type "Integer"] 1 "Type of relativistic treatment in QDPT. 0->Unknow, 1->None, 2->SOC, 3->SSC, 4->SOC/SSC"
   &DENSTYPE [&Type "Integer"] 3 "Type of density (electron/spin ...). 0->Unknow, 1->Electronic, 2->Spin, 3->Trans/Electronic, 4->Tran/Spin"
   &DERITYPE [&Type "Integer"] 0 "Type of derivative (w.r.t. to what perturbation). 0->Unknown, 1->No Derivative, 2->Electric/Dipole, 3->Electric/Quad, 4->Magnetic/Dipole, 5->Magnetic/Quad"
   &DENSLEVEL [&Type "Integer"] 0 "// Source of density: relaxed, unrelaxed, ... 0->Unknown, 1->Linearized, 2->Unrelaxed, 3->Relaxed"
   &REPRESENTATION [&Type "String"] "Length" "Possible values: Unknown,  Length, Velocity"
   &POINTGROUP [&Type "String"] "C1"
   &NTRANS [&Type "Integer"] 3
   &DOHIGHERMOMENTS [&Type "Boolean"] false
   &STATES [&Type "ArrayOfIntegers", &Dim (3,4)] "The initial and Final states. Col1: Initial State  Col2: Initial Irrep Col3: Final State Col4: Final Irrep"
                                                         0                           1                           2                           3

0                                                        0                           0                           1                           0
1                                                        0                           0                           2                           0
2                                                        0                           0                           3                           0
   &MULTIPLICITIES [&Type "ArrayOfDoubles", &Dim (3,2)] "Col1: Multiplicity of the initial state  Col2: Multiplicity of the final state"
                                                         0                           1

0                                      1.0000000000000000e+00         1.0000000000000000e+00
1                                      1.0000000000000000e+00         1.0000000000000000e+00
2                                      1.0000000000000000e+00         1.0000000000000000e+00
   &EXCITATIONENERGIES [&Type "ArrayOfDoubles", &Dim (3,11)] 
                                                         0                           1                           2                           3                           4                           5                           6                           7

0                                      3.8890523114552153e+00         3.1367325572790698e+04         3.1880307987348493e+02         2.0957942022960269e-01         2.1996152918100602e+00        -1.2168470632429369e+00         0.0000000000000000e+00        -7.3492428052971326e-01
1                                      4.2184039494938492e+00         3.4023725958010538e+04         2.9391254832998681e+02         1.9198280595717662e-01         1.8576164593253428e+00        -6.2759514700329699e-01         0.0000000000000000e+00        -9.7000459259726068e-01
2                                      4.3264909425811124e+00         3.4895506440974401e+04         2.8656984866847989e+02         3.8567645241292807e-03         3.6385571890388699e-02         5.7771405887401532e-02         0.0000000000000000e+00        -5.4255299345554772e-02
                                                         8                           9                          10

0                                      0.0000000000000000e+00        -4.2282953820066044e-01         0.0000000000000000e+00
1                                      0.0000000000000000e+00        -7.2307114527097205e-01         0.0000000000000000e+00
2                                      0.0000000000000000e+00         1.7350619310303034e-01         0.0000000000000000e+00
$End
$Geometry
   &GeometryIndex 5
   &ListStatus       OUT
   &NATOMS [&Type "Integer"] 34
   &NCORELESSECP [&Type "Integer"] 0
   &NGHOSTATOMS [&Type "Integer"] 0
   &CartesianCoordinates [&Type "Coordinates", &Dim(34,4), &Units "Bohr"] 
              C     -3.697864456276   -3.506763629353   -1.626196727557
              C     -2.847115219236   -5.253996183325   -3.416275057782
              C     -0.327682795355   -5.316966984231   -4.040434285076
              C     -2.042696581624   -1.846757961553   -0.494803593792
              C      0.574177396893   -1.838336244689   -1.074472917464
              O     -3.075919525709   -0.324737469942    1.384003363758
              C      1.402416932284   -3.647045298935   -2.897796123239
              C      4.017815939541   -3.796844837813   -3.577518013300
              C      5.762148852215   -2.258515075346   -2.518944448425
              C      2.454607209163   -0.167664626407    0.044867620279
              C      5.028494681436   -0.415461810999   -0.689646180754
              N      1.743292525695    1.594486475474    1.753307289046
              C      3.473892275370    3.086260723076    2.760718214561
              C      6.050909646585    2.968273030604    2.166124094756
              C      6.817889364589    1.203884002814    0.424257715776
              C     -3.670778596328    2.120530064217    0.767881079084
              O     -3.501221262005    2.927375982827   -1.388961960115
              N     -4.485019214947    3.433305684498    2.790060933353
              C     -4.749819979773    2.368360984686    5.318584483557
              C     -5.465978820125    5.982316551698    2.446297368809
              H     -7.501556624791    6.025004962546    2.799561261372
              H     -5.099408265831    6.609013511622    0.529770581409
              H     -4.544114707219    7.263181584197    3.774377936962
              H     -3.568055693892    0.709698401415    5.532261086989
              H     -6.715874552883    1.857564618486    5.701522497208
              H     -4.165567179216    3.787033110445    6.694805512571
              H      0.371674397503   -6.661556029744   -5.415004849138
              H     -5.669697778237   -3.430554358667   -1.090816907979
              H     -4.172818255553   -6.542622357673   -4.290483384624
              H      4.566720238385   -5.194271699048   -4.968337114119
              H      7.738047954371   -2.390442363382   -3.037475076441
              H      2.802677619190    4.469419118768    4.119017654697
              H      7.375899984429    4.243658173661    3.058444762030
              H      8.785908610105    1.034967766426   -0.114850247378
$End
$SCF_Energy
   &GeometryIndex 5
   &ListStatus       OUT
   &SCF_ENERGY [&Type "Double"]      -8.7844052786737132e+02
$End
$DFT_Energy
   &GeometryIndex 5
   &ListStatus       OUT
   &NALPHAEL [&Type "Integer"] 70
   &NBETAEL [&Type "Integer"] 70
   &NTOTALEL [&Type "Integer"] 140
   &EEXCHANGE [&Type "Double"]      -9.3626163527978321e+01
   &ECORR [&Type "Double"]      -6.1571497995932170e+00
   &ECNL [&Type "Double"]       0.0000000000000000e+00
   &EXC [&Type "Double"]      -9.9783313327571534e+01
   &EEMBED [&Type "Double"]       0.0000000000000000e+00
   &FINALEN [&Type "Double"]      -8.7844052786737132e+02  "No Van der Waals correction"
$End
$Solvation_Details
   &GeometryIndex 5
   &ListStatus       OUT
   &SOLVENT [&Type "String"] "WATER"
   &EPSILON [&Type "Double"]       8.0150999999999996e+01
   &REFRAC [&Type "Double"]       1.3328000000000000e+00
   &RSOLV [&Type "Double"]       1.3000000000000000e+00
   &SURFACETYPE [&Type "String"] "GAUSSIAN VDW"
   &NPOINTS [&Type "Integer"] 2998
   &SURFACEAREA [&Type "Double"]       1.0804551058540001e+03
   &CPCMDIELENERGY [&Type "Double"]      -2.4179519000000000e-02
$End
$CIS_Absorption_Spectrum
   &GeometryIndex 5
   &ListStatus       OUT
   &TEMPERATURE [&Type "Double"]       2.9814999999999998e+02
   &METHOD [&Type "Integer"] 20
   &RELCORRECTION [&Type "Integer"] 1 "Type of relativistic treatment in QDPT. 0->Unknow, 1->None, 2->SOC, 3->SSC, 4->SOC/SSC"
   &DENSTYPE [&Type "Integer"] 3 "Type of density (electron/spin ...). 0->Unknow, 1->Electronic, 2->Spin, 3->Trans/Electronic, 4->Tran/Spin"
   &DERITYPE [&Type "Integer"] 0 "Type of derivative (w.r.t. to what perturbation). 0->Unknown, 1->No Derivative, 2->Electric/Dipole, 3->Electric/Quad, 4->Magnetic/Dipole, 5->Magnetic/Quad"
   &DENSLEVEL [&Type "Integer"] 0 "// Source of density: relaxed, unrelaxed, ... 0->Unknown, 1->Linearized, 2->Unrelaxed, 3->Relaxed"
   &REPRESENTATION [&Type "String"] "Length" "Possible values: Unknown,  Length, Velocity"
   &POINTGROUP [&Type "String"] "C1"
   &NTRANS [&Type "Integer"] 3
   &DOHIGHERMOMENTS [&Type "Boolean"] false
   &STATES [&Type "ArrayOfIntegers", &Dim (3,4)] "The initial and Final states. Col1: Initial State  Col2: Initial Irrep Col3: Final State Col4: Final Irrep"
                                                         0                           1                           2                           3

0                                                        0                           0                           1                           0
1                                                        0                           0                           2                           0
2                                                        0                           0                           3                           0
   &MULTIPLICITIES [&Type "ArrayOfDoubles", &Dim (3,2)] "Col1: Multiplicity of the initial state  Col2: Multiplicity of the final state"
                                                         0                           1

0                                      1.0000000000000000e+00         1.0000000000000000e+00
1                                      1.0000000000000000e+00         1.0000000000000000e+00
2                                      1.0000000000000000e+00         1.0000000000000000e+00
   &EXCITATIONENERGIES [&Type "ArrayOfDoubles", &Dim (3,11)] 
                                                         0                           1                           2                           3                           4                           5                           6                           7

0                                      3.8888611268646125e+00         3.1365783564913800e+04         3.1881875290327952e+02         2.0971808876336726e-01         2.2011788797879692e+00        -1.2176867851067592e+00         0.0000000000000000e+00        -7.3469595876590654e-01
1                                      4.2184000255261704e+00         3.4023694309073508e+04         2.9391282172827357e+02         1.9188395538816960e-01         1.8566617130121621e+00        -6.2693545463579980e-01         0.0000000000000000e+00        -9.6984464361417211e-01
2                                      4.3282517262997979e+00         3.4909708120906711e+04         2.8645326868290840e+02         3.8253276028470014e-03         3.6074307577528830e-02         5.6404877817958686e-02         0.0000000000000000e+00        -5.5406889742637300e-02
                                                         8                           9                          10

0                                      0.0000000000000000e+00        -4.2265780643137257e-01         0.0000000000000000e+00
1                                      0.0000000000000000e+00        -7.2319777100435290e-01         0.0000000000000000e+00
2                                      0.0000000000000000e+00         1.7269300479439581e-01         0.0000000000000000e+00
$End
$Geometry
   &GeometryIndex 6
   &ListStatus       OUT
   &NATOMS [&Type "Integer"] 34
   &NCORELESSECP [&Type "Integer"] 0
   &NGHOSTATOMS [&Type "Integer"] 0
   &CartesianCoordinates [&Type "Coordinates", &Dim(34,4), &Units "Bohr"] 
              C     -3.697830433453   -3.507127390136   -1.625517997476
              C     -2.847143240057   -5.254220585283   -3.415761431475
              C     -0.327839651337   -5.316704593857   -4.040490810871
              C     -2.042695275662   -1.846905730194   -0.494401753246
              C      0.574113623487   -1.838262516771   -1.074341061643
              O     -3.075918755611   -0.324599936623    1.384183135826
              C      1.402239570271   -3.646613107163   -2.898068680961
              C      4.017500053582   -3.795857186111   -3.578441475906
              C      5.761851368299   -2.257525217508   -2.519901336255
              C      2.454600848471   -0.167770845596    0.045179013897
              C      5.028381383690   -0.415145382624   -0.689850951191
              N      1.743481102602    1.593664138570    1.754440240861
              C      3.474189248737    3.085039790671    2.762257522553
              C      6.051121115567    2.967385720284    2.167232232005
              C      6.817883717473    1.203813041743    0.424443505548
              C     -3.670901113563    2.120488163272    0.767419019456
              O     -3.501889967806    2.926644531458   -1.389729344730
              N     -4.484604507174    3.433849653223    2.789421957056
              C     -4.747767285230    2.369489293003    5.318378680446
              C     -5.467274879785    5.982116730063    2.444955980222
              H     -7.502561596769    6.023852286587    2.799986988695
              H     -5.102776050395    6.607769362218    0.527693627270
              H     -4.544971696491    7.264384477753    3.771371519836
              H     -3.561573919836    0.714129222099    5.533444773067
              H     -6.712577623938    1.853610230543    5.700950636478
              H     -4.167775906207    3.790516129998    6.693943489313
              H      0.371437136891   -6.661047967179   -5.415342533811
              H     -5.669604549054   -3.431105896894   -1.089894370217
              H     -4.172813357791   -6.543027014481   -4.289753850830
              H      4.566292320945   -5.192880495574   -4.969709878099
              H      7.737650438274   -2.389044574050   -3.038915228957
              H      2.803135577413    4.467579034677    4.121266563484
              H      7.376211455770    4.242402011852    3.059931442656
              H      8.785824565173    1.035200928612   -0.115046062047
$End
$SCF_Energy
   &GeometryIndex 6
   &ListStatus       OUT
   &SCF_ENERGY [&Type "Double"]      -8.7844052778286959e+02
$End
$DFT_Energy
   &GeometryIndex 6
   &ListStatus       OUT
   &NALPHAEL [&Type "Integer"] 70
   &NBETAEL [&Type "Integer"] 70
   &NTOTALEL [&Type "Integer"] 140
   &EEXCHANGE [&Type "Double"]      -9.3626216846252888e+01
   &ECORR [&Type "Double"]      -6.1571504780475035e+00
   &ECNL [&Type "Double"]       0.0000000000000000e+00
   &EXC [&Type "Double"]      -9.9783367324300386e+01
   &EEMBED [&Type "Double"]       0.0000000000000000e+00
   &FINALEN [&Type "Double"]      -8.7844052778286959e+02  "No Van der Waals correction"
$End
$Solvation_Details
   &GeometryIndex 6
   &ListStatus       OUT
   &SOLVENT [&Type "String"] "WATER"
   &EPSILON [&Type "Double"]       8.0150999999999996e+01
   &REFRAC [&Type "Double"]       1.3328000000000000e+00
   &RSOLV [&Type "Double"]       1.3000000000000000e+00
   &SURFACETYPE [&Type "String"] "GAUSSIAN VDW"
   &NPOINTS [&Type "Integer"] 2999
   &SURFACEAREA [&Type "Double"]       1.0804822647589999e+03
   &CPCMDIELENERGY [&Type "Double"]      -2.4207409999999999e-02
$End
$CIS_Absorption_Spectrum
   &GeometryIndex 6
   &ListStatus       OUT
   &TEMPERATURE [&Type "Double"]       2.9814999999999998e+02
   &METHOD [&Type "Integer"] 20
   &RELCORRECTION [&Type "Integer"] 1 "Type of relativistic treatment in QDPT. 0->Unknow, 1->None, 2->SOC, 3->SSC, 4->SOC/SSC"
   &DENSTYPE [&Type "Integer"] 3 "Type of density (electron/spin ...). 0->Unknow, 1->Electronic, 2->Spin, 3->Trans/Electronic, 4->Tran/Spin"
   &DERITYPE [&Type "Integer"] 0 "Type of derivative (w.r.t. to what perturbation). 0->Unknown, 1->No Derivative, 2->Electric/Dipole, 3->Electric/Quad, 4->Magnetic/Dipole, 5->Magnetic/Quad"
   &DENSLEVEL [&Type "Integer"] 0 "// Source of density: relaxed, unrelaxed, ... 0->Unknown, 1->Linearized, 2->Unrelaxed, 3->Relaxed"
   &REPRESENTATION [&Type "String"] "Length" "Possible values: Unknown,  Length, Velocity"
   &POINTGROUP [&Type "String"] "C1"
   &NTRANS [&Type "Integer"] 3
   &DOHIGHERMOMENTS [&Type "Boolean"] false
   &STATES [&Type "ArrayOfIntegers", &Dim (3,4)] "The initial and Final states. Col1: Initial State  Col2: Initial Irrep Col3: Final State Col4: Final Irrep"
                                                         0                           1                           2                           3

0                                                        0                           0                           1                           0
1                                                        0                           0                           2                           0
2                                                        0                           0                           3                           0
   &MULTIPLICITIES [&Type "ArrayOfDoubles", &Dim (3,2)] "Col1: Multiplicity of the initial state  Col2: Multiplicity of the final state"
                                                         0                           1

0                                      1.0000000000000000e+00         1.0000000000000000e+00
1                                      1.0000000000000000e+00         1.0000000000000000e+00
2                                      1.0000000000000000e+00         1.0000000000000000e+00
   &EXCITATIONENERGIES [&Type "ArrayOfDoubles", &Dim (3,11)] 
                                                         0                           1                           2                           3                           4                           5                           6                           7

0                                      3.8894202699700018e+00         3.1370293358669176e+04         3.1877291951547852e+02         2.0935659229098297e-01         2.1970687550016397e+00        -1.2159011836845555e+00         0.0000000000000000e+00        -7.3469239939316555e-01
1                                      4.2184743138295744e+00         3.4024293484711299e+04         2.9390764585584901e+02         1.9221861547758798e-01         1.8598671177979111e+00        -6.2889802193030464e-01         0.0000000000000000e+00        -9.7032113274327014e-01
2                                      4.3247108561666225e+00         3.4881149074284702e+04         2.8668780316564346e+02         3.8788481669086096e-03         3.6608976228885294e-02         5.8763322781932546e-02         0.0000000000000000e+00        -5.3486005525988825e-02
                                                         8                           9                          10

0                                      0.0000000000000000e+00        -4.2294224758239679e-01         0.0000000000000000e+00
1                                      0.0000000000000000e+00        -7.2307074008141026e-01         0.0000000000000000e+00
2                                      0.0000000000000000e+00         1.7405486300987283e-01         0.0000000000000000e+00
$End
$Geometry
   &GeometryIndex 7
   &ListStatus       OUT
   &NATOMS [&Type "Integer"] 34
   &NCORELESSECP [&Type "Integer"] 0
   &NGHOSTATOMS [&Type "Integer"] 0
   &CartesianCoordinates [&Type "Coordinates", &Dim(34,4), &Units "Bohr"] 
              C     -3.697799613163   -3.506700745772   -1.625758172236
              C     -2.847195417421   -5.253960779383   -3.415869610721
              C     -0.327832236527   -5.316837362694   -4.040310959327
              C     -2.042546258871   -1.846687843499   -0.494492283111
              C      0.574299610450   -1.838328411942   -1.074263777867
              O     -3.075785223751   -0.324476448197    1.384144839936
              C      1.402344678529   -3.646885362828   -2.897836179564
              C      4.017617199373   -3.796427125311   -3.578089697884
              C      5.762024337001   -2.258005976741   -2.519779296140
              C      2.454877709795   -0.167855016324    0.045140282918
              C      5.028618724190   -0.415316449005   -0.690014768567
              N      1.743876989035    1.593701993188    1.754336195108
              C      3.474645768151    3.085262287042    2.761782076049
              C      6.051507707160    2.967702735501    2.166426229221
              C      6.818169747645    1.203885433751    0.423844966129
              C     -3.670843258318    2.120659061499    0.767666022113
              O     -3.500507038113    2.927464196575   -1.389137692053
              N     -4.486377193586    3.433236936922    2.789430345336
              C     -4.749590268348    2.369139700921    5.318466323141
              C     -5.467826195669    5.982025298373    2.445522597942
              H     -7.502098456894    6.025285187165    2.805997013289
              H     -5.108052519769    6.605785433571    0.526754299779
              H     -4.541188450102    7.264895366992    3.768410533629
              H     -3.567227715540    0.710913695373    5.532189136870
              H     -6.715312536718    1.857942385633    5.702524553386
              H     -4.165081864791    3.788496080434    6.693892008014
              H      0.371409118198   -6.661343902209   -5.415020882149
              H     -5.669604438216   -3.430428048645   -1.090281992518
              H     -4.172960199615   -6.542611304629   -4.289948132581
              H      4.566350430962   -5.193679549079   -4.969151262723
              H      7.737817870549   -2.389665273631   -3.038778705436
              H      2.803702142819    4.467891294088    4.120753563793
              H      7.376627789152    4.242936140772    3.058770914638
              H      8.786063532779    1.035262784529   -0.115812523609
$End
$SCF_Energy
   &GeometryIndex 7
   &ListStatus       OUT
   &SCF_ENERGY [&Type "Double"]      -8.7844052787233568e+02
$End
$DFT_Energy
   &GeometryIndex 7
   &ListStatus       OUT
   &NALPHAEL [&Type "Integer"] 70
   &NBETAEL [&Type "Integer"] 70
   &NTOTALEL [&Type "Integer"] 140
   &EEXCHANGE [&Type "Double"]      -9.3626132987950953e+01
   &ECORR [&Type "Double"]      -6.1571484486003847e+00
   &ECNL [&Type "Double"]       0.0000000000000000e+00
   &EXC [&Type "Double"]      -9.9783281436551334e+01
   &EEMBED [&Type "Double"]       0.0000000000000000e+00
   &FINALEN [&Type "Double"]      -8.7844052787233568e+02  "No Van der Waals correction"
$End
$Solvation_Details
   &GeometryIndex 7
   &ListStatus       OUT
   &SOLVENT [&Type "String"] "WATER"
   &EPSILON [&Type "Double"]       8.0150999999999996e+01
   &REFRAC [&Type "Double"]       1.3328000000000000e+00
   &RSOLV [&Type "Double"]       1.3000000000000000e+00
   &SURFACETYPE [&Type "String"] "GAUSSIAN VDW"
   &NPOINTS [&Type "Integer"] 3000
   &SURFACEAREA [&Type "Double"]       1.0804758074629999e+03
   &CPCMDIELENERGY [&Type "Double"]      -2.4181062999999999e-02
$End
$CIS_Absorption_Spectrum
   &GeometryIndex 7
   &ListStatus       OUT
   &TEMPERATURE [&Type "Double"]       2.9814999999999998e+02
   &METHOD [&Type "Integer"] 20
   &RELCORRECTION [&Type "Integer"] 1 "Type of relativistic treatment in QDPT. 0->Unknow, 1->None, 2->SOC, 3->SSC, 4->SOC/SSC"
   &DENSTYPE [&Type "Integer"] 3 "Type of density (electron/spin ...). 0->Unknow, 1->Electronic, 2->Spin, 3->Trans/Electronic, 4->Tran/Spin"
   &DERITYPE [&Type "Integer"] 0 "Type of derivative (w.r.t. to what perturbation). 0->Unknown, 1->No Derivative, 2->Electric/Dipole, 3->Electric/Quad, 4->Magnetic/Dipole, 5->Magnetic/Quad"
   &DENSLEVEL [&Type "Integer"] 0 "// Source of density: relaxed, unrelaxed, ... 0->Unknown, 1->Linearized, 2->Unrelaxed, 3->Relaxed"
   &REPRESENTATION [&Type "String"] "Length" "Possible values: Unknown,  Length, Velocity"
   &POINTGROUP [&Type "String"] "C1"
   &NTRANS [&Type "Integer"] 3
   &DOHIGHERMOMENTS [&Type "Boolean"] false
   &STATES [&Type "ArrayOfIntegers", &Dim (3,4)] "The initial and Final states. Col1: Initial State  Col2: Initial Irrep Col3: Final State Col4: Final Irrep"
                                                         0                           1                           2                           3

0                                                        0                           0                           1                           0
1                                                        0                           0                           2                           0
2                                                        0                           0                           3                           0
   &MULTIPLICITIES [&Type "ArrayOfDoubles", &Dim (3,2)] "Col1: Multiplicity of the initial state  Col2: Multiplicity of the final state"
                                                         0                           1

0                                      1.0000000000000000e+00         1.0000000000000000e+00
1                                      1.0000000000000000e+00         1.0000000000000000e+00
2                                      1.0000000000000000e+00         1.0000000000000000e+00
   &EXCITATIONENERGIES [&Type "ArrayOfDoubles", &Dim (3,11)] 
                                                         0                           1                           2                           3                           4                           5                           6                           7

0                                      3.8889520417376628e+00         3.1366516842893623e+04         3.1881129964437196e+02         2.0966491081347738e-01         2.2005692841315319e+00        -1.2173862724484055e+00         0.0000000000000000e+00        -7.3474145332866858e-01
1                                      4.2184001917052631e+00         3.4023695649398425e+04         2.9391281014991119e+02         1.9191522244905218e-01         1.8569641787280395e+00        -6.2727094537374151e-01         0.0000000000000000e+00        -9.6984979919271730e-01
2                                      4.3274524578633953e+00         3.4903261585541055e+04         2.8650617580514529e+02         3.8428557556652297e-03         3.6246298140707692e-02         5.7084682440691918e-02         0.0000000000000000e+00        -5.4693446574366311e-02
                                                         8                           9                          10

0                                      0.0000000000000000e+00        -4.2272324817329882e-01         0.0000000000000000e+00
1                                      0.0000000000000000e+00        -7.2310905596861252e-01         0.0000000000000000e+00
2                                      0.0000000000000000e+00         1.7319429572930509e-01         0.0000000000000000e+00
$End
$Geometry
   &GeometryIndex 8
   &ListStatus       OUT
   &NATOMS [&Type "Integer"] 34
   &NCORELESSECP [&Type "Integer"] 0
   &NGHOSTATOMS [&Type "Integer"] 0
   &CartesianCoordinates [&Type "Coordinates", &Dim(34,4), &Units "Bohr"] 
              C     -3.697894788902   -3.506300330302   -1.626143406670
              C     -2.847377387855   -5.253092201445   -3.416756168489
              C     -0.327935762568   -5.316249314687   -4.040859117641
              C     -2.042492623163   -1.846912109112   -0.494201014932
              C      0.574385845336   -1.838655815183   -1.073813583157
              O     -3.075582743465   -0.324811335438    1.384639935018
              C      1.402382245243   -3.646904691324   -2.897708344265
              C      4.017684747849   -3.796543922562   -3.577825927514
              C      5.762079565478   -2.258111240937   -2.519510573282
              C      2.454963242359   -0.168207533476    0.045650074527
              C      5.028644471163   -0.415360137813   -0.689819932858
              N      1.743974729144    1.593249721424    1.754951173300
              C      3.474640964803    3.085227970440    2.761953828173
              C      6.051388509615    2.968236299153    2.165996591701
              C      6.818077427296    1.204342872099    0.423503688284
              C     -3.671164481951    2.120103097783    0.767784645958
              O     -3.501884100053    2.926255938104   -1.389350397061
              N     -4.485653614411    3.433427440521    2.789489830906
              C     -4.749144666689    2.369835102253    5.318704265826
              C     -5.467316023128    5.982043841487    2.444799660754
              H     -7.502616020375    6.024504918016    2.799641503489
              H     -5.102380912262    6.607514030660    0.527565697142
              H     -4.544696973459    7.264014455751    3.771299259398
              H     -3.567932524491    0.710785309635    5.532361294266
              H     -6.715159335591    1.860050356893    5.703165335758
              H     -4.163401067095    3.788919513743    6.693883656187
              H      0.371240851883   -6.660452252646   -5.415899140592
              H     -5.669755276868   -3.429847451628   -1.090896954531
              H     -4.173265196612   -6.541191447187   -4.291461036523
              H      4.566421193876   -5.193745629499   -4.968937368047
              H      7.737864637899   -2.389710361908   -3.038557838937
              H      2.803694967909    4.467765770313    4.121017418562
              H      7.376409776527    4.243898491250    3.057875385953
              H      8.785899909016    1.036065911068   -0.116521500019
$End
$SCF_Energy
   &GeometryIndex 8
   &ListStatus       OUT
   &SCF_ENERGY [&Type "Double"]      -8.7844052745422562e+02
$End
$DFT_Energy
   &GeometryIndex 8
   &ListStatus       OUT
   &NALPHAEL [&Type "Integer"] 70
   &NBETAEL [&Type "Integer"] 70
   &NTOTALEL [&Type "Integer"] 140
   &EEXCHANGE [&Type "Double"]      -9.3626311730232118e+01
   &ECORR [&Type "Double"]      -6.1571515143601410e+00
   &ECNL [&Type "Double"]       0.0000000000000000e+00
   &EXC [&Type "Double"]      -9.9783463244592255e+01
   &EEMBED [&Type "Double"]       0.0000000000000000e+00
   &FINALEN [&Type "Double"]      -8.7844052745422562e+02  "No Van der Waals correction"
$End
$Solvation_Details
   &GeometryIndex 8
   &ListStatus       OUT
   &SOLVENT [&Type "String"] "WATER"
   &EPSILON [&Type "Double"]       8.0150999999999996e+01
   &REFRAC [&Type "Double"]       1.3328000000000000e+00
   &RSOLV [&Type "Double"]       1.3000000000000000e+00
   &SURFACETYPE [&Type "String"] "GAUSSIAN VDW"
   &NPOINTS [&Type "Integer"] 3000
   &SURFACEAREA [&Type "Double"]       1.0804457827680001e+03
   &CPCMDIELENERGY [&Type "Double"]      -2.4213368999999998e-02
$End
$CIS_Absorption_Spectrum
   &GeometryIndex 8
   &ListStatus       OUT
   &TEMPERATURE [&Type "Double"]       2.9814999999999998e+02
   &METHOD [&Type "Integer"] 20
   &RELCORRECTION [&Type "Integer"] 1 "Type of relativistic treatment in QDPT. 0->Unknow, 1->None, 2->SOC, 3->SSC, 4->SOC/SSC"
   &DENSTYPE [&Type "Integer"] 3 "Type of density (electron/spin ...). 0->Unknow, 1->Electronic, 2->Spin, 3->Trans/Electronic, 4->Tran/Spin"
   &DERITYPE [&Type "Integer"] 0 "Type of derivative (w.r.t. to what perturbation). 0->Unknown, 1->No Derivative, 2->Electric/Dipole, 3->Electric/Quad, 4->Magnetic/Dipole, 5->Magnetic/Quad"
   &DENSLEVEL [&Type "Integer"] 0 "// Source of density: relaxed, unrelaxed, ... 0->Unknown, 1->Linearized, 2->Unrelaxed, 3->Relaxed"
   &REPRESENTATION [&Type "String"] "Length" "Possible values: Unknown,  Length, Velocity"
   &POINTGROUP [&Type "String"] "C1"
   &NTRANS [&Type "Integer"] 3
   &DOHIGHERMOMENTS [&Type "Boolean"] false
   &STATES [&Type "ArrayOfIntegers", &Dim (3,4)] "The initial and Final states. Col1: Initial State  Col2: Initial Irrep Col3: Final State Col4: Final Irrep"
                                                         0                           1                           2                           3

0                                                        0                           0                           1                           0
1                                                        0                           0                           2                           0
2                                                        0                           0                           3                           0
   &MULTIPLICITIES [&Type "ArrayOfDoubles", &Dim (3,2)] "Col1: Multiplicity of the initial state  Col2: Multiplicity of the final state"
                                                         0                           1

0                                      1.0000000000000000e+00         1.0000000000000000e+00
1                                      1.0000000000000000e+00         1.0000000000000000e+00
2                                      1.0000000000000000e+00         1.0000000000000000e+00
   &EXCITATIONENERGIES [&Type "ArrayOfDoubles", &Dim (3,11)] 
                                                         0                           1                           2                           3                           4                           5                           6                           7

0                                      3.8893689377768808e+00         3.1369879336566861e+04         3.1877712670521242e+02         2.0932858212558780e-01         2.1968037987366640e+00        -1.2160407560578428e+00         0.0000000000000000e+00        -7.3444026288512643e-01
1                                      4.2184987187419081e+00         3.4024490323624595e+04         2.9390594553760559e+02         1.9219543072507952e-01         1.8596320285530410e+00        -6.2891616122725102e-01         0.0000000000000000e+00        -9.7015525174752737e-01
2                                      4.3255417874735738e+00         3.4887850987950660e+04         2.8663273078796789e+02         3.8519030095192650e-03         3.6347681317695370e-02         5.8172496444581931e-02         0.0000000000000000e+00        -5.4698388724787175e-02
                                                         8                           9                          10

0                                      0.0000000000000000e+00        -4.2266556353239915e-01         0.0000000000000000e+00
1                                      0.0000000000000000e+00        -7.2311498270116847e-01         0.0000000000000000e+00
2                                      0.0000000000000000e+00         1.7312344799596774e-01         0.0000000000000000e+00
$End
$Geometry
   &GeometryIndex 9
   &ListStatus       OUT
   &NATOMS [&Type "Integer"] 34
   &NCORELESSECP [&Type "Integer"] 0
   &NGHOSTATOMS [&Type "Integer"] 0
   &CartesianCoordinates [&Type "Coordinates", &Dim(34,4), &Units "Bohr"] 
              C     -3.697748445949   -3.507026307240   -1.625215130947
              C     -2.847337760721   -5.253518692439   -3.416172746546
              C     -0.328097056097   -5.315908993790   -4.041170040120
              C     -2.042457527295   -1.847085122474   -0.493928741152
              C      0.574252193562   -1.838231739794   -1.074250027378
              O     -3.075456875970   -0.325031412183    1.385004792117
              C      1.402183081608   -3.646304831094   -2.898337014140
              C      4.017466507231   -3.795858053198   -3.578548940890
              C      5.762009334326   -2.258085684002   -2.519510423914
              C      2.454801448711   -0.167698363008    0.045112468122
              C      5.028636417577   -0.415565976786   -0.689558908276
              N      1.743660911455    1.594410550320    1.753675590635
              C      3.474420019660    3.085909557489    2.761224889997
              C      6.051456545535    2.967561800879    2.166785638960
              C      6.818238690129    1.203313441596    0.424690227825
              C     -3.670864976387    2.119897089575    0.767970019537
              O     -3.501207702381    2.925932470387   -1.389173629003
              N     -4.485724435957    3.433286209622    2.789466939141
              C     -4.749718609783    2.369747485757    5.318650953488
              C     -5.466897255645    5.982063310575    2.444599569527
              H     -7.501834740509    6.025209167620    2.801373105832
              H     -5.103640998489    6.606523949316    0.526720360252
              H     -4.542672719704    7.264432617455    3.769616630711
              H     -3.567733087081    0.711319652810    5.532944742338
              H     -6.715624592947    1.858994791919    5.702381953246
              H     -4.165235938198    3.789248133405    6.693929501345
              H      0.370997358155   -6.659892871433   -5.416466313500
              H     -5.669445341568   -3.431153846330   -1.089284394339
              H     -4.173149198000   -6.541989308083   -4.290446095187
              H      4.566139593155   -5.192757306058   -4.969989318844
              H      7.737854733407   -2.389970912032   -3.038255590289
              H      2.803330696552    4.469111458877    4.119542016532
              H      7.376600850568    4.242627103315    3.059334868662
              H      8.786244069688    1.034223054377   -0.114414841859
$End
$SCF_Energy
   &GeometryIndex 9
   &ListStatus       OUT
   &SCF_ENERGY [&Type "Double"]      -8.7844052794430627e+02
$End
$DFT_Energy
   &GeometryIndex 9
   &ListStatus       OUT
   &NALPHAEL [&Type "Integer"] 70
   &NBETAEL [&Type "Integer"] 70
   &NTOTALEL [&Type "Integer"] 140
   &EEXCHANGE [&Type "Double"]      -9.3626167169292060e+01
   &ECORR [&Type "Double"]      -6.1571519600193430e+00
   &ECNL [&Type "Double"]       0.0000000000000000e+00
   &EXC [&Type "Double"]      -9.9783319129311408e+01
   &EEMBED [&Type "Double"]       0.0000000000000000e+00
   &FINALEN [&Type "Double"]      -8.7844052794430627e+02  "No Van der Waals correction"
$End
$Solvation_Details
   &GeometryIndex 9
   &ListStatus       OUT
   &SOLVENT [&Type "String"] "WATER"
   &EPSILON [&Type "Double"]       8.0150999999999996e+01
   &REFRAC [&Type "Double"]       1.3328000000000000e+00
   &RSOLV [&Type "Double"]       1.3000000000000000e+00
   &SURFACETYPE [&Type "String"] "GAUSSIAN VDW"
   &NPOINTS [&Type "Integer"] 2999
   &SURFACEAREA [&Type "Double"]       1.0804540831700001e+03
   &CPCMDIELENERGY [&Type "Double"]      -2.4188204000000001e-02
$End
$CIS_Absorption_Spectrum
   &GeometryIndex 9
   &ListStatus       OUT
   &TEMPERATURE [&Type "Double"]       2.9814999999999998e+02
   &METHOD [&Type "Integer"] 20
   &RELCORRECTION [&Type "Integer"] 1 "Type of relativistic treatment in QDPT. 0->Unknow, 1->None, 2->SOC, 3->SSC, 4->SOC/SSC"
   &DENSTYPE [&Type "Integer"] 3 "Type of density (electron/spin ...). 0->Unknow, 1->Electronic, 2->Spin, 3->Trans/Electronic, 4->Tran/Spin"
   &DERITYPE [&Type "Integer"] 0 "Type of derivative (w.r.t. to what perturbation). 0->Unknown, 1->No Derivative, 2->Electric/Dipole, 3->Electric/Quad, 4->Magnetic/Dipole, 5->Magnetic/Quad"
   &DENSLEVEL [&Type "Integer"] 0 "// Source of density: relaxed, unrelaxed, ... 0->Unknown, 1->Linearized, 2->Unrelaxed, 3->Relaxed"
   &REPRESENTATION [&Type "String"] "Length" "Possible values: Unknown,  Length, Velocity"
   &POINTGROUP [&Type "String"] "C1"
   &NTRANS [&Type "Integer"] 3
   &DOHIGHERMOMENTS [&Type "Boolean"] false
   &STATES [&Type "ArrayOfIntegers", &Dim (3,4)] "The initial and Final states. Col1: Initial State  Col2: Initial Irrep Col3: Final State Col4: Final Irrep"
                                                         0                           1                           2                           3

0                                                        0                           0                           1                           0
1                                                        0                           0                           2                           0
2                                                        0                           0                           3                           0
   &MULTIPLICITIES [&Type "ArrayOfDoubles", &Dim (3,2)] "Col1: Multiplicity of the initial state  Col2: Multiplicity of the final state"
                                                         0                           1

0                                      1.0000000000000000e+00         1.0000000000000000e+00
1                                      1.0000000000000000e+00         1.0000000000000000e+00
2                                      1.0000000000000000e+00         1.0000000000000000e+00
   &EXCITATIONENERGIES [&Type "ArrayOfDoubles", &Dim (3,11)] 
                                                         0                           1                           2                           3                           4                           5                           6                           7

0                                      3.8891120002594399e+00         3.1367806995514082e+04         3.1879818698929449e+02         2.0957050660369317e-01         2.1994879824025011e+00        -1.2169543254549060e+00         0.0000000000000000e+00        -7.3468734520530965e-01
1                                      4.2184275507118381e+00         3.4023916314691109e+04         2.9391090395088122e+02         1.9202378414613530e-01         1.8580025671310620e+00        -6.2799519154258576e-01         0.0000000000000000e+00        -9.6984976683036250e-01
2                                      4.3267772080895961e+00         3.4897815328252269e+04         2.8655088881464411e+02         3.8601988432882665e-03         3.6415562556085183e-02         5.7503326825674543e-02         0.0000000000000000e+00        -5.4029233344531899e-02
                                                         8                           9                          10

0                                      0.0000000000000000e+00        -4.2278204426662852e-01         0.0000000000000000e+00
1                                      0.0000000000000000e+00        -7.2319847642921964e-01         0.0000000000000000e+00
2                                      0.0000000000000000e+00         1.7375204143913522e-01         0.0000000000000000e+00
$End
$Geometry
   &GeometryIndex 10
   &ListStatus       OUT
   &NATOMS [&Type "Integer"] 34
   &NCORELESSECP [&Type "Integer"] 0
   &NGHOSTATOMS [&Type "Integer"] 0
   &CartesianCoordinates [&Type "Coordinates", &Dim(34,4), &Units "Bohr"] 
              C     -3.697684355570   -3.506759809902   -1.625637592769
              C     -2.847086073844   -5.253840954567   -3.415922811680
              C     -0.327746472446   -5.316562825304   -4.040457994477
              C     -2.042473923336   -1.846729086662   -0.494349169946
              C      0.574373523896   -1.838195395660   -1.074219169103
              O     -3.075650497743   -0.324570725308    1.384388576543
              C      1.402413179238   -3.646645806642   -2.897909555180
              C      4.017671954559   -3.796180195178   -3.578216884067
              C      5.762130648307   -2.257910726706   -2.519784226984
              C      2.455004728917   -0.167738378034    0.045179960223
              C      5.028764623911   -0.415317466225   -0.689914213069
              N      1.744068395022    1.593910667574    1.754307294512
              C      3.474923380627    3.085305497643    2.761869877600
              C      6.051818452864    2.967497935334    2.166705175953
              C      6.818405186670    1.203687844933    0.424087026808
              C     -3.671779666211    2.120212572681    0.767534464847
              O     -3.503041558695    2.926359470925   -1.389648053144
              N     -4.486015872352    3.433368375266    2.789442549801
              C     -4.750020277601    2.369174424252    5.318368952193
              C     -5.466171552675    5.982658585975    2.445483224296
              H     -7.500990762183    6.026672105685    2.802805449322
              H     -5.103133743444    6.607458619838    0.527670815451
              H     -4.540986839550    7.264242943848    3.770593649549
              H     -3.567629509627    0.711005890858    5.532438564619
              H     -6.715838181670    1.857829114026    5.701762630551
              H     -4.166056524382    3.788519338097    6.694015476601
              H      0.371504406009   -6.660947516392   -5.415282011407
              H     -5.669468624685   -3.430618626694   -1.090067225498
              H     -4.172829271068   -6.542483468256   -4.290045349084
              H      4.566351729204   -5.193345762989   -4.969386323704
              H      7.737924517655   -2.389605139772   -3.038772269597
              H      2.804016750469    4.468009835861    4.120782654123
              H      7.377005342349    4.242571182297    3.059179628640
              H      8.786305573324    1.034918166324   -0.115500715948
$End
$SCF_Energy
   &GeometryIndex 10
   &ListStatus       OUT
   &SCF_ENERGY [&Type "Double"]      -8.7844052776902663e+02
$End
$DFT_Energy
   &GeometryIndex 10
   &ListStatus       OUT
   &NALPHAEL [&Type "Integer"] 70
   &NBETAEL [&Type "Integer"] 70
   &NTOTALEL [&Type "Integer"] 140
   &EEXCHANGE [&Type "Double"]      -9.3626272618858337e+01
   &ECORR [&Type "Double"]      -6.1571476864897345e+00
   &ECNL [&Type "Double"]       0.0000000000000000e+00
   &EXC [&Type "Double"]      -9.9783420305348073e+01
   &EEMBED [&Type "Double"]       0.0000000000000000e+00
   &FINALEN [&Type "Double"]      -8.7844052776902663e+02  "No Van der Waals correction"
$End
$Solvation_Details
   &GeometryIndex 10
   &ListStatus       OUT
   &SOLVENT [&Type "String"] "WATER"
   &EPSILON [&Type "Double"]       8.0150999999999996e+01
   &REFRAC [&Type "Double"]       1.3328000000000000e+00
   &RSOLV [&Type "Double"]       1.3000000000000000e+00
   &SURFACETYPE [&Type "String"] "GAUSSIAN VDW"
   &NPOINTS [&Type "Integer"] 3000
   &SURFACEAREA [&Type "Double"]       1.0804941816250000e+03
   &CPCMDIELENERGY [&Type "Double"]      -2.4202536000000000e-02
$End
$CIS_Absorption_Spectrum
   &GeometryIndex 10
   &ListStatus       OUT
   &TEMPERATURE [&Type "Double"]       2.9814999999999998e+02
   &METHOD [&Type "Integer"] 20
   &RELCORRECTION [&Type "Integer"] 1 "Type of relativistic treatment in QDPT. 0->Unknow, 1->None, 2->SOC, 3->SSC, 4->SOC/SSC"
   &DENSTYPE [&Type "Integer"] 3 "Type of density (electron/spin ...). 0->Unknow, 1->Electronic, 2->Spin, 3->Trans/Electronic, 4->Tran/Spin"
   &DERITYPE [&Type "Integer"] 0 "Type of derivative (w.r.t. to what perturbation). 0->Unknown, 1->No Derivative, 2->Electric/Dipole, 3->Electric/Quad, 4->Magnetic/Dipole, 5->Magnetic/Quad"
   &DENSLEVEL [&Type "Integer"] 0 "// Source of density: relaxed, unrelaxed, ... 0->Unknown, 1->Linearized, 2->Unrelaxed, 3->Relaxed"
   &REPRESENTATION [&Type "String"] "Length" "Possible values: Unknown,  Length, Velocity"
   &POINTGROUP [&Type "String"] "C1"
   &NTRANS [&Type "Integer"] 3
   &DOHIGHERMOMENTS [&Type "Boolean"] false
   &STATES [&Type "ArrayOfIntegers", &Dim (3,4)] "The initial and Final states. Col1: Initial State  Col2: Initial Irrep Col3: Final State Col4: Final Irrep"
                                                         0                           1                           2                           3

0                                                        0                           0                           1                           0
1                                                        0                           0                           2                           0
2                                                        0                           0                           3                           0
   &MULTIPLICITIES [&Type "ArrayOfDoubles", &Dim (3,2)] "Col1: Multiplicity of the initial state  Col2: Multiplicity of the final state"
                                                         0                           1

0                                      1.0000000000000000e+00         1.0000000000000000e+00
1                                      1.0000000000000000e+00         1.0000000000000000e+00
2                                      1.0000000000000000e+00         1.0000000000000000e+00
   &EXCITATIONENERGIES [&Type "ArrayOfDoubles", &Dim (3,11)] 
                                                         0                           1                           2                           3                           4                           5                           6                           7

0                                      3.8890919049129100e+00         3.1367644915596760e+04         3.1879983425302532e+02         2.0954034963563015e-01         2.1991828418231480e+00        -1.2169339133756716e+00         0.0000000000000000e+00        -7.3455321892790781e-01
1                                      4.2184548650655591e+00         3.4024136619834200e+04         2.9390900088763897e+02         1.9200691430785927e-01         1.8578273068476601e+00        -6.2796106093526571e-01         0.0000000000000000e+00        -9.6990070326732047e-01
2                                      4.3269351526431583e+00         3.4899089237121909e+04         2.8654042895088139e+02         3.8459859648704198e-03         3.6280159610380960e-02         5.7249648399468049e-02         0.0000000000000000e+00        -5.4719345798213262e-02
                                                         8                           9                          10

0                                      0.0000000000000000e+00        -4.2271297692638976e-01         0.0000000000000000e+00
1                                      0.0000000000000000e+00        -7.2303861487355769e-01         0.0000000000000000e+00
2                                      0.0000000000000000e+00         1.7322941598912642e-01         0.0000000000000000e+00
$End
$Geometry
   &GeometryIndex 11
   &ListStatus       OUT
   &NATOMS [&Type "Integer"] 34
   &NCORELESSECP [&Type "Integer"] 0
   &NGHOSTATOMS [&Type "Integer"] 0
   &CartesianCoordinates [&Type "Coordinates", &Dim(34,4), &Units "Bohr"] 
              C     -3.697635870851   -3.507419621158   -1.625088153295
              C     -2.847073815957   -5.254197040030   -3.415683462122
              C     -0.327910343528   -5.316122951906   -4.041001614128
              C     -2.042571566913   -1.846882684884   -0.494298991643
              C      0.574250369175   -1.838186423943   -1.074244972950
              O     -3.075914790230   -0.324496691238    1.384099278255
              C      1.402227065104   -3.646270800842   -2.898324447991
              C      4.017510365922   -3.795911348120   -3.578486338559
              C      5.762087320701   -2.258265634431   -2.519352701258
              C      2.454922221042   -0.167977224028    0.045478935263
              C      5.028718568569   -0.415733286359   -0.689426168051
              N      1.743994021283    1.593733381204    1.754553058010
              C      3.474789253554    3.085503789203    2.761676875016
              C      6.051643100542    2.967871233959    2.166296252527
              C      6.818318730882    1.203529456237    0.424258600174
              C     -3.671328697080    2.120515104618    0.767397448800
              O     -3.501849230344    2.927034370545   -1.389582643971
              N     -4.486020260413    3.433380501227    2.789319966956
              C     -4.749101952904    2.369265151545    5.318362937500
              C     -5.467318948572    5.982233378345    2.445442067088
              H     -7.502513475496    6.024956013277    2.800834070339
              H     -5.102785444752    6.608073547543    0.528248241323
              H     -4.544138636394    7.263766321301    3.771981760960
              H     -3.567954172261    0.710109380823    5.531461732961
              H     -6.715074079458    1.859511994617    5.703070567602
              H     -4.163029847120    3.788025227065    6.693740405465
              H      0.371298082627   -6.660103533687   -5.416241937530
              H     -5.669321512754   -3.431690177711   -1.089097193261
              H     -4.172724640948   -6.543106915767   -4.289551866726
              H      4.566149455704   -5.192821068144   -4.969928225424
              H      7.737935494311   -2.390172678323   -3.038079364826
              H      2.803859446480    4.468388532870    4.120394343321
              H      7.376745462326    4.243384095492    3.058267791527
              H      8.786218269135    1.034715844987   -0.115317942789
$End
$SCF_Energy
   &GeometryIndex 11
   &ListStatus       OUT
   &SCF_ENERGY [&Type "Double"]      -8.7844052790408318e+02
$End
$DFT_Energy
   &GeometryIndex 11
   &ListStatus       OUT
   &NALPHAEL [&Type "Integer"] 70
   &NBETAEL [&Type "Integer"] 70
   &NTOTALEL [&Type "Integer"] 140
   &EEXCHANGE [&Type "Double"]      -9.3626169126558423e+01
   &ECORR [&Type "Double"]      -6.1571472714725051e+00
   &ECNL [&Type "Double"]       0.0000000000000000e+00
   &EXC [&Type "Double"]      -9.9783316398030934e+01
   &EEMBED [&Type "Double"]       0.0000000000000000e+00
   &FINALEN [&Type "Double"]      -8.7844052790408318e+02  "No Van der Waals correction"
$End
$Solvation_Details
   &GeometryIndex 11
   &ListStatus       OUT
   &SOLVENT [&Type "String"] "WATER"
   &EPSILON [&Type "Double"]       8.0150999999999996e+01
   &REFRAC [&Type "Double"]       1.3328000000000000e+00
   &RSOLV [&Type "Double"]       1.3000000000000000e+00
   &SURFACETYPE [&Type "String"] "GAUSSIAN VDW"
   &NPOINTS [&Type "Integer"] 2999
   &SURFACEAREA [&Type "Double"]       1.0804737922610000e+03
   &CPCMDIELENERGY [&Type "Double"]      -2.4190435000000000e-02
$End
$CIS_Absorption_Spectrum
   &GeometryIndex 11
   &ListStatus       OUT
   &TEMPERATURE [&Type "Double"]       2.9814999999999998e+02
   &METHOD [&Type "Integer"] 20
   &RELCORRECTION [&Type "Integer"] 1 "Type of relativistic treatment in QDPT. 0->Unknow, 1->None, 2->SOC, 3->SSC, 4->SOC/SSC"
   &DENSTYPE [&Type "Integer"] 3 "Type of density (electron/spin ...). 0->Unknow, 1->Electronic, 2->Spin, 3->Trans/Electronic, 4->Tran/Spin"
   &DERITYPE [&Type "Integer"] 0 "Type of derivative (w.r.t. to what perturbation). 0->Unknown, 1->No Derivative, 2->Electric/Dipole, 3->Electric/Quad, 4->Magnetic/Dipole, 5->Magnetic/Quad"
   &DENSLEVEL [&Type "Integer"] 0 "// Source of density: relaxed, unrelaxed, ... 0->Unknown, 1->Linearized, 2->Unrelaxed, 3->Relaxed"
   &REPRESENTATION [&Type "String"] "Length" "Possible values: Unknown,  Length, Velocity"
   &POINTGROUP [&Type "String"] "C1"
   &NTRANS [&Type "Integer"] 3
   &DOHIGHERMOMENTS [&Type "Boolean"] false
   &STATES [&Type "ArrayOfIntegers", &Dim (3,4)] "The initial and Final states. Col1: Initial State  Col2: Initial Irrep Col3: Final State Col4: Final Irrep"
                                                         0                           1                           2                           3

0                                                        0                           0                           1                           0
1                                                        0                           0                           2                           0
2                                                        0                           0                           3                           0
   &MULTIPLICITIES [&Type "ArrayOfDoubles", &Dim (3,2)] "Col1: Multiplicity of the initial state  Col2: Multiplicity of the final state"
                                                         0                           1

0                                      1.0000000000000000e+00         1.0000000000000000e+00
1                                      1.0000000000000000e+00         1.0000000000000000e+00
2                                      1.0000000000000000e+00         1.0000000000000000e+00
   &EXCITATIONENERGIES [&Type "ArrayOfDoubles", &Dim (3,11)] 
                                                         0                           1                           2                           3                           4                           5                           6                           7

0                                      3.8889770956424501e+00         3.1366718916284623e+04         3.1880924577062831e+02         2.0963664252332187e-01         2.2002584152974358e+00        -1.2172045509598455e+00         0.0000000000000000e+00        -7.3482318371501143e-01
1                                      4.2183614445258364e+00         3.4023383132287629e+04         2.9391550984564390e+02         1.9199160552205363e-01         1.8577203220299445e+00        -6.2754806276455322e-01         0.0000000000000000e+00        -9.6987250313975892e-01
2                                      4.3267867075541266e+00         3.4897891946608834e+04         2.8655025969188205e+02         3.8402129078058803e-03         3.6226943746554247e-02         5.7578313204906820e-02         0.0000000000000000e+00        -5.5031763552904643e-02
                                                         8                           9                          10

0                                      0.0000000000000000e+00        -4.2273677991749342e-01         0.0000000000000000e+00
1                                      0.0000000000000000e+00        -7.2336096010485595e-01         0.0000000000000000e+00
2                                      0.0000000000000000e+00         1.7286754060635298e-01         0.0000000000000000e+00
$End
$Geometry
   &GeometryIndex 12
   &ListStatus       OUT
   &NATOMS [&Type "Integer"] 34
   &NCORELESSECP [&Type "Integer"] 0
   &NGHOSTATOMS [&Type "Integer"] 0
   &CartesianCoordinates [&Type "Coordinates", &Dim(34,4), &Units "Bohr"] 
              C     -3.697598047614   -3.506899448543   -1.625301269113
              C     -2.847123887612   -5.253917124476   -3.415735468836
              C     -0.327887269063   -5.316511768054   -4.040777434993
              C     -2.042314421642   -1.846716769535   -0.494370794765
              C      0.574432900782   -1.838338857519   -1.074539422958
              O     -3.075165928267   -0.324366192352    1.384402419543
              C      1.402422452529   -3.646681450844   -2.898320517452
              C      4.017757722688   -3.796236640180   -3.578415790178
              C      5.762207855536   -2.258137350312   -2.519649196770
              C      2.454938571439   -0.167997699433    0.045003516096
              C      5.028745132505   -0.415504686707   -0.689825787284
              N      1.743641420857    1.593525417505    1.754075095116
              C      3.474184435723    3.085131255947    2.761763464930
              C      6.051114324028    2.967609345294    2.166730217093
              C      6.818086026733    1.203759990582    0.424295825357
              C     -3.670945749525    2.120544995168    0.767729776219
              O     -3.502316887508    2.926779984677   -1.389420497691
              N     -4.484855057529    3.433851757290    2.789731553772
              C     -4.749773778291    2.369586767724    5.318512319326
              C     -5.467480439738    5.982142567945    2.445299474142
              H     -7.502462264261    6.024008651353    2.802034795688
              H     -5.104536756559    6.607235349268    0.527567562899
              H     -4.544057614534    7.264761013150    3.770624020016
              H     -3.569371587085    0.709967906227    5.532174415602
              H     -6.716196499436    1.860541511020    5.701912659583
              H     -4.164052106403    3.787990835604    6.694404571599
              H      0.371141996635   -6.660845195756   -5.415766205487
              H     -5.669313128027   -3.430898694339   -1.089456799515
              H     -4.172942774798   -6.542631782341   -4.289638699385
              H      4.566544828866   -5.193342050090   -4.969606131628
              H      7.738049104699   -2.389942028692   -3.038435112779
              H      2.803007926509    4.467767594998    4.120614456707
              H      7.376086648943    4.242909226514    3.059199803513
              H      8.786067118923    1.035227623568   -0.115072607100
$End
$SCF_Energy
   &GeometryIndex 12
   &ListStatus       OUT
   &SCF_ENERGY [&Type "Double"]      -8.7844052780980667e+02
$End
$DFT_Energy
   &GeometryIndex 12
   &ListStatus       OUT
   &NALPHAEL [&Type "Integer"] 70
   &NBETAEL [&Type "Integer"] 70
   &NTOTALEL [&Type "Integer"] 140
   &EEXCHANGE [&Type "Double"]      -9.3626223458410152e+01
   &ECORR [&Type "Double"]      -6.1571507695676235e+00
   &ECNL [&Type "Double"]       0.0000000000000000e+00
   &EXC [&Type "Double"]      -9.9783374227977774e+01
   &EEMBED [&Type "Double"]       0.0000000000000000e+00
   &FINALEN [&Type "Double"]      -8.7844052780980667e+02  "No Van der Waals correction"
$End
$Solvation_Details
   &GeometryIndex 12
   &ListStatus       OUT
   &SOLVENT [&Type "String"] "WATER"
   &EPSILON [&Type "Double"]       8.0150999999999996e+01
   &REFRAC [&Type "Double"]       1.3328000000000000e+00
   &RSOLV [&Type "Double"]       1.3000000000000000e+00
   &SURFACETYPE [&Type "String"] "GAUSSIAN VDW"
   &NPOINTS [&Type "Integer"] 2999
   &SURFACEAREA [&Type "Double"]       1.0804583597190001e+03
   &CPCMDIELENERGY [&Type "Double"]      -2.4194841000000002e-02
$End
$CIS_Absorption_Spectrum
   &GeometryIndex 12
   &ListStatus       OUT
   &TEMPERATURE [&Type "Double"]       2.9814999999999998e+02
   &METHOD [&Type "Integer"] 20
   &RELCORRECTION [&Type "Integer"] 1 "Type of relativistic treatment in QDPT. 0->Unknow, 1->None, 2->SOC, 3->SSC, 4->SOC/SSC"
   &DENSTYPE [&Type "Integer"] 3 "Type of density (electron/spin ...). 0->Unknow, 1->Electronic, 2->Spin, 3->Trans/Electronic, 4->Tran/Spin"
   &DERITYPE [&Type "Integer"] 0 "Type of derivative (w.r.t. to what perturbation). 0->Unknown, 1->No Derivative, 2->Electric/Dipole, 3->Electric/Quad, 4->Magnetic/Dipole, 5->Magnetic/Quad"
   &DENSLEVEL [&Type "Integer"] 0 "// Source of density: relaxed, unrelaxed, ... 0->Unknown, 1->Linearized, 2->Unrelaxed, 3->Relaxed"
   &REPRESENTATION [&Type "String"] "Length" "Possible values: Unknown,  Length, Velocity"
   &POINTGROUP [&Type "String"] "C1"
   &NTRANS [&Type "Integer"] 3
   &DOHIGHERMOMENTS [&Type "Boolean"] false
   &STATES [&Type "ArrayOfIntegers", &Dim (3,4)] "The initial and Final states. Col1: Initial State  Col2: Initial Irrep Col3: Final State Col4: Final Irrep"
                                                         0                           1                           2                           3

0                                                        0                           0                           1                           0
1                                                        0                           0                           2                           0
2                                                        0                           0                           3                           0
   &MULTIPLICITIES [&Type "ArrayOfDoubles", &Dim (3,2)] "Col1: Multiplicity of the initial state  Col2: Multiplicity of the final state"
                                                         0                           1

0                                      1.0000000000000000e+00         1.0000000000000000e+00
1                                      1.0000000000000000e+00         1.0000000000000000e+00
2                                      1.0000000000000000e+00         1.0000000000000000e+00
   &EXCITATIONENERGIES [&Type "ArrayOfDoubles", &Dim (3,11)] 
                                                         0                           1                           2                           3                           4                           5                           6                           7

0                                      3.8891719916540719e+00         3.1368290858793949e+04         3.1879326945212085e+02         2.0943861137175723e-01         2.1980698070297895e+00        -1.2165810317936421e+00         0.0000000000000000e+00        -7.3442931496931385e-01
1                                      4.2185045308204572e+00         3.4024537201204403e+04         2.9390554060632508e+02         1.9197763125423661e-01         1.8575220994014829e+00        -6.2803262499472268e-01         0.0000000000000000e+00        -9.6974137424468976e-01
2                                      4.3270930152526033e+00         3.4900362485067591e+04         2.8652997527686369e+02         3.8393719874155086e-03         3.6216446976013679e-02         5.7227263267242777e-02         0.0000000000000000e+00        -5.5008294042842104e-02
                                                         8                           9                          10

0                                      0.0000000000000000e+00        -4.2262747357857727e-01         0.0000000000000000e+00
1                                      0.0000000000000000e+00        -7.2297910649045849e-01         0.0000000000000000e+00
2                                      0.0000000000000000e+00         1.7296119478499097e-01         0.0000000000000000e+00
$End
$Geometry
   &GeometryIndex 13
   &ListStatus       OUT
   &NATOMS [&Type "Integer"] 34
   &NCORELESSECP [&Type "Integer"] 0
   &NGHOSTATOMS [&Type "Integer"] 0
   &CartesianCoordinates [&Type "Coordinates", &Dim(34,4), &Units "Bohr"] 
              C     -3.697502765053   -3.507120008665   -1.625486011913
              C     -2.846890196312   -5.254076571397   -3.415932227617
              C     -0.327649403680   -5.316530448072   -4.040893699602
              C     -2.042452800225   -1.846716540510   -0.494496838991
              C      0.574339319885   -1.838099090738   -1.074750634423
              O     -3.075712094989   -0.324655608438    1.384442448229
              C      1.402483023810   -3.646574505866   -2.898381468503
              C      4.017874463455   -3.796444937605   -3.578188619166
              C      5.762321948200   -2.258286882659   -2.519549182003
              C      2.454913103706   -0.167758229831    0.044714150863
              C      5.028747740275   -0.415368745405   -0.690080982800
              N      1.743735349183    1.593658159036    1.753950937130
              C      3.474422533255    3.084969266283    2.761856535332
              C      6.051334834977    2.967428417843    2.166731389501
              C      6.818174390453    1.203784383071    0.424045966285
              C     -3.671388990924    2.120376934827    0.767983817266
              O     -3.501867726822    2.926946899434   -1.388971505411
              N     -4.486405025827    3.433445456209    2.789685393842
              C     -4.749483705645    2.370162790773    5.319076530758
              C     -5.467212721055    5.982442044772    2.445107092298
              H     -7.502436105856    6.025649666413    2.800257134693
              H     -5.102340454673    6.607745193458    0.527811506172
              H     -4.543921759238    7.264097189253    3.771452143377
              H     -3.567437038601    0.711729247067    5.533070662813
              H     -6.715240444796    1.859474321282    5.703636158274
              H     -4.164448305838    3.789797240254    6.693986513318
              H      0.371547707375   -6.660885561451   -5.415774898141
              H     -5.669225956606   -3.431379189081   -1.089631267319
              H     -4.172614890439   -6.542896980547   -4.289822143612
              H      4.566672832412   -5.193875389924   -4.969046814679
              H      7.738219053713   -2.390322107087   -3.038060717988
              H      2.803374183077    4.467406590410    4.120971538875
              H      7.376383002872    4.242538475119    3.059358895664
              H      8.786132948344    1.035189864470   -0.115384131582
$End
$SCF_Energy
   &GeometryIndex 13
   &ListStatus       OUT
   &SCF_ENERGY [&Type "Double"]      -8.7844052788667602e+02
$End
$DFT_Energy
   &GeometryIndex 13
   &ListStatus       OUT
   &NALPHAEL [&Type "Integer"] 70
   &NBETAEL [&Type "Integer"] 70
   &NTOTALEL [&Type "Integer"] 140
   &EEXCHANGE [&Type "Double"]      -9.3626120501782196e+01
   &ECORR [&Type "Double"]      -6.1571431125119593e+00
   &ECNL [&Type "Double"]       0.0000000000000000e+00
   &EXC [&Type "Double"]      -9.9783263614294157e+01
   &EEMBED [&Type "Double"]       0.0000000000000000e+00
   &FINALEN [&Type "Double"]      -8.7844052788667602e+02  "No Van der Waals correction"
$End
$Solvation_Details
   &GeometryIndex 13
   &ListStatus       OUT
   &SOLVENT [&Type "String"] "WATER"
   &EPSILON [&Type "Double"]       8.0150999999999996e+01
   &REFRAC [&Type "Double"]       1.3328000000000000e+00
   &RSOLV [&Type "Double"]       1.3000000000000000e+00
   &SURFACETYPE [&Type "String"] "GAUSSIAN VDW"
   &NPOINTS [&Type "Integer"] 2999
   &SURFACEAREA [&Type "Double"]       1.0804782599120001e+03
   &CPCMDIELENERGY [&Type "Double"]      -2.4189784999999998e-02
$End
$CIS_Absorption_Spectrum
   &GeometryIndex 13
   &ListStatus       OUT
   &TEMPERATURE [&Type "Double"]       2.9814999999999998e+02
   &METHOD [&Type "Integer"] 20
   &RELCORRECTION [&Type "Integer"] 1 "Type of relativistic treatment in QDPT. 0->Unknow, 1->None, 2->SOC, 3->SSC, 4->SOC/SSC"
   &DENSTYPE [&Type "Integer"] 3 "Type of density (electron/spin ...). 0->Unknow, 1->Electronic, 2->Spin, 3->Trans/Electronic, 4->Tran/Spin"
   &DERITYPE [&Type "Integer"] 0 "Type of derivative (w.r.t. to what perturbation). 0->Unknown, 1->No Derivative, 2->Electric/Dipole, 3->Electric/Quad, 4->Magnetic/Dipole, 5->Magnetic/Quad"
   &DENSLEVEL [&Type "Integer"] 0 "// Source of density: relaxed, unrelaxed, ... 0->Unknown, 1->Linearized, 2->Unrelaxed, 3->Relaxed"
   &REPRESENTATION [&Type "String"] "Length" "Possible values: Unknown,  Length, Velocity"
   &POINTGROUP [&Type "String"] "C1"
   &NTRANS [&Type "Integer"] 3
   &DOHIGHERMOMENTS [&Type "Boolean"] false
   &STATES [&Type "ArrayOfIntegers", &Dim (3,4)] "The initial and Final states. Col1: Initial State  Col2: Initial Irrep Col3: Final State Col4: Final Irrep"
                                                         0                           1                           2                           3

0                                                        0                           0                           1                           0
1                                                        0                           0                           2                           0
2                                                        0                           0                           3                           0
   &MULTIPLICITIES [&Type "ArrayOfDoubles", &Dim (3,2)] "Col1: Multiplicity of the initial state  Col2: Multiplicity of the final state"
                                                         0                           1

0                                      1.0000000000000000e+00         1.0000000000000000e+00
1                                      1.0000000000000000e+00         1.0000000000000000e+00
2                                      1.0000000000000000e+00         1.0000000000000000e+00
   &EXCITATIONENERGIES [&Type "ArrayOfDoubles", &Dim (3,11)] 
                                                         0                           1                           2                           3                           4                           5                           6                           7

0                                      3.8891244650240289e+00         3.1367907530631055e+04         3.1879716523121300e+02         2.0953539130242152e-01         2.1991123914430917e+00        -1.2168035061671130e+00         0.0000000000000000e+00        -7.3465768162942813e-01
1                                      4.2184918078987330e+00         3.4024434583909497e+04         2.9390642702198210e+02         1.9191313703447205e-01         1.8569036716737131e+00        -6.2756573734264232e-01         0.0000000000000000e+00        -9.6976234070863476e-01
2                                      4.3265720410925237e+00         3.4896160544649843e+04         2.8656447712076920e+02         3.8662031818915039e-03         3.6473934590321958e-02         5.7775065863433200e-02         0.0000000000000000e+00        -5.3755277175119069e-02
                                                         8                           9                          10

0                                      0.0000000000000000e+00        -4.2282349703556715e-01         0.0000000000000000e+00
1                                      0.0000000000000000e+00        -7.2292870985361235e-01         0.0000000000000000e+00
2                                      0.0000000000000000e+00         1.7391476800612429e-01         0.0000000000000000e+00
$End
$Geometry
   &GeometryIndex 14
   &ListStatus       OUT
   &NATOMS [&Type "Integer"] 34
   &NCORELESSECP [&Type "Integer"] 0
   &NGHOSTATOMS [&Type "Integer"] 0
   &CartesianCoordinates [&Type "Coordinates", &Dim(34,4), &Units "Bohr"] 
              C     -3.697665488656   -3.506678794370   -1.625910372562
              C     -2.846975305067   -5.253994324864   -3.415957834526
              C     -0.327612125063   -5.316911940049   -4.040390796979
              C     -2.042449995311   -1.846827134428   -0.494352037531
              C      0.574457811424   -1.838691217458   -1.074024714288
              O     -3.075716437456   -0.324570186257    1.384358947396
              C      1.402520270863   -3.646915582789   -2.897934967322
              C      4.017670914446   -3.795761763660   -3.578874337742
              C      5.762134917508   -2.257654053551   -2.520190300117
              C      2.455026386031   -0.168296094199    0.045407546026
              C      5.028814439410   -0.415751752577   -0.689597318677
              N      1.743780136352    1.593636434261    1.754087706388
              C      3.474362225329    3.085558896397    2.761279349099
              C      6.051358423239    2.967576747989    2.166601638916
              C      6.818290829905    1.203302220199    0.424595882692
              C     -3.671311054875    2.120457776662    0.767805892558
              O     -3.501963661105    2.926964260748   -1.389184887469
              N     -4.486016554907    3.433539564501    2.789624204575
              C     -4.749466425296    2.369885522949    5.318819748439
              C     -5.467308506009    5.982365591394    2.445250395614
              H     -7.502477885059    6.025183305032    2.800770225776
              H     -5.102897855378    6.607770723754    0.527898022545
              H     -4.544024048373    7.264174768023    3.771451099391
              H     -3.567933988690    0.711066064305    5.532563120371
              H     -6.715401097501    1.859718028386    5.703176837374
              H     -4.164082314221    3.789093621942    6.694023596802
              H      0.371600116603   -6.661324104604   -5.415208397962
              H     -5.669535960892   -3.430326119680   -1.090684941898
              H     -4.172750598991   -6.542593012963   -4.290097788364
              H      4.566264139247   -5.192277201524   -4.970731714394
              H      7.737835149849   -2.388824775527   -3.039669169486
              H      2.803174639193    4.468772130577    4.119536009097
              H      7.376371354341    4.242940872072    3.058918442743
              H      8.786280251203    1.034498230702   -0.114657257044
$End
$SCF_Energy
   &GeometryIndex 14
   &ListStatus       OUT
   &SCF_ENERGY [&Type "Double"]      -8.7844052774403985e+02
$End
$DFT_Energy
   &GeometryIndex 14
   &ListStatus       OUT
   &NALPHAEL [&Type "Integer"] 70
   &NBETAEL [&Type "Integer"] 70
   &NTOTALEL [&Type "Integer"] 140
   &EEXCHANGE [&Type "Double"]      -9.3626160600760301e+01
   &ECORR [&Type "Double"]      -6.1571445298207372e+00
   &ECNL [&Type "Double"]       0.0000000000000000e+00
   &EXC [&Type "Double"]      -9.9783305130581041e+01
   &EEMBED [&Type "Double"]       0.0000000000000000e+00
   &FINALEN [&Type "Double"]      -8.7844052774403985e+02  "No Van der Waals correction"
$End
$Solvation_Details
   &GeometryIndex 14
   &ListStatus       OUT
   &SOLVENT [&Type "String"] "WATER"
   &EPSILON [&Type "Double"]       8.0150999999999996e+01
   &REFRAC [&Type "Double"]       1.3328000000000000e+00
   &RSOLV [&Type "Double"]       1.3000000000000000e+00
   &SURFACETYPE [&Type "String"] "GAUSSIAN VDW"
   &NPOINTS [&Type "Integer"] 2999
   &SURFACEAREA [&Type "Double"]       1.0804856639770001e+03
   &CPCMDIELENERGY [&Type "Double"]      -2.4197430999999998e-02
$End
$CIS_Absorption_Spectrum
   &GeometryIndex 14
   &ListStatus       OUT
   &TEMPERATURE [&Type "Double"]       2.9814999999999998e+02
   &METHOD [&Type "Integer"] 20
   &RELCORRECTION [&Type "Integer"] 1 "Type of relativistic treatment in QDPT. 0->Unknow, 1->None, 2->SOC, 3->SSC, 4->SOC/SSC"
   &DENSTYPE [&Type "Integer"] 3 "Type of density (electron/spin ...). 0->Unknow, 1->Electronic, 2->Spin, 3->Trans/Electronic, 4->Tran/Spin"
   &DERITYPE [&Type "Integer"] 0 "Type of derivative (w.r.t. to what perturbation). 0->Unknown, 1->No Derivative, 2->Electric/Dipole, 3->Electric/Quad, 4->Magnetic/Dipole, 5->Magnetic/Quad"
   &DENSLEVEL [&Type "Integer"] 0 "// Source of density: relaxed, unrelaxed, ... 0->Unknown, 1->Linearized, 2->Unrelaxed, 3->Relaxed"
   &REPRESENTATION [&Type "String"] "Length" "Possible values: Unknown,  Length, Velocity"
   &POINTGROUP [&Type "String"] "C1"
   &NTRANS [&Type "Integer"] 3
   &DOHIGHERMOMENTS [&Type "Boolean"] false
   &STATES [&Type "ArrayOfIntegers", &Dim (3,4)] "The initial and Final states. Col1: Initial State  Col2: Initial Irrep Col3: Final State Col4: Final Irrep"
                                                         0                           1                           2                           3

0                                                        0                           0                           1                           0
1                                                        0                           0                           2                           0
2                                                        0                           0                           3                           0
   &MULTIPLICITIES [&Type "ArrayOfDoubles", &Dim (3,2)] "Col1: Multiplicity of the initial state  Col2: Multiplicity of the final state"
                                                         0                           1

0                                      1.0000000000000000e+00         1.0000000000000000e+00
1                                      1.0000000000000000e+00         1.0000000000000000e+00
2                                      1.0000000000000000e+00         1.0000000000000000e+00
   &EXCITATIONENERGIES [&Type "ArrayOfDoubles", &Dim (3,11)] 
                                                         0                           1                           2                           3                           4                           5                           6                           7

0                                      3.8891764625735070e+00         3.1368326919194864e+04         3.1879290297375769e+02         2.0937525373225127e-01         2.1974023390072213e+00        -1.2164229445416552e+00         0.0000000000000000e+00        -7.3431026481401729e-01
1                                      4.2185122644523316e+00         3.4024599577158609e+04         2.9390500180090874e+02         1.9196496533774901e-01         1.8573961424234557e+00        -6.2810945197563539e-01         0.0000000000000000e+00        -9.6961409339609705e-01
2                                      4.3274442342957737e+00         3.4903195257988140e+04         2.8650672026112977e+02         3.8215643415494441e-03         3.6045543346878026e-02         5.6665991468331234e-02         0.0000000000000000e+00        -5.5804416356796657e-02
                                                         8                           9                          10

0                                      0.0000000000000000e+00        -4.2249969702781820e-01         0.0000000000000000e+00
1                                      0.0000000000000000e+00        -7.2299596724323933e-01         0.0000000000000000e+00
2                                      0.0000000000000000e+00         1.7239598566343220e-01         0.0000000000000000e+00
$End
$Geometry
   &GeometryIndex 15
   &ListStatus       OUT
   &NATOMS [&Type "Integer"] 34
   &NCORELESSECP [&Type "Integer"] 0
   &NGHOSTATOMS [&Type "Integer"] 0
   &CartesianCoordinates [&Type "Coordinates", &Dim(34,4), &Units "Bohr"] 
              C     -3.697744276819   -3.507185135630   -1.625960254100
              C     -2.846886876756   -5.254232464699   -3.416185220091
              C     -0.327536292395   -5.316637091555   -4.040609874500
              C     -2.042819827358   -1.846903270229   -0.494541691701
              C      0.574106853495   -1.838083793644   -1.074288647301
              O     -3.076427078156   -0.324938838234    1.384238610450
              C      1.402333147648   -3.646502577371   -2.897969773729
              C      4.017587210732   -3.796084815324   -3.578213022135
              C      5.762037946490   -2.257931415349   -2.519674586637
              C      2.454789647579   -0.167623296490    0.045151525494
              C      5.028584236306   -0.415357740117   -0.689862608540
              N      1.744018750453    1.594137246790    1.754246977455
              C      3.475028784516    3.085446561892    2.761737950533
              C      6.051933949438    2.967429516333    2.166628225580
              C      6.818372017124    1.203484423354    0.424106452632
              C     -3.671253132067    2.120312972024    0.767867985468
              O     -3.501960885282    2.926714962040   -1.389158729469
              N     -4.485107720478    3.433732775407    2.789812973669
              C     -4.749631080379    2.369874575647    5.318805684285
              C     -5.467439539400    5.982113057029    2.445105435395
              H     -7.502530643875    6.024153921176    2.801200295544
              H     -5.103836972340    6.607185158956    0.527494029079
              H     -4.544316088955    7.264635870429    3.770723371213
              H     -3.568783307024    0.710585482520    5.532683961213
              H     -6.715882950551    1.860408867636    5.702507885161
              H     -4.164124067404    3.788699586151    6.694352020197
              H      0.371992038649   -6.660947236205   -5.415363957749
              H     -5.669569515186   -3.431293709450   -1.090502119063
              H     -4.172450048686   -6.543051644154   -4.290320198437
              H      4.566245756873   -5.193264367796   -4.969373778237
              H      7.737863575864   -2.389669868055   -3.038523782864
              H      2.804227471731    4.468261348968    4.120588849638
              H      7.377205561065    4.242430790592    3.059078740939
              H      8.786253755182    1.034475927528   -0.115472690099
$End
$SCF_Energy
   &GeometryIndex 15
   &ListStatus       OUT
   &SCF_ENERGY [&Type "Double"]      -8.7844052793173682e+02
$End
$DFT_Energy
   &GeometryIndex 15
   &ListStatus       OUT
   &NALPHAEL [&Type "Integer"] 70
   &NBETAEL [&Type "Integer"] 70
   &NTOTALEL [&Type "Integer"] 140
   &EEXCHANGE [&Type "Double"]      -9.3626076111577433e+01
   &ECORR [&Type "Double"]      -6.1571408414865338e+00
   &ECNL [&Type "Double"]       0.0000000000000000e+00
   &EXC [&Type "Double"]      -9.9783216953063970e+01
   &EEMBED [&Type "Double"]       0.0000000000000000e+00
   &FINALEN [&Type "Double"]      -8.7844052793173682e+02  "No Van der Waals correction"
$End
$Solvation_Details
   &GeometryIndex 15
   &ListStatus       OUT
   &SOLVENT [&Type "String"] "WATER"
   &EPSILON [&Type "Double"]       8.0150999999999996e+01
   &REFRAC [&Type "Double"]       1.3328000000000000e+00
   &RSOLV [&Type "Double"]       1.3000000000000000e+00
   &SURFACETYPE [&Type "String"] "GAUSSIAN VDW"
   &NPOINTS [&Type "Integer"] 2999
   &SURFACEAREA [&Type "Double"]       1.0804676282660000e+03
   &CPCMDIELENERGY [&Type "Double"]      -2.4191635999999999e-02
$End
$CIS_Absorption_Spectrum
   &GeometryIndex 15
   &ListStatus       OUT
   &TEMPERATURE [&Type "Double"]       2.9814999999999998e+02
   &METHOD [&Type "Integer"] 20
   &RELCORRECTION [&Type "Integer"] 1 "Type of relativistic treatment in QDPT. 0->Unknow, 1->None, 2->SOC, 3->SSC, 4->SOC/SSC"
   &DENSTYPE [&Type "Integer"] 3 "Type of density (electron/spin ...). 0->Unknow, 1->Electronic, 2->Spin, 3->Trans/Electronic, 4->Tran/Spin"
   &DERITYPE [&Type "Integer"] 0 "Type of derivative (w.r.t. to what perturbation). 0->Unknown, 1->No Derivative, 2->Electric/Dipole, 3->Electric/Quad, 4->Magnetic/Dipole, 5->Magnetic/Quad"
   &DENSLEVEL [&Type "Integer"] 0 "// Source of density: relaxed, unrelaxed, ... 0->Unknown, 1->Linearized, 2->Unrelaxed, 3->Relaxed"
   &REPRESENTATION [&Type "String"] "Length" "Possible values: Unknown,  Length, Velocity"
   &POINTGROUP [&Type "String"] "C1"
   &NTRANS [&Type "Integer"] 3
   &DOHIGHERMOMENTS [&Type "Boolean"] false
   &STATES [&Type "ArrayOfIntegers", &Dim (3,4)] "The initial and Final states. Col1: Initial State  Col2: Initial Irrep Col3: Final State Col4: Final Irrep"
                                                         0                           1                           2                           3

0                                                        0                           0                           1                           0
1                                                        0                           0                           2                           0
2                                                        0                           0                           3                           0
   &MULTIPLICITIES [&Type "ArrayOfDoubles", &Dim (3,2)] "Col1: Multiplicity of the initial state  Col2: Multiplicity of the final state"
                                                         0                           1

0                                      1.0000000000000000e+00         1.0000000000000000e+00
1                                      1.0000000000000000e+00         1.0000000000000000e+00
2                                      1.0000000000000000e+00         1.0000000000000000e+00
   &EXCITATIONENERGIES [&Type "ArrayOfDoubles", &Dim (3,11)] 
                                                         0                           1                           2                           3                           4                           5                           6                           7

0                                      3.8890775767246586e+00         3.1367529350952791e+04         3.1880100877936212e+02         2.0953689932574246e-01         2.1991547320079308e+00        -1.2170930949997498e+00         0.0000000000000000e+00        -7.3437671163846718e-01
1                                      4.2184297379550184e+00         3.4023933955998924e+04         2.9391075155895811e+02         1.9206977881344262e-01         1.8584466432453053e+00        -6.2783813108613096e-01         0.0000000000000000e+00        -9.7010105094732135e-01
2                                      4.3269479134208675e+00         3.4899192159745959e+04         2.8653958390287261e+02         3.8432774827749832e-03         3.6254502892904848e-02         5.7258419980558063e-02         0.0000000000000000e+00        -5.4909560473925888e-02
                                                         8                           9                          10

0                                      0.0000000000000000e+00        -4.2252807659956992e-01         0.0000000000000000e+00
1                                      0.0000000000000000e+00        -7.2330482878968960e-01         0.0000000000000000e+00
2                                      0.0000000000000000e+00         1.7309221935949390e-01         0.0000000000000000e+00
$End
$Geometry
   &GeometryIndex 16
   &ListStatus       OUT
   &NATOMS [&Type "Integer"] 34
   &NCORELESSECP [&Type "Integer"] 0
   &NGHOSTATOMS [&Type "Integer"] 0
   &CartesianCoordinates [&Type "Coordinates", &Dim(34,4), &Units "Bohr"] 
              C     -3.697887373422   -3.506414010939   -1.625993912819
              C     -2.847207309185   -5.254159967155   -3.415582846871
              C     -0.327873954418   -5.316876598961   -4.040195731658
              C     -2.042544900621   -1.846436432359   -0.494842847616
              C      0.574214228938   -1.837830080382   -1.074779282418
              O     -3.075341938245   -0.324675027062    1.384377308992
              C      1.402206491998   -3.646333570159   -2.898406349174
              C      4.017496761619   -3.795904120464   -3.578553770002
              C      5.762007742560   -2.258125760688   -2.519469171018
              C      2.454827568903   -0.167687033840    0.045140812105
              C      5.028643138720   -0.415544886324   -0.689571450406
              N      1.743876056124    1.593827623246    1.754417052661
              C      3.474668258006    3.085358663528    2.761885858364
              C      6.051529102171    2.967778277694    2.166530661343
              C      6.818231155031    1.203580147753    0.424351344713
              C     -3.671104184519    2.120177502133    0.767819825462
              O     -3.501846465633    2.926514056001   -1.389254782106
              N     -4.485778784721    3.433238987533    2.789591038705
              C     -4.749371516724    2.369486640654    5.318736212550
              C     -5.467120126572    5.981954109266    2.444894762029
              H     -7.502280128323    6.024793868028    2.800464142812
              H     -5.102789500141    6.607006341340    0.527413642929
              H     -4.543813957566    7.264034297562    3.770819650812
              H     -3.568116703423    0.710457511220    5.532359019519
              H     -6.715390571004    1.859618803627    5.703057138895
              H     -4.163740498389    3.788502054461    6.694034965826
              H      0.371453588256   -6.661814763312   -5.414440446560
              H     -5.669649779674   -3.430167375436   -1.090359418764
              H     -4.172842707840   -6.543335777684   -4.289082707243
              H      4.566249599928   -5.192940328407   -4.969824672187
              H      7.737869238275   -2.390059833744   -3.038140904095
              H      2.803730189351    4.468005445534    4.120842906496
              H      7.376635674101    4.243158434844    3.058686332659
              H      8.786157716536    1.034752780343   -0.115122928560
$End
$SCF_Energy
   &GeometryIndex 16
   &ListStatus       OUT
   &SCF_ENERGY [&Type "Double"]      -8.7844052779838501e+02
$End
$DFT_Energy
   &GeometryIndex 16
   &ListStatus       OUT
   &NALPHAEL [&Type "Integer"] 70
   &NBETAEL [&Type "Integer"] 70
   &NTOTALEL [&Type "Integer"] 140
   &EEXCHANGE [&Type "Double"]      -9.3626272319200481e+01
   &ECORR [&Type "Double"]      -6.1571545991834116e+00
   &ECNL [&Type "Double"]       0.0000000000000000e+00
   &EXC [&Type "Double"]      -9.9783426918383896e+01
   &EEMBED [&Type "Double"]       0.0000000000000000e+00
   &FINALEN [&Type "Double"]      -8.7844052779838501e+02  "No Van der Waals correction"
$End
$Solvation_Details
   &GeometryIndex 16
   &ListStatus       OUT
   &SOLVENT [&Type "String"] "WATER"
   &EPSILON [&Type "Double"]       8.0150999999999996e+01
   &REFRAC [&Type "Double"]       1.3328000000000000e+00
   &RSOLV [&Type "Double"]       1.3000000000000000e+00
   &SURFACETYPE [&Type "String"] "GAUSSIAN VDW"
   &NPOINTS [&Type "Integer"] 2999
   &SURFACEAREA [&Type "Double"]       1.0804522649620001e+03
   &CPCMDIELENERGY [&Type "Double"]      -2.4195405999999999e-02
$End
$CIS_Absorption_Spectrum
   &GeometryIndex 16
   &ListStatus       OUT
   &TEMPERATURE [&Type "Double"]       2.9814999999999998e+02
   &METHOD [&Type "Integer"] 20
   &RELCORRECTION [&Type "Integer"] 1 "Type of relativistic treatment in QDPT. 0->Unknow, 1->None, 2->SOC, 3->SSC, 4->SOC/SSC"
   &DENSTYPE [&Type "Integer"] 3 "Type of density (electron/spin ...). 0->Unknow, 1->Electronic, 2->Spin, 3->Trans/Electronic, 4->Tran/Spin"
   &DERITYPE [&Type "Integer"] 0 "Type of derivative (w.r.t. to what perturbation). 0->Unknown, 1->No Derivative, 2->Electric/Dipole, 3->Electric/Quad, 4->Magnetic/Dipole, 5->Magnetic/Quad"
   &DENSLEVEL [&Type "Integer"] 0 "// Source of density: relaxed, unrelaxed, ... 0->Unknown, 1->Linearized, 2->Unrelaxed, 3->Relaxed"
   &REPRESENTATION [&Type "String"] "Length" "Possible values: Unknown,  Length, Velocity"
   &POINTGROUP [&Type "String"] "C1"
   &NTRANS [&Type "Integer"] 3
   &DOHIGHERMOMENTS [&Type "Boolean"] false
   &STATES [&Type "ArrayOfIntegers", &Dim (3,4)] "The initial and Final states. Col1: Initial State  Col2: Initial Irrep Col3: Final State Col4: Final Irrep"
                                                         0                           1                           2                           3

0                                                        0                           0                           1                           0
1                                                        0                           0                           2                           0
2                                                        0                           0                           3                           0
   &MULTIPLICITIES [&Type "ArrayOfDoubles", &Dim (3,2)] "Col1: Multiplicity of the initial state  Col2: Multiplicity of the final state"
                                                         0                           1

0                                      1.0000000000000000e+00         1.0000000000000000e+00
1                                      1.0000000000000000e+00         1.0000000000000000e+00
2                                      1.0000000000000000e+00         1.0000000000000000e+00
   &EXCITATIONENERGIES [&Type "ArrayOfDoubles", &Dim (3,11)] 
                                                         0                           1                           2                           3                           4                           5                           6                           7

0                                      3.8890576918999495e+00         3.1367368969008647e+04         3.1880263881488196e+02         2.0955500411094696e-01         2.1993559926334405e+00        -1.2169420880024613e+00         0.0000000000000000e+00        -7.3462329978040886e-01
1                                      4.2184363884794234e+00         3.4023987596101331e+04         2.9391028819754973e+02         1.9198498508055195e-01         1.8576232595343052e+00        -6.2814332894922098e-01         0.0000000000000000e+00        -9.6963829257455725e-01
2                                      4.3275926344783553e+00         3.4904392186306228e+04         2.8649689548019757e+02         3.8239013111092874e-03         3.6066349163049183e-02         5.6970950383377968e-02         0.0000000000000000e+00        -5.5786303239542021e-02
                                                         8                           9                          10

0                                      0.0000000000000000e+00        -4.2277246185317463e-01         0.0000000000000000e+00
1                                      0.0000000000000000e+00        -7.2309114183759249e-01         0.0000000000000000e+00
2                                      0.0000000000000000e+00         1.7236167887999274e-01         0.0000000000000000e+00
$End
$Geometry
   &GeometryIndex 17
   &ListStatus       OUT
   &NATOMS [&Type "Integer"] 34
   &NCORELESSECP [&Type "Integer"] 0
   &NGHOSTATOMS [&Type "Integer"] 0
   &CartesianCoordinates [&Type "Coordinates", &Dim(34,4), &Units "Bohr"] 
              C     -3.697719200723   -3.507143504529   -1.625571125756
              C     -2.847167270535   -5.254055223580   -3.416085680545
              C     -0.327847527669   -5.316626972240   -4.040775409402
              C     -2.042454349671   -1.846936180462   -0.494539144252
              C      0.574293656561   -1.838415923146   -1.074291523102
              O     -3.075041260044   -0.324456847625    1.384178856009
              C      1.402342460009   -3.646877719319   -2.897991801321
              C      4.017588954033   -3.796283867562   -3.578214021813
              C      5.761784550604   -2.257762401907   -2.519740207961
              C      2.454644061094   -0.167701451228    0.045307893107
              C      5.028334210605   -0.415280895844   -0.689805272946
              N      1.743793197016    1.594160436997    1.754336637472
              C      3.474753984086    3.085541690293    2.761794741930
              C      6.051681290043    2.967441081982    2.166798246218
              C      6.818096221513    1.203544822487    0.424218874607
              C     -3.671051447520    2.120408428545    0.767727347184
              O     -3.502138786466    2.927286145193   -1.389173434336
              N     -4.485809594601    3.433221235991    2.789640902008
              C     -4.749394003766    2.369495698059    5.318798310247
              C     -5.467085209213    5.981935711181    2.444742653557
              H     -7.502251409045    6.024869965376    2.800263510282
              H     -5.102707551371    6.606769960432    0.527209125719
              H     -4.543763556733    7.264130767927    3.770547056361
              H     -3.568130904627    0.710469949631    5.532425863648
              H     -6.715409394325    1.859619750673    5.703129964927
              H     -4.163767506935    3.788523200186    6.694088799303
              H      0.371382237172   -6.660795132030   -5.415823399745
              H     -5.669462388836   -3.431135215379   -1.089825764484
              H     -4.172925802120   -6.542643881377   -4.290267211747
              H      4.566479701409   -5.193367955534   -4.969380369394
              H      7.737601095285   -2.389204967149   -3.038701440969
              H      2.803902934173    4.468458613425    4.120520920462
              H      7.376978147841    4.242388216688    3.059288877019
              H      8.785977064279    1.034560919290   -0.115368596600
$End
$SCF_Energy
   &GeometryIndex 17
   &ListStatus       OUT
   &SCF_ENERGY [&Type "Double"]      -8.7844052790109913e+02
$End
$DFT_Energy
   &GeometryIndex 17
   &ListStatus       OUT
   &NALPHAEL [&Type "Integer"] 70
   &NBETAEL [&Type "Integer"] 70
   &NTOTALEL [&Type "Integer"] 140
   &EEXCHANGE [&Type "Double"]      -9.3626200566675394e+01
   &ECORR [&Type "Double"]      -6.1571509681585459e+00
   &ECNL [&Type "Double"]       0.0000000000000000e+00
   &EXC [&Type "Double"]      -9.9783351534833940e+01
   &EEMBED [&Type "Double"]       0.0000000000000000e+00
   &FINALEN [&Type "Double"]      -8.7844052790109913e+02  "No Van der Waals correction"
$End
$Solvation_Details
   &GeometryIndex 17
   &ListStatus       OUT
   &SOLVENT [&Type "String"] "WATER"
   &EPSILON [&Type "Double"]       8.0150999999999996e+01
   &REFRAC [&Type "Double"]       1.3328000000000000e+00
   &RSOLV [&Type "Double"]       1.3000000000000000e+00
   &SURFACETYPE [&Type "String"] "GAUSSIAN VDW"
   &NPOINTS [&Type "Integer"] 2999
   &SURFACEAREA [&Type "Double"]       1.0804686277890000e+03
   &CPCMDIELENERGY [&Type "Double"]      -2.4188509000000000e-02
$End
$CIS_Absorption_Spectrum
   &GeometryIndex 17
   &ListStatus       OUT
   &TEMPERATURE [&Type "Double"]       2.9814999999999998e+02
   &METHOD [&Type "Integer"] 20
   &RELCORRECTION [&Type "Integer"] 1 "Type of relativistic treatment in QDPT. 0->Unknow, 1->None, 2->SOC, 3->SSC, 4->SOC/SSC"
   &DENSTYPE [&Type "Integer"] 3 "Type of density (electron/spin ...). 0->Unknow, 1->Electronic, 2->Spin, 3->Trans/Electronic, 4->Tran/Spin"
   &DERITYPE [&Type "Integer"] 0 "Type of derivative (w.r.t. to what perturbation). 0->Unknown, 1->No Derivative, 2->Electric/Dipole, 3->Electric/Quad, 4->Magnetic/Dipole, 5->Magnetic/Quad"
   &DENSLEVEL [&Type "Integer"] 0 "// Source of density: relaxed, unrelaxed, ... 0->Unknown, 1->Linearized, 2->Unrelaxed, 3->Relaxed"
   &REPRESENTATION [&Type "String"] "Length" "Possible values: Unknown,  Length, Velocity"
   &POINTGROUP [&Type "String"] "C1"
   &NTRANS [&Type "Integer"] 3
   &DOHIGHERMOMENTS [&Type "Boolean"] false
   &STATES [&Type "ArrayOfIntegers", &Dim (3,4)] "The initial and Final states. Col1: Initial State  Col2: Initial Irrep Col3: Final State Col4: Final Irrep"
                                                         0                           1                           2                           3

0                                                        0                           0                           1                           0
1                                                        0                           0                           2                           0
2                                                        0                           0                           3                           0
   &MULTIPLICITIES [&Type "ArrayOfDoubles", &Dim (3,2)] "Col1: Multiplicity of the initial state  Col2: Multiplicity of the final state"
                                                         0                           1

0                                      1.0000000000000000e+00         1.0000000000000000e+00
1                                      1.0000000000000000e+00         1.0000000000000000e+00
2                                      1.0000000000000000e+00         1.0000000000000000e+00
   &EXCITATIONENERGIES [&Type "ArrayOfDoubles", &Dim (3,11)] 
                                                         0                           1                           2                           3                           4                           5                           6                           7

0                                      3.8890562841469669e+00         3.1367357614713921e+04         3.1880275421443724e+02         2.0963076495702196e-01         2.2001519266769924e+00        -1.2172093912159641e+00         0.0000000000000000e+00        -7.3473335804602868e-01
1                                      4.2184129577987646e+00         3.4023798614897234e+04         2.9391192068781891e+02         1.9209937274523589e-01         1.8587403847006745e+00        -6.2820722505895565e-01         0.0000000000000000e+00        -9.7014515585442174e-01
2                                      4.3262674526177358e+00         3.4893703872666745e+04         2.8658465253478840e+02         3.8570036678247824e-03         3.6389707778080371e-02         5.7691258746596266e-02         0.0000000000000000e+00        -5.4181510258332413e-02
                                                         8                           9                          10

0                                      0.0000000000000000e+00        -4.2275302149962291e-01         0.0000000000000000e+00
1                                      0.0000000000000000e+00        -7.2312823458678543e-01         0.0000000000000000e+00
2                                      0.0000000000000000e+00         1.7356782647841124e-01         0.0000000000000000e+00
$End
$Geometry
   &GeometryIndex 18
   &ListStatus       OUT
   &NATOMS [&Type "Integer"] 34
   &NCORELESSECP [&Type "Integer"] 0
   &NGHOSTATOMS [&Type "Integer"] 0
   &CartesianCoordinates [&Type "Coordinates", &Dim(34,4), &Units "Bohr"] 
              C     -3.697780919252   -3.506739107064   -1.625411039173
              C     -2.847331334951   -5.253779848722   -3.415745148613
              C     -0.328022020975   -5.316458297994   -4.040453424800
              C     -2.042504191377   -1.846678369882   -0.494326563862
              C      0.574386341270   -1.838191540442   -1.074273225388
              O     -3.076144081422   -0.324681664806    1.384227475697
              C      1.402300437020   -3.646642578841   -2.897949427622
              C      4.017614332430   -3.796161723602   -3.578232698983
              C      5.762253714351   -2.257965202780   -2.519879612693
              C      2.455172643230   -0.167839750030    0.044962670701
              C      5.029029502373   -0.415319842219   -0.689950939393
              N      1.743924288553    1.593749271635    1.753938667221
              C      3.474488433964    3.085306865898    2.761688026242
              C      6.051467854689    2.967579865488    2.166902850716
              C      6.818444837387    1.203791836829    0.424380177451
              C     -3.671328953233    2.120336246122    0.767765898668
              O     -3.502014728268    2.927056045713   -1.389156291461
              N     -4.485697659262    3.433309700007    2.789678260592
              C     -4.749242535350    2.369147829053    5.318666640049
              C     -5.467082558415    5.981945757348    2.444561243938
              H     -7.502258928426    6.024840910147    2.800028777518
              H     -5.102694150519    6.606525764612    0.526943642664
              H     -4.543820310715    7.264359979698    3.770189678621
              H     -3.568158685721    0.709941995845    5.531807053004
              H     -6.715278534203    1.859392288614    5.703049973040
              H     -4.163314618551    3.787794482761    6.694218953556
              H      0.371089047163   -6.660810072283   -5.415381018955
              H     -5.669510273305   -3.430536955041   -1.089655590188
              H     -4.173123019874   -6.542407470610   -4.289814168737
              H      4.566236762763   -5.193338350820   -4.969417904472
              H      7.738004696940   -2.389829464013   -3.038998787955
              H      2.803285098943    4.468022174826    4.120442103733
              H      7.376456875609    4.242719978627    3.059578362556
              H      8.786453976775    1.035175869182   -0.114867136904
$End
$SCF_Energy
   &GeometryIndex 18
   &ListStatus       OUT
   &SCF_ENERGY [&Type "Double"]      -8.7844052772242344e+02
$End
$DFT_Energy
   &GeometryIndex 18
   &ListStatus       OUT
   &NALPHAEL [&Type "Integer"] 70
   &NBETAEL [&Type "Integer"] 70
   &NTOTALEL [&Type "Integer"] 140
   &EEXCHANGE [&Type "Double"]      -9.3626190117738943e+01
   &ECORR [&Type "Double"]      -6.1571502142101009e+00
   &ECNL [&Type "Double"]       0.0000000000000000e+00
   &EXC [&Type "Double"]      -9.9783340331949049e+01
   &EEMBED [&Type "Double"]       0.0000000000000000e+00
   &FINALEN [&Type "Double"]      -8.7844052772242344e+02  "No Van der Waals correction"
$End
$Solvation_Details
   &GeometryIndex 18
   &ListStatus       OUT
   &SOLVENT [&Type "String"] "WATER"
   &EPSILON [&Type "Double"]       8.0150999999999996e+01
   &REFRAC [&Type "Double"]       1.3328000000000000e+00
   &RSOLV [&Type "Double"]       1.3000000000000000e+00
   &SURFACETYPE [&Type "String"] "GAUSSIAN VDW"
   &NPOINTS [&Type "Integer"] 2999
   &SURFACEAREA [&Type "Double"]       1.0804631265710000e+03
   &CPCMDIELENERGY [&Type "Double"]      -2.4189486000000000e-02
$End
$CIS_Absorption_Spectrum
   &GeometryIndex 18
   &ListStatus       OUT
   &TEMPERATURE [&Type "Double"]       2.9814999999999998e+02
   &METHOD [&Type "Integer"] 20
   &RELCORRECTION [&Type "Integer"] 1 "Type of relativistic treatment in QDPT. 0->Unknow, 1->None, 2->SOC, 3->SSC, 4->SOC/SSC"
   &DENSTYPE [&Type "Integer"] 3 "Type of density (electron/spin ...). 0->Unknow, 1->Electronic, 2->Spin, 3->Trans/Electronic, 4->Tran/Spin"
   &DERITYPE [&Type "Integer"] 0 "Type of derivative (w.r.t. to what perturbation). 0->Unknown, 1->No Derivative, 2->Electric/Dipole, 3->Electric/Quad, 4->Magnetic/Dipole, 5->Magnetic/Quad"
   &DENSLEVEL [&Type "Integer"] 0 "// Source of density: relaxed, unrelaxed, ... 0->Unknown, 1->Linearized, 2->Unrelaxed, 3->Relaxed"
   &REPRESENTATION [&Type "String"] "Length" "Possible values: Unknown,  Length, Velocity"
   &POINTGROUP [&Type "String"] "C1"
   &NTRANS [&Type "Integer"] 3
   &DOHIGHERMOMENTS [&Type "Boolean"] false
   &STATES [&Type "ArrayOfIntegers", &Dim (3,4)] "The initial and Final states. Col1: Initial State  Col2: Initial Irrep Col3: Final State Col4: Final Irrep"
                                                         0                           1                           2                           3

0                                                        0                           0                           1                           0
1                                                        0                           0                           2                           0
2                                                        0                           0                           3                           0
   &MULTIPLICITIES [&Type "ArrayOfDoubles", &Dim (3,2)] "Col1: Multiplicity of the initial state  Col2: Multiplicity of the final state"
                                                         0                           1

0                                      1.0000000000000000e+00         1.0000000000000000e+00
1                                      1.0000000000000000e+00         1.0000000000000000e+00
2                                      1.0000000000000000e+00         1.0000000000000000e+00
   &EXCITATIONENERGIES [&Type "ArrayOfDoubles", &Dim (3,11)] 
                                                         0                           1                           2                           3                           4                           5                           6                           7

0                                      3.8888996187748250e+00         3.1366094023139318e+04         3.1881559726954924e+02         2.0956638873528952e-01         2.1995648810649828e+00        -1.2170421280788424e+00         0.0000000000000000e+00        -7.3459635290092740e-01
1                                      4.2183169838928034e+00         3.4023024533060918e+04         2.9391860768529796e+02         1.9192566838168174e-01         1.8571018844400515e+00        -6.2754909364823552e-01         0.0000000000000000e+00        -9.6974051999354849e-01
2                                      4.3284255399438791e+00         3.4911110022636552e+04         2.8644176577358741e+02         3.8262000920521681e-03         3.6081086543756316e-02         5.6328014991700488e-02         0.0000000000000000e+00        -5.5535860588941693e-02
                                                         8                           9                          10

0                                      0.0000000000000000e+00        -4.2277835546650377e-01         0.0000000000000000e+00
1                                      0.0000000000000000e+00        -7.2310949612349296e-01         0.0000000000000000e+00
2                                      0.0000000000000000e+00         1.7269629254705127e-01         0.0000000000000000e+00
$End
$Geometry
   &GeometryIndex 19
   &ListStatus       OUT
   &NATOMS [&Type "Integer"] 34
   &NCORELESSECP [&Type "Integer"] 0
   &NGHOSTATOMS [&Type "Integer"] 0
   &CartesianCoordinates [&Type "Coordinates", &Dim(34,4), &Units "Bohr"] 
              C     -3.697564617799   -3.506687779613   -1.625590288918
              C     -2.846699691363   -5.253709153598   -3.415823757971
              C     -0.327399338259   -5.316398958469   -4.040362540972
              C     -2.042520732403   -1.846650905532   -0.494167381650
              C      0.574237894519   -1.838127440852   -1.074191377880
              O     -3.075656452935   -0.324514786709    1.384589761163
              C      1.402550240755   -3.646405753549   -2.897894797952
              C      4.017702398286   -3.796100608600   -3.578400744214
              C      5.762089319369   -2.258051222392   -2.519717350922
              C      2.454619976055   -0.167748017730    0.045127013927
              C      5.028335856285   -0.415586274879   -0.689943974126
              N      1.743547106273    1.593994337549    1.754093438619
              C      3.474525199096    3.085171346087    2.761695199011
              C      6.051397307791    2.967109086008    2.166510928674
              C      6.817958483906    1.203334090982    0.423902879064
              C     -3.671212771363    2.120440838901    0.767810062545
              O     -3.501895009131    2.926720635235   -1.389260657673
              N     -4.485828527367    3.433536778828    2.789570023543
              C     -4.749217880839    2.369169486762    5.318477785205
              C     -5.467263640812    5.982270876127    2.444919559894
              H     -7.502424022141    6.025062665405    2.800478170545
              H     -5.102944907352    6.607287351000    0.527420434162
              H     -4.543971318454    7.264396118897    3.770807776871
              H     -3.568100108210    0.709972336327    5.531406562341
              H     -6.715224337129    1.859333143787    5.702902473932
              H     -4.163249716523    3.787684963407    6.694148061699
              H      0.371914880635   -6.660794991187   -5.415137085254
              H     -5.669406755193   -3.430720025709   -1.090211777858
              H     -4.172349748149   -6.542428720734   -4.289968320479
              H      4.566200553469   -5.193225548572   -4.969675313699
              H      7.737967341548   -2.389604411836   -3.038403480321
              H      2.803786421956    4.467968554363    4.120594596641
              H      7.376654673051    4.242109774305    3.058976266750
              H      8.785838262883    1.034528870713   -0.115734068888
$End
$SCF_Energy
   &GeometryIndex 19
   &ListStatus       OUT
   &SCF_ENERGY [&Type "Double"]      -8.7844052791621436e+02
$End
$DFT_Energy
   &GeometryIndex 19
   &ListStatus       OUT
   &NALPHAEL [&Type "Integer"] 70
   &NBETAEL [&Type "Integer"] 70
   &NTOTALEL [&Type "Integer"] 140
   &EEXCHANGE [&Type "Double"]      -9.3626417778204825e+01
   &ECORR [&Type "Double"]      -6.1571699293604372e+00
   &ECNL [&Type "Double"]       0.0000000000000000e+00
   &EXC [&Type "Double"]      -9.9783587707565260e+01
   &EEMBED [&Type "Double"]       0.0000000000000000e+00
   &FINALEN [&Type "Double"]      -8.7844052791621436e+02  "No Van der Waals correction"
$End
$Solvation_Details
   &GeometryIndex 19
   &ListStatus       OUT
   &SOLVENT [&Type "String"] "WATER"
   &EPSILON [&Type "Double"]       8.0150999999999996e+01
   &REFRAC [&Type "Double"]       1.3328000000000000e+00
   &RSOLV [&Type "Double"]       1.3000000000000000e+00
   &SURFACETYPE [&Type "String"] "GAUSSIAN VDW"
   &NPOINTS [&Type "Integer"] 2999
   &SURFACEAREA [&Type "Double"]       1.0804341576750001e+03
   &CPCMDIELENERGY [&Type "Double"]      -2.4187858999999999e-02
$End
$CIS_Absorption_Spectrum
   &GeometryIndex 19
   &ListStatus       OUT
   &TEMPERATURE [&Type "Double"]       2.9814999999999998e+02
   &METHOD [&Type "Integer"] 20
   &RELCORRECTION [&Type "Integer"] 1 "Type of relativistic treatment in QDPT. 0->Unknow, 1->None, 2->SOC, 3->SSC, 4->SOC/SSC"
   &DENSTYPE [&Type "Integer"] 3 "Type of density (electron/spin ...). 0->Unknow, 1->Electronic, 2->Spin, 3->Trans/Electronic, 4->Tran/Spin"
   &DERITYPE [&Type "Integer"] 0 "Type of derivative (w.r.t. to what perturbation). 0->Unknown, 1->No Derivative, 2->Electric/Dipole, 3->Electric/Quad, 4->Magnetic/Dipole, 5->Magnetic/Quad"
   &DENSLEVEL [&Type "Integer"] 0 "// Source of density: relaxed, unrelaxed, ... 0->Unknown, 1->Linearized, 2->Unrelaxed, 3->Relaxed"
   &REPRESENTATION [&Type "String"] "Length" "Possible values: Unknown,  Length, Velocity"
   &POINTGROUP [&Type "String"] "C1"
   &NTRANS [&Type "Integer"] 3
   &DOHIGHERMOMENTS [&Type "Boolean"] false
   &STATES [&Type "ArrayOfIntegers", &Dim (3,4)] "The initial and Final states. Col1: Initial State  Col2: Initial Irrep Col3: Final State Col4: Final Irrep"
                                                         0                           1                           2                           3

0                                                        0                           0                           1                           0
1                                                        0                           0                           2                           0
2                                                        0                           0                           3                           0
   &MULTIPLICITIES [&Type "ArrayOfDoubles", &Dim (3,2)] "Col1: Multiplicity of the initial state  Col2: Multiplicity of the final state"
                                                         0                           1

0                                      1.0000000000000000e+00         1.0000000000000000e+00
1                                      1.0000000000000000e+00         1.0000000000000000e+00
2                                      1.0000000000000000e+00         1.0000000000000000e+00
   &EXCITATIONENERGIES [&Type "ArrayOfDoubles", &Dim (3,11)] 
                                                         0                           1                           2                           3                           4                           5                           6                           7

0                                      3.8893002331918676e+00         3.1369325196659796e+04         3.1878275791105636e+02         2.0946212614686774e-01         2.1982441110044801e+00        -1.2165840386081197e+00         0.0000000000000000e+00        -7.3448559207385122e-01
1                                      4.2187791352907951e+00         3.4026752035856916e+04         2.9388641000651899e+02         1.9158589283282459e-01         1.8536110863075397e+00        -6.2703495893954631e-01         0.0000000000000000e+00        -9.6885511485016140e-01
2                                      4.3274157917226201e+00         3.4902965853140689e+04         2.8650860336844880e+02         3.8488126368382532e-03         3.6302791782603372e-02         5.7039654040267951e-02         0.0000000000000000e+00        -5.4543109630933083e-02
                                                         8                           9                          10

0                                      0.0000000000000000e+00        -4.2272722060965195e-01         0.0000000000000000e+00
1                                      0.0000000000000000e+00        -7.2232818926295661e-01         0.0000000000000000e+00
2                                      0.0000000000000000e+00         1.7341948806682000e-01         0.0000000000000000e+00
$End
$Geometry
   &GeometryIndex 20
   &ListStatus       OUT
   &NATOMS [&Type "Integer"] 34
   &NCORELESSECP [&Type "Integer"] 0
   &NGHOSTATOMS [&Type "Integer"] 0
   &CartesianCoordinates [&Type "Coordinates", &Dim(34,4), &Units "Bohr"] 
              C     -3.697669701265   -3.506890435672   -1.625465402822
              C     -2.847084424939   -5.253803351016   -3.415920991754
              C     -0.327773513294   -5.316480549598   -4.040557558806
              C     -2.042523098776   -1.846610849341   -0.494492371691
              C      0.574247333811   -1.837956749421   -1.074583054512
              O     -3.075640499471   -0.324608864806    1.384398862528
              C      1.402396119999   -3.646628441816   -2.897980128715
              C      4.017713077403   -3.796477648997   -3.577970462258
              C      5.762006857175   -2.257649062234   -2.520099328790
              C      2.454807000368   -0.167637411073    0.044960058778
              C      5.028547707363   -0.415156422931   -0.690171065130
              N      1.743858268788    1.593513455334    1.754589584817
              C      3.474534177680    3.085523045354    2.761511601525
              C      6.051458324844    2.967609729292    2.166507602965
              C      6.818274673895    1.203137542296    0.424666553256
              C     -3.671204742425    2.120326527196    0.767718917890
              O     -3.501821747498    2.926582427247   -1.389368180288
              N     -4.485788646642    3.433443043758    2.789523159036
              C     -4.749341426519    2.369491728381    5.318588270196
              C     -5.467276070266    5.982175521201    2.445198148030
              H     -7.502425829763    6.024843172126    2.800850242943
              H     -5.103041030638    6.607569134671    0.527804402485
              H     -4.543999793555    7.264086944241    3.771305764350
              H     -3.568157067315    0.710397867518    5.532033531765
              H     -6.715371967731    1.859676985654    5.702924085214
              H     -4.163609144728    3.788364743308    6.693990780192
              H      0.371452595497   -6.660883109053   -5.415375634113
              H     -5.669379248215   -3.431053736191   -1.089579250392
              H     -4.172816037441   -6.542494752993   -4.289987645213
              H      4.566484993920   -5.194064380455   -4.968679950667
              H      7.737811754944   -2.389250931275   -3.039066125328
              H      2.803553489048    4.468432225067    4.120179543648
              H      7.376608419047    4.242728286937    3.058970284018
              H      8.786358624839    1.033646089525   -0.114024359199
$End
$SCF_Energy
   &GeometryIndex 20
   &ListStatus       OUT
   &SCF_ENERGY [&Type "Double"]      -8.7844052787261717e+02
$End
$DFT_Energy
   &GeometryIndex 20
   &ListStatus       OUT
   &NALPHAEL [&Type "Integer"] 70
   &NBETAEL [&Type "Integer"] 70
   &NTOTALEL [&Type "Integer"] 140
   &EEXCHANGE [&Type "Double"]      -9.3626242008663212e+01
   &ECORR [&Type "Double"]      -6.1571539059693619e+00
   &ECNL [&Type "Double"]       0.0000000000000000e+00
   &EXC [&Type "Double"]      -9.9783395914632578e+01
   &EEMBED [&Type "Double"]       0.0000000000000000e+00
   &FINALEN [&Type "Double"]      -8.7844052787261717e+02  "No Van der Waals correction"
$End
$Solvation_Details
   &GeometryIndex 20
   &ListStatus       OUT
   &SOLVENT [&Type "String"] "WATER"
   &EPSILON [&Type "Double"]       8.0150999999999996e+01
   &REFRAC [&Type "Double"]       1.3328000000000000e+00
   &RSOLV [&Type "Double"]       1.3000000000000000e+00
   &SURFACETYPE [&Type "String"] "GAUSSIAN VDW"
   &NPOINTS [&Type "Integer"] 2998
   &SURFACEAREA [&Type "Double"]       1.0804559810559999e+03
   &CPCMDIELENERGY [&Type "Double"]      -2.4189707000000001e-02
$End
$CIS_Absorption_Spectrum
   &GeometryIndex 20
   &ListStatus       OUT
   &TEMPERATURE [&Type "Double"]       2.9814999999999998e+02
   &METHOD [&Type "Integer"] 20
   &RELCORRECTION [&Type "Integer"] 1 "Type of relativistic treatment in QDPT. 0->Unknow, 1->None, 2->SOC, 3->SSC, 4->SOC/SSC"
   &DENSTYPE [&Type "Integer"] 3 "Type of density (electron/spin ...). 0->Unknow, 1->Electronic, 2->Spin, 3->Trans/Electronic, 4->Tran/Spin"
   &DERITYPE [&Type "Integer"] 0 "Type of derivative (w.r.t. to what perturbation). 0->Unknown, 1->No Derivative, 2->Electric/Dipole, 3->Electric/Quad, 4->Magnetic/Dipole, 5->Magnetic/Quad"
   &DENSLEVEL [&Type "Integer"] 0 "// Source of density: relaxed, unrelaxed, ... 0->Unknown, 1->Linearized, 2->Unrelaxed, 3->Relaxed"
   &REPRESENTATION [&Type "String"] "Length" "Possible values: Unknown,  Length, Velocity"
   &POINTGROUP [&Type "String"] "C1"
   &NTRANS [&Type "Integer"] 3
   &DOHIGHERMOMENTS [&Type "Boolean"] false
   &STATES [&Type "ArrayOfIntegers", &Dim (3,4)] "The initial and Final states. Col1: Initial State  Col2: Initial Irrep Col3: Final State Col4: Final Irrep"
                                                         0                           1                           2                           3

0                                                        0                           0                           1                           0
1                                                        0                           0                           2                           0
2                                                        0                           0                           3                           0
   &MULTIPLICITIES [&Type "ArrayOfDoubles", &Dim (3,2)] "Col1: Multiplicity of the initial state  Col2: Multiplicity of the final state"
                                                         0                           1

0                                      1.0000000000000000e+00         1.0000000000000000e+00
1                                      1.0000000000000000e+00         1.0000000000000000e+00
2                                      1.0000000000000000e+00         1.0000000000000000e+00
   &EXCITATIONENERGIES [&Type "ArrayOfDoubles", &Dim (3,11)] 
                                                         0                           1                           2                           3                           4                           5                           6                           7

0                                      3.8891278198905890e+00         3.1367934589457531e+04         3.1879689022817922e+02         2.0958771903318357e-01         2.1996596830946586e+00        -1.2169375807795597e+00         0.0000000000000000e+00        -7.3481639290750556e-01
1                                      4.2185038480005659e+00         3.4024531693890000e+04         2.9390558817877172e+02         1.9193710244936640e-01         1.8571302545724575e+00        -6.2745391216475965e-01         0.0000000000000000e+00        -9.6987240809417308e-01
2                                      4.3263005294244214e+00         3.4893970655132267e+04         2.8658246144679384e+02         3.8555777837883140e-03         3.6375976861625095e-02         5.7769193965384602e-02         0.0000000000000000e+00        -5.4310939616166475e-02
                                                         8                           9                          10

0                                      0.0000000000000000e+00        -4.2280903052732183e-01         0.0000000000000000e+00
1                                      0.0000000000000000e+00        -7.2303482260483509e-01         0.0000000000000000e+00
2                                      0.0000000000000000e+00         1.7346186591935411e-01         0.0000000000000000e+00
$End
$Geometry
   &GeometryIndex 21
   &ListStatus       OUT
   &NATOMS [&Type "Integer"] 34
   &NCORELESSECP [&Type "Integer"] 0
   &NGHOSTATOMS [&Type "Integer"] 0
   &CartesianCoordinates [&Type "Coordinates", &Dim(34,4), &Units "Bohr"] 
              C     -3.697770948354   -3.507011649138   -1.625740729947
              C     -2.847208044577   -5.254115276715   -3.416144656741
              C     -0.327866089169   -5.316922891072   -4.040742921124
              C     -2.042606068370   -1.846883198898   -0.494353403470
              C      0.574218485622   -1.838333999716   -1.074472627370
              O     -3.075485221681   -0.324632138444    1.384667187783
              C      1.402239327126   -3.646838291961   -2.898199728336
              C      4.017588479333   -3.796135286353   -3.578292594315
              C      5.762014650163   -2.257887232419   -2.519679097717
              C      2.454884133423   -0.167757273151    0.044988546099
              C      5.028717172347   -0.415250117453   -0.689823657625
              N      1.743961574350    1.593910375925    1.754111666765
              C      3.474694054094    3.085387241445    2.761783167371
              C      6.051657764531    2.967676528256    2.166871389994
              C      6.818331964394    1.203746490149    0.424397996469
              C     -3.671212499884    2.120468330872    0.767968037442
              O     -3.501873793320    2.926585823534   -1.389126915400
              N     -4.485935668441    3.433834983709    2.789589306619
              C     -4.749201074301    2.369189232320    5.318372848737
              C     -5.467456460134    5.982713665286    2.445035207392
              H     -7.502607710603    6.025444910259    2.800627721393
              H     -5.103161740445    6.607834384992    0.527560551998
              H     -4.544147477476    7.264756429079    3.770988615434
              H     -3.567990254321    0.710013366711    5.530936302494
              H     -6.715150649067    1.859154507897    5.702827102663
              H     -4.163204862030    3.787471067554    6.694270591851
              H      0.371397857870   -6.661347929759   -5.415526913858
              H     -5.669570839671   -3.431007330228   -1.090189969628
              H     -4.173034239630   -6.542719877665   -4.290207236311
              H      4.566496124502   -5.193225986152   -4.969451414423
              H      7.737817358590   -2.389694591859   -3.038612527893
              H      2.803596308811    4.468066285204    4.120630279977
              H      7.376759933156    4.242779113518    3.059433833603
              H      8.786280933075    1.034872449489   -0.114986659415
$End
$SCF_Energy
   &GeometryIndex 21
   &ListStatus       OUT
   &SCF_ENERGY [&Type "Double"]      -8.7844052774814020e+02
$End
$DFT_Energy
   &GeometryIndex 21
   &ListStatus       OUT
   &NALPHAEL [&Type "Integer"] 70
   &NBETAEL [&Type "Integer"] 70
   &NTOTALEL [&Type "Integer"] 140
   &EEXCHANGE [&Type "Double"]      -9.3625978212316227e+01
   &ECORR [&Type "Double"]      -6.1571310454809138e+00
   &ECNL [&Type "Double"]       0.0000000000000000e+00
   &EXC [&Type "Double"]      -9.9783109257797136e+01
   &EEMBED [&Type "Double"]       0.0000000000000000e+00
   &FINALEN [&Type "Double"]      -8.7844052774814020e+02  "No Van der Waals correction"
$End
$Solvation_Details
   &GeometryIndex 21
   &ListStatus       OUT
   &SOLVENT [&Type "String"] "WATER"
   &EPSILON [&Type "Double"]       8.0150999999999996e+01
   &REFRAC [&Type "Double"]       1.3328000000000000e+00
   &RSOLV [&Type "Double"]       1.3000000000000000e+00
   &SURFACETYPE [&Type "String"] "GAUSSIAN VDW"
   &NPOINTS [&Type "Integer"] 2998
   &SURFACEAREA [&Type "Double"]       1.0804829717620000e+03
   &CPCMDIELENERGY [&Type "Double"]      -2.4193421000000000e-02
$End
$CIS_Absorption_Spectrum
   &GeometryIndex 21
   &ListStatus       OUT
   &TEMPERATURE [&Type "Double"]       2.9814999999999998e+02
   &METHOD [&Type "Integer"] 20
   &RELCORRECTION [&Type "Integer"] 1 "Type of relativistic treatment in QDPT. 0->Unknow, 1->None, 2->SOC, 3->SSC, 4->SOC/SSC"
   &DENSTYPE [&Type "Integer"] 3 "Type of density (electron/spin ...). 0->Unknow, 1->Electronic, 2->Spin, 3->Trans/Electronic, 4->Tran/Spin"
   &DERITYPE [&Type "Integer"] 0 "Type of derivative (w.r.t. to what perturbation). 0->Unknown, 1->No Derivative, 2->Electric/Dipole, 3->Electric/Quad, 4->Magnetic/Dipole, 5->Magnetic/Quad"
   &DENSLEVEL [&Type "Integer"] 0 "// Source of density: relaxed, unrelaxed, ... 0->Unknown, 1->Linearized, 2->Unrelaxed, 3->Relaxed"
   &REPRESENTATION [&Type "String"] "Length" "Possible values: Unknown,  Length, Velocity"
   &POINTGROUP [&Type "String"] "C1"
   &NTRANS [&Type "Integer"] 3
   &DOHIGHERMOMENTS [&Type "Boolean"] false
   &STATES [&Type "ArrayOfIntegers", &Dim (3,4)] "The initial and Final states. Col1: Initial State  Col2: Initial Irrep Col3: Final State Col4: Final Irrep"
                                                         0                           1                           2                           3

0                                                        0                           0                           1                           0
1                                                        0                           0                           2                           0
2                                                        0                           0                           3                           0
   &MULTIPLICITIES [&Type "ArrayOfDoubles", &Dim (3,2)] "Col1: Multiplicity of the initial state  Col2: Multiplicity of the final state"
                                                         0                           1

0                                      1.0000000000000000e+00         1.0000000000000000e+00
1                                      1.0000000000000000e+00         1.0000000000000000e+00
2                                      1.0000000000000000e+00         1.0000000000000000e+00
   &EXCITATIONENERGIES [&Type "ArrayOfDoubles", &Dim (3,11)] 
                                                         0                           1                           2                           3                           4                           5                           6                           7

0                                      3.8889523079659516e+00         3.1366518990169810e+04         3.1881127781931986e+02         2.0946022575228401e-01         2.1984208311018412e+00        -1.2168582019094960e+00         0.0000000000000000e+00        -7.3427937193820836e-01
1                                      4.2182696264283601e+00         3.4022642569310752e+04         2.9392190743643886e+02         1.9215946364903663e-01         1.8593849975349968e+00        -6.2884308110567178e-01         0.0000000000000000e+00        -9.7007427298779758e-01
2                                      4.3274484302964176e+00         3.4903229101019228e+04         2.8650644245715313e+02         3.8367052740593864e-03         3.6188319706243435e-02         5.6910289234856595e-02         0.0000000000000000e+00        -5.5078072255202899e-02
                                                         8                           9                          10

0                                      0.0000000000000000e+00        -4.2250532717761025e-01         0.0000000000000000e+00
1                                      0.0000000000000000e+00        -7.2311636806790536e-01         0.0000000000000000e+00
2                                      0.0000000000000000e+00         1.7296226363602857e-01         0.0000000000000000e+00
$End
$Geometry
   &GeometryIndex 22
   &ListStatus       OUT
   &NATOMS [&Type "Integer"] 34
   &NCORELESSECP [&Type "Integer"] 0
   &NGHOSTATOMS [&Type "Integer"] 0
   &CartesianCoordinates [&Type "Coordinates", &Dim(34,4), &Units "Bohr"] 
              C     -3.697784374276   -3.506644207312   -1.625806822511
              C     -2.847063151924   -5.254239090814   -3.415541488115
              C     -0.327898445502   -5.316289689889   -4.040865655159
              C     -2.042569221526   -1.846514327874   -0.494682694023
              C      0.574328752427   -1.838345744166   -1.074215771380
              O     -3.075610273813   -0.324595148519    1.384344981189
              C      1.402318361445   -3.646522985268   -2.898179476287
              C      4.017671732117   -3.796379022867   -3.578056377657
              C      5.762033086642   -2.257807696125   -2.519888136191
              C      2.454947170157   -0.168115467276    0.045481356621
              C      5.028640005936   -0.415307015585   -0.689932704763
              N      1.743822141846    1.593929986535    1.754118045323
              C      3.474564452841    3.085539788512    2.761532591598
              C      6.051597036590    2.967218146112    2.167065957034
              C      6.818197463214    1.203796563624    0.424058365485
              C     -3.671194996626    2.120337999216    0.767772324777
              O     -3.501796505363    2.926494738954   -1.389345019937
              N     -4.485816648523    3.433482387449    2.789568364184
              C     -4.749345512944    2.369471354557    5.318629590788
              C     -5.467297854916    5.982237448377    2.445183552109
              H     -7.502451423386    6.024931689591    2.800805519996
              H     -5.103034789928    6.607564739079    0.527771934207
              H     -4.544021828936    7.264183944051    3.771257089521
              H     -3.568138273561    0.710381647736    5.531998143667
              H     -6.715362132904    1.859611613161    5.702974135295
              H     -4.163605076095    3.788298910516    6.694075246854
              H      0.371306443861   -6.660612324454   -5.415774201152
              H     -5.669539277094   -3.430589534007   -1.090116963218
              H     -4.172660107827   -6.543502879805   -4.288970049925
              H      4.566457725015   -5.193796314098   -4.968931737453
              H      7.737832396835   -2.389459520023   -3.038867227749
              H      2.803462368731    4.468829315953    4.119754015502
              H      7.376777557440    4.242108649477    3.059810898286
              H      8.786073125836    1.035288053892   -0.115700858082
$End
$SCF_Energy
   &GeometryIndex 22
   &ListStatus       OUT
   &SCF_ENERGY [&Type "Double"]      -8.7844052785485610e+02
$End
$DFT_Energy
   &GeometryIndex 22
   &ListStatus       OUT
   &NALPHAEL [&Type "Integer"] 70
   &NBETAEL [&Type "Integer"] 70
   &NTOTALEL [&Type "Integer"] 140
   &EEXCHANGE [&Type "Double"]      -9.3626156258921640e+01
   &ECORR [&Type "Double"]      -6.1571487864831242e+00
   &ECNL [&Type "Double"]       0.0000000000000000e+00
   &EXC [&Type "Double"]      -9.9783305045404759e+01
   &EEMBED [&Type "Double"]       0.0000000000000000e+00
   &FINALEN [&Type "Double"]      -8.7844052785485610e+02  "No Van der Waals correction"
$End
$Solvation_Details
   &GeometryIndex 22
   &ListStatus       OUT
   &SOLVENT [&Type "String"] "WATER"
   &EPSILON [&Type "Double"]       8.0150999999999996e+01
   &REFRAC [&Type "Double"]       1.3328000000000000e+00
   &RSOLV [&Type "Double"]       1.3000000000000000e+00
   &SURFACETYPE [&Type "String"] "GAUSSIAN VDW"
   &NPOINTS [&Type "Integer"] 3000
   &SURFACEAREA [&Type "Double"]       1.0804589512110001e+03
   &CPCMDIELENERGY [&Type "Double"]      -2.4190544000000001e-02
$End
$CIS_Absorption_Spectrum
   &GeometryIndex 22
   &ListStatus       OUT
   &TEMPERATURE [&Type "Double"]       2.9814999999999998e+02
   &METHOD [&Type "Integer"] 20
   &RELCORRECTION [&Type "Integer"] 1 "Type of relativistic treatment in QDPT. 0->Unknow, 1->None, 2->SOC, 3->SSC, 4->SOC/SSC"
   &DENSTYPE [&Type "Integer"] 3 "Type of density (electron/spin ...). 0->Unknow, 1->Electronic, 2->Spin, 3->Trans/Electronic, 4->Tran/Spin"
   &DERITYPE [&Type "Integer"] 0 "Type of derivative (w.r.t. to what perturbation). 0->Unknown, 1->No Derivative, 2->Electric/Dipole, 3->Electric/Quad, 4->Magnetic/Dipole, 5->Magnetic/Quad"
   &DENSLEVEL [&Type "Integer"] 0 "// Source of density: relaxed, unrelaxed, ... 0->Unknown, 1->Linearized, 2->Unrelaxed, 3->Relaxed"
   &REPRESENTATION [&Type "String"] "Length" "Possible values: Unknown,  Length, Velocity"
   &POINTGROUP [&Type "String"] "C1"
   &NTRANS [&Type "Integer"] 3
   &DOHIGHERMOMENTS [&Type "Boolean"] false
   &STATES [&Type "ArrayOfIntegers", &Dim (3,4)] "The initial and Final states. Col1: Initial State  Col2: Initial Irrep Col3: Final State Col4: Final Irrep"
                                                         0                           1                           2                           3

0                                                        0                           0                           1                           0
1                                                        0                           0                           2                           0
2                                                        0                           0                           3                           0
   &MULTIPLICITIES [&Type "ArrayOfDoubles", &Dim (3,2)] "Col1: Multiplicity of the initial state  Col2: Multiplicity of the final state"
                                                         0                           1

0                                      1.0000000000000000e+00         1.0000000000000000e+00
1                                      1.0000000000000000e+00         1.0000000000000000e+00
2                                      1.0000000000000000e+00         1.0000000000000000e+00
   &EXCITATIONENERGIES [&Type "ArrayOfDoubles", &Dim (3,11)] 
                                                         0                           1                           2                           3                           4                           5                           6                           7

0                                      3.8891451176113545e+00         3.1368074104998970e+04         3.1879547231770755e+02         2.0958578413317333e-01         2.1996295926623226e+00        -1.2169237651801312e+00         0.0000000000000000e+00        -7.3477191071201753e-01
1                                      4.2184948243292215e+00         3.4024458913064678e+04         2.9390621686448651e+02         1.9204973531965902e-01         1.8582240339062408e+00        -6.2799068548592496e-01         0.0000000000000000e+00        -9.6991299329871283e-01
2                                      4.3264873264407973e+00         3.4895477274832760e+04         2.8657008818767980e+02         3.8217894813607324e-03         3.6055639715792349e-02         5.6903772402750678e-02         0.0000000000000000e+00        -5.5739567399336748e-02
                                                         8                           9                          10

0                                      0.0000000000000000e+00        -4.2289050785131854e-01         0.0000000000000000e+00
1                                      0.0000000000000000e+00        -7.2327070884938360e-01         0.0000000000000000e+00
2                                      0.0000000000000000e+00         1.7236792343200952e-01         0.0000000000000000e+00
$End
$Geometry
   &GeometryIndex 23
   &ListStatus       OUT
   &NATOMS [&Type "Integer"] 34
   &NCORELESSECP [&Type "Integer"] 0
   &NGHOSTATOMS [&Type "Integer"] 0
   &CartesianCoordinates [&Type "Coordinates", &Dim(34,4), &Units "Bohr"] 
              C     -3.697156137717   -3.506732883057   -1.625657533073
              C     -2.847038501036   -5.253974387928   -3.415965790198
              C     -0.327809420592   -5.316760038187   -4.040696263585
              C     -2.042086466827   -1.846651022877   -0.494311924760
              C      0.574599407719   -1.838121494016   -1.074242184396
              O     -3.075800952058   -0.324690600179    1.384322212270
              C      1.402197124442   -3.646746425007   -2.898095562834
              C      4.017262090489   -3.796488829581   -3.578543393674
              C      5.761718308672   -2.258290875747   -2.519968937827
              C      2.455024572703   -0.167559466166    0.045206350732
              C      5.028650718978   -0.415439200254   -0.690004197301
              N      1.743826487671    1.594139579839    1.754314980430
              C      3.474499453536    3.085640224065    2.762009506735
              C      6.051387482726    2.967547910641    2.166881094208
              C      6.818083763853    1.203649246086    0.424297909249
              C     -3.671243896191    2.120325935652    0.767704144402
              O     -3.501853936027    2.926682130381   -1.389338394060
              N     -4.485771230016    3.433460189069    2.789531973558
              C     -4.749347852253    2.369511365117    5.318590149959
              C     -5.467281066836    5.982199201517    2.445187537894
              H     -7.502430596625    6.024856848594    2.800842884132
              H     -5.103050358208    6.607581799944    0.527790697820
              H     -4.544009065693    7.264121630944    3.771286854904
              H     -3.568161527995    0.710416880568    5.532033201022
              H     -6.715379103147    1.859687525989    5.702913500857
              H     -4.163628257324    3.788378871360    6.694003855777
              H      0.371538556810   -6.661082635083   -5.415527942927
              H     -5.668898252172   -3.430449154162   -1.089971046460
              H     -4.173066687929   -6.542488680694   -4.289839100877
              H      4.565862465468   -5.193671136926   -4.969727192408
              H      7.737500048074   -2.390186477020   -3.038956742767
              H      2.803528150175    4.468413617592    4.120825388493
              H      7.376698156904    4.242500841632    3.059349643213
              H      8.786085286284    1.034988738148   -0.114962054726
$End
$SCF_Energy
   &GeometryIndex 23
   &ListStatus       OUT
   &SCF_ENERGY [&Type "Double"]      -8.7844052778867047e+02
$End
$DFT_Energy
   &GeometryIndex 23
   &ListStatus       OUT
   &NALPHAEL [&Type "Integer"] 70
   &NBETAEL [&Type "Integer"] 70
   &NTOTALEL [&Type "Integer"] 140
   &EEXCHANGE [&Type "Double"]      -9.3626228084630682e+01
   &ECORR [&Type "Double"]      -6.1571496194962503e+00
   &ECNL [&Type "Double"]       0.0000000000000000e+00
   &EXC [&Type "Double"]      -9.9783377704126934e+01
   &EEMBED [&Type "Double"]       0.0000000000000000e+00
   &FINALEN [&Type "Double"]      -8.7844052778867047e+02  "No Van der Waals correction"
$End
$Solvation_Details
   &GeometryIndex 23
   &ListStatus       OUT
   &SOLVENT [&Type "String"] "WATER"
   &EPSILON [&Type "Double"]       8.0150999999999996e+01
   &REFRAC [&Type "Double"]       1.3328000000000000e+00
   &RSOLV [&Type "Double"]       1.3000000000000000e+00
   &SURFACETYPE [&Type "String"] "GAUSSIAN VDW"
   &NPOINTS [&Type "Integer"] 3000
   &SURFACEAREA [&Type "Double"]       1.0804670056040000e+03
   &CPCMDIELENERGY [&Type "Double"]      -2.4193269000000000e-02
$End
$CIS_Absorption_Spectrum
   &GeometryIndex 23
   &ListStatus       OUT
   &TEMPERATURE [&Type "Double"]       2.9814999999999998e+02
   &METHOD [&Type "Integer"] 20
   &RELCORRECTION [&Type "Integer"] 1 "Type of relativistic treatment in QDPT. 0->Unknow, 1->None, 2->SOC, 3->SSC, 4->SOC/SSC"
   &DENSTYPE [&Type "Integer"] 3 "Type of density (electron/spin ...). 0->Unknow, 1->Electronic, 2->Spin, 3->Trans/Electronic, 4->Tran/Spin"
   &DERITYPE [&Type "Integer"] 0 "Type of derivative (w.r.t. to what perturbation). 0->Unknown, 1->No Derivative, 2->Electric/Dipole, 3->Electric/Quad, 4->Magnetic/Dipole, 5->Magnetic/Quad"
   &DENSLEVEL [&Type "Integer"] 0 "// Source of density: relaxed, unrelaxed, ... 0->Unknown, 1->Linearized, 2->Unrelaxed, 3->Relaxed"
   &REPRESENTATION [&Type "String"] "Length" "Possible values: Unknown,  Length, Velocity"
   &POINTGROUP [&Type "String"] "C1"
   &NTRANS [&Type "Integer"] 3
   &DOHIGHERMOMENTS [&Type "Boolean"] false
   &STATES [&Type "ArrayOfIntegers", &Dim (3,4)] "The initial and Final states. Col1: Initial State  Col2: Initial Irrep Col3: Final State Col4: Final Irrep"
                                                         0                           1                           2                           3

0                                                        0                           0                           1                           0
1                                                        0                           0                           2                           0
2                                                        0                           0                           3                           0
   &MULTIPLICITIES [&Type "ArrayOfDoubles", &Dim (3,2)] "Col1: Multiplicity of the initial state  Col2: Multiplicity of the final state"
                                                         0                           1

0                                      1.0000000000000000e+00         1.0000000000000000e+00
1                                      1.0000000000000000e+00         1.0000000000000000e+00
2                                      1.0000000000000000e+00         1.0000000000000000e+00
   &EXCITATIONENERGIES [&Type "ArrayOfDoubles", &Dim (3,11)] 
                                                         0                           1                           2                           3                           4                           5                           6                           7

0                                      3.8889764663675788e+00         3.1366713840839966e+04         3.1880929735711868e+02         2.0939345047248806e-01         2.1977063289782954e+00        -1.2169789861110416e+00         0.0000000000000000e+00        -7.3382976396132038e-01
1                                      4.2184410094441889e+00         3.4024024866699576e+04         2.9390996624233384e+02         1.9188667202292800e-01         1.8566699605646209e+00        -6.2924435819331737e-01         0.0000000000000000e+00        -9.6911171428821441e-01
2                                      4.3274697468557290e+00         3.4903401030682937e+04         2.8650503116327218e+02         3.8359274629991150e-03         3.6180805064934214e-02         5.6917979042116235e-02         0.0000000000000000e+00        -5.5166244402566914e-02
                                                         8                           9                          10

0                                      0.0000000000000000e+00        -4.2209282612585280e-01         0.0000000000000000e+00
1                                      0.0000000000000000e+00        -7.2218002151531391e-01         0.0000000000000000e+00
2                                      0.0000000000000000e+00         1.7290990198716696e-01         0.0000000000000000e+00
$End
$Geometry
   &GeometryIndex 24
   &ListStatus       OUT
   &NATOMS [&Type "Integer"] 34
   &NCORELESSECP [&Type "Integer"] 0
   &NGHOSTATOMS [&Type "Integer"] 0
   &CartesianCoordinates [&Type "Coordinates", &Dim(34,4), &Units "Bohr"] 
              C     -3.697664575025   -3.506922531359   -1.625308091930
              C     -2.847260402467   -5.253698834661   -3.415930932800
              C     -0.327914760356   -5.316635536188   -4.040567023211
              C     -2.042471235410   -1.846466364210   -0.494737075977
              C      0.574351677853   -1.838071634889   -1.074666304197
              O     -3.075777293683   -0.324643832342    1.384248392729
              C      1.402529717353   -3.647006469736   -2.897937774536
              C      4.017854693611   -3.796350385047   -3.578287138459
              C      5.762042487686   -2.257710847812   -2.519901786622
              C      2.454821424476   -0.167809097325    0.045230192113
              C      5.028623208658   -0.415721704089   -0.689429054278
              N      1.743742135690    1.594198416238    1.753992918067
              C      3.474681067538    3.085258212952    2.761943119649
              C      6.051571478522    2.967508643629    2.166713799395
              C      6.818163332419    1.203621808168    0.424190410131
              C     -3.671255728214    2.120319209657    0.767756006245
              O     -3.501776885193    2.926491297400   -1.389349959690
              N     -4.485790229504    3.433488615081    2.789588192883
              C     -4.749353264274    2.369482235828    5.318660078472
              C     -5.467298203479    5.982238768963    2.445184695549
              H     -7.502453344889    6.024919035985    2.800801448916
              H     -5.103036260658    6.607550561948    0.527767542217
              H     -4.544034895904    7.264206533947    3.771245855731
              H     -3.568147115092    0.710391316533    5.532043386603
              H     -6.715373684815    1.859624888789    5.702988533891
              H     -4.163624731960    3.788316512976    6.694103539527
              H      0.371060475658   -6.661007709028   -5.415547539460
              H     -5.669282452755   -3.431167415992   -1.089081005997
              H     -4.173119433553   -6.542219329184   -4.290058121025
              H      4.566678517863   -5.193087871603   -4.969833881336
              H      7.737754258406   -2.388572116137   -3.039418729812
              H      2.803781312625    4.467975724778    4.120846994029
              H      7.376705468038    4.242874900432    3.058847064730
              H      8.785979090483    1.035216873387   -0.115816328187
$End
$SCF_Energy
   &GeometryIndex 24
   &ListStatus       OUT
   &SCF_ENERGY [&Type "Double"]      -8.7844052789352884e+02
$End
$DFT_Energy
   &GeometryIndex 24
   &ListStatus       OUT
   &NALPHAEL [&Type "Integer"] 70
   &NBETAEL [&Type "Integer"] 70
   &NTOTALEL [&Type "Integer"] 140
   &EEXCHANGE [&Type "Double"]      -9.3626127847689375e+01
   &ECORR [&Type "Double"]      -6.1571454687078999e+00
   &ECNL [&Type "Double"]       0.0000000000000000e+00
   &EXC [&Type "Double"]      -9.9783273316397270e+01
   &EEMBED [&Type "Double"]       0.0000000000000000e+00
   &FINALEN [&Type "Double"]      -8.7844052789352884e+02  "No Van der Waals correction"
$End
$Solvation_Details
   &GeometryIndex 24
   &ListStatus       OUT
   &SOLVENT [&Type "String"] "WATER"
   &EPSILON [&Type "Double"]       8.0150999999999996e+01
   &REFRAC [&Type "Double"]       1.3328000000000000e+00
   &RSOLV [&Type "Double"]       1.3000000000000000e+00
   &SURFACETYPE [&Type "String"] "GAUSSIAN VDW"
   &NPOINTS [&Type "Integer"] 3000
   &SURFACEAREA [&Type "Double"]       1.0804642447100000e+03
   &CPCMDIELENERGY [&Type "Double"]      -2.4192503000000001e-02
$End
$CIS_Absorption_Spectrum
   &GeometryIndex 24
   &ListStatus       OUT
   &TEMPERATURE [&Type "Double"]       2.9814999999999998e+02
   &METHOD [&Type "Integer"] 20
   &RELCORRECTION [&Type "Integer"] 1 "Type of relativistic treatment in QDPT. 0->Unknow, 1->None, 2->SOC, 3->SSC, 4->SOC/SSC"
   &DENSTYPE [&Type "Integer"] 3 "Type of density (electron/spin ...). 0->Unknow, 1->Electronic, 2->Spin, 3->Trans/Electronic, 4->Tran/Spin"
   &DERITYPE [&Type "Integer"] 0 "Type of derivative (w.r.t. to what perturbation). 0->Unknown, 1->No Derivative, 2->Electric/Dipole, 3->Electric/Quad, 4->Magnetic/Dipole, 5->Magnetic/Quad"
   &DENSLEVEL [&Type "Integer"] 0 "// Source of density: relaxed, unrelaxed, ... 0->Unknown, 1->Linearized, 2->Unrelaxed, 3->Relaxed"
   &REPRESENTATION [&Type "String"] "Length" "Possible values: Unknown,  Length, Velocity"
   &POINTGROUP [&Type "String"] "C1"
   &NTRANS [&Type "Integer"] 3
   &DOHIGHERMOMENTS [&Type "Boolean"] false
   &STATES [&Type "ArrayOfIntegers", &Dim (3,4)] "The initial and Final states. Col1: Initial State  Col2: Initial Irrep Col3: Final State Col4: Final Irrep"
                                                         0                           1                           2                           3

0                                                        0                           0                           1                           0
1                                                        0                           0                           2                           0
2                                                        0                           0                           3                           0
   &MULTIPLICITIES [&Type "ArrayOfDoubles", &Dim (3,2)] "Col1: Multiplicity of the initial state  Col2: Multiplicity of the final state"
                                                         0                           1

0                                      1.0000000000000000e+00         1.0000000000000000e+00
1                                      1.0000000000000000e+00         1.0000000000000000e+00
2                                      1.0000000000000000e+00         1.0000000000000000e+00
   &EXCITATIONENERGIES [&Type "ArrayOfDoubles", &Dim (3,11)] 
                                                         0                           1                           2                           3                           4                           5                           6                           7

0                                      3.8889823730507640e+00         3.1366761481457703e+04         3.1880881314162599e+02         2.0961092351958047e-01         2.1999854939860364e+00        -1.2169758982692658e+00         0.0000000000000000e+00        -7.3494018218359536e-01
1                                      4.2183932408735378e+00         3.4023639587153877e+04         2.9391329444295093e+02         1.9178798182039672e-01         1.8557360611595120e+00        -6.2725904370826546e-01         0.0000000000000000e+00        -9.6960689337046635e-01
2                                      4.3267538245261532e+00         3.4897626727074188e+04         2.8655243745391499e+02         3.8794048041864734e-03         3.6596941646690848e-02         5.8107678856834821e-02         0.0000000000000000e+00        -5.3236685081194009e-02
                                                         8                           9                          10

0                                      0.0000000000000000e+00        -4.2286887521984112e-01         0.0000000000000000e+00
1                                      0.0000000000000000e+00        -7.2259575529764730e-01         0.0000000000000000e+00
2                                      0.0000000000000000e+00         1.7431665057052803e-01         0.0000000000000000e+00
$End
$Geometry
   &GeometryIndex 25
   &ListStatus       OUT
   &NATOMS [&Type "Integer"] 34
   &NCORELESSECP [&Type "Integer"] 0
   &NGHOSTATOMS [&Type "Integer"] 0
   &CartesianCoordinates [&Type "Coordinates", &Dim(34,4), &Units "Bohr"] 
              C     -3.697669566991   -3.507103012411   -1.625681839883
              C     -2.846984504950   -5.254034289893   -3.416174830520
              C     -0.327654277458   -5.316477829055   -4.040466964124
              C     -2.042674426148   -1.846643268065   -0.494528676684
              C      0.574125221836   -1.837928515473   -1.074292072967
              O     -3.075341393784   -0.324496432864    1.384413138178
              C      1.402075686345   -3.646464501517   -2.897606939105
              C      4.017138866755   -3.796108357384   -3.577994248020
              C      5.761941182283   -2.257981076329   -2.519978823327
              C      2.455051428295   -0.167857364563    0.045080024133
              C      5.028936362641   -0.415585729840   -0.689754354511
              N      1.743865619888    1.593874188644    1.753882169042
              C      3.474501006224    3.085207671786    2.761775463167
              C      6.051424896729    2.967508605401    2.166794832423
              C      6.818362821749    1.203709047139    0.424264676451
              C     -3.671090149701    2.120378044898    0.767696620934
              O     -3.501855035320    2.926660092695   -1.389396323138
              N     -4.485818629520    3.433384152544    2.789512365963
              C     -4.749364222067    2.369525412245    5.318624319488
              C     -5.467254968050    5.982116175688    2.445199708018
              H     -7.502405391261    6.024816162597    2.800845170349
              H     -5.103008209040    6.607516883816    0.527811733732
              H     -4.543966909635    7.264010059683    3.771318130537
              H     -3.568166067337    0.710453617814    5.532174813693
              H     -6.715395008233    1.859717410006    5.702965933604
              H     -4.163664788538    3.788478794586    6.693959105811
              H      0.372047192474   -6.660652706587   -5.415257582950
              H     -5.669423150518   -3.431404447884   -1.089921777747
              H     -4.172591144944   -6.542759410428   -4.290380368986
              H      4.565424030180   -5.193225266673   -4.969359673764
              H      7.737562809323   -2.389724330131   -3.039600767640
              H      2.803375684599    4.467906338759    4.120585443869
              H      7.376412235429    4.242814930883    3.059234958173
              H      8.786306322970    1.035324779720   -0.115294312274
$End
$SCF_Energy
   &GeometryIndex 25
   &ListStatus       OUT
   &SCF_ENERGY [&Type "Double"]      -8.7844052779139167e+02
$End
$DFT_Energy
   &GeometryIndex 25
   &ListStatus       OUT
   &NALPHAEL [&Type "Integer"] 70
   &NBETAEL [&Type "Integer"] 70
   &NTOTALEL [&Type "Integer"] 140
   &EEXCHANGE [&Type "Double"]      -9.3626324996484485e+01
   &ECORR [&Type "Double"]      -6.1571603267802804e+00
   &ECNL [&Type "Double"]       0.0000000000000000e+00
   &EXC [&Type "Double"]      -9.9783485323264770e+01
   &EEMBED [&Type "Double"]       0.0000000000000000e+00
   &FINALEN [&Type "Double"]      -8.7844052779139167e+02  "No Van der Waals correction"
$End
$Solvation_Details
   &GeometryIndex 25
   &ListStatus       OUT
   &SOLVENT [&Type "String"] "WATER"
   &EPSILON [&Type "Double"]       8.0150999999999996e+01
   &REFRAC [&Type "Double"]       1.3328000000000000e+00
   &RSOLV [&Type "Double"]       1.3000000000000000e+00
   &SURFACETYPE [&Type "String"] "GAUSSIAN VDW"
   &NPOINTS [&Type "Integer"] 2999
   &SURFACEAREA [&Type "Double"]       1.0804614797239999e+03
   &CPCMDIELENERGY [&Type "Double"]      -2.4189721000000001e-02
$End
$CIS_Absorption_Spectrum
   &GeometryIndex 25
   &ListStatus       OUT
   &TEMPERATURE [&Type "Double"]       2.9814999999999998e+02
   &METHOD [&Type "Integer"] 20
   &RELCORRECTION [&Type "Integer"] 1 "Type of relativistic treatment in QDPT. 0->Unknow, 1->None, 2->SOC, 3->SSC, 4->SOC/SSC"
   &DENSTYPE [&Type "Integer"] 3 "Type of density (electron/spin ...). 0->Unknow, 1->Electronic, 2->Spin, 3->Trans/Electronic, 4->Tran/Spin"
   &DERITYPE [&Type "Integer"] 0 "Type of derivative (w.r.t. to what perturbation). 0->Unknown, 1->No Derivative, 2->Electric/Dipole, 3->Electric/Quad, 4->Magnetic/Dipole, 5->Magnetic/Quad"
   &DENSLEVEL [&Type "Integer"] 0 "// Source of density: relaxed, unrelaxed, ... 0->Unknown, 1->Linearized, 2->Unrelaxed, 3->Relaxed"
   &REPRESENTATION [&Type "String"] "Length" "Possible values: Unknown,  Length, Velocity"
   &POINTGROUP [&Type "String"] "C1"
   &NTRANS [&Type "Integer"] 3
   &DOHIGHERMOMENTS [&Type "Boolean"] false
   &STATES [&Type "ArrayOfIntegers", &Dim (3,4)] "The initial and Final states. Col1: Initial State  Col2: Initial Irrep Col3: Final State Col4: Final Irrep"
                                                         0                           1                           2                           3

0                                                        0                           0                           1                           0
1                                                        0                           0                           2                           0
2                                                        0                           0                           3                           0
   &MULTIPLICITIES [&Type "ArrayOfDoubles", &Dim (3,2)] "Col1: Multiplicity of the initial state  Col2: Multiplicity of the final state"
                                                         0                           1

0                                      1.0000000000000000e+00         1.0000000000000000e+00
1                                      1.0000000000000000e+00         1.0000000000000000e+00
2                                      1.0000000000000000e+00         1.0000000000000000e+00
   &EXCITATIONENERGIES [&Type "ArrayOfDoubles", &Dim (3,11)] 
                                                         0                           1                           2                           3                           4                           5                           6                           7

0                                      3.8891081318662994e+00         3.1367775794815981e+04         3.1879850408943105e+02         2.0958870119741019e-01         2.1996811265776990e+00        -1.2172954276398626e+00         0.0000000000000000e+00        -7.3443668652239247e-01
1                                      4.2184462340689830e+00         3.4024067006144818e+04         2.9390960222932722e+02         1.9219820683735597e-01         1.8596820268107761e+00        -6.2826827087585935e-01         0.0000000000000000e+00        -9.7043522397276694e-01
2                                      4.3276189051346838e+00         3.4904604073461262e+04         2.8649515631100422e+02         3.8580162365212029e-03         3.6387894108759200e-02         5.7403382150529383e-02         0.0000000000000000e+00        -5.4115232274986817e-02
                                                         8                           9                          10

0                                      0.0000000000000000e+00        -4.2246387054373313e-01         0.0000000000000000e+00
1                                      0.0000000000000000e+00        -7.2333704639978147e-01         0.0000000000000000e+00
2                                      0.0000000000000000e+00         1.7367869029407065e-01         0.0000000000000000e+00
$End
$Geometry
   &GeometryIndex 26
   &ListStatus       OUT
   &NATOMS [&Type "Integer"] 34
   &NCORELESSECP [&Type "Integer"] 0
   &NGHOSTATOMS [&Type "Integer"] 0
   &CartesianCoordinates [&Type "Coordinates", &Dim(34,4), &Units "Bohr"] 
              C     -3.697313114812   -3.506690912025   -1.625571711875
              C     -2.847093020325   -5.253920718741   -3.415907795621
              C     -0.327865347783   -5.316818903258   -4.040752751346
              C     -2.042255774116   -1.846618785437   -0.494291280121
              C      0.574412054641   -1.838257412601   -1.074360878901
              O     -3.075735945719   -0.324584198150    1.384351928350
              C      1.402154989906   -3.646772803351   -2.898085683592
              C      4.017384997197   -3.795906707581   -3.578013784790
              C      5.761703032553   -2.257623375012   -2.519391992038
              C      2.454826747520   -0.167780691606    0.045044511049
              C      5.028612954040   -0.415113845552   -0.689664175474
              N      1.743575507314    1.593787341250    1.754028700140
              C      3.474611841124    3.085014771825    2.761453536359
              C      6.051662935587    2.967329598743    2.166610040827
              C      6.818577984315    1.203610643968    0.424172456555
              C     -3.671220790770    2.120357535583    0.767661349488
              O     -3.501842008210    2.926680790823   -1.389406796981
              N     -4.485770165196    3.433392696023    2.789531886362
              C     -4.749362604070    2.369517349135    5.318643925307
              C     -5.467243230638    5.982096689015    2.445191509828
              H     -7.502395988276    6.024778749250    2.800830518331
              H     -5.102998336935    6.607469499138    0.527794096295
              H     -4.543972491415    7.264025310732    3.771286810490
              H     -3.568187246459    0.710429386797    5.532197174558
              H     -6.715405030497    1.859736419256    5.702961833621
              H     -4.163660806860    3.788465190613    6.693982441050
              H      0.371379117285   -6.661174683829   -5.415608906926
              H     -5.669064024157   -3.430483597962   -1.089904087052
              H     -4.173163568235   -6.542415369893   -4.289750605707
              H      4.566477642387   -5.192917468427   -4.969167738856
              H      7.737487979382   -2.389407830530   -3.038364313416
              H      2.803787161127    4.467816217201    4.120300628595
              H      7.376497784480    4.242562576598    3.059372439145
              H      8.786460739961    1.034617573008   -0.115402224441
$End
$SCF_Energy
   &GeometryIndex 26
   &ListStatus       OUT
   &SCF_ENERGY [&Type "Double"]      -8.7844052784459859e+02
$End
$DFT_Energy
   &GeometryIndex 26
   &ListStatus       OUT
   &NALPHAEL [&Type "Integer"] 70
   &NBETAEL [&Type "Integer"] 70
   &NTOTALEL [&Type "Integer"] 140
   &EEXCHANGE [&Type "Double"]      -9.3626407730557858e+01
   &ECORR [&Type "Double"]      -6.1571677425733782e+00
   &ECNL [&Type "Double"]       0.0000000000000000e+00
   &EXC [&Type "Double"]      -9.9783575473131236e+01
   &EEMBED [&Type "Double"]       0.0000000000000000e+00
   &FINALEN [&Type "Double"]      -8.7844052784459859e+02  "No Van der Waals correction"
$End
$Solvation_Details
   &GeometryIndex 26
   &ListStatus       OUT
   &SOLVENT [&Type "String"] "WATER"
   &EPSILON [&Type "Double"]       8.0150999999999996e+01
   &REFRAC [&Type "Double"]       1.3328000000000000e+00
   &RSOLV [&Type "Double"]       1.3000000000000000e+00
   &SURFACETYPE [&Type "String"] "GAUSSIAN VDW"
   &NPOINTS [&Type "Integer"] 2998
   &SURFACEAREA [&Type "Double"]       1.0804439042080000e+03
   &CPCMDIELENERGY [&Type "Double"]      -2.4189049000000001e-02
$End
$CIS_Absorption_Spectrum
   &GeometryIndex 26
   &ListStatus       OUT
   &TEMPERATURE [&Type "Double"]       2.9814999999999998e+02
   &METHOD [&Type "Integer"] 20
   &RELCORRECTION [&Type "Integer"] 1 "Type of relativistic treatment in QDPT. 0->Unknow, 1->None, 2->SOC, 3->SSC, 4->SOC/SSC"
   &DENSTYPE [&Type "Integer"] 3 "Type of density (electron/spin ...). 0->Unknow, 1->Electronic, 2->Spin, 3->Trans/Electronic, 4->Tran/Spin"
   &DERITYPE [&Type "Integer"] 0 "Type of derivative (w.r.t. to what perturbation). 0->Unknown, 1->No Derivative, 2->Electric/Dipole, 3->Electric/Quad, 4->Magnetic/Dipole, 5->Magnetic/Quad"
   &DENSLEVEL [&Type "Integer"] 0 "// Source of density: relaxed, unrelaxed, ... 0->Unknown, 1->Linearized, 2->Unrelaxed, 3->Relaxed"
   &REPRESENTATION [&Type "String"] "Length" "Possible values: Unknown,  Length, Velocity"
   &POINTGROUP [&Type "String"] "C1"
   &NTRANS [&Type "Integer"] 3
   &DOHIGHERMOMENTS [&Type "Boolean"] false
   &STATES [&Type "ArrayOfIntegers", &Dim (3,4)] "The initial and Final states. Col1: Initial State  Col2: Initial Irrep Col3: Final State Col4: Final Irrep"
                                                         0                           1                           2                           3

0                                                        0                           0                           1                           0
1                                                        0                           0                           2                           0
2                                                        0                           0                           3                           0
   &MULTIPLICITIES [&Type "ArrayOfDoubles", &Dim (3,2)] "Col1: Multiplicity of the initial state  Col2: Multiplicity of the final state"
                                                         0                           1

0                                      1.0000000000000000e+00         1.0000000000000000e+00
1                                      1.0000000000000000e+00         1.0000000000000000e+00
2                                      1.0000000000000000e+00         1.0000000000000000e+00
   &EXCITATIONENERGIES [&Type "ArrayOfDoubles", &Dim (3,11)] 
                                                         0                           1                           2                           3                           4                           5                           6                           7

0                                      3.8889590014471787e+00         3.1366572976742387e+04         3.1881072909733479e+02         2.0960874213880470e-01         2.1999758203448194e+00        -1.2173162344285666e+00         0.0000000000000000e+00        -7.3451954405351572e-01
1                                      4.2183453703679366e+00         3.4023253485447276e+04         2.9391662982134523e+02         1.9226382462048447e-01         1.8603614165103433e+00        -6.2844076275354699e-01         0.0000000000000000e+00        -9.7050989781508135e-01
2                                      4.3274128488295780e+00         3.4902942117105071e+04         2.8650879821100369e+02         3.8466787962079573e-03         3.6282689633567976e-02         5.7174835468189404e-02         0.0000000000000000e+00        -5.4694193180063418e-02
                                                         8                           9                          10

0                                      0.0000000000000000e+00        -4.2260861934524019e-01         0.0000000000000000e+00
1                                      0.0000000000000000e+00        -7.2355660626038354e-01         0.0000000000000000e+00
2                                      0.0000000000000000e+00         1.7326936559915995e-01         0.0000000000000000e+00
$End
$Geometry
   &GeometryIndex 27
   &ListStatus       OUT
   &NATOMS [&Type "Integer"] 34
   &NCORELESSECP [&Type "Integer"] 0
   &NGHOSTATOMS [&Type "Integer"] 0
   &CartesianCoordinates [&Type "Coordinates", &Dim(34,4), &Units "Bohr"] 
              C     -3.697800466505   -3.506719088487   -1.625766388898
              C     -2.847079281492   -5.254177399020   -3.415645399263
              C     -0.327876214018   -5.316338660282   -4.040808374199
              C     -2.042554498502   -1.846689346242   -0.494498949335
              C      0.574351555113   -1.838516438861   -1.074025347276
              O     -3.075601820851   -0.324467487794    1.384246600005
              C      1.402401710555   -3.646898387747   -2.897749923470
              C      4.017609556505   -3.796137724012   -3.578326599659
              C      5.762079529172   -2.257981792039   -2.519733499681
              C      2.454815391203   -0.167503755016    0.044793766837
              C      5.028645827761   -0.415310230743   -0.689951122366
              N      1.743816033909    1.594051625946    1.753985186072
              C      3.474645980463    3.085177812903    2.761970199046
              C      6.051489938261    2.967718835588    2.166541090288
              C      6.818253184897    1.203481822786    0.424421739947
              C     -3.671189351493    2.120411315204    0.767693336367
              O     -3.501784864711    2.926507417383   -1.389463807442
              N     -4.485813786929    3.433443798425    2.789634869640
              C     -4.749380136856    2.369453243814    5.318807809670
              C     -5.467279597795    5.982192296724    2.445174996433
              H     -7.502443641349    6.024935307823    2.800732493840
              H     -5.102968814146    6.607410078077    0.527734742987
              H     -4.544018393957    7.264216020502    3.771184629974
              H     -3.568177111675    0.710366430357    5.532246084591
              H     -6.715405214530    1.859620095419    5.703130912663
              H     -4.163657192852    3.788340466140    6.694199041337
              H      0.371241223443   -6.660208840317   -5.416203582290
              H     -5.669631835854   -3.430417866912   -1.090389752674
              H     -4.172773005091   -6.542979247933   -4.289609140853
              H      4.566238031596   -5.192972786018   -4.969848715004
              H      7.737860817059   -2.389578222668   -3.038795863861
              H      2.803762634609    4.467330174006    4.121457212258
              H      7.376648623042    4.242763456865    3.059098750973
              H      8.786282329296    1.034290921739   -0.114565685475
$End
$SCF_Energy
   &GeometryIndex 27
   &ListStatus       OUT
   &SCF_ENERGY [&Type "Double"]      -8.7844052782566689e+02
$End
$DFT_Energy
   &GeometryIndex 27
   &ListStatus       OUT
   &NALPHAEL [&Type "Integer"] 70
   &NBETAEL [&Type "Integer"] 70
   &NTOTALEL [&Type "Integer"] 140
   &EEXCHANGE [&Type "Double"]      -9.3626151813452822e+01
   &ECORR [&Type "Double"]      -6.1571461273845900e+00
   &ECNL [&Type "Double"]       0.0000000000000000e+00
   &EXC [&Type "Double"]      -9.9783297940837414e+01
   &EEMBED [&Type "Double"]       0.0000000000000000e+00
   &FINALEN [&Type "Double"]      -8.7844052782566689e+02  "No Van der Waals correction"
$End
$Solvation_Details
   &GeometryIndex 27
   &ListStatus       OUT
   &SOLVENT [&Type "String"] "WATER"
   &EPSILON [&Type "Double"]       8.0150999999999996e+01
   &REFRAC [&Type "Double"]       1.3328000000000000e+00
   &RSOLV [&Type "Double"]       1.3000000000000000e+00
   &SURFACETYPE [&Type "String"] "GAUSSIAN VDW"
   &NPOINTS [&Type "Integer"] 2999
   &SURFACEAREA [&Type "Double"]       1.0804728360669999e+03
   &CPCMDIELENERGY [&Type "Double"]      -2.4189806000000001e-02
$End
$CIS_Absorption_Spectrum
   &GeometryIndex 27
   &ListStatus       OUT
   &TEMPERATURE [&Type "Double"]       2.9814999999999998e+02
   &METHOD [&Type "Integer"] 20
   &RELCORRECTION [&Type "Integer"] 1 "Type of relativistic treatment in QDPT. 0->Unknow, 1->None, 2->SOC, 3->SSC, 4->SOC/SSC"
   &DENSTYPE [&Type "Integer"] 3 "Type of density (electron/spin ...). 0->Unknow, 1->Electronic, 2->Spin, 3->Trans/Electronic, 4->Tran/Spin"
   &DERITYPE [&Type "Integer"] 0 "Type of derivative (w.r.t. to what perturbation). 0->Unknown, 1->No Derivative, 2->Electric/Dipole, 3->Electric/Quad, 4->Magnetic/Dipole, 5->Magnetic/Quad"
   &DENSLEVEL [&Type "Integer"] 0 "// Source of density: relaxed, unrelaxed, ... 0->Unknown, 1->Linearized, 2->Unrelaxed, 3->Relaxed"
   &REPRESENTATION [&Type "String"] "Length" "Possible values: Unknown,  Length, Velocity"
   &POINTGROUP [&Type "String"] "C1"
   &NTRANS [&Type "Integer"] 3
   &DOHIGHERMOMENTS [&Type "Boolean"] false
   &STATES [&Type "ArrayOfIntegers", &Dim (3,4)] "The initial and Final states. Col1: Initial State  Col2: Initial Irrep Col3: Final State Col4: Final Irrep"
                                                         0                           1                           2                           3

0                                                        0                           0                           1                           0
1                                                        0                           0                           2                           0
2                                                        0                           0                           3                           0
   &MULTIPLICITIES [&Type "ArrayOfDoubles", &Dim (3,2)] "Col1: Multiplicity of the initial state  Col2: Multiplicity of the final state"
                                                         0                           1

0                                      1.0000000000000000e+00         1.0000000000000000e+00
1                                      1.0000000000000000e+00         1.0000000000000000e+00
2                                      1.0000000000000000e+00         1.0000000000000000e+00
   &EXCITATIONENERGIES [&Type "ArrayOfDoubles", &Dim (3,11)] 
                                                         0                           1                           2                           3                           4                           5                           6                           7

0                                      3.8891167574334515e+00         3.1367845364714103e+04         3.1879779703482808e+02         2.0957327058790937e-01         2.1995143005643465e+00        -1.2169658553735265e+00         0.0000000000000000e+00        -7.3466592647396634e-01
1                                      4.2184181185396135e+00         3.4023840239083656e+04         2.9391156112098309e+02         1.9202915815228291e-01         1.8580587199841139e+00        -6.2782889398881558e-01         0.0000000000000000e+00        -9.7009524351452348e-01
2                                      4.3263657407758345e+00         3.4894496620207305e+04         2.8657814178666297e+02         3.9054742474811336e-03         3.6846176493614449e-02         5.8255665671581899e-02         0.0000000000000000e+00        -5.2040090408364777e-02
                                                         8                           9                          10

0                                      0.0000000000000000e+00        -4.2281719915050342e-01         0.0000000000000000e+00
1                                      0.0000000000000000e+00        -7.2305243127133734e-01         0.0000000000000000e+00
2                                      0.0000000000000000e+00         1.7534047707550171e-01         0.0000000000000000e+00
$End
$Geometry
   &GeometryIndex 28
   &ListStatus       OUT
   &NATOMS [&Type "Integer"] 34
   &NCORELESSECP [&Type "Integer"] 0
   &NGHOSTATOMS [&Type "Integer"] 0
   &CartesianCoordinates [&Type "Coordinates", &Dim(34,4), &Units "Bohr"] 
              C     -3.697703533472   -3.507000085194   -1.625429195080
              C     -2.847124306082   -5.253762965741   -3.416081194468
              C     -0.327748765946   -5.316785176504   -4.040450344213
              C     -2.042605540352   -1.846614672049   -0.494474656366
              C      0.574237219795   -1.838271992182   -1.074340720811
              O     -3.075649657245   -0.324285435510    1.384178963670
              C      1.402344863339   -3.646745917889   -2.897994122849
              C      4.017578727684   -3.796008831493   -3.578481500453
              C      5.762099492891   -2.258111178531   -2.519591352209
              C      2.454857357329   -0.167817505261    0.045074003881
              C      5.028601614517   -0.415236432402   -0.690042155559
              N      1.743934021731    1.593779701492    1.754249143207
              C      3.474600353804    3.085524453276    2.761603802619
              C      6.051591957062    2.967413264552    2.166967469952
              C      6.818151204018    1.203748605280    0.424175238889
              C     -3.671222229800    2.120534085511    0.767604511320
              O     -3.501710988972    2.926397927719   -1.389663426239
              N     -4.485823695793    3.433441752617    2.789750920397
              C     -4.749412411643    2.369367400739    5.319077069272
              C     -5.467274740850    5.982186819136    2.445155061210
              H     -7.502456694497    6.025010571567    2.800596360921
              H     -5.102878379146    6.607198967996    0.527658289966
              H     -4.544037589146    7.264352970447    3.771042866243
              H     -3.568216351680    0.710272504970    5.532506885182
              H     -6.715442641073    1.859556318082    5.703375479766
              H     -4.163678816114    3.788272666670    6.694443035451
              H      0.371451479254   -6.661128815856   -5.415341129344
              H     -5.669465884485   -3.431109357819   -1.089736878234
              H     -4.172953942875   -6.542180282593   -4.290407147981
              H      4.566282118117   -5.193068398212   -4.969749175616
              H      7.737966213141   -2.390085324222   -3.038233697213
              H      2.803477911526    4.468506788797    4.120129428129
              H      7.376821506945    4.242239644810    3.059732690345
              H      8.786103105747    1.034866364301   -0.115190070082
$End
$SCF_Energy
   &GeometryIndex 28
   &ListStatus       OUT
   &SCF_ENERGY [&Type "Double"]      -8.7844052778735238e+02
$End
$DFT_Energy
   &GeometryIndex 28
   &ListStatus       OUT
   &NALPHAEL [&Type "Integer"] 70
   &NBETAEL [&Type "Integer"] 70
   &NTOTALEL [&Type "Integer"] 140
   &EEXCHANGE [&Type "Double"]      -9.3626087340034971e+01
   &ECORR [&Type "Double"]      -6.1571396650141521e+00
   &ECNL [&Type "Double"]       0.0000000000000000e+00
   &EXC [&Type "Double"]      -9.9783227005049127e+01
   &EEMBED [&Type "Double"]       0.0000000000000000e+00
   &FINALEN [&Type "Double"]      -8.7844052778735238e+02  "No Van der Waals correction"
$End
$Solvation_Details
   &GeometryIndex 28
   &ListStatus       OUT
   &SOLVENT [&Type "String"] "WATER"
   &EPSILON [&Type "Double"]       8.0150999999999996e+01
   &REFRAC [&Type "Double"]       1.3328000000000000e+00
   &RSOLV [&Type "Double"]       1.3000000000000000e+00
   &SURFACETYPE [&Type "String"] "GAUSSIAN VDW"
   &NPOINTS [&Type "Integer"] 2999
   &SURFACEAREA [&Type "Double"]       1.0804799931410000e+03
   &CPCMDIELENERGY [&Type "Double"]      -2.4194798999999999e-02
$End
$CIS_Absorption_Spectrum
   &GeometryIndex 28
   &ListStatus       OUT
   &TEMPERATURE [&Type "Double"]       2.9814999999999998e+02
   &METHOD [&Type "Integer"] 20
   &RELCORRECTION [&Type "Integer"] 1 "Type of relativistic treatment in QDPT. 0->Unknow, 1->None, 2->SOC, 3->SSC, 4->SOC/SSC"
   &DENSTYPE [&Type "Integer"] 3 "Type of density (electron/spin ...). 0->Unknow, 1->Electronic, 2->Spin, 3->Trans/Electronic, 4->Tran/Spin"
   &DERITYPE [&Type "Integer"] 0 "Type of derivative (w.r.t. to what perturbation). 0->Unknown, 1->No Derivative, 2->Electric/Dipole, 3->Electric/Quad, 4->Magnetic/Dipole, 5->Magnetic/Quad"
   &DENSLEVEL [&Type "Integer"] 0 "// Source of density: relaxed, unrelaxed, ... 0->Unknown, 1->Linearized, 2->Unrelaxed, 3->Relaxed"
   &REPRESENTATION [&Type "String"] "Length" "Possible values: Unknown,  Length, Velocity"
   &POINTGROUP [&Type "String"] "C1"
   &NTRANS [&Type "Integer"] 3
   &DOHIGHERMOMENTS [&Type "Boolean"] false
   &STATES [&Type "ArrayOfIntegers", &Dim (3,4)] "The initial and Final states. Col1: Initial State  Col2: Initial Irrep Col3: Final State Col4: Final Irrep"
                                                         0                           1                           2                           3

0                                                        0                           0                           1                           0
1                                                        0                           0                           2                           0
2                                                        0                           0                           3                           0
   &MULTIPLICITIES [&Type "ArrayOfDoubles", &Dim (3,2)] "Col1: Multiplicity of the initial state  Col2: Multiplicity of the final state"
                                                         0                           1

0                                      1.0000000000000000e+00         1.0000000000000000e+00
1                                      1.0000000000000000e+00         1.0000000000000000e+00
2                                      1.0000000000000000e+00         1.0000000000000000e+00
   &EXCITATIONENERGIES [&Type "ArrayOfDoubles", &Dim (3,11)] 
                                                         0                           1                           2                           3                           4                           5                           6                           7

0                                      3.8891354440541046e+00         3.1367996082489783e+04         3.1879626526675679e+02         2.0951126427829014e-01         2.1988529665165215e+00        -1.2167891093933503e+00         0.0000000000000000e+00        -7.3451418614046149e-01
1                                      4.2184883817798111e+00         3.4024406950393903e+04         2.9390666572321339e+02         1.9199807250762052e-01         1.8577269949223827e+00        -6.2821637917394602e-01         0.0000000000000000e+00        -9.6965070703273115e-01
2                                      4.3270066276265648e+00         3.4899665721801277e+04         2.8653569577754308e+02         3.7939069238290407e-03         3.5788293654008367e-02         5.6361718034879688e-02         0.0000000000000000e+00        -5.7046887725959901e-02
                                                         8                           9                          10

0                                      0.0000000000000000e+00        -4.2280745042711143e-01         0.0000000000000000e+00
1                                      0.0000000000000000e+00        -7.2308276304368102e-01         0.0000000000000000e+00
2                                      0.0000000000000000e+00         1.7133972976209227e-01         0.0000000000000000e+00
$End
$Geometry
   &GeometryIndex 29
   &ListStatus       OUT
   &NATOMS [&Type "Integer"] 34
   &NCORELESSECP [&Type "Integer"] 0
   &NGHOSTATOMS [&Type "Integer"] 0
   &CartesianCoordinates [&Type "Coordinates", &Dim(34,4), &Units "Bohr"] 
              C     -3.697683131112   -3.506687006950   -1.625625639161
              C     -2.846903052406   -5.253859582976   -3.415832665150
              C     -0.327685431664   -5.316788249464   -4.040802126746
              C     -2.042654825112   -1.846766307206   -0.493965373402
              C      0.574067072118   -1.838267161918   -1.074467164070
              O     -3.075761314240   -0.324384466242    1.384631927970
              C      1.402263527679   -3.646652124094   -2.898314662707
              C      4.017645356126   -3.796325291825   -3.578178624225
              C      5.761998363982   -2.257808489412   -2.519905900071
              C      2.454800959531   -0.167946087891    0.044997867213
              C      5.028553528864   -0.415518342697   -0.689763527003
              N      1.744085232964    1.593962677629    1.753908405647
              C      3.474732075605    3.085341762342    2.761871033146
              C      6.051646648205    2.967727367012    2.166886421416
              C      6.818008604964    1.203654481937    0.424411211707
              C     -3.671212481103    2.120498826193    0.767558034629
              O     -3.501836774509    2.926762657290   -1.389560726329
              N     -4.485768480691    3.433314895944    2.789520575203
              C     -4.749366311474    2.369483755609    5.318708578896
              C     -5.467175186373    5.981917137169    2.445186618620
              H     -7.502336052196    6.024637670559    2.800785483453
              H     -5.102905930912    6.607242670261    0.527778175849
              H     -4.543917116770    7.263888698251    3.771250756659
              H     -3.568239505967    0.710386842347    5.532402136852
              H     -6.715434934177    1.859806141178    5.703014984924
              H     -4.163660699652    3.788532936243    6.693940218483
              H      0.371463364660   -6.661402936156   -5.415456049661
              H     -5.669586092827   -3.430678154019   -1.090463069427
              H     -4.172790498802   -6.542542716583   -4.289679403404
              H      4.566478857614   -5.193640120513   -4.969140145404
              H      7.737790415077   -2.389385139827   -3.038931307703
              H      2.803475289703    4.467960650250    4.120702467825
              H      7.376885102630    4.242917847860    3.059120350188
              H      8.785882033733    1.034930438413   -0.115288181797
$End
$SCF_Energy
   &GeometryIndex 29
   &ListStatus       OUT
   &SCF_ENERGY [&Type "Double"]      -8.7844052780814798e+02
$End
$DFT_Energy
   &GeometryIndex 29
   &ListStatus       OUT
   &NALPHAEL [&Type "Integer"] 70
   &NBETAEL [&Type "Integer"] 70
   &NTOTALEL [&Type "Integer"] 140
   &EEXCHANGE [&Type "Double"]      -9.3626108694085815e+01
   &ECORR [&Type "Double"]      -6.1571460635834212e+00
   &ECNL [&Type "Double"]       0.0000000000000000e+00
   &EXC [&Type "Double"]      -9.9783254757669241e+01
   &EEMBED [&Type "Double"]       0.0000000000000000e+00
   &FINALEN [&Type "Double"]      -8.7844052780814798e+02  "No Van der Waals correction"
$End
$Solvation_Details
   &GeometryIndex 29
   &ListStatus       OUT
   &SOLVENT [&Type "String"] "WATER"
   &EPSILON [&Type "Double"]       8.0150999999999996e+01
   &REFRAC [&Type "Double"]       1.3328000000000000e+00
   &RSOLV [&Type "Double"]       1.3000000000000000e+00
   &SURFACETYPE [&Type "String"] "GAUSSIAN VDW"
   &NPOINTS [&Type "Integer"] 2999
   &SURFACEAREA [&Type "Double"]       1.0804683070940000e+03
   &CPCMDIELENERGY [&Type "Double"]      -2.4185877000000001e-02
$End
$CIS_Absorption_Spectrum
   &GeometryIndex 29
   &ListStatus       OUT
   &TEMPERATURE [&Type "Double"]       2.9814999999999998e+02
   &METHOD [&Type "Integer"] 20
   &RELCORRECTION [&Type "Integer"] 1 "Type of relativistic treatment in QDPT. 0->Unknow, 1->None, 2->SOC, 3->SSC, 4->SOC/SSC"
   &DENSTYPE [&Type "Integer"] 3 "Type of density (electron/spin ...). 0->Unknow, 1->Electronic, 2->Spin, 3->Trans/Electronic, 4->Tran/Spin"
   &DERITYPE [&Type "Integer"] 0 "Type of derivative (w.r.t. to what perturbation). 0->Unknown, 1->No Derivative, 2->Electric/Dipole, 3->Electric/Quad, 4->Magnetic/Dipole, 5->Magnetic/Quad"
   &DENSLEVEL [&Type "Integer"] 0 "// Source of density: relaxed, unrelaxed, ... 0->Unknown, 1->Linearized, 2->Unrelaxed, 3->Relaxed"
   &REPRESENTATION [&Type "String"] "Length" "Possible values: Unknown,  Length, Velocity"
   &POINTGROUP [&Type "String"] "C1"
   &NTRANS [&Type "Integer"] 3
   &DOHIGHERMOMENTS [&Type "Boolean"] false
   &STATES [&Type "ArrayOfIntegers", &Dim (3,4)] "The initial and Final states. Col1: Initial State  Col2: Initial Irrep Col3: Final State Col4: Final Irrep"
                                                         0                           1                           2                           3

0                                                        0                           0                           1                           0
1                                                        0                           0                           2                           0
2                                                        0                           0                           3                           0
   &MULTIPLICITIES [&Type "ArrayOfDoubles", &Dim (3,2)] "Col1: Multiplicity of the initial state  Col2: Multiplicity of the final state"
                                                         0                           1

0                                      1.0000000000000000e+00         1.0000000000000000e+00
1                                      1.0000000000000000e+00         1.0000000000000000e+00
2                                      1.0000000000000000e+00         1.0000000000000000e+00
   &EXCITATIONENERGIES [&Type "ArrayOfDoubles", &Dim (3,11)] 
                                                         0                           1                           2                           3                           4                           5                           6                           7

0                                      3.8892790390630356e+00         3.1369154254464611e+04         3.1878449507693534e+02         2.0945472026718970e-01         2.1981783670772539e+00        -1.2166633703746963e+00         0.0000000000000000e+00        -7.3445144868868273e-01
1                                      4.2185226054804383e+00         3.4024682983183877e+04         2.9390428134017674e+02         1.9208392815732026e-01         1.8585426354986738e+00        -6.2858431550991600e-01         0.0000000000000000e+00        -9.7007476228856859e-01
2                                      4.3256088029235782e+00         3.4888391504063671e+04         2.8662829006706249e+02         3.9088769435985478e-03         3.6884732538847484e-02         5.8895811869088918e-02         0.0000000000000000e+00        -5.1918780573447953e-02
                                                         8                           9                          10

0                                      0.0000000000000000e+00        -4.2248038982281011e-01         0.0000000000000000e+00
1                                      0.0000000000000000e+00        -7.2275815413205913e-01         0.0000000000000000e+00
2                                      0.0000000000000000e+00         1.7527251954283801e-01         0.0000000000000000e+00
$End
$Geometry
   &GeometryIndex 30
   &ListStatus       OUT
   &NATOMS [&Type "Integer"] 34
   &NCORELESSECP [&Type "Integer"] 0
   &NGHOSTATOMS [&Type "Integer"] 0
   &CartesianCoordinates [&Type "Coordinates", &Dim(34,4), &Units "Bohr"] 
              C     -3.697647777551   -3.506772103914   -1.625510416738
              C     -2.846983393825   -5.253790807770   -3.415818447775
              C     -0.327740225814   -5.316606188732   -4.040639558208
              C     -2.042612625406   -1.846395571847   -0.494647014765
              C      0.574198775987   -1.838317837077   -1.074345851968
              O     -3.075649052588   -0.324686598712    1.384492485216
              C      1.402363049323   -3.646950784319   -2.897763537147
              C      4.017518373823   -3.796016034510   -3.578383253995
              C      5.762003458224   -2.258066961684   -2.519552360415
              C      2.454804245619   -0.167843748376    0.044894119097
              C      5.028486426208   -0.415298005028   -0.689983481273
              N      1.744102727588    1.593736886885    1.754080123630
              C      3.474680606294    3.085436730245    2.761647250856
              C      6.051649180718    2.967584326532    2.166955526968
              C      6.817975631207    1.203731298132    0.424263441901
              C     -3.671233530185    2.120210162038    0.767800308752
              O     -3.501903902035    2.926775719178   -1.389137574140
              N     -4.485752757002    3.433366333924    2.789373966381
              C     -4.749312312258    2.369645909471    5.318242741650
              C     -5.467205713508    5.981987573112    2.445221325966
              H     -7.502336488903    6.024567077322    2.801013195204
              H     -5.103072689270    6.607631125805    0.527899321286
              H     -4.543908666296    7.263730959390    3.771479057876
              H     -3.568135515172    0.710572786199    5.531866156483
              H     -6.715355245158    1.859866096050    5.702598639770
              H     -4.163627248652    3.788608339834    6.693575803803
              H      0.371351269087   -6.660740194666   -5.415786670571
              H     -5.669334588583   -3.431181823439   -1.089513002398
              H     -4.172806495151   -6.542445593453   -4.289795631265
              H      4.566163813995   -5.192728689969   -4.970017806613
              H      7.737794278362   -2.389692931390   -3.038558315633
              H      2.803409024951    4.468131226431    4.120391431984
              H      7.376961609377    4.242355542379    3.059675596168
              H      8.785914075191    1.034637542794   -0.115076153749
$End
$SCF_Energy
   &GeometryIndex 30
   &ListStatus       OUT
   &SCF_ENERGY [&Type "Double"]      -8.7844052782914366e+02
$End
$DFT_Energy
   &GeometryIndex 30
   &ListStatus       OUT
   &NALPHAEL [&Type "Integer"] 70
   &NBETAEL [&Type "Integer"] 70
   &NTOTALEL [&Type "Integer"] 140
   &EEXCHANGE [&Type "Double"]      -9.3626468261163765e+01
   &ECORR [&Type "Double"]      -6.1571724355812005e+00
   &ECNL [&Type "Double"]       0.0000000000000000e+00
   &EXC [&Type "Double"]      -9.9783640696744968e+01
   &EEMBED [&Type "Double"]       0.0000000000000000e+00
   &FINALEN [&Type "Double"]      -8.7844052782914366e+02  "No Van der Waals correction"
$End
$Solvation_Details
   &GeometryIndex 30
   &ListStatus       OUT
   &SOLVENT [&Type "String"] "WATER"
   &EPSILON [&Type "Double"]       8.0150999999999996e+01
   &REFRAC [&Type "Double"]       1.3328000000000000e+00
   &RSOLV [&Type "Double"]       1.3000000000000000e+00
   &SURFACETYPE [&Type "String"] "GAUSSIAN VDW"
   &NPOINTS [&Type "Integer"] 2999
   &SURFACEAREA [&Type "Double"]       1.0804373293379999e+03
   &CPCMDIELENERGY [&Type "Double"]      -2.4192787000000000e-02
$End
$CIS_Absorption_Spectrum
   &GeometryIndex 30
   &ListStatus       OUT
   &TEMPERATURE [&Type "Double"]       2.9814999999999998e+02
   &METHOD [&Type "Integer"] 20
   &RELCORRECTION [&Type "Integer"] 1 "Type of relativistic treatment in QDPT. 0->Unknow, 1->None, 2->SOC, 3->SSC, 4->SOC/SSC"
   &DENSTYPE [&Type "Integer"] 3 "Type of density (electron/spin ...). 0->Unknow, 1->Electronic, 2->Spin, 3->Trans/Electronic, 4->Tran/Spin"
   &DERITYPE [&Type "Integer"] 0 "Type of derivative (w.r.t. to what perturbation). 0->Unknown, 1->No Derivative, 2->Electric/Dipole, 3->Electric/Quad, 4->Magnetic/Dipole, 5->Magnetic/Quad"
   &DENSLEVEL [&Type "Integer"] 0 "// Source of density: relaxed, unrelaxed, ... 0->Unknown, 1->Linearized, 2->Unrelaxed, 3->Relaxed"
   &REPRESENTATION [&Type "String"] "Length" "Possible values: Unknown,  Length, Velocity"
   &POINTGROUP [&Type "String"] "C1"
   &NTRANS [&Type "Integer"] 3
   &DOHIGHERMOMENTS [&Type "Boolean"] false
   &STATES [&Type "ArrayOfIntegers", &Dim (3,4)] "The initial and Final states. Col1: Initial State  Col2: Initial Irrep Col3: Final State Col4: Final Irrep"
                                                         0                           1                           2                           3

0                                                        0                           0                           1                           0
1                                                        0                           0                           2                           0
2                                                        0                           0                           3                           0
   &MULTIPLICITIES [&Type "ArrayOfDoubles", &Dim (3,2)] "Col1: Multiplicity of the initial state  Col2: Multiplicity of the final state"
                                                         0                           1

0                                      1.0000000000000000e+00         1.0000000000000000e+00
1                                      1.0000000000000000e+00         1.0000000000000000e+00
2                                      1.0000000000000000e+00         1.0000000000000000e+00
   &EXCITATIONENERGIES [&Type "ArrayOfDoubles", &Dim (3,11)] 
                                                         0                           1                           2                           3                           4                           5                           6                           7

0                                      3.8893134596065759e+00         3.1369431874899914e+04         3.1878167382436555e+02         2.0952064606946735e-01         2.1988507829047674e+00        -1.2169040650751237e+00         0.0000000000000000e+00        -7.3438716856642927e-01
1                                      4.2186569745245279e+00         3.4025766742726133e+04         2.9389492015305581e+02         1.9211768665700185e-01         1.8588100648313377e+00        -6.2853608362904911e-01         0.0000000000000000e+00        -9.6992325857993678e-01
2                                      4.3265122252355468e+00         3.4895678097176795e+04         2.8656843899557407e+02         3.8190506167809987e-03         3.6029593289168320e-02         5.7026064443082301e-02         0.0000000000000000e+00        -5.5936086373547154e-02
                                                         8                           9                          10

0                                      0.0000000000000000e+00        -4.2269464859800310e-01         0.0000000000000000e+00
1                                      0.0000000000000000e+00        -7.2318830803136736e-01         0.0000000000000000e+00
2                                      0.0000000000000000e+00         1.7218819792457560e-01         0.0000000000000000e+00
$End
$Geometry
   &GeometryIndex 31
   &ListStatus       OUT
   &NATOMS [&Type "Integer"] 34
   &NCORELESSECP [&Type "Integer"] 0
   &NGHOSTATOMS [&Type "Integer"] 0
   &CartesianCoordinates [&Type "Coordinates", &Dim(34,4), &Units "Bohr"] 
              C     -3.697854672009   -3.506841735758   -1.625624278402
              C     -2.847088407661   -5.253979301839   -3.415940662816
              C     -0.327801395305   -5.316775759389   -4.040780915033
              C     -2.042788841829   -1.846566887282   -0.494338356230
              C      0.574189947969   -1.838176195018   -1.074360926278
              O     -3.075683759640   -0.324423470058    1.384701253388
              C      1.402385294834   -3.646896363289   -2.898013380529
              C      4.017715153808   -3.796258572552   -3.578448259028
              C      5.762205924421   -2.258081576265   -2.519801125190
              C      2.454857195700   -0.167562001348    0.045183154059
              C      5.028899891630   -0.415304262928   -0.689891502987
              N      1.743478790159    1.594065123223    1.754401640370
              C      3.474501576969    3.085433920878    2.761759223332
              C      6.051482914809    2.967334349786    2.166725827067
              C      6.818653427089    1.203690276603    0.424151726280
              C     -3.671205253759    2.120438704364    0.767692576103
              O     -3.501863820140    2.926744177806   -1.389390849278
              N     -4.485782312587    3.433359100688    2.789463394312
              C     -4.749336116077    2.369549021641    5.318482453266
              C     -5.467173932843    5.981907944752    2.445207599504
              H     -7.502326103602    6.024588408523    2.800870296276
              H     -5.102950078996    6.607339921913    0.527828524754
              H     -4.543904827960    7.263805063263    3.771337951774
              H     -3.568190990927    0.710462040756    5.532125664830
              H     -6.715394305260    1.859830080521    5.702812148078
              H     -4.163634037705    3.788549531496    6.693767719711
              H      0.371309177272   -6.661107580716   -5.415738717039
              H     -5.669654189510   -3.431185649399   -1.090008747226
              H     -4.172901431439   -6.542676962273   -4.289889142122
              H      4.566395080831   -5.193140557495   -4.969914313053
              H      7.737974749416   -2.389695572991   -3.038938734733
              H      2.803863507779    4.468366707212    4.120576028808
              H      7.376432760767    4.242446397351    3.059504251488
              H      8.786669781424    1.035057176773   -0.115085479419
$End
$SCF_Energy
   &GeometryIndex 31
   &ListStatus       OUT
   &SCF_ENERGY [&Type "Double"]      -8.7844052776721060e+02
$End
$DFT_Energy
   &GeometryIndex 31
   &ListStatus       OUT
   &NALPHAEL [&Type "Integer"] 70
   &NBETAEL [&Type "Integer"] 70
   &NTOTALEL [&Type "Integer"] 140
   &EEXCHANGE [&Type "Double"]      -9.3625857883163590e+01
   &ECORR [&Type "Double"]      -6.1571275017282971e+00
   &ECNL [&Type "Double"]       0.0000000000000000e+00
   &EXC [&Type "Double"]      -9.9782985384891887e+01
   &EEMBED [&Type "Double"]       0.0000000000000000e+00
   &FINALEN [&Type "Double"]      -8.7844052776721060e+02  "No Van der Waals correction"
$End
$Solvation_Details
   &GeometryIndex 31
   &ListStatus       OUT
   &SOLVENT [&Type "String"] "WATER"
   &EPSILON [&Type "Double"]       8.0150999999999996e+01
   &REFRAC [&Type "Double"]       1.3328000000000000e+00
   &RSOLV [&Type "Double"]       1.3000000000000000e+00
   &SURFACETYPE [&Type "String"] "GAUSSIAN VDW"
   &NPOINTS [&Type "Integer"] 3000
   &SURFACEAREA [&Type "Double"]       1.0804716123280000e+03
   &CPCMDIELENERGY [&Type "Double"]      -2.4191102999999999e-02
$End
$CIS_Absorption_Spectrum
   &GeometryIndex 31
   &ListStatus       OUT
   &TEMPERATURE [&Type "Double"]       2.9814999999999998e+02
   &METHOD [&Type "Integer"] 20
   &RELCORRECTION [&Type "Integer"] 1 "Type of relativistic treatment in QDPT. 0->Unknow, 1->None, 2->SOC, 3->SSC, 4->SOC/SSC"
   &DENSTYPE [&Type "Integer"] 3 "Type of density (electron/spin ...). 0->Unknow, 1->Electronic, 2->Spin, 3->Trans/Electronic, 4->Tran/Spin"
   &DERITYPE [&Type "Integer"] 0 "Type of derivative (w.r.t. to what perturbation). 0->Unknown, 1->No Derivative, 2->Electric/Dipole, 3->Electric/Quad, 4->Magnetic/Dipole, 5->Magnetic/Quad"
   &DENSLEVEL [&Type "Integer"] 0 "// Source of density: relaxed, unrelaxed, ... 0->Unknown, 1->Linearized, 2->Unrelaxed, 3->Relaxed"
   &REPRESENTATION [&Type "String"] "Length" "Possible values: Unknown,  Length, Velocity"
   &POINTGROUP [&Type "String"] "C1"
   &NTRANS [&Type "Integer"] 3
   &DOHIGHERMOMENTS [&Type "Boolean"] false
   &STATES [&Type "ArrayOfIntegers", &Dim (3,4)] "The initial and Final states. Col1: Initial State  Col2: Initial Irrep Col3: Final State Col4: Final Irrep"
                                                         0                           1                           2                           3

0                                                        0                           0                           1                           0
1                                                        0                           0                           2                           0
2                                                        0                           0                           3                           0
   &MULTIPLICITIES [&Type "ArrayOfDoubles", &Dim (3,2)] "Col1: Multiplicity of the initial state  Col2: Multiplicity of the final state"
                                                         0                           1

0                                      1.0000000000000000e+00         1.0000000000000000e+00
1                                      1.0000000000000000e+00         1.0000000000000000e+00
2                                      1.0000000000000000e+00         1.0000000000000000e+00
   &EXCITATIONENERGIES [&Type "ArrayOfDoubles", &Dim (3,11)] 
                                                         0                           1                           2                           3                           4                           5                           6                           7

0                                      3.8888236186200635e+00         3.1365481040487743e+04         3.1882182795448358e+02         2.0958527042187225e-01         2.1998060497531542e+00        -1.2165866846281019e+00         0.0000000000000000e+00        -7.3518120006230947e-01
1                                      4.2182758229444692e+00         3.4022692547588907e+04         2.9392147567428998e+02         1.9162746197767724e-01         1.8542344870434553e+00        -6.2758407467041033e-01         0.0000000000000000e+00        -9.6882614866806260e-01
2                                      4.3269006891292765e+00         3.4898811270107384e+04         2.8654271122883517e+02         3.8342415982003729e-03         3.6169660112255184e-02         5.6920952181469316e-02         0.0000000000000000e+00        -5.5149167260671476e-02
                                                         8                           9                          10

0                                      0.0000000000000000e+00        -4.2335740410875033e-01         0.0000000000000000e+00
1                                      0.0000000000000000e+00        -7.2232168036169930e-01         0.0000000000000000e+00
2                                      0.0000000000000000e+00         1.7288214096737856e-01         0.0000000000000000e+00
$End
$Geometry
   &GeometryIndex 32
   &ListStatus       OUT
   &NATOMS [&Type "Integer"] 34
   &NCORELESSECP [&Type "Integer"] 0
   &NGHOSTATOMS [&Type "Integer"] 0
   &CartesianCoordinates [&Type "Coordinates", &Dim(34,4), &Units "Bohr"] 
              C     -3.697962615488   -3.506850231267   -1.625508372566
              C     -2.846862316993   -5.253624228948   -3.415770818852
              C     -0.327609317370   -5.316432130185   -4.040393038425
              C     -2.042598274116   -1.846860207782   -0.494470917016
              C      0.574308746886   -1.838393261448   -1.074368190200
              O     -3.075595355135   -0.324662174589    1.384267688486
              C      1.402482168105   -3.646641560026   -2.898150651455
              C      4.017507108189   -3.796495007178   -3.578584822036
              C      5.761580407120   -2.258034964476   -2.519795533095
              C      2.454788914463   -0.167809547466    0.045124304628
              C      5.028644687892   -0.415209729339   -0.689785213605
              N      1.743666385528    1.593931245747    1.754063625582
              C      3.474639008907    3.085189184054    2.761655001880
              C      6.051720900238    2.967687785213    2.166878275625
              C      6.818555415487    1.203795956579    0.424378759903
              C     -3.671223854720    2.120287045405    0.767688795581
              O     -3.501846294468    2.926699180866   -1.389330219347
              N     -4.485775466931    3.433433302631    2.789524069020
              C     -4.749356404035    2.369527233045    5.318604525231
              C     -5.467286856761    5.982207067956    2.445191719141
              H     -7.502434548728    6.024863133078    2.800856580587
              H     -5.103061697418    6.607616708453    0.527802889137
              H     -4.544009493693    7.264107987021    3.771308455138
              H     -3.568155498312    0.710445068630    5.532084128768
              H     -6.715383287132    1.859693596487    5.702939699579
              H     -4.163648184317    3.788421153694    6.693996431086
              H      0.371455533276   -6.660956509667   -5.415162698124
              H     -5.669767503060   -3.430964291356   -1.089988266357
              H     -4.172329048839   -6.542474575465   -4.289990106175
              H      4.566324376413   -5.193771682491   -4.969586825734
              H      7.737418534366   -2.389904311231   -3.038572736535
              H      2.803625574583    4.467889176907    4.120519534220
              H      7.376532474171    4.242946343065    3.059660222875
              H      8.786491932051    1.034913679450   -0.115076570364
$End
$SCF_Energy
   &GeometryIndex 32
   &ListStatus       OUT
   &SCF_ENERGY [&Type "Double"]      -8.7844052779179333e+02
$End
$DFT_Energy
   &GeometryIndex 32
   &ListStatus       OUT
   &NALPHAEL [&Type "Integer"] 70
   &NBETAEL [&Type "Integer"] 70
   &NTOTALEL [&Type "Integer"] 140
   &EEXCHANGE [&Type "Double"]      -9.3626183741064096e+01
   &ECORR [&Type "Double"]      -6.1571486727234230e+00
   &ECNL [&Type "Double"]       0.0000000000000000e+00
   &EXC [&Type "Double"]      -9.9783332413787519e+01
   &EEMBED [&Type "Double"]       0.0000000000000000e+00
   &FINALEN [&Type "Double"]      -8.7844052779179333e+02  "No Van der Waals correction"
$End
$Solvation_Details
   &GeometryIndex 32
   &ListStatus       OUT
   &SOLVENT [&Type "String"] "WATER"
   &EPSILON [&Type "Double"]       8.0150999999999996e+01
   &REFRAC [&Type "Double"]       1.3328000000000000e+00
   &RSOLV [&Type "Double"]       1.3000000000000000e+00
   &SURFACETYPE [&Type "String"] "GAUSSIAN VDW"
   &NPOINTS [&Type "Integer"] 2998
   &SURFACEAREA [&Type "Double"]       1.0804650237080000e+03
   &CPCMDIELENERGY [&Type "Double"]      -2.4193121000000001e-02
$End
$CIS_Absorption_Spectrum
   &GeometryIndex 32
   &ListStatus       OUT
   &TEMPERATURE [&Type "Double"]       2.9814999999999998e+02
   &METHOD [&Type "Integer"] 20
   &RELCORRECTION [&Type "Integer"] 1 "Type of relativistic treatment in QDPT. 0->Unknow, 1->None, 2->SOC, 3->SSC, 4->SOC/SSC"
   &DENSTYPE [&Type "Integer"] 3 "Type of density (electron/spin ...). 0->Unknow, 1->Electronic, 2->Spin, 3->Trans/Electronic, 4->Tran/Spin"
   &DERITYPE [&Type "Integer"] 0 "Type of derivative (w.r.t. to what perturbation). 0->Unknown, 1->No Derivative, 2->Electric/Dipole, 3->Electric/Quad, 4->Magnetic/Dipole, 5->Magnetic/Quad"
   &DENSLEVEL [&Type "Integer"] 0 "// Source of density: relaxed, unrelaxed, ... 0->Unknown, 1->Linearized, 2->Unrelaxed, 3->Relaxed"
   &REPRESENTATION [&Type "String"] "Length" "Possible values: Unknown,  Length, Velocity"
   &POINTGROUP [&Type "String"] "C1"
   &NTRANS [&Type "Integer"] 3
   &DOHIGHERMOMENTS [&Type "Boolean"] false
   &STATES [&Type "ArrayOfIntegers", &Dim (3,4)] "The initial and Final states. Col1: Initial State  Col2: Initial Irrep Col3: Final State Col4: Final Irrep"
                                                         0                           1                           2                           3

0                                                        0                           0                           1                           0
1                                                        0                           0                           2                           0
2                                                        0                           0                           3                           0
   &MULTIPLICITIES [&Type "ArrayOfDoubles", &Dim (3,2)] "Col1: Multiplicity of the initial state  Col2: Multiplicity of the final state"
                                                         0                           1

0                                      1.0000000000000000e+00         1.0000000000000000e+00
1                                      1.0000000000000000e+00         1.0000000000000000e+00
2                                      1.0000000000000000e+00         1.0000000000000000e+00
   &EXCITATIONENERGIES [&Type "ArrayOfDoubles", &Dim (3,11)] 
                                                         0                           1                           2                           3                           4                           5                           6                           7

0                                      3.8889077452769145e+00         3.1366159567805829e+04         3.1881493105276371e+02         2.0981565004906128e-01         2.2021764737435392e+00        -1.2173047461536515e+00         0.0000000000000000e+00        -7.3552769092873449e-01
1                                      4.2184011276402629e+00         3.4023703198224073e+04         2.9391274493959162e+02         1.9168129312797724e-01         1.8547002762741929e+00        -6.2705550001264543e-01         0.0000000000000000e+00        -9.6922038077861850e-01
2                                      4.3266207535616106e+00         3.4896553437250652e+04         2.8656125075450592e+02         3.8545312977034266e-03         3.6363412098032608e-02         5.7521840234109563e-02         0.0000000000000000e+00        -5.4274717339020576e-02
                                                         8                           9                          10

0                                      0.0000000000000000e+00        -4.2349102069864153e-01         0.0000000000000000e+00
1                                      0.0000000000000000e+00        -7.2257423816617894e-01         0.0000000000000000e+00
2                                      0.0000000000000000e+00         1.7351917776396822e-01         0.0000000000000000e+00
$End
$Geometry
   &GeometryIndex 33
   &ListStatus       OUT
   &NATOMS [&Type "Integer"] 34
   &NCORELESSECP [&Type "Integer"] 0
   &NGHOSTATOMS [&Type "Integer"] 0
   &CartesianCoordinates [&Type "Coordinates", &Dim(34,4), &Units "Bohr"] 
              C     -3.697722138549   -3.506865478550   -1.625598262233
              C     -2.847194177612   -5.253881890414   -3.416020965674
              C     -0.327838845717   -5.316632637446   -4.040543891446
              C     -2.042513226345   -1.846710057381   -0.494455564167
              C      0.574328794210   -1.838332747397   -1.074210025287
              O     -3.075431105740   -0.324533171839    1.384452311311
              C      1.402314470167   -3.646590898469   -2.898100117566
              C      4.017625046507   -3.796123028481   -3.578275874445
              C      5.762102597372   -2.257905550040   -2.519781741611
              C      2.454896836361   -0.167807998489    0.045166982959
              C      5.028655540184   -0.415324463461   -0.689938632701
              N      1.743811779731    1.594012828700    1.754051073269
              C      3.474598442357    3.085325064057    2.761808646814
              C      6.051498187255    2.967505609055    2.166705460122
              C      6.818224786380    1.203586679001    0.424262052445
              C     -3.672073899453    2.120056088733    0.767495733586
              O     -3.501586221270    2.926812369346   -1.389316099901
              N     -4.485573317797    3.433496103343    2.789563767165
              C     -4.749327741835    2.369517142059    5.318604336977
              C     -5.467246619073    5.982141019267    2.445191229658
              H     -7.502400290691    6.024717605651    2.800856721028
              H     -5.103047222517    6.607512324168    0.527784144129
              H     -4.544027145242    7.264130968298    3.771255427455
              H     -3.568160001748    0.710422550734    5.532156705088
              H     -6.715385825204    1.859758903212    5.702886556826
              H     -4.163634144897    3.788427868400    6.693978813901
              H      0.371486960219   -6.661310998835   -5.415044941939
              H     -5.669404197098   -3.431103588147   -1.089590189734
              H     -4.172879121032   -6.542862644596   -4.289736256626
              H      4.566373179348   -5.193421493884   -4.969285559343
              H      7.737947048519   -2.389787345340   -3.038532130621
              H      2.803653845857    4.467950846120    4.120784885663
              H      7.376685965558    4.242462580044    3.059343743799
              H      8.786197539630    1.034683533375   -0.115017769325
$End
$SCF_Energy
   &GeometryIndex 33
   &ListStatus       OUT
   &SCF_ENERGY [&Type "Double"]      -8.7844052784235123e+02
$End
$DFT_Energy
   &GeometryIndex 33
   &ListStatus       OUT
   &NALPHAEL [&Type "Integer"] 70
   &NBETAEL [&Type "Integer"] 70
   &NTOTALEL [&Type "Integer"] 140
   &EEXCHANGE [&Type "Double"]      -9.3626165111160617e+01
   &ECORR [&Type "Double"]      -6.1571476897748925e+00
   &ECNL [&Type "Double"]       0.0000000000000000e+00
   &EXC [&Type "Double"]      -9.9783312800935505e+01
   &EEMBED [&Type "Double"]       0.0000000000000000e+00
   &FINALEN [&Type "Double"]      -8.7844052784235123e+02  "No Van der Waals correction"
$End
$Solvation_Details
   &GeometryIndex 33
   &ListStatus       OUT
   &SOLVENT [&Type "String"] "WATER"
   &EPSILON [&Type "Double"]       8.0150999999999996e+01
   &REFRAC [&Type "Double"]       1.3328000000000000e+00
   &RSOLV [&Type "Double"]       1.3000000000000000e+00
   &SURFACETYPE [&Type "String"] "GAUSSIAN VDW"
   &NPOINTS [&Type "Integer"] 2999
   &SURFACEAREA [&Type "Double"]       1.0804698605020001e+03
   &CPCMDIELENERGY [&Type "Double"]      -2.4191371999999999e-02
$End
$CIS_Absorption_Spectrum
   &GeometryIndex 33
   &ListStatus       OUT
   &TEMPERATURE [&Type "Double"]       2.9814999999999998e+02
   &METHOD [&Type "Integer"] 20
   &RELCORRECTION [&Type "Integer"] 1 "Type of relativistic treatment in QDPT. 0->Unknow, 1->None, 2->SOC, 3->SSC, 4->SOC/SSC"
   &DENSTYPE [&Type "Integer"] 3 "Type of density (electron/spin ...). 0->Unknow, 1->Electronic, 2->Spin, 3->Trans/Electronic, 4->Tran/Spin"
   &DERITYPE [&Type "Integer"] 0 "Type of derivative (w.r.t. to what perturbation). 0->Unknown, 1->No Derivative, 2->Electric/Dipole, 3->Electric/Quad, 4->Magnetic/Dipole, 5->Magnetic/Quad"
   &DENSLEVEL [&Type "Integer"] 0 "// Source of density: relaxed, unrelaxed, ... 0->Unknown, 1->Linearized, 2->Unrelaxed, 3->Relaxed"
   &REPRESENTATION [&Type "String"] "Length" "Possible values: Unknown,  Length, Velocity"
   &POINTGROUP [&Type "String"] "C1"
   &NTRANS [&Type "Integer"] 3
   &DOHIGHERMOMENTS [&Type "Boolean"] false
   &STATES [&Type "ArrayOfIntegers", &Dim (3,4)] "The initial and Final states. Col1: Initial State  Col2: Initial Irrep Col3: Final State Col4: Final Irrep"
                                                         0                           1                           2                           3

0                                                        0                           0                           1                           0
1                                                        0                           0                           2                           0
2                                                        0                           0                           3                           0
   &MULTIPLICITIES [&Type "ArrayOfDoubles", &Dim (3,2)] "Col1: Multiplicity of the initial state  Col2: Multiplicity of the final state"
                                                         0                           1

0                                      1.0000000000000000e+00         1.0000000000000000e+00
1                                      1.0000000000000000e+00         1.0000000000000000e+00
2                                      1.0000000000000000e+00         1.0000000000000000e+00
   &EXCITATIONENERGIES [&Type "ArrayOfDoubles", &Dim (3,11)] 
                                                         0                           1                           2                           3                           4                           5                           6                           7

0                                      3.8891660337311613e+00         3.1368242804899914e+04         3.1879375782050300e+02         2.0944349561316675e-01         2.1981244347769824e+00        -1.2167816913320055e+00         0.0000000000000000e+00        -7.3422949678007132e-01
1                                      4.2184596562219960e+00         3.4024175263120997e+04         2.9390866707764280e+02         1.9210378411294635e-01         1.8587624920312098e+00        -6.2820815769976079e-01         0.0000000000000000e+00        -9.7009629789097973e-01
2                                      4.3271603259156191e+00         3.4900905382234370e+04         2.8652551819157981e+02         3.8470483971417006e-03         3.6288293363902838e-02         5.7056527216209879e-02         0.0000000000000000e+00        -5.4567339895876185e-02
                                                         8                           9                          10

0                                      0.0000000000000000e+00        -4.2246159171490327e-01         0.0000000000000000e+00
1                                      0.0000000000000000e+00        -7.2320825178429604e-01         0.0000000000000000e+00
2                                      0.0000000000000000e+00         1.7336450467906242e-01         0.0000000000000000e+00
$End
$Geometry
   &GeometryIndex 34
   &ListStatus       OUT
   &NATOMS [&Type "Integer"] 34
   &NCORELESSECP [&Type "Integer"] 0
   &NGHOSTATOMS [&Type "Integer"] 0
   &CartesianCoordinates [&Type "Coordinates", &Dim(34,4), &Units "Bohr"] 
              C     -3.697686958089   -3.506892919238   -1.625521479392
              C     -2.847202703294   -5.253745034515   -3.416113445057
              C     -0.327826573272   -5.316729333526   -4.040533861760
              C     -2.042585501845   -1.846533372003   -0.494572699819
              C      0.574337676113   -1.838498209906   -1.074021004986
              O     -3.075715603811   -0.324577211128    1.384342729035
              C      1.402275780495   -3.646515184563   -2.898224520049
              C      4.017627483523   -3.796076572521   -3.578303058728
              C      5.762133705360   -2.257865165129   -2.519834239140
              C      2.454920936560   -0.167942081269    0.045306255215
              C      5.028649978091   -0.415241185195   -0.690048390296
              N      1.743785612580    1.594120124176    1.753960724643
              C      3.474622242027    3.085273221731    2.761908233292
              C      6.051484457012    2.967588167055    2.166605673535
              C      6.818239701403    1.203530927526    0.424311214890
              C     -3.670856146156    2.120456471179    0.767819349424
              O     -3.501963366521    2.926629633462   -1.389322812720
              N     -4.485873623211    3.433380818269    2.789484153380
              C     -4.749355460180    2.369562055218    5.318500070288
              C     -5.467242321643    5.982070525914    2.445205359166
              H     -7.502389859528    6.024776166913    2.800870254206
              H     -5.103003736114    6.607504946938    0.527829436145
              H     -4.543942285137    7.263927882117    3.771353891438
              H     -3.568158159342    0.710486284734    5.532007412884
              H     -6.715379354102    1.859734411086    5.702863022711
              H     -4.163644809698    3.788486274147    6.693863234533
              H      0.371522105813   -6.661704891757   -5.414733611253
              H     -5.669280432741   -3.431507305779   -1.089140091750
              H     -4.172886763097   -6.542941024307   -4.289512698866
              H      4.566459739945   -5.193737855617   -4.968916459446
              H      7.738059532885   -2.390129794606   -3.038179787530
              H      2.803726876521    4.467731677334    4.121077521179
              H      7.376709724286    4.242433127451    3.059348007235
              H      8.786255196826    1.034447045513   -0.114756763032
$End
$SCF_Energy
   &GeometryIndex 34
   &ListStatus       OUT
   &SCF_ENERGY [&Type "Double"]      -8.7844052775975194e+02
$End
$DFT_Energy
   &GeometryIndex 34
   &ListStatus       OUT
   &NALPHAEL [&Type "Integer"] 70
   &NBETAEL [&Type "Integer"] 70
   &NTOTALEL [&Type "Integer"] 140
   &EEXCHANGE [&Type "Double"]      -9.3626215890146355e+01
   &ECORR [&Type "Double"]      -6.1571527697904909e+00
   &ECNL [&Type "Double"]       0.0000000000000000e+00
   &EXC [&Type "Double"]      -9.9783368659936841e+01
   &EEMBED [&Type "Double"]       0.0000000000000000e+00
   &FINALEN [&Type "Double"]      -8.7844052775975194e+02  "No Van der Waals correction"
$End
$Solvation_Details
   &GeometryIndex 34
   &ListStatus       OUT
   &SOLVENT [&Type "String"] "WATER"
   &EPSILON [&Type "Double"]       8.0150999999999996e+01
   &REFRAC [&Type "Double"]       1.3328000000000000e+00
   &RSOLV [&Type "Double"]       1.3000000000000000e+00
   &SURFACETYPE [&Type "String"] "GAUSSIAN VDW"
   &NPOINTS [&Type "Integer"] 2999
   &SURFACEAREA [&Type "Double"]       1.0804570856030000e+03
   &CPCMDIELENERGY [&Type "Double"]      -2.4193048000000002e-02
$End
$CIS_Absorption_Spectrum
   &GeometryIndex 34
   &ListStatus       OUT
   &TEMPERATURE [&Type "Double"]       2.9814999999999998e+02
   &METHOD [&Type "Integer"] 20
   &RELCORRECTION [&Type "Integer"] 1 "Type of relativistic treatment in QDPT. 0->Unknow, 1->None, 2->SOC, 3->SSC, 4->SOC/SSC"
   &DENSTYPE [&Type "Integer"] 3 "Type of density (electron/spin ...). 0->Unknow, 1->Electronic, 2->Spin, 3->Trans/Electronic, 4->Tran/Spin"
   &DERITYPE [&Type "Integer"] 0 "Type of derivative (w.r.t. to what perturbation). 0->Unknown, 1->No Derivative, 2->Electric/Dipole, 3->Electric/Quad, 4->Magnetic/Dipole, 5->Magnetic/Quad"
   &DENSLEVEL [&Type "Integer"] 0 "// Source of density: relaxed, unrelaxed, ... 0->Unknown, 1->Linearized, 2->Unrelaxed, 3->Relaxed"
   &REPRESENTATION [&Type "String"] "Length" "Possible values: Unknown,  Length, Velocity"
   &POINTGROUP [&Type "String"] "C1"
   &NTRANS [&Type "Integer"] 3
   &DOHIGHERMOMENTS [&Type "Boolean"] false
   &STATES [&Type "ArrayOfIntegers", &Dim (3,4)] "The initial and Final states. Col1: Initial State  Col2: Initial Irrep Col3: Final State Col4: Final Irrep"
                                                         0                           1                           2                           3

0                                                        0                           0                           1                           0
1                                                        0                           0                           2                           0
2                                                        0                           0                           3                           0
   &MULTIPLICITIES [&Type "ArrayOfDoubles", &Dim (3,2)] "Col1: Multiplicity of the initial state  Col2: Multiplicity of the final state"
                                                         0                           1

0                                      1.0000000000000000e+00         1.0000000000000000e+00
1                                      1.0000000000000000e+00         1.0000000000000000e+00
2                                      1.0000000000000000e+00         1.0000000000000000e+00
   &EXCITATIONENERGIES [&Type "ArrayOfDoubles", &Dim (3,11)] 
                                                         0                           1                           2                           3                           4                           5                           6                           7

0                                      3.8890414650913439e+00         3.1367238090957188e+04         3.1880396900111151e+02         2.0960026012561148e-01         2.1998401496410058e+00        -1.2170126954758758e+00         0.0000000000000000e+00        -7.3477154830659908e-01
1                                      4.2183943753633155e+00         3.4023648737431984e+04         2.9391321539827226e+02         1.9198960582149702e-01         1.8576864707109126e+00        -6.2783005787692781e-01         0.0000000000000000e+00        -9.6991884726690336e-01
2                                      4.3265592217284414e+00         3.4896057149494780e+04         2.8656532619602206e+02         3.8500921605049403e-03         3.6322050110404097e-02         5.7375918489771992e-02         0.0000000000000000e+00        -5.4412087306198828e-02
                                                         8                           9                          10

0                                      0.0000000000000000e+00        -4.2288416911806070e-01         0.0000000000000000e+00
1                                      0.0000000000000000e+00        -7.2303064862674216e-01         0.0000000000000000e+00
2                                      0.0000000000000000e+00         1.7340524456556017e-01         0.0000000000000000e+00
$End
$Geometry
   &GeometryIndex 35
   &ListStatus       OUT
   &NATOMS [&Type "Integer"] 34
   &NCORELESSECP [&Type "Integer"] 0
   &NGHOSTATOMS [&Type "Integer"] 0
   &CartesianCoordinates [&Type "Coordinates", &Dim(34,4), &Units "Bohr"] 
              C     -3.697716912876   -3.506924257665   -1.625484370020
              C     -2.847097984199   -5.254022248235   -3.415770796156
              C     -0.327786272091   -5.316774634298   -4.040445298752
              C     -2.042554484853   -1.846665112825   -0.494477385692
              C      0.574273039974   -1.838235926237   -1.074337155424
              O     -3.075611318984   -0.324508740218    1.384297681879
              C      1.402322481797   -3.646670892096   -2.898045675561
              C      4.017585980270   -3.796012665972   -3.578406228823
              C      5.762079736560   -2.257820279245   -2.519897706266
              C      2.454881171893   -0.167810766222    0.045155668120
              C      5.028671846864   -0.415337362514   -0.689923758164
              N      1.743800451381    1.594010456810    1.754071371112
              C      3.474616206647    3.085297426859    2.761854033390
              C      6.051533090338    2.967436082813    2.166805011686
              C      6.818265027683    1.203524745375    0.424346125072
              C     -3.671267942809    2.120301137648    0.767774627814
              O     -3.501838855867    2.926635985858   -1.389240592590
              N     -4.485785137783    3.433425416134    2.789519928840
              C     -4.749341528476    2.369578982131    5.318462891890
              C     -5.467233469305    5.982063110642    2.445208931486
              H     -7.502383110417    6.024735254739    2.800878505782
              H     -5.103003470041    6.607477579990    0.527824919991
              H     -4.543955310497    7.263955568455    3.771335818911
              H     -3.568138911821    0.710503719209    5.531958065809
              H     -6.715368572992    1.859747215744    5.702817912195
              H     -4.163635168302    3.788477155638    6.693852815310
              H      0.371142609262   -6.660031708643   -5.416537230862
              H     -5.669701397827   -3.430070305948   -1.090750688892
              H     -4.173173663072   -6.541532886047   -4.291059651466
              H      4.566520886420   -5.194189640394   -4.968460750443
              H      7.738113481489   -2.390604333950   -3.037700673051
              H      2.803577776099    4.468407842720    4.120289892761
              H      7.376540605711    4.243191720061    3.058570802757
              H      8.786094673572    1.035292582343   -0.115668243971
$End
$SCF_Energy
   &GeometryIndex 35
   &ListStatus       OUT
   &SCF_ENERGY [&Type "Double"]      -8.7844052779821732e+02
$End
$DFT_Energy
   &GeometryIndex 35
   &ListStatus       OUT
   &NALPHAEL [&Type "Integer"] 70
   &NBETAEL [&Type "Integer"] 70
   &NTOTALEL [&Type "Integer"] 140
   &EEXCHANGE [&Type "Double"]      -9.3626250307714727e+01
   &ECORR [&Type "Double"]      -6.1571563875689170e+00
   &ECNL [&Type "Double"]       0.0000000000000000e+00
   &EXC [&Type "Double"]      -9.9783406695283645e+01
   &EEMBED [&Type "Double"]       0.0000000000000000e+00
   &FINALEN [&Type "Double"]      -8.7844052779821732e+02  "No Van der Waals correction"
$End
$Solvation_Details
   &GeometryIndex 35
   &ListStatus       OUT
   &SOLVENT [&Type "String"] "WATER"
   &EPSILON [&Type "Double"]       8.0150999999999996e+01
   &REFRAC [&Type "Double"]       1.3328000000000000e+00
   &RSOLV [&Type "Double"]       1.3000000000000000e+00
   &SURFACETYPE [&Type "String"] "GAUSSIAN VDW"
   &NPOINTS [&Type "Integer"] 3001
   &SURFACEAREA [&Type "Double"]       1.0804599456159999e+03
   &CPCMDIELENERGY [&Type "Double"]      -2.4188707000000000e-02
$End
$CIS_Absorption_Spectrum
   &GeometryIndex 35
   &ListStatus       OUT
   &TEMPERATURE [&Type "Double"]       2.9814999999999998e+02
   &METHOD [&Type "Integer"] 20
   &RELCORRECTION [&Type "Integer"] 1 "Type of relativistic treatment in QDPT. 0->Unknow, 1->None, 2->SOC, 3->SSC, 4->SOC/SSC"
   &DENSTYPE [&Type "Integer"] 3 "Type of density (electron/spin ...). 0->Unknow, 1->Electronic, 2->Spin, 3->Trans/Electronic, 4->Tran/Spin"
   &DERITYPE [&Type "Integer"] 0 "Type of derivative (w.r.t. to what perturbation). 0->Unknown, 1->No Derivative, 2->Electric/Dipole, 3->Electric/Quad, 4->Magnetic/Dipole, 5->Magnetic/Quad"
   &DENSLEVEL [&Type "Integer"] 0 "// Source of density: relaxed, unrelaxed, ... 0->Unknown, 1->Linearized, 2->Unrelaxed, 3->Relaxed"
   &REPRESENTATION [&Type "String"] "Length" "Possible values: Unknown,  Length, Velocity"
   &POINTGROUP [&Type "String"] "C1"
   &NTRANS [&Type "Integer"] 3
   &DOHIGHERMOMENTS [&Type "Boolean"] false
   &STATES [&Type "ArrayOfIntegers", &Dim (3,4)] "The initial and Final states. Col1: Initial State  Col2: Initial Irrep Col3: Final State Col4: Final Irrep"
                                                         0                           1                           2                           3

0                                                        0                           0                           1                           0
1                                                        0                           0                           2                           0
2                                                        0                           0                           3                           0
   &MULTIPLICITIES [&Type "ArrayOfDoubles", &Dim (3,2)] "Col1: Multiplicity of the initial state  Col2: Multiplicity of the final state"
                                                         0                           1

0                                      1.0000000000000000e+00         1.0000000000000000e+00
1                                      1.0000000000000000e+00         1.0000000000000000e+00
2                                      1.0000000000000000e+00         1.0000000000000000e+00
   &EXCITATIONENERGIES [&Type "ArrayOfDoubles", &Dim (3,11)] 
                                                         0                           1                           2                           3                           4                           5                           6                           7

0                                      3.8891696720663127e+00         3.1368272150055003e+04         3.1879345958755539e+02         2.0940504853129038e-01         2.1977188739311675e+00        -1.2166443542729981e+00         0.0000000000000000e+00        -7.3415038203374838e-01
1                                      4.2184823483204665e+00         3.4024358287257382e+04         2.9390708608147781e+02         1.9202234356278844e-01         1.8579644931312445e+00        -6.2824442772546718e-01         0.0000000000000000e+00        -9.6980215665003300e-01
2                                      4.3277331454422807e+00         3.4905525483777958e+04         2.8648759362317617e+02         3.8146647171564381e-03         3.5978063112665000e-02         5.6148859280051956e-02         0.0000000000000000e+00        -5.6046530184487020e-02
                                                         8                           9                          10

0                                      0.0000000000000000e+00        -4.2251462188486272e-01         0.0000000000000000e+00
1                                      0.0000000000000000e+00        -7.2301950811861893e-01         0.0000000000000000e+00
2                                      0.0000000000000000e+00         1.7229090274443776e-01         0.0000000000000000e+00
$End
$Geometry
   &GeometryIndex 36
   &ListStatus       OUT
   &NATOMS [&Type "Integer"] 34
   &NCORELESSECP [&Type "Integer"] 0
   &NGHOSTATOMS [&Type "Integer"] 0
   &CartesianCoordinates [&Type "Coordinates", &Dim(34,4), &Units "Bohr"] 
              C     -3.697725768954   -3.506921789190   -1.625490020927
              C     -2.847104331449   -5.253969617809   -3.415804981439
              C     -0.327792339268   -5.316712655281   -4.040468608246
              C     -2.042516451553   -1.846768952832   -0.494399015194
              C      0.574268312564   -1.838159258168   -1.074434259482
              O     -3.075616337893   -0.324558928606    1.384297747639
              C      1.402304406497   -3.646549483866   -2.898176142603
              C      4.017622118475   -3.796211323852   -3.578204161182
              C      5.762083694356   -2.257974447593   -2.519719341395
              C      2.454912251179   -0.167936495210    0.045290049093
              C      5.028675632865   -0.415392773141   -0.689851111625
              N      1.743812525456    1.593985591467    1.754080955404
              C      3.474587556900    3.085429642847    2.761697932394
              C      6.051494541238    2.967632508355    2.166593445112
              C      6.818214232415    1.203758657099    0.424091833948
              C     -3.671218064773    2.120322576162    0.767735441599
              O     -3.501851333137    2.926662942980   -1.389296042761
              N     -4.485790384480    3.433425017319    2.789525074550
              C     -4.749350127224    2.369553346353    5.318533345016
              C     -5.467253265364    5.982114923015    2.445202065717
              H     -7.502403406820    6.024791513396    2.800860445336
              H     -5.103017218949    6.607514081982    0.527813048606
              H     -4.543974277800    7.264017330136    3.771318098043
              H     -3.568149576450    0.710474737749    5.532020516489
              H     -6.715377264838    1.859723095992    5.702880292211
              H     -4.163640888591    3.788452163738    6.693920828920
              H      0.371273037357   -6.660568760070   -5.415904394514
              H     -5.669693948625   -3.430097973968   -1.090694514127
              H     -4.173076103564   -6.541814146713   -4.290757650210
              H      4.566286989092   -5.193113821215   -4.969643830198
              H      7.737772959371   -2.389194639165   -3.039226508879
              H      2.803771825442    4.467404189654    4.121399214463
              H      7.376972826288    4.241182224983    3.060812241730
              H      8.786397050998    1.033883605327   -0.114121347917
$End
$SCF_Energy
   &GeometryIndex 36
   &ListStatus       OUT
   &SCF_ENERGY [&Type "Double"]      -8.7844052774308898e+02
$End
$DFT_Energy
   &GeometryIndex 36
   &ListStatus       OUT
   &NALPHAEL [&Type "Integer"] 70
   &NBETAEL [&Type "Integer"] 70
   &NTOTALEL [&Type "Integer"] 140
   &EEXCHANGE [&Type "Double"]      -9.3626217970197601e+01
   &ECORR [&Type "Double"]      -6.1571531740494239e+00
   &ECNL [&Type "Double"]       0.0000000000000000e+00
   &EXC [&Type "Double"]      -9.9783371144247027e+01
   &EEMBED [&Type "Double"]       0.0000000000000000e+00
   &FINALEN [&Type "Double"]      -8.7844052774308898e+02  "No Van der Waals correction"
$End
$Solvation_Details
   &GeometryIndex 36
   &ListStatus       OUT
   &SOLVENT [&Type "String"] "WATER"
   &EPSILON [&Type "Double"]       8.0150999999999996e+01
   &REFRAC [&Type "Double"]       1.3328000000000000e+00
   &RSOLV [&Type "Double"]       1.3000000000000000e+00
   &SURFACETYPE [&Type "String"] "GAUSSIAN VDW"
   &NPOINTS [&Type "Integer"] 2999
   &SURFACEAREA [&Type "Double"]       1.0804662111050000e+03
   &CPCMDIELENERGY [&Type "Double"]      -2.4189319000000001e-02
$End
$CIS_Absorption_Spectrum
   &GeometryIndex 36
   &ListStatus       OUT
   &TEMPERATURE [&Type "Double"]       2.9814999999999998e+02
   &METHOD [&Type "Integer"] 20
   &RELCORRECTION [&Type "Integer"] 1 "Type of relativistic treatment in QDPT. 0->Unknow, 1->None, 2->SOC, 3->SSC, 4->SOC/SSC"
   &DENSTYPE [&Type "Integer"] 3 "Type of density (electron/spin ...). 0->Unknow, 1->Electronic, 2->Spin, 3->Trans/Electronic, 4->Tran/Spin"
   &DERITYPE [&Type "Integer"] 0 "Type of derivative (w.r.t. to what perturbation). 0->Unknown, 1->No Derivative, 2->Electric/Dipole, 3->Electric/Quad, 4->Magnetic/Dipole, 5->Magnetic/Quad"
   &DENSLEVEL [&Type "Integer"] 0 "// Source of density: relaxed, unrelaxed, ... 0->Unknown, 1->Linearized, 2->Unrelaxed, 3->Relaxed"
   &REPRESENTATION [&Type "String"] "Length" "Possible values: Unknown,  Length, Velocity"
   &POINTGROUP [&Type "String"] "C1"
   &NTRANS [&Type "Integer"] 3
   &DOHIGHERMOMENTS [&Type "Boolean"] false
   &STATES [&Type "ArrayOfIntegers", &Dim (3,4)] "The initial and Final states. Col1: Initial State  Col2: Initial Irrep Col3: Final State Col4: Final Irrep"
                                                         0                           1                           2                           3

0                                                        0                           0                           1                           0
1                                                        0                           0                           2                           0
2                                                        0                           0                           3                           0
   &MULTIPLICITIES [&Type "ArrayOfDoubles", &Dim (3,2)] "Col1: Multiplicity of the initial state  Col2: Multiplicity of the final state"
                                                         0                           1

0                                      1.0000000000000000e+00         1.0000000000000000e+00
1                                      1.0000000000000000e+00         1.0000000000000000e+00
2                                      1.0000000000000000e+00         1.0000000000000000e+00
   &EXCITATIONENERGIES [&Type "ArrayOfDoubles", &Dim (3,11)] 
                                                         0                           1                           2                           3                           4                           5                           6                           7

0                                      3.8890395064085723e+00         3.1367222293113580e+04         3.1880412956410930e+02         2.0961286643469609e-01         2.1999735659904123e+00        -1.2169308723514831e+00         0.0000000000000000e+00        -7.3509545348624128e-01
1                                      4.2183901062263516e+00         3.4023614304516625e+04         2.9391351284723748e+02         1.9198353260179540e-01         1.8576295863686310e+00        -6.2752943330130873e-01         0.0000000000000000e+00        -9.7000925689399853e-01
2                                      4.3265248739938578e+00         3.4895780116303373e+04         2.8656760120195679e+02         3.8500481265526317e-03         3.6321923043758787e-02         5.8083415898895395e-02         0.0000000000000000e+00        -5.4563555729868068e-02
                                                         8                           9                          10

0                                      0.0000000000000000e+00        -4.2271443336149256e-01         0.0000000000000000e+00
1                                      0.0000000000000000e+00        -7.2313099660374269e-01         0.0000000000000000e+00
2                                      0.0000000000000000e+00         1.7312151289596656e-01         0.0000000000000000e+00
$End
$Geometry
   &GeometryIndex 37
   &ListStatus       OUT
   &NATOMS [&Type "Integer"] 34
   &NCORELESSECP [&Type "Integer"] 0
   &NGHOSTATOMS [&Type "Integer"] 0
   &CartesianCoordinates [&Type "Coordinates", &Dim(34,4), &Units "Bohr"] 
              C     -3.697584585773   -3.506913907506   -1.625771881063
              C     -2.847407331415   -5.254254731472   -3.416101577541
              C     -0.327952749220   -5.316414519666   -4.040305457817
              C     -2.042449794695   -1.846648710267   -0.494408448319
              C      0.574417740287   -1.838047460695   -1.074340251977
              O     -3.075701057273   -0.324582617318    1.384723602704
              C      1.402485376920   -3.646646317726   -2.897887137989
              C      4.017779423739   -3.796311511048   -3.578597635467
              C      5.761916379776   -2.257903034072   -2.519739298986
              C      2.454892899002   -0.167860981843    0.045198186646
              C      5.028511334475   -0.415284851420   -0.689837930841
              N      1.743811621686    1.593878473759    1.753999590889
              C      3.474640757214    3.085189412669    2.761620316319
              C      6.051640229132    2.967624439040    2.166800930215
              C      6.818185405611    1.203693655908    0.424297382901
              C     -3.671181571202    2.120483324835    0.767629514654
              O     -3.501863677682    2.926779537407   -1.389500061466
              N     -4.485799336811    3.433421349026    2.789500945033
              C     -4.749351946468    2.369491964895    5.318638524019
              C     -5.467231301788    5.982060647832    2.445198878254
              H     -7.502388443989    6.024757908283    2.800815723565
              H     -5.102979086262    6.607411409995    0.527795254631
              H     -4.543966687943    7.264012535973    3.771277271216
              H     -3.568197435814    0.710399122922    5.532196382814
              H     -6.715403791625    1.859746394412    5.702942859636
              H     -4.163644228185    3.788453468921    6.693959406463
              H      0.371507736434   -6.660335601732   -5.415477511068
              H     -5.669251496457   -3.430851497771   -1.089737344754
              H     -4.173050990081   -6.542877397271   -4.290418043985
              H      4.566649828724   -5.193732180024   -4.969443711528
              H      7.737883612701   -2.389640983971   -3.038062925890
              H      2.803553217590    4.467794753952    4.120538514127
              H      7.376708224683    4.242510643521    3.059719854008
              H      8.786113786501    1.034562724929   -0.115073124349
$End
$SCF_Energy
   &GeometryIndex 37
   &ListStatus       OUT
   &SCF_ENERGY [&Type "Double"]      -8.7844052763619004e+02
$End
$DFT_Energy
   &GeometryIndex 37
   &ListStatus       OUT
   &NALPHAEL [&Type "Integer"] 70
   &NBETAEL [&Type "Integer"] 70
   &NTOTALEL [&Type "Integer"] 140
   &EEXCHANGE [&Type "Double"]      -9.3626144458332547e+01
   &ECORR [&Type "Double"]      -6.1571437160640121e+00
   &ECNL [&Type "Double"]       0.0000000000000000e+00
   &EXC [&Type "Double"]      -9.9783288174396560e+01
   &EEMBED [&Type "Double"]       0.0000000000000000e+00
   &FINALEN [&Type "Double"]      -8.7844052763619004e+02  "No Van der Waals correction"
$End
$Solvation_Details
   &GeometryIndex 37
   &ListStatus       OUT
   &SOLVENT [&Type "String"] "WATER"
   &EPSILON [&Type "Double"]       8.0150999999999996e+01
   &REFRAC [&Type "Double"]       1.3328000000000000e+00
   &RSOLV [&Type "Double"]       1.3000000000000000e+00
   &SURFACETYPE [&Type "String"] "GAUSSIAN VDW"
   &NPOINTS [&Type "Integer"] 2998
   &SURFACEAREA [&Type "Double"]       1.0804651228810001e+03
   &CPCMDIELENERGY [&Type "Double"]      -2.4193145999999999e-02
$End
$CIS_Absorption_Spectrum
   &GeometryIndex 37
   &ListStatus       OUT
   &TEMPERATURE [&Type "Double"]       2.9814999999999998e+02
   &METHOD [&Type "Integer"] 20
   &RELCORRECTION [&Type "Integer"] 1 "Type of relativistic treatment in QDPT. 0->Unknow, 1->None, 2->SOC, 3->SSC, 4->SOC/SSC"
   &DENSTYPE [&Type "Integer"] 3 "Type of density (electron/spin ...). 0->Unknow, 1->Electronic, 2->Spin, 3->Trans/Electronic, 4->Tran/Spin"
   &DERITYPE [&Type "Integer"] 0 "Type of derivative (w.r.t. to what perturbation). 0->Unknown, 1->No Derivative, 2->Electric/Dipole, 3->Electric/Quad, 4->Magnetic/Dipole, 5->Magnetic/Quad"
   &DENSLEVEL [&Type "Integer"] 0 "// Source of density: relaxed, unrelaxed, ... 0->Unknown, 1->Linearized, 2->Unrelaxed, 3->Relaxed"
   &REPRESENTATION [&Type "String"] "Length" "Possible values: Unknown,  Length, Velocity"
   &POINTGROUP [&Type "String"] "C1"
   &NTRANS [&Type "Integer"] 3
   &DOHIGHERMOMENTS [&Type "Boolean"] false
   &STATES [&Type "ArrayOfIntegers", &Dim (3,4)] "The initial and Final states. Col1: Initial State  Col2: Initial Irrep Col3: Final State Col4: Final Irrep"
                                                         0                           1                           2                           3

0                                                        0                           0                           1                           0
1                                                        0                           0                           2                           0
2                                                        0                           0                           3                           0
   &MULTIPLICITIES [&Type "ArrayOfDoubles", &Dim (3,2)] "Col1: Multiplicity of the initial state  Col2: Multiplicity of the final state"
                                                         0                           1

0                                      1.0000000000000000e+00         1.0000000000000000e+00
1                                      1.0000000000000000e+00         1.0000000000000000e+00
2                                      1.0000000000000000e+00         1.0000000000000000e+00
   &EXCITATIONENERGIES [&Type "ArrayOfDoubles", &Dim (3,11)] 
                                                         0                           1                           2                           3                           4                           5                           6                           7

0                                      3.8888650798565574e+00         3.1365815447947349e+04         3.1881842882724806e+02         2.0942515064308681e-01         2.1981019979080862e+00        -1.2173260181229353e+00         0.0000000000000000e+00        -7.3366166066043759e-01
1                                      4.2183593752735415e+00         3.4023366442640581e+04         2.9391565402144528e+02         1.9192334082228082e-01         1.8570607003529540e+00        -6.2745631005298286e-01         0.0000000000000000e+00        -9.6968636904043992e-01
2                                      4.3280200059442526e+00         3.4907839170002444e+04         2.8646860526942493e+02         3.8142384968831446e-03         3.5971658856189623e-02         5.6287779699965589e-02         0.0000000000000000e+00        -5.6117112574954137e-02
                                                         8                           9                          10

0                                      0.0000000000000000e+00        -4.2185297342322275e-01         0.0000000000000000e+00
1                                      0.0000000000000000e+00        -7.2323414260170038e-01         0.0000000000000000e+00
2                                      0.0000000000000000e+00         1.7220399062997260e-01         0.0000000000000000e+00
$End
$Geometry
   &GeometryIndex 38
   &ListStatus       OUT
   &NATOMS [&Type "Integer"] 34
   &NCORELESSECP [&Type "Integer"] 0
   &NGHOSTATOMS [&Type "Integer"] 0
   &CartesianCoordinates [&Type "Coordinates", &Dim(34,4), &Units "Bohr"] 
              C     -3.697658788976   -3.506986401569   -1.625565335267
              C     -2.847277550836   -5.254025341499   -3.416068415744
              C     -0.327879903018   -5.316508911760   -4.040469192943
              C     -2.042468149650   -1.846773686552   -0.494323341262
              C      0.574382170713   -1.838307447808   -1.074160162930
              O     -3.075668473509   -0.324239404984    1.384181405945
              C      1.402353732654   -3.646463803871   -2.898177982368
              C      4.017723206280   -3.796365578588   -3.578273244045
              C      5.762026258078   -2.257976310326   -2.519702086723
              C      2.454831875304   -0.167604444667    0.044916824392
              C      5.028603006283   -0.415373969664   -0.689813148415
              N      1.743820000337    1.593855110637    1.754133182546
              C      3.474620625595    3.085298658773    2.761664939771
              C      6.051608079278    2.967470803176    2.166881787143
              C      6.818213598129    1.203647775506    0.424285693345
              C     -3.671279905152    2.120403469156    0.767896606456
              O     -3.501831341661    2.926499628997   -1.389151561377
              N     -4.485845831070    3.433472256857    2.789600048600
              C     -4.749337808778    2.369655432277    5.318318305180
              C     -5.467174352202    5.981887217771    2.445252086159
              H     -7.502342542220    6.024662515416    2.800834265857
              H     -5.102860972205    6.607142167923    0.527832749513
              H     -4.543901501367    7.263868864590    3.771302384742
              H     -3.568098800510    0.710593646120    5.531679813366
              H     -6.715341668379    1.859747075762    5.702721249618
              H     -4.163612648723    3.788476283562    6.693784355509
              H      0.371607541519   -6.661265052000   -5.414811036553
              H     -5.669542400479   -3.430328257486   -1.090422151536
              H     -4.172946866032   -6.542800851849   -4.290115127317
              H      4.566352763184   -5.192987313947   -4.970012492535
              H      7.737753922882   -2.389014145822   -3.039113503176
              H      2.803552080007    4.468170692835    4.120324189186
              H      7.376620067477    4.242895303475    3.059114637836
              H      8.786082535306    1.034998757151   -0.115453800329
$End
$SCF_Energy
   &GeometryIndex 38
   &ListStatus       OUT
   &SCF_ENERGY [&Type "Double"]      -8.7844052777651223e+02
$End
$DFT_Energy
   &GeometryIndex 38
   &ListStatus       OUT
   &NALPHAEL [&Type "Integer"] 70
   &NBETAEL [&Type "Integer"] 70
   &NTOTALEL [&Type "Integer"] 140
   &EEXCHANGE [&Type "Double"]      -9.3626439104710528e+01
   &ECORR [&Type "Double"]      -6.1571691622984837e+00
   &ECNL [&Type "Double"]       0.0000000000000000e+00
   &EXC [&Type "Double"]      -9.9783608267009015e+01
   &EEMBED [&Type "Double"]       0.0000000000000000e+00
   &FINALEN [&Type "Double"]      -8.7844052777651223e+02  "No Van der Waals correction"
$End
$Solvation_Details
   &GeometryIndex 38
   &ListStatus       OUT
   &SOLVENT [&Type "String"] "WATER"
   &EPSILON [&Type "Double"]       8.0150999999999996e+01
   &REFRAC [&Type "Double"]       1.3328000000000000e+00
   &RSOLV [&Type "Double"]       1.3000000000000000e+00
   &SURFACETYPE [&Type "String"] "GAUSSIAN VDW"
   &NPOINTS [&Type "Integer"] 2998
   &SURFACEAREA [&Type "Double"]       1.0804435003579999e+03
   &CPCMDIELENERGY [&Type "Double"]      -2.4189377000000001e-02
$End
$CIS_Absorption_Spectrum
   &GeometryIndex 38
   &ListStatus       OUT
   &TEMPERATURE [&Type "Double"]       2.9814999999999998e+02
   &METHOD [&Type "Integer"] 20
   &RELCORRECTION [&Type "Integer"] 1 "Type of relativistic treatment in QDPT. 0->Unknow, 1->None, 2->SOC, 3->SSC, 4->SOC/SSC"
   &DENSTYPE [&Type "Integer"] 3 "Type of density (electron/spin ...). 0->Unknow, 1->Electronic, 2->Spin, 3->Trans/Electronic, 4->Tran/Spin"
   &DERITYPE [&Type "Integer"] 0 "Type of derivative (w.r.t. to what perturbation). 0->Unknown, 1->No Derivative, 2->Electric/Dipole, 3->Electric/Quad, 4->Magnetic/Dipole, 5->Magnetic/Quad"
   &DENSLEVEL [&Type "Integer"] 0 "// Source of density: relaxed, unrelaxed, ... 0->Unknown, 1->Linearized, 2->Unrelaxed, 3->Relaxed"
   &REPRESENTATION [&Type "String"] "Length" "Possible values: Unknown,  Length, Velocity"
   &POINTGROUP [&Type "String"] "C1"
   &NTRANS [&Type "Integer"] 3
   &DOHIGHERMOMENTS [&Type "Boolean"] false
   &STATES [&Type "ArrayOfIntegers", &Dim (3,4)] "The initial and Final states. Col1: Initial State  Col2: Initial Irrep Col3: Final State Col4: Final Irrep"
                                                         0                           1                           2                           3

0                                                        0                           0                           1                           0
1                                                        0                           0                           2                           0
2                                                        0                           0                           3                           0
   &MULTIPLICITIES [&Type "ArrayOfDoubles", &Dim (3,2)] "Col1: Multiplicity of the initial state  Col2: Multiplicity of the final state"
                                                         0                           1

0                                      1.0000000000000000e+00         1.0000000000000000e+00
1                                      1.0000000000000000e+00         1.0000000000000000e+00
2                                      1.0000000000000000e+00         1.0000000000000000e+00
   &EXCITATIONENERGIES [&Type "ArrayOfDoubles", &Dim (3,11)] 
                                                         0                           1                           2                           3                           4                           5                           6                           7

0                                      3.8890075498081278e+00         3.1366964545721654e+04         3.1880674922891018e+02         2.0955030693468785e-01         2.1993350503531923e+00        -1.2171833545960313e+00         0.0000000000000000e+00        -7.3437884150150501e-01
1                                      4.2183973347736972e+00         3.4023672606688946e+04         2.9391300920389267e+02         1.9195854022245912e-01         1.8573845777301146e+00        -6.2751705927309653e-01         0.0000000000000000e+00        -9.7002515703736569e-01
2                                      4.3269829267563678e+00         3.4899474561371353e+04         2.8653726526497752e+02         3.8779465899151399e-03         3.6581248383388304e-02         5.7701364177816850e-02         0.0000000000000000e+00        -5.3225240542007876e-02
                                                         8                           9                          10

0                                      0.0000000000000000e+00        -4.2247774947617239e-01         0.0000000000000000e+00
1                                      0.0000000000000000e+00        -7.2295097535447983e-01         0.0000000000000000e+00
2                                      0.0000000000000000e+00         1.7441007632775310e-01         0.0000000000000000e+00
$End
$Geometry
   &GeometryIndex 39
   &ListStatus       OUT
   &NATOMS [&Type "Integer"] 34
   &NCORELESSECP [&Type "Integer"] 0
   &NGHOSTATOMS [&Type "Integer"] 0
   &CartesianCoordinates [&Type "Coordinates", &Dim(34,4), &Units "Bohr"] 
              C     -3.697769345372   -3.506801557476   -1.625651653108
              C     -2.847152410169   -5.253876072689   -3.415950351370
              C     -0.327829890323   -5.316557588092   -4.040584629511
              C     -2.042490962757   -1.846836332047   -0.494332112407
              C      0.574331577688   -1.838291864030   -1.074280029495
              O     -3.075631695027   -0.324541063072    1.384298006793
              C      1.402370085400   -3.646744133256   -2.897956214238
              C      4.017594145917   -3.796055520994   -3.578411733944
              C      5.761985530866   -2.257731581416   -2.519949528774
              C      2.454844934900   -0.167517819751    0.044824875607
              C      5.028736862543   -0.415700893336   -0.689493849913
              N      1.743875563179    1.593817039892    1.754240621550
              C      3.474561552973    3.085525907566    2.761588601014
              C      6.051514160961    2.967466201054    2.166763414751
              C      6.818209414252    1.203744264561    0.424101621366
              C     -3.671195303531    2.120353199982    0.767730136008
              O     -3.501857095000    2.926661775192   -1.389316248616
              N     -4.485802070874    3.433432053988    2.789538795809
              C     -4.749353456267    2.369553460649    5.318543626012
              C     -5.467251424823    5.982106071137    2.445207100881
              H     -7.502405424451    6.024802639992    2.800843141582
              H     -5.102997751316    6.607468267923    0.527808936904
              H     -4.543973941655    7.264031444014    3.771302665844
              H     -3.568149782487    0.710474641246    5.532004980739
              H     -6.715377296109    1.859712868352    5.702893895668
              H     -4.163638930191    3.788440338325    6.693941666545
              H      0.371417846989   -6.661078780928   -5.415277194499
              H     -5.669462120025   -3.431012083264   -1.089692041015
              H     -4.172784351900   -6.542941735154   -4.289618681921
              H      4.566581182653   -5.194195789325   -4.968480875269
              H      7.737997941135   -2.390355547458   -3.037867228223
              H      2.803685159192    4.467699764789    4.121056820336
              H      7.376846278386    4.241724364804    3.060185267993
              H      8.786179758844    1.034847437330   -0.115189017950
$End
$SCF_Energy
   &GeometryIndex 39
   &ListStatus       OUT
   &SCF_ENERGY [&Type "Double"]      -8.7844052774213662e+02
$End
$DFT_Energy
   &GeometryIndex 39
   &ListStatus       OUT
   &NALPHAEL [&Type "Integer"] 70
   &NBETAEL [&Type "Integer"] 70
   &NTOTALEL [&Type "Integer"] 140
   &EEXCHANGE [&Type "Double"]      -9.3626254018588440e+01
   &ECORR [&Type "Double"]      -6.1571545793187656e+00
   &ECNL [&Type "Double"]       0.0000000000000000e+00
   &EXC [&Type "Double"]      -9.9783408597907211e+01
   &EEMBED [&Type "Double"]       0.0000000000000000e+00
   &FINALEN [&Type "Double"]      -8.7844052774213662e+02  "No Van der Waals correction"
$End
$Solvation_Details
   &GeometryIndex 39
   &ListStatus       OUT
   &SOLVENT [&Type "String"] "WATER"
   &EPSILON [&Type "Double"]       8.0150999999999996e+01
   &REFRAC [&Type "Double"]       1.3328000000000000e+00
   &RSOLV [&Type "Double"]       1.3000000000000000e+00
   &SURFACETYPE [&Type "String"] "GAUSSIAN VDW"
   &NPOINTS [&Type "Integer"] 2999
   &SURFACEAREA [&Type "Double"]       1.0804646685830000e+03
   &CPCMDIELENERGY [&Type "Double"]      -2.4189941000000000e-02
$End
$CIS_Absorption_Spectrum
   &GeometryIndex 39
   &ListStatus       OUT
   &TEMPERATURE [&Type "Double"]       2.9814999999999998e+02
   &METHOD [&Type "Integer"] 20
   &RELCORRECTION [&Type "Integer"] 1 "Type of relativistic treatment in QDPT. 0->Unknow, 1->None, 2->SOC, 3->SSC, 4->SOC/SSC"
   &DENSTYPE [&Type "Integer"] 3 "Type of density (electron/spin ...). 0->Unknow, 1->Electronic, 2->Spin, 3->Trans/Electronic, 4->Tran/Spin"
   &DERITYPE [&Type "Integer"] 0 "Type of derivative (w.r.t. to what perturbation). 0->Unknown, 1->No Derivative, 2->Electric/Dipole, 3->Electric/Quad, 4->Magnetic/Dipole, 5->Magnetic/Quad"
   &DENSLEVEL [&Type "Integer"] 0 "// Source of density: relaxed, unrelaxed, ... 0->Unknown, 1->Linearized, 2->Unrelaxed, 3->Relaxed"
   &REPRESENTATION [&Type "String"] "Length" "Possible values: Unknown,  Length, Velocity"
   &POINTGROUP [&Type "String"] "C1"
   &NTRANS [&Type "Integer"] 3
   &DOHIGHERMOMENTS [&Type "Boolean"] false
   &STATES [&Type "ArrayOfIntegers", &Dim (3,4)] "The initial and Final states. Col1: Initial State  Col2: Initial Irrep Col3: Final State Col4: Final Irrep"
                                                         0                           1                           2                           3

0                                                        0                           0                           1                           0
1                                                        0                           0                           2                           0
2                                                        0                           0                           3                           0
   &MULTIPLICITIES [&Type "ArrayOfDoubles", &Dim (3,2)] "Col1: Multiplicity of the initial state  Col2: Multiplicity of the final state"
                                                         0                           1

0                                      1.0000000000000000e+00         1.0000000000000000e+00
1                                      1.0000000000000000e+00         1.0000000000000000e+00
2                                      1.0000000000000000e+00         1.0000000000000000e+00
   &EXCITATIONENERGIES [&Type "ArrayOfDoubles", &Dim (3,11)] 
                                                         0                           1                           2                           3                           4                           5                           6                           7

0                                      3.8890017298663846e+00         3.1366917604720904e+04         3.1880722632736286e+02         2.0958934414337999e-01         2.1997480572871861e+00        -1.2171089583177976e+00         0.0000000000000000e+00        -7.3469823803338585e-01
1                                      4.2183943562752688e+00         3.4023648583476483e+04         2.9391321672821647e+02         1.9201947813944001e-01         1.8579755228955861e+00        -6.2765538681831212e-01         0.0000000000000000e+00        -9.6997548615187279e-01
2                                      4.3269721150389042e+00         3.4899387358979991e+04         2.8653798122983068e+02         3.7934716647151832e-03         3.5784473232504180e-02         5.6929749420686918e-02         0.0000000000000000e+00        -5.7095906277627194e-02
                                                         8                           9                          10

0                                      0.0000000000000000e+00        -4.2262553152926013e-01         0.0000000000000000e+00
1                                      0.0000000000000000e+00        -7.2330615548188104e-01         0.0000000000000000e+00
2                                      0.0000000000000000e+00         1.7112432424917970e-01         0.0000000000000000e+00
$End
$Geometry
   &GeometryIndex 40
   &ListStatus       OUT
   &NATOMS [&Type "Integer"] 34
   &NCORELESSECP [&Type "Integer"] 0
   &NGHOSTATOMS [&Type "Integer"] 0
   &CartesianCoordinates [&Type "Coordinates", &Dim(34,4), &Units "Bohr"] 
              C     -3.697978908155   -3.506898552782   -1.625598222535
              C     -2.847103164550   -5.253905813095   -3.415908091614
              C     -0.327774159581   -5.316564325821   -4.040533994689
              C     -2.042545107184   -1.846821737689   -0.494415690783
              C      0.574476558851   -1.838194428989   -1.074396590227
              O     -3.075680363588   -0.324538685974    1.384460780863
              C      1.402455091579   -3.646736235314   -2.898092128217
              C      4.017632500997   -3.796184018910   -3.578318568849
              C      5.761645061951   -2.257797182175   -2.519509877610
              C      2.455210596962   -0.167719043541    0.045116573699
              C      5.028709637540   -0.415262236231   -0.689881072450
              N      1.744195847892    1.593920866387    1.754001761401
              C      3.474464993198    3.085503167698    2.761946739861
              C      6.051210831064    2.967218169147    2.166606079961
              C      6.818269618592    1.203503378468    0.424149208556
              C     -3.671198772654    2.120400823699    0.767703025680
              O     -3.501856131373    2.926696027218   -1.389377965346
              N     -4.485809077147    3.433439665046    2.789533205321
              C     -4.749352623805    2.369539796332    5.318562213766
              C     -5.467238467973    5.982071224785    2.445211641564
              H     -7.502397016139    6.024784056558    2.800825956395
              H     -5.102974014615    6.607405078598    0.527805631359
              H     -4.543968325457    7.264023555218    3.771287261970
              H     -3.568161199222    0.710457575895    5.532036702911
              H     -6.715382230015    1.859720233234    5.702905569702
              H     -4.163636606086    3.788440032147    6.693945488496
              H      0.371363670808   -6.660987939441   -5.415379237995
              H     -5.669782239463   -3.430891616654   -1.090050139245
              H     -4.172623605742   -6.542707527535   -4.290140172228
              H      4.566861860929   -5.193091885189   -4.969519792766
              H      7.737462063944   -2.389370786339   -3.038385904145
              H      2.803388680664    4.468301695847    4.120684214856
              H      7.376544283427    4.242225398476    3.058933840693
              H      8.786269877882    1.034932430622   -0.115106415424
$End
$SCF_Energy
   &GeometryIndex 40
   &ListStatus       OUT
   &SCF_ENERGY [&Type "Double"]      -8.7844052766277321e+02
$End
$DFT_Energy
   &GeometryIndex 40
   &ListStatus       OUT
   &NALPHAEL [&Type "Integer"] 70
   &NBETAEL [&Type "Integer"] 70
   &NTOTALEL [&Type "Integer"] 140
   &EEXCHANGE [&Type "Double"]      -9.3626354741871040e+01
   &ECORR [&Type "Double"]      -6.1571620269826708e+00
   &ECNL [&Type "Double"]       0.0000000000000000e+00
   &EXC [&Type "Double"]      -9.9783516768853715e+01
   &EEMBED [&Type "Double"]       0.0000000000000000e+00
   &FINALEN [&Type "Double"]      -8.7844052766277321e+02  "No Van der Waals correction"
$End
$Solvation_Details
   &GeometryIndex 40
   &ListStatus       OUT
   &SOLVENT [&Type "String"] "WATER"
   &EPSILON [&Type "Double"]       8.0150999999999996e+01
   &REFRAC [&Type "Double"]       1.3328000000000000e+00
   &RSOLV [&Type "Double"]       1.3000000000000000e+00
   &SURFACETYPE [&Type "String"] "GAUSSIAN VDW"
   &NPOINTS [&Type "Integer"] 3000
   &SURFACEAREA [&Type "Double"]       1.0804592255830000e+03
   &CPCMDIELENERGY [&Type "Double"]      -2.4203570000000001e-02
$End
$CIS_Absorption_Spectrum
   &GeometryIndex 40
   &ListStatus       OUT
   &TEMPERATURE [&Type "Double"]       2.9814999999999998e+02
   &METHOD [&Type "Integer"] 20
   &RELCORRECTION [&Type "Integer"] 1 "Type of relativistic treatment in QDPT. 0->Unknow, 1->None, 2->SOC, 3->SSC, 4->SOC/SSC"
   &DENSTYPE [&Type "Integer"] 3 "Type of density (electron/spin ...). 0->Unknow, 1->Electronic, 2->Spin, 3->Trans/Electronic, 4->Tran/Spin"
   &DERITYPE [&Type "Integer"] 0 "Type of derivative (w.r.t. to what perturbation). 0->Unknown, 1->No Derivative, 2->Electric/Dipole, 3->Electric/Quad, 4->Magnetic/Dipole, 5->Magnetic/Quad"
   &DENSLEVEL [&Type "Integer"] 0 "// Source of density: relaxed, unrelaxed, ... 0->Unknown, 1->Linearized, 2->Unrelaxed, 3->Relaxed"
   &REPRESENTATION [&Type "String"] "Length" "Possible values: Unknown,  Length, Velocity"
   &POINTGROUP [&Type "String"] "C1"
   &NTRANS [&Type "Integer"] 3
   &DOHIGHERMOMENTS [&Type "Boolean"] false
   &STATES [&Type "ArrayOfIntegers", &Dim (3,4)] "The initial and Final states. Col1: Initial State  Col2: Initial Irrep Col3: Final State Col4: Final Irrep"
                                                         0                           1                           2                           3

0                                                        0                           0                           1                           0
1                                                        0                           0                           2                           0
2                                                        0                           0                           3                           0
   &MULTIPLICITIES [&Type "ArrayOfDoubles", &Dim (3,2)] "Col1: Multiplicity of the initial state  Col2: Multiplicity of the final state"
                                                         0                           1

0                                      1.0000000000000000e+00         1.0000000000000000e+00
1                                      1.0000000000000000e+00         1.0000000000000000e+00
2                                      1.0000000000000000e+00         1.0000000000000000e+00
   &EXCITATIONENERGIES [&Type "ArrayOfDoubles", &Dim (3,11)] 
                                                         0                           1                           2                           3                           4                           5                           6                           7

0                                      3.8894020901310848e+00         3.1370146728364285e+04         3.1877440952350378e+02         2.0950256147237717e-01         2.1986108885369013e+00        -1.2159770346220102e+00         0.0000000000000000e+00        -7.3529768453060829e-01
1                                      4.2184696612666599e+00         3.4024255959256770e+04         2.9390797000747818e+02         1.9215808389683817e-01         1.8592834774908074e+00        -6.2905562510725010e-01         0.0000000000000000e+00        -9.7007098847565121e-01
2                                      4.3250920181115724e+00         3.4884223353020418e+04         2.8666253792731089e+02         3.8811911529977637e-03         3.6627861350920894e-02         5.8694058097858423e-02         0.0000000000000000e+00        -5.3217108870205337e-02
                                                         8                           9                          10

0                                      0.0000000000000000e+00        -4.2349504711707070e-01         0.0000000000000000e+00
1                                      0.0000000000000000e+00        -7.2286566893829385e-01         0.0000000000000000e+00
2                                      0.0000000000000000e+00         1.7421483352006173e-01         0.0000000000000000e+00
$End
$Geometry
   &GeometryIndex 41
   &ListStatus       OUT
   &NATOMS [&Type "Integer"] 34
   &NCORELESSECP [&Type "Integer"] 0
   &NGHOSTATOMS [&Type "Integer"] 0
   &CartesianCoordinates [&Type "Coordinates", &Dim(34,4), &Units "Bohr"] 
              C     -3.697745703244   -3.506799622882   -1.625646316775
              C     -2.847148313560   -5.253890756869   -3.415924126985
              C     -0.327862556115   -5.316439963786   -4.040725574298
              C     -2.042429174124   -1.847020260166   -0.494136602853
              C      0.574223501504   -1.837944759630   -1.074668317455
              O     -3.075624165850   -0.324454883218    1.384154455136
              C      1.402400264915   -3.646941486237   -2.897723871995
              C      4.017582300924   -3.796037199391   -3.578409801735
              C      5.762094637236   -2.257956543443   -2.519767053458
              C      2.454899388380   -0.168001101147    0.045351863906
              C      5.028625822795   -0.415239184935   -0.690020481918
              N      1.743776730834    1.594013665998    1.754043346601
              C      3.474629482283    3.085281936853    2.761811692803
              C      6.051553264633    2.967555679062    2.166731864583
              C      6.818235876509    1.203618952294    0.424273968798
              C     -3.671230890256    2.120353332391    0.767775528147
              O     -3.501844404497    2.926598720500   -1.389247233447
              N     -4.485816953009    3.433454204430    2.789582252704
              C     -4.749353794272    2.369594495432    5.318477831051
              C     -5.467238957774    5.982063163292    2.445226546809
              H     -7.502400440781    6.024800282194    2.800825925230
              H     -5.102948683046    6.607354382731    0.527812575415
              H     -4.543961274507    7.264025870579    3.771287827614
              H     -3.568123353073    0.710524028599    5.531859848217
              H     -6.715361226407    1.859698771875    5.702856879630
              H     -4.163628535821    3.788429635082    6.693926902752
              H      0.371517072569   -6.661478180773   -5.414845184989
              H     -5.669533144868   -3.430610774119   -1.090096845451
              H     -4.172771744016   -6.543075771670   -4.289428260075
              H      4.566311288021   -5.193418911228   -4.969343222560
              H      7.737992247998   -2.390114645148   -3.038247509600
              H      2.803615213000    4.468180356814    4.120474034490
              H      7.376716456839    4.242490687535    3.059440835047
              H      8.786208727600    1.034636680941   -0.114985205910
$End
$SCF_Energy
   &GeometryIndex 41
   &ListStatus       OUT
   &SCF_ENERGY [&Type "Double"]      -8.7844052776295985e+02
$End
$DFT_Energy
   &GeometryIndex 41
   &ListStatus       OUT
   &NALPHAEL [&Type "Integer"] 70
   &NBETAEL [&Type "Integer"] 70
   &NTOTALEL [&Type "Integer"] 140
   &EEXCHANGE [&Type "Double"]      -9.3626314148603583e+01
   &ECORR [&Type "Double"]      -6.1571586542290389e+00
   &ECNL [&Type "Double"]       0.0000000000000000e+00
   &EXC [&Type "Double"]      -9.9783472802832620e+01
   &EEMBED [&Type "Double"]       0.0000000000000000e+00
   &FINALEN [&Type "Double"]      -8.7844052776295985e+02  "No Van der Waals correction"
$End
$Solvation_Details
   &GeometryIndex 41
   &ListStatus       OUT
   &SOLVENT [&Type "String"] "WATER"
   &EPSILON [&Type "Double"]       8.0150999999999996e+01
   &REFRAC [&Type "Double"]       1.3328000000000000e+00
   &RSOLV [&Type "Double"]       1.3000000000000000e+00
   &SURFACETYPE [&Type "String"] "GAUSSIAN VDW"
   &NPOINTS [&Type "Integer"] 2999
   &SURFACEAREA [&Type "Double"]       1.0804509469780000e+03
   &CPCMDIELENERGY [&Type "Double"]      -2.4191480000000001e-02
$End
$CIS_Absorption_Spectrum
   &GeometryIndex 41
   &ListStatus       OUT
   &TEMPERATURE [&Type "Double"]       2.9814999999999998e+02
   &METHOD [&Type "Integer"] 20
   &RELCORRECTION [&Type "Integer"] 1 "Type of relativistic treatment in QDPT. 0->Unknow, 1->None, 2->SOC, 3->SSC, 4->SOC/SSC"
   &DENSTYPE [&Type "Integer"] 3 "Type of density (electron/spin ...). 0->Unknow, 1->Electronic, 2->Spin, 3->Trans/Electronic, 4->Tran/Spin"
   &DERITYPE [&Type "Integer"] 0 "Type of derivative (w.r.t. to what perturbation). 0->Unknown, 1->No Derivative, 2->Electric/Dipole, 3->Electric/Quad, 4->Magnetic/Dipole, 5->Magnetic/Quad"
   &DENSLEVEL [&Type "Integer"] 0 "// Source of density: relaxed, unrelaxed, ... 0->Unknown, 1->Linearized, 2->Unrelaxed, 3->Relaxed"
   &REPRESENTATION [&Type "String"] "Length" "Possible values: Unknown,  Length, Velocity"
   &POINTGROUP [&Type "String"] "C1"
   &NTRANS [&Type "Integer"] 3
   &DOHIGHERMOMENTS [&Type "Boolean"] false
   &STATES [&Type "ArrayOfIntegers", &Dim (3,4)] "The initial and Final states. Col1: Initial State  Col2: Initial Irrep Col3: Final State Col4: Final Irrep"
                                                         0                           1                           2                           3

0                                                        0                           0                           1                           0
1                                                        0                           0                           2                           0
2                                                        0                           0                           3                           0
   &MULTIPLICITIES [&Type "ArrayOfDoubles", &Dim (3,2)] "Col1: Multiplicity of the initial state  Col2: Multiplicity of the final state"
                                                         0                           1

0                                      1.0000000000000000e+00         1.0000000000000000e+00
1                                      1.0000000000000000e+00         1.0000000000000000e+00
2                                      1.0000000000000000e+00         1.0000000000000000e+00
   &EXCITATIONENERGIES [&Type "ArrayOfDoubles", &Dim (3,11)] 
                                                         0                           1                           2                           3                           4                           5                           6                           7

0                                      3.8889952937698098e+00         3.1366865694095766e+04         3.1880775393769466e+02         2.0962848002984516e-01         2.2001624497166326e+00        -1.2170997976196316e+00         0.0000000000000000e+00        -7.3484288359542604e-01
1                                      4.2183395554151293e+00         3.4023206584685009e+04         2.9391703498344970e+02         1.9195032395832384e-01         1.8573305172691821e+00        -6.2762776866913661e-01         0.0000000000000000e+00        -9.6966326011874371e-01
2                                      4.3269851992029080e+00         3.4899492889890687e+04         2.8653711478130651e+02         3.8610348046935181e-03         3.6421697863889296e-02         5.7390378037509383e-02         0.0000000000000000e+00        -5.3979897627521506e-02
                                                         8                           9                          10

0                                      0.0000000000000000e+00        -4.2289061089133184e-01         0.0000000000000000e+00
1                                      0.0000000000000000e+00        -7.2330288485562699e-01         0.0000000000000000e+00
2                                      0.0000000000000000e+00         1.7382236054295017e-01         0.0000000000000000e+00
$End
$Geometry
   &GeometryIndex 42
   &ListStatus       OUT
   &NATOMS [&Type "Integer"] 34
   &NCORELESSECP [&Type "Integer"] 0
   &NGHOSTATOMS [&Type "Integer"] 0
   &CartesianCoordinates [&Type "Coordinates", &Dim(34,4), &Units "Bohr"] 
              C     -3.697646688816   -3.507115053237   -1.625303872326
              C     -2.847160501537   -5.253903380217   -3.415932663369
              C     -0.327880539963   -5.316405965476   -4.040749814322
              C     -2.042559477799   -1.846591796963   -0.494570867006
              C      0.574306519939   -1.838248471504   -1.074296114005
              O     -3.075624187136   -0.324709560378    1.384514326537
              C      1.402366671496   -3.646739481709   -2.897946575990
              C      4.017628455809   -3.796152366534   -3.578338992404
              C      5.762037957476   -2.257890953349   -2.519792000781
              C      2.454873750112   -0.167733301265    0.045064184280
              C      5.028657296273   -0.415373644516   -0.689853149264
              N      1.743836468562    1.593924024318    1.754121603474
              C      3.474596952678    3.085372477131    2.761728078225
              C      6.051533608232    2.967475054042    2.166779865238
              C      6.818240697263    1.203626159772    0.424250174249
              C     -3.671156665347    2.120311555658    0.767643832800
              O     -3.501872267768    2.926775894127   -1.389413425599
              N     -4.485758840719    3.433381893520    2.789451421979
              C     -4.749351160779    2.369470817903    5.318671163791
              C     -5.467285382172    5.982219383461    2.445160538577
              H     -7.502420131619    6.024818306636    2.800893153684
              H     -5.103120407074    6.607757422806    0.527802427725
              H     -4.544004793130    7.264046833667    3.771344008227
              H     -3.568199244471    0.710376630406    5.532310455728
              H     -6.715407908941    1.859741970872    5.702968199690
              H     -4.163661756652    3.788465466455    6.693964361764
              H      0.371657390172   -6.662083876135   -5.414164483378
              H     -5.669862859482   -3.429306527227   -1.091559920967
              H     -4.172919227687   -6.542587697555   -4.289971029175
              H      4.566381405209   -5.193312817389   -4.969485968508
              H      7.737929311769   -2.389910662193   -3.038328018784
              H      2.803620409796    4.468025287168    4.120659249143
              H      7.376680847957    4.242502744421    3.059377671637
              H      8.786165573295    1.034908193327   -0.115264259170
$End
$SCF_Energy
   &GeometryIndex 42
   &ListStatus       OUT
   &SCF_ENERGY [&Type "Double"]      -8.7844052771138161e+02
$End
$DFT_Energy
   &GeometryIndex 42
   &ListStatus       OUT
   &NALPHAEL [&Type "Integer"] 70
   &NBETAEL [&Type "Integer"] 70
   &NTOTALEL [&Type "Integer"] 140
   &EEXCHANGE [&Type "Double"]      -9.3626088499680506e+01
   &ECORR [&Type "Double"]      -6.1571418076752344e+00
   &ECNL [&Type "Double"]       0.0000000000000000e+00
   &EXC [&Type "Double"]      -9.9783230307355737e+01
   &EEMBED [&Type "Double"]       0.0000000000000000e+00
   &FINALEN [&Type "Double"]      -8.7844052771138161e+02  "No Van der Waals correction"
$End
$Solvation_Details
   &GeometryIndex 42
   &ListStatus       OUT
   &SOLVENT [&Type "String"] "WATER"
   &EPSILON [&Type "Double"]       8.0150999999999996e+01
   &REFRAC [&Type "Double"]       1.3328000000000000e+00
   &RSOLV [&Type "Double"]       1.3000000000000000e+00
   &SURFACETYPE [&Type "String"] "GAUSSIAN VDW"
   &NPOINTS [&Type "Integer"] 2999
   &SURFACEAREA [&Type "Double"]       1.0804722515330000e+03
   &CPCMDIELENERGY [&Type "Double"]      -2.4190827000000002e-02
$End
$CIS_Absorption_Spectrum
   &GeometryIndex 42
   &ListStatus       OUT
   &TEMPERATURE [&Type "Double"]       2.9814999999999998e+02
   &METHOD [&Type "Integer"] 20
   &RELCORRECTION [&Type "Integer"] 1 "Type of relativistic treatment in QDPT. 0->Unknow, 1->None, 2->SOC, 3->SSC, 4->SOC/SSC"
   &DENSTYPE [&Type "Integer"] 3 "Type of density (electron/spin ...). 0->Unknow, 1->Electronic, 2->Spin, 3->Trans/Electronic, 4->Tran/Spin"
   &DERITYPE [&Type "Integer"] 0 "Type of derivative (w.r.t. to what perturbation). 0->Unknown, 1->No Derivative, 2->Electric/Dipole, 3->Electric/Quad, 4->Magnetic/Dipole, 5->Magnetic/Quad"
   &DENSLEVEL [&Type "Integer"] 0 "// Source of density: relaxed, unrelaxed, ... 0->Unknown, 1->Linearized, 2->Unrelaxed, 3->Relaxed"
   &REPRESENTATION [&Type "String"] "Length" "Possible values: Unknown,  Length, Velocity"
   &POINTGROUP [&Type "String"] "C1"
   &NTRANS [&Type "Integer"] 3
   &DOHIGHERMOMENTS [&Type "Boolean"] false
   &STATES [&Type "ArrayOfIntegers", &Dim (3,4)] "The initial and Final states. Col1: Initial State  Col2: Initial Irrep Col3: Final State Col4: Final Irrep"
                                                         0                           1                           2                           3

0                                                        0                           0                           1                           0
1                                                        0                           0                           2                           0
2                                                        0                           0                           3                           0
   &MULTIPLICITIES [&Type "ArrayOfDoubles", &Dim (3,2)] "Col1: Multiplicity of the initial state  Col2: Multiplicity of the final state"
                                                         0                           1

0                                      1.0000000000000000e+00         1.0000000000000000e+00
1                                      1.0000000000000000e+00         1.0000000000000000e+00
2                                      1.0000000000000000e+00         1.0000000000000000e+00
   &EXCITATIONENERGIES [&Type "ArrayOfDoubles", &Dim (3,11)] 
                                                         0                           1                           2                           3                           4                           5                           6                           7

0                                      3.8890678724763097e+00         3.1367451080903171e+04         3.1880180427182057e+02         2.0958950659648240e-01         2.1997123504747162e+00        -1.2169131609089878e+00         0.0000000000000000e+00        -7.3484784472825937e-01
1                                      4.2184209836209723e+00         3.4023863347525657e+04         2.9391136150113999e+02         1.9196396164536431e-01         1.8574266222824123e+00        -6.2768836902719982e-01         0.0000000000000000e+00        -9.6990330926063417e-01
2                                      4.3268455667241232e+00         3.4898366677880200e+04         2.8654636167652933e+02         3.8382124373667961e-03         3.6207579607322599e-02         5.7287442220732537e-02         0.0000000000000000e+00        -5.4997595280320062e-02
                                                         8                           9                          10

0                                      0.0000000000000000e+00        -4.2288692859846588e-01         0.0000000000000000e+00
1                                      0.0000000000000000e+00        -7.2299481627163609e-01         0.0000000000000000e+00
2                                      0.0000000000000000e+00         1.7291903621206933e-01         0.0000000000000000e+00
$End
$Geometry
   &GeometryIndex 43
   &ListStatus       OUT
   &NATOMS [&Type "Integer"] 34
   &NCORELESSECP [&Type "Integer"] 0
   &NGHOSTATOMS [&Type "Integer"] 0
   &CartesianCoordinates [&Type "Coordinates", &Dim(34,4), &Units "Bohr"] 
              C     -3.697744686293   -3.506801988314   -1.625644975517
              C     -2.847132231209   -5.253974577957   -3.415840507513
              C     -0.327832793780   -5.316569673560   -4.040571148155
              C     -2.042494760107   -1.846800287265   -0.494368509113
              C      0.574299538619   -1.838204389303   -1.074374210538
              O     -3.075624057409   -0.324613139268    1.384358652867
              C      1.402345588235   -3.646662221554   -2.898036587955
              C      4.017633887110   -3.796237528892   -3.578213552385
              C      5.762051435569   -2.257905532046   -2.519790130361
              C      2.454887559497   -0.167829915661    0.045169979803
              C      5.028635835882   -0.415265720681   -0.689978014128
              N      1.743823875613    1.593922015212    1.754131715465
              C      3.474553853219    3.085607195721    2.761465726953
              C      6.051545858646    2.967455697025    2.166812183502
              C      6.818275412589    1.203435382031    0.424461959298
              C     -3.671188432350    2.120353912426    0.767689651794
              O     -3.501859466159    2.926703567808   -1.389362582119
              N     -4.485792313001    3.433425567333    2.789524876724
              C     -4.749356118672    2.369532125638    5.318589374573
              C     -5.467263275380    5.982140366241    2.445200374219
              H     -7.502415767520    6.024823094623    2.800839989871
              H     -5.103018109919    6.607514023885    0.527803765010
              H     -4.543986724019    7.264062228844    3.771298762382
              H     -3.568161421105    0.710449588776    5.532072341757
              H     -6.715385416174    1.859709120616    5.702925119806
              H     -4.163643668583    3.788434443163    6.693971178517
              H      0.371433556304   -6.661150498701   -5.415195879191
              H     -5.669442104172   -3.430963779254   -1.089711812242
              H     -4.172983437584   -6.542225636134   -4.290376911824
              H      4.566221310046   -5.192766293521   -4.970058973000
              H      7.737946970372   -2.390008717439   -3.038289271877
              H      2.803908269299    4.466713863176    4.122133072456
              H      7.376688715167    4.242517801968    3.059367860790
              H      8.785930440765    1.035944844923   -0.116419802144
$End
$SCF_Energy
   &GeometryIndex 43
   &ListStatus       OUT
   &SCF_ENERGY [&Type "Double"]      -8.7844052776485626e+02
$End
$DFT_Energy
   &GeometryIndex 43
   &ListStatus       OUT
   &NALPHAEL [&Type "Integer"] 70
   &NBETAEL [&Type "Integer"] 70
   &NTOTALEL [&Type "Integer"] 140
   &EEXCHANGE [&Type "Double"]      -9.3626121613296050e+01
   &ECORR [&Type "Double"]      -6.1571494581536861e+00
   &ECNL [&Type "Double"]       0.0000000000000000e+00
   &EXC [&Type "Double"]      -9.9783271071449732e+01
   &EEMBED [&Type "Double"]       0.0000000000000000e+00
   &FINALEN [&Type "Double"]      -8.7844052776485626e+02  "No Van der Waals correction"
$End
$Solvation_Details
   &GeometryIndex 43
   &ListStatus       OUT
   &SOLVENT [&Type "String"] "WATER"
   &EPSILON [&Type "Double"]       8.0150999999999996e+01
   &REFRAC [&Type "Double"]       1.3328000000000000e+00
   &RSOLV [&Type "Double"]       1.3000000000000000e+00
   &SURFACETYPE [&Type "String"] "GAUSSIAN VDW"
   &NPOINTS [&Type "Integer"] 3000
   &SURFACEAREA [&Type "Double"]       1.0804623552290000e+03
   &CPCMDIELENERGY [&Type "Double"]      -2.4183025000000000e-02
$End
$CIS_Absorption_Spectrum
   &GeometryIndex 43
   &ListStatus       OUT
   &TEMPERATURE [&Type "Double"]       2.9814999999999998e+02
   &METHOD [&Type "Integer"] 20
   &RELCORRECTION [&Type "Integer"] 1 "Type of relativistic treatment in QDPT. 0->Unknow, 1->None, 2->SOC, 3->SSC, 4->SOC/SSC"
   &DENSTYPE [&Type "Integer"] 3 "Type of density (electron/spin ...). 0->Unknow, 1->Electronic, 2->Spin, 3->Trans/Electronic, 4->Tran/Spin"
   &DERITYPE [&Type "Integer"] 0 "Type of derivative (w.r.t. to what perturbation). 0->Unknown, 1->No Derivative, 2->Electric/Dipole, 3->Electric/Quad, 4->Magnetic/Dipole, 5->Magnetic/Quad"
   &DENSLEVEL [&Type "Integer"] 0 "// Source of density: relaxed, unrelaxed, ... 0->Unknown, 1->Linearized, 2->Unrelaxed, 3->Relaxed"
   &REPRESENTATION [&Type "String"] "Length" "Possible values: Unknown,  Length, Velocity"
   &POINTGROUP [&Type "String"] "C1"
   &NTRANS [&Type "Integer"] 3
   &DOHIGHERMOMENTS [&Type "Boolean"] false
   &STATES [&Type "ArrayOfIntegers", &Dim (3,4)] "The initial and Final states. Col1: Initial State  Col2: Initial Irrep Col3: Final State Col4: Final Irrep"
                                                         0                           1                           2                           3

0                                                        0                           0                           1                           0
1                                                        0                           0                           2                           0
2                                                        0                           0                           3                           0
   &MULTIPLICITIES [&Type "ArrayOfDoubles", &Dim (3,2)] "Col1: Multiplicity of the initial state  Col2: Multiplicity of the final state"
                                                         0                           1

0                                      1.0000000000000000e+00         1.0000000000000000e+00
1                                      1.0000000000000000e+00         1.0000000000000000e+00
2                                      1.0000000000000000e+00         1.0000000000000000e+00
   &EXCITATIONENERGIES [&Type "ArrayOfDoubles", &Dim (3,11)] 
                                                         0                           1                           2                           3                           4                           5                           6                           7

0                                      3.8891598022198801e+00         3.1368192544366622e+04         3.1879426861640735e+02         2.0940687961521384e-01         2.1977436686536036e+00        -1.2167638492840827e+00         0.0000000000000000e+00        -7.3417279291241666e-01
1                                      4.2184889866124946e+00         3.4024411828698998e+04         2.9390662358386965e+02         1.9216573202954404e-01         1.8593489613907774e+00        -6.2826688734641889e-01         0.0000000000000000e+00        -9.7015543163448403e-01
2                                      4.3265304407060157e+00         3.4895825014869566e+04         2.8656723249096041e+02         3.8019794948707035e-03         3.5868390318195456e-02         5.7135950144539198e-02         0.0000000000000000e+00        -5.6832674601505422e-02
                                                         8                           9                          10

0                                      0.0000000000000000e+00        -4.2216076780791417e-01         0.0000000000000000e+00
1                                      0.0000000000000000e+00        -7.2348332263081749e-01         0.0000000000000000e+00
2                                      0.0000000000000000e+00         1.7138821609701055e-01         0.0000000000000000e+00
$End
$Geometry
   &GeometryIndex 44
   &ListStatus       OUT
   &NATOMS [&Type "Integer"] 34
   &NCORELESSECP [&Type "Integer"] 0
   &NGHOSTATOMS [&Type "Integer"] 0
   &CartesianCoordinates [&Type "Coordinates", &Dim(34,4), &Units "Bohr"] 
              C     -3.697700199228   -3.506951402980   -1.625481012893
              C     -2.847204603705   -5.253696396372   -3.416149525926
              C     -0.327795315715   -5.316738926476   -4.040390699575
              C     -2.042506583734   -1.846771623765   -0.494387208921
              C      0.574293126806   -1.838195824302   -1.074369211517
              O     -3.075626026164   -0.324615417590    1.384378167304
              C      1.402347244136   -3.646673791302   -2.898020712571
              C      4.017605550548   -3.796080947360   -3.578397154450
              C      5.762081521420   -2.258046917764   -2.519631847635
              C      2.454879082793   -0.167782212547    0.045118801345
              C      5.028643446782   -0.415307982305   -0.689928772002
              N      1.743826262524    1.593931855090    1.754118125288
              C      3.474585217309    3.085448992050    2.761640606833
              C      6.051544648516    2.967450201499    2.166814690258
              C      6.818249554667    1.203568714351    0.424315106680
              C     -3.671178855131    2.120328768370    0.767685678621
              O     -3.501863273376    2.926713626078   -1.389357941685
              N     -4.485780343735    3.433408146405    2.789501415715
              C     -4.749353443147    2.369514531294    5.318607183699
              C     -5.467270185866    5.982166396468    2.445184302010
              H     -7.502414955555    6.024818353177    2.800866426656
              H     -5.103057982383    6.607611805658    0.527805106417
              H     -4.543990593079    7.264045346022    3.771321173314
              H     -3.568172136350    0.710428821301    5.532147205289
              H     -6.715391287628    1.859722197662    5.702935440197
              H     -4.163649775059    3.788448836604    6.693959088081
              H      0.371180848088   -6.660103161905   -5.416352514848
              H     -5.669670317108   -3.430087299075   -1.090698051507
              H     -4.172578630334   -6.543895919072   -4.288536648590
              H      4.566469903439   -5.193831478673   -4.968907735978
              H      7.737735702808   -2.389026086556   -3.039334490072
              H      2.803722815127    4.467581223712    4.121157474627
              H      7.376653996173    4.242653818759    3.059217667248
              H      8.786105089594    1.035161189011   -0.115549288088
$End
$SCF_Energy
   &GeometryIndex 44
   &ListStatus       OUT
   &SCF_ENERGY [&Type "Double"]      -8.7844052774493923e+02
$End
$DFT_Energy
   &GeometryIndex 44
   &ListStatus       OUT
   &NALPHAEL [&Type "Integer"] 70
   &NBETAEL [&Type "Integer"] 70
   &NTOTALEL [&Type "Integer"] 140
   &EEXCHANGE [&Type "Double"]      -9.3626168631620828e+01
   &ECORR [&Type "Double"]      -6.1571484423363900e+00
   &ECNL [&Type "Double"]       0.0000000000000000e+00
   &EXC [&Type "Double"]      -9.9783317073957221e+01
   &EEMBED [&Type "Double"]       0.0000000000000000e+00
   &FINALEN [&Type "Double"]      -8.7844052774493923e+02  "No Van der Waals correction"
$End
$Solvation_Details
   &GeometryIndex 44
   &ListStatus       OUT
   &SOLVENT [&Type "String"] "WATER"
   &EPSILON [&Type "Double"]       8.0150999999999996e+01
   &REFRAC [&Type "Double"]       1.3328000000000000e+00
   &RSOLV [&Type "Double"]       1.3000000000000000e+00
   &SURFACETYPE [&Type "String"] "GAUSSIAN VDW"
   &NPOINTS [&Type "Integer"] 3000
   &SURFACEAREA [&Type "Double"]       1.0804641767950000e+03
   &CPCMDIELENERGY [&Type "Double"]      -2.4190119999999999e-02
$End
$CIS_Absorption_Spectrum
   &GeometryIndex 44
   &ListStatus       OUT
   &TEMPERATURE [&Type "Double"]       2.9814999999999998e+02
   &METHOD [&Type "Integer"] 20
   &RELCORRECTION [&Type "Integer"] 1 "Type of relativistic treatment in QDPT. 0->Unknow, 1->None, 2->SOC, 3->SSC, 4->SOC/SSC"
   &DENSTYPE [&Type "Integer"] 3 "Type of density (electron/spin ...). 0->Unknow, 1->Electronic, 2->Spin, 3->Trans/Electronic, 4->Tran/Spin"
   &DERITYPE [&Type "Integer"] 0 "Type of derivative (w.r.t. to what perturbation). 0->Unknown, 1->No Derivative, 2->Electric/Dipole, 3->Electric/Quad, 4->Magnetic/Dipole, 5->Magnetic/Quad"
   &DENSLEVEL [&Type "Integer"] 0 "// Source of density: relaxed, unrelaxed, ... 0->Unknown, 1->Linearized, 2->Unrelaxed, 3->Relaxed"
   &REPRESENTATION [&Type "String"] "Length" "Possible values: Unknown,  Length, Velocity"
   &POINTGROUP [&Type "String"] "C1"
   &NTRANS [&Type "Integer"] 3
   &DOHIGHERMOMENTS [&Type "Boolean"] false
   &STATES [&Type "ArrayOfIntegers", &Dim (3,4)] "The initial and Final states. Col1: Initial State  Col2: Initial Irrep Col3: Final State Col4: Final Irrep"
                                                         0                           1                           2                           3

0                                                        0                           0                           1                           0
1                                                        0                           0                           2                           0
2                                                        0                           0                           3                           0
   &MULTIPLICITIES [&Type "ArrayOfDoubles", &Dim (3,2)] "Col1: Multiplicity of the initial state  Col2: Multiplicity of the final state"
                                                         0                           1

0                                      1.0000000000000000e+00         1.0000000000000000e+00
1                                      1.0000000000000000e+00         1.0000000000000000e+00
2                                      1.0000000000000000e+00         1.0000000000000000e+00
   &EXCITATIONENERGIES [&Type "ArrayOfDoubles", &Dim (3,11)] 
                                                         0                           1                           2                           3                           4                           5                           6                           7

0                                      3.8890632122201532e+00         3.1367413493398450e+04         3.1880218629134299e+02         2.0957509239463989e-01         2.1995637043086496e+00        -1.2169950771529279e+00         0.0000000000000000e+00        -7.3468544623070553e-01
1                                      4.2184076581082923e+00         3.4023755870006404e+04         2.9391228993667585e+02         1.9197964260409875e-01         1.8575842177748805e+00        -6.2772159608997591e-01         0.0000000000000000e+00        -9.7001117979205653e-01
2                                      4.3268244101513593e+00         3.4898196038595161e+04         2.8654776278236966e+02         3.8704346576104993e-03         3.6511724792595443e-02         5.7906800311908459e-02         0.0000000000000000e+00        -5.3617544207979748e-02
                                                         8                           9                          10

0                                      0.0000000000000000e+00        -4.2275759199685353e-01         0.0000000000000000e+00
1                                      0.0000000000000000e+00        -7.2293023636832088e-01         0.0000000000000000e+00
2                                      0.0000000000000000e+00         1.7402208544704187e-01         0.0000000000000000e+00
$End
$Geometry
   &GeometryIndex 45
   &ListStatus       OUT
   &NATOMS [&Type "Integer"] 34
   &NCORELESSECP [&Type "Integer"] 0
   &NGHOSTATOMS [&Type "Integer"] 0
   &CartesianCoordinates [&Type "Coordinates", &Dim(34,4), &Units "Bohr"] 
              C     -3.697718619754   -3.506888896391   -1.625549115609
              C     -2.847177842554   -5.253799172261   -3.416036214746
              C     -0.327802668297   -5.316703465505   -4.040427093213
              C     -2.042502916740   -1.846781934246   -0.494379932415
              C      0.574298412447   -1.838208740045   -1.074359458204
              O     -3.075625309415   -0.324613416491    1.384369817053
              C      1.402337907639   -3.646631727318   -2.898067316446
              C      4.017668465140   -3.796376005796   -3.578070995397
              C      5.762014444046   -2.257741207107   -2.519965544250
              C      2.454871221872   -0.167752013587    0.045081009537
              C      5.028659564107   -0.415383783083   -0.689848351825
              N      1.743824055557    1.593940892594    1.754109650597
              C      3.474617926134    3.085285572900    2.761826372110
              C      6.051528036671    2.967538405431    2.166717021289
              C      6.818236100068    1.203634285033    0.424242862541
              C     -3.671183634704    2.120336587741    0.767686805194
              O     -3.501861386937    2.926709703217   -1.389358650287
              N     -4.485784271895    3.433414228070    2.789509907221
              C     -4.749354370528    2.369520898453    5.318600535801
              C     -5.467267874567    5.982157343623    2.445189999369
              H     -7.502415350132    6.024820768792    2.800857259228
              H     -5.103043713423    6.607577358957    0.527804690708
              H     -4.543988995999    7.264051374674    3.771313075790
              H     -3.568168337727    0.710436309089    5.532120805794
              H     -6.715389013952    1.859717367987    5.702932225493
              H     -4.163647590266    3.788443857725    6.693963070304
              H      0.371249651789   -6.660385813157   -5.416039140295
              H     -5.669576975876   -3.430446972298   -1.090294403406
              H     -4.172730008652   -6.543269222393   -4.289228774130
              H      4.566072250716   -5.192068972792   -4.970828376098
              H      7.738125815858   -2.390799988921   -3.037401098061
              H      2.803532605308    4.468473986148    4.120159043267
              H      7.376744917018    4.242256065044    3.059655079640
              H      8.786174356223    1.034844964289   -0.115200814108
$End
$SCF_Energy
   &GeometryIndex 45
   &ListStatus       OUT
   &SCF_ENERGY [&Type "Double"]      -8.7844052772609882e+02
$End
$DFT_Energy
   &GeometryIndex 45
   &ListStatus       OUT
   &NALPHAEL [&Type "Integer"] 70
   &NBETAEL [&Type "Integer"] 70
   &NTOTALEL [&Type "Integer"] 140
   &EEXCHANGE [&Type "Double"]      -9.3626171242067741e+01
   &ECORR [&Type "Double"]      -6.1571489038690101e+00
   &ECNL [&Type "Double"]       0.0000000000000000e+00
   &EXC [&Type "Double"]      -9.9783320145936756e+01
   &EEMBED [&Type "Double"]       0.0000000000000000e+00
   &FINALEN [&Type "Double"]      -8.7844052772609882e+02  "No Van der Waals correction"
$End
$Solvation_Details
   &GeometryIndex 45
   &ListStatus       OUT
   &SOLVENT [&Type "String"] "WATER"
   &EPSILON [&Type "Double"]       8.0150999999999996e+01
   &REFRAC [&Type "Double"]       1.3328000000000000e+00
   &RSOLV [&Type "Double"]       1.3000000000000000e+00
   &SURFACETYPE [&Type "String"] "GAUSSIAN VDW"
   &NPOINTS [&Type "Integer"] 2999
   &SURFACEAREA [&Type "Double"]       1.0804680780220001e+03
   &CPCMDIELENERGY [&Type "Double"]      -2.4189371000000001e-02
$End
$CIS_Absorption_Spectrum
   &GeometryIndex 45
   &ListStatus       OUT
   &TEMPERATURE [&Type "Double"]       2.9814999999999998e+02
   &METHOD [&Type "Integer"] 20
   &RELCORRECTION [&Type "Integer"] 1 "Type of relativistic treatment in QDPT. 0->Unknow, 1->None, 2->SOC, 3->SSC, 4->SOC/SSC"
   &DENSTYPE [&Type "Integer"] 3 "Type of density (electron/spin ...). 0->Unknow, 1->Electronic, 2->Spin, 3->Trans/Electronic, 4->Tran/Spin"
   &DERITYPE [&Type "Integer"] 0 "Type of derivative (w.r.t. to what perturbation). 0->Unknown, 1->No Derivative, 2->Electric/Dipole, 3->Electric/Quad, 4->Magnetic/Dipole, 5->Magnetic/Quad"
   &DENSLEVEL [&Type "Integer"] 0 "// Source of density: relaxed, unrelaxed, ... 0->Unknown, 1->Linearized, 2->Unrelaxed, 3->Relaxed"
   &REPRESENTATION [&Type "String"] "Length" "Possible values: Unknown,  Length, Velocity"
   &POINTGROUP [&Type "String"] "C1"
   &NTRANS [&Type "Integer"] 3
   &DOHIGHERMOMENTS [&Type "Boolean"] false
   &STATES [&Type "ArrayOfIntegers", &Dim (3,4)] "The initial and Final states. Col1: Initial State  Col2: Initial Irrep Col3: Final State Col4: Final Irrep"
                                                         0                           1                           2                           3

0                                                        0                           0                           1                           0
1                                                        0                           0                           2                           0
2                                                        0                           0                           3                           0
   &MULTIPLICITIES [&Type "ArrayOfDoubles", &Dim (3,2)] "Col1: Multiplicity of the initial state  Col2: Multiplicity of the final state"
                                                         0                           1

0                                      1.0000000000000000e+00         1.0000000000000000e+00
1                                      1.0000000000000000e+00         1.0000000000000000e+00
2                                      1.0000000000000000e+00         1.0000000000000000e+00
   &EXCITATIONENERGIES [&Type "ArrayOfDoubles", &Dim (3,11)] 
                                                         0                           1                           2                           3                           4                           5                           6                           7

0                                      3.8890922372025192e+00         3.1367647595693485e+04         3.1879980701431100e+02         2.0959056301639925e-01         2.1997096569366268e+00        -1.2170262317859430e+00         0.0000000000000000e+00        -7.3470090521332621e-01
1                                      4.2184530724275140e+00         3.4024122161231775e+04         2.9390912578471557e+02         1.9203471464042798e-01         1.8580970878917142e+00        -6.2782197896411551e-01         0.0000000000000000e+00        -9.7015859108000646e-01
2                                      4.3267438372300084e+00         3.4897546174089897e+04         2.8655309889451826e+02         3.8188956479206018e-03         3.6026202688262364e-02         5.6746652327961215e-02         0.0000000000000000e+00        -5.5783645165626415e-02
                                                         8                           9                          10

0                                      0.0000000000000000e+00        -4.2281365630766204e-01         0.0000000000000000e+00
1                                      0.0000000000000000e+00        -7.2299997149028472e-01         0.0000000000000000e+00
2                                      0.0000000000000000e+00         1.7232006577838618e-01         0.0000000000000000e+00
$End
$Geometry
   &GeometryIndex 46
   &ListStatus       OUT
   &NATOMS [&Type "Integer"] 34
   &NCORELESSECP [&Type "Integer"] 0
   &NGHOSTATOMS [&Type "Integer"] 0
   &CartesianCoordinates [&Type "Coordinates", &Dim(34,4), &Units "Bohr"] 
              C     -3.697613204258   -3.506801809759   -1.625644458992
              C     -2.847196898239   -5.253959097059   -3.415919437029
              C     -0.327846387350   -5.316670062161   -4.040604761715
              C     -2.042653170670   -1.846673484023   -0.494179127679
              C      0.574079712588   -1.838054793129   -1.074148761133
              O     -3.075592356197   -0.324473385867    1.384177409678
              C      1.402294949197   -3.646617026712   -2.897983940682
              C      4.017800575976   -3.796323532674   -3.578477149786
              C      5.762016522895   -2.257906403985   -2.519714442516
              C      2.454862940819   -0.167711493487    0.045129588514
              C      5.028626015854   -0.415316217076   -0.689840168649
              N      1.743981488384    1.593903640805    1.754051459244
              C      3.474588408853    3.085321644439    2.761724999498
              C      6.051430621869    2.967431616471    2.166757934962
              C      6.818334758064    1.203640260319    0.424240668386
              C     -3.671107572910    2.120088815552    0.767708982078
              O     -3.501887709927    2.926684563680   -1.389184331798
              N     -4.485676919937    3.433237937076    2.789340450296
              C     -4.749330486638    2.369393064669    5.318693238900
              C     -5.467334784467    5.982402139715    2.445039684291
              H     -7.502407025357    6.024779022754    2.801117903771
              H     -5.103410049872    6.608488758752    0.527818897045
              H     -4.544018820812    7.263873814499    3.771536671371
              H     -3.568240983097    0.710292106990    5.532729035511
              H     -6.715430938083    1.859843504630    5.703002393614
              H     -4.163693691512    3.788597189203    6.693792319816
              H      0.371465126885   -6.661023358084   -5.415437536417
              H     -5.669384633456   -3.431005756467   -1.089975450690
              H     -4.173268976973   -6.542407733076   -4.289836090470
              H      4.566632103769   -5.193423573036   -4.969670541181
              H      7.737934373506   -2.389253336804   -3.038340871837
              H      2.803540758720    4.468057421538    4.120531591881
              H      7.376382231563    4.242595054505    3.059443180128
              H      8.786298338884    1.034935249404   -0.115143568652
$End
$SCF_Energy
   &GeometryIndex 46
   &ListStatus       OUT
   &SCF_ENERGY [&Type "Double"]      -8.7844052760163243e+02
$End
$DFT_Energy
   &GeometryIndex 46
   &ListStatus       OUT
   &NALPHAEL [&Type "Integer"] 70
   &NBETAEL [&Type "Integer"] 70
   &NTOTALEL [&Type "Integer"] 140
   &EEXCHANGE [&Type "Double"]      -9.3626212381024757e+01
   &ECORR [&Type "Double"]      -6.1571486509209787e+00
   &ECNL [&Type "Double"]       0.0000000000000000e+00
   &EXC [&Type "Double"]      -9.9783361031945731e+01
   &EEMBED [&Type "Double"]       0.0000000000000000e+00
   &FINALEN [&Type "Double"]      -8.7844052760163243e+02  "No Van der Waals correction"
$End
$Solvation_Details
   &GeometryIndex 46
   &ListStatus       OUT
   &SOLVENT [&Type "String"] "WATER"
   &EPSILON [&Type "Double"]       8.0150999999999996e+01
   &REFRAC [&Type "Double"]       1.3328000000000000e+00
   &RSOLV [&Type "Double"]       1.3000000000000000e+00
   &SURFACETYPE [&Type "String"] "GAUSSIAN VDW"
   &NPOINTS [&Type "Integer"] 3000
   &SURFACEAREA [&Type "Double"]       1.0804789351580000e+03
   &CPCMDIELENERGY [&Type "Double"]      -2.4201820999999998e-02
$End
$CIS_Absorption_Spectrum
   &GeometryIndex 46
   &ListStatus       OUT
   &TEMPERATURE [&Type "Double"]       2.9814999999999998e+02
   &METHOD [&Type "Integer"] 20
   &RELCORRECTION [&Type "Integer"] 1 "Type of relativistic treatment in QDPT. 0->Unknow, 1->None, 2->SOC, 3->SSC, 4->SOC/SSC"
   &DENSTYPE [&Type "Integer"] 3 "Type of density (electron/spin ...). 0->Unknow, 1->Electronic, 2->Spin, 3->Trans/Electronic, 4->Tran/Spin"
   &DERITYPE [&Type "Integer"] 0 "Type of derivative (w.r.t. to what perturbation). 0->Unknown, 1->No Derivative, 2->Electric/Dipole, 3->Electric/Quad, 4->Magnetic/Dipole, 5->Magnetic/Quad"
   &DENSLEVEL [&Type "Integer"] 0 "// Source of density: relaxed, unrelaxed, ... 0->Unknown, 1->Linearized, 2->Unrelaxed, 3->Relaxed"
   &REPRESENTATION [&Type "String"] "Length" "Possible values: Unknown,  Length, Velocity"
   &POINTGROUP [&Type "String"] "C1"
   &NTRANS [&Type "Integer"] 3
   &DOHIGHERMOMENTS [&Type "Boolean"] false
   &STATES [&Type "ArrayOfIntegers", &Dim (3,4)] "The initial and Final states. Col1: Initial State  Col2: Initial Irrep Col3: Final State Col4: Final Irrep"
                                                         0                           1                           2                           3

0                                                        0                           0                           1                           0
1                                                        0                           0                           2                           0
2                                                        0                           0                           3                           0
   &MULTIPLICITIES [&Type "ArrayOfDoubles", &Dim (3,2)] "Col1: Multiplicity of the initial state  Col2: Multiplicity of the final state"
                                                         0                           1

0                                      1.0000000000000000e+00         1.0000000000000000e+00
1                                      1.0000000000000000e+00         1.0000000000000000e+00
2                                      1.0000000000000000e+00         1.0000000000000000e+00
   &EXCITATIONENERGIES [&Type "ArrayOfDoubles", &Dim (3,11)] 
                                                         0                           1                           2                           3                           4                           5                           6                           7

0                                      3.8892208906079055e+00         3.1368685255495828e+04         3.1878926128241187e+02         2.0926109793195560e-01         2.1961791808801112e+00        -1.2162293459055391e+00         0.0000000000000000e+00        -7.3392301064550802e-01
1                                      4.2183701692655120e+00         3.4023453502066179e+04         2.9391490194823160e+02         1.9205241599298109e-01         1.8583048836813800e+00        -6.2883537264525702e-01         0.0000000000000000e+00        -9.6972815888174868e-01
2                                      4.3274172411849259e+00         3.4902977543843830e+04         2.8650850740279594e+02         3.8412008301965278e-03         3.6230983522490885e-02         5.7041055917545609e-02         0.0000000000000000e+00        -5.4978806990375440e-02
                                                         8                           9                          10

0                                      0.0000000000000000e+00        -4.2228233858797531e-01         0.0000000000000000e+00
1                                      0.0000000000000000e+00        -7.2284040815611206e-01         0.0000000000000000e+00
2                                      0.0000000000000000e+00         1.7307406577594855e-01         0.0000000000000000e+00
$End
$Geometry
   &GeometryIndex 47
   &ListStatus       OUT
   &NATOMS [&Type "Integer"] 34
   &NCORELESSECP [&Type "Integer"] 0
   &NGHOSTATOMS [&Type "Integer"] 0
   &CartesianCoordinates [&Type "Coordinates", &Dim(34,4), &Units "Bohr"] 
              C     -3.697731673362   -3.506844689809   -1.625598145486
              C     -2.847150708135   -5.253907063830   -3.415916301450
              C     -0.327825396833   -5.316605777293   -4.040535293229
              C     -2.042500968958   -1.846785980269   -0.494377613408
              C      0.574299550989   -1.838210856940   -1.074357895211
              O     -3.075624362361   -0.324615505661    1.384366102244
              C      1.402346168912   -3.646665836476   -2.898030845520
              C      4.017629196653   -3.796202026353   -3.578258120597
              C      5.762044646005   -2.257875740048   -2.519820548005
              C      2.454882501168   -0.167799523960    0.045136394312
              C      5.028661356902   -0.415390007819   -0.689841653726
              N      1.743822018927    1.593943714520    1.754108218736
              C      3.474578688904    3.085486627478    2.761596870160
              C      6.051590753572    2.967238701336    2.167050251750
              C      6.818188533152    1.203839437410    0.424017447014
              C     -3.671185245207    2.120344251022    0.767687323891
              O     -3.501860594934    2.926707894686   -1.389361196103
              N     -4.485787476864    3.433418724188    2.789515852545
              C     -4.749355096156    2.369525246014    5.318596471075
              C     -5.467266133365    5.982150877897    2.445194322594
              H     -7.502415739627    6.024821770884    2.800849669644
              H     -5.103033317376    6.607551181751    0.527804150884
              H     -4.543988453745    7.264056872150    3.771306866061
              H     -3.568165707851    0.710441425232    5.532102007170
              H     -6.715387630257    1.859713999216    5.702929521992
              H     -4.163645987777    3.788440052943    6.693966577869
              H      0.371381122231   -6.660932941938   -5.415438638259
              H     -5.669506164377   -3.430719819333   -1.089989399886
              H     -4.172889478621   -6.542629134944   -4.289928896392
              H      4.566299677822   -5.193089003709   -4.969711526768
              H      7.737935161678   -2.389946966306   -3.038346289961
              H      2.803776964547    4.467347133461    4.121420062860
              H      7.376409068713    4.243803423391    3.057940378279
              H      8.786429534498    1.033663093180   -0.113888411145
$End
$SCF_Energy
   &GeometryIndex 47
   &ListStatus       OUT
   &SCF_ENERGY [&Type "Double"]      -8.7844052773006240e+02
$End
$DFT_Energy
   &GeometryIndex 47
   &ListStatus       OUT
   &NALPHAEL [&Type "Integer"] 70
   &NBETAEL [&Type "Integer"] 70
   &NTOTALEL [&Type "Integer"] 140
   &EEXCHANGE [&Type "Double"]      -9.3626198711428160e+01
   &ECORR [&Type "Double"]      -6.1571492150594906e+00
   &ECNL [&Type "Double"]       0.0000000000000000e+00
   &EXC [&Type "Double"]      -9.9783347926487650e+01
   &EEMBED [&Type "Double"]       0.0000000000000000e+00
   &FINALEN [&Type "Double"]      -8.7844052773006240e+02  "No Van der Waals correction"
$End
$Solvation_Details
   &GeometryIndex 47
   &ListStatus       OUT
   &SOLVENT [&Type "String"] "WATER"
   &EPSILON [&Type "Double"]       8.0150999999999996e+01
   &REFRAC [&Type "Double"]       1.3328000000000000e+00
   &RSOLV [&Type "Double"]       1.3000000000000000e+00
   &SURFACETYPE [&Type "String"] "GAUSSIAN VDW"
   &NPOINTS [&Type "Integer"] 3000
   &SURFACEAREA [&Type "Double"]       1.0804626764570000e+03
   &CPCMDIELENERGY [&Type "Double"]      -2.4193104000000000e-02
$End
$CIS_Absorption_Spectrum
   &GeometryIndex 47
   &ListStatus       OUT
   &TEMPERATURE [&Type "Double"]       2.9814999999999998e+02
   &METHOD [&Type "Integer"] 20
   &RELCORRECTION [&Type "Integer"] 1 "Type of relativistic treatment in QDPT. 0->Unknow, 1->None, 2->SOC, 3->SSC, 4->SOC/SSC"
   &DENSTYPE [&Type "Integer"] 3 "Type of density (electron/spin ...). 0->Unknow, 1->Electronic, 2->Spin, 3->Trans/Electronic, 4->Tran/Spin"
   &DERITYPE [&Type "Integer"] 0 "Type of derivative (w.r.t. to what perturbation). 0->Unknown, 1->No Derivative, 2->Electric/Dipole, 3->Electric/Quad, 4->Magnetic/Dipole, 5->Magnetic/Quad"
   &DENSLEVEL [&Type "Integer"] 0 "// Source of density: relaxed, unrelaxed, ... 0->Unknown, 1->Linearized, 2->Unrelaxed, 3->Relaxed"
   &REPRESENTATION [&Type "String"] "Length" "Possible values: Unknown,  Length, Velocity"
   &POINTGROUP [&Type "String"] "C1"
   &NTRANS [&Type "Integer"] 3
   &DOHIGHERMOMENTS [&Type "Boolean"] false
   &STATES [&Type "ArrayOfIntegers", &Dim (3,4)] "The initial and Final states. Col1: Initial State  Col2: Initial Irrep Col3: Final State Col4: Final Irrep"
                                                         0                           1                           2                           3

0                                                        0                           0                           1                           0
1                                                        0                           0                           2                           0
2                                                        0                           0                           3                           0
   &MULTIPLICITIES [&Type "ArrayOfDoubles", &Dim (3,2)] "Col1: Multiplicity of the initial state  Col2: Multiplicity of the final state"
                                                         0                           1

0                                      1.0000000000000000e+00         1.0000000000000000e+00
1                                      1.0000000000000000e+00         1.0000000000000000e+00
2                                      1.0000000000000000e+00         1.0000000000000000e+00
   &EXCITATIONENERGIES [&Type "ArrayOfDoubles", &Dim (3,11)] 
                                                         0                           1                           2                           3                           4                           5                           6                           7

0                                      3.8890855405992011e+00         3.1367593583939546e+04         3.1880035595462698e+02         2.0972379372536268e-01         2.2011117393489186e+00        -1.2172362619129848e+00         0.0000000000000000e+00        -7.3523746114951694e-01
1                                      4.2184400379559026e+00         3.4024017031117299e+04         2.9391003392851326e+02         1.9199381171932836e-01         1.8577070578631290e+00        -6.2739099776005158e-01         0.0000000000000000e+00        -9.7031423707272824e-01
2                                      4.3260179661737812e+00         3.4891691628580826e+04         2.8660118020212872e+02         3.9035526413850911e-03         3.6831007768823976e-02         5.8625625032586733e-02         0.0000000000000000e+00        -5.2082516145784456e-02
                                                         8                           9                          10

0                                      0.0000000000000000e+00        -4.2293438942161526e-01         0.0000000000000000e+00
1                                      0.0000000000000000e+00        -7.2289548008460081e-01         0.0000000000000000e+00
2                                      0.0000000000000000e+00         1.7516122678916876e-01         0.0000000000000000e+00
$End
$Geometry
   &GeometryIndex 48
   &ListStatus       OUT
   &NATOMS [&Type "Integer"] 34
   &NCORELESSECP [&Type "Integer"] 0
   &NGHOSTATOMS [&Type "Integer"] 0
   &CartesianCoordinates [&Type "Coordinates", &Dim(34,4), &Units "Bohr"] 
              C     -3.698111665566   -3.506807165156   -1.625497584326
              C     -2.847128785718   -5.253972084123   -3.415963783776
              C     -0.327727739254   -5.316758182985   -4.040710785840
              C     -2.042439711098   -1.846796390055   -0.494413778784
              C      0.574671194402   -1.838080894490   -1.074291675189
              O     -3.075713734380   -0.324431252714    1.384424720812
              C      1.402404436721   -3.646654924241   -2.898038588128
              C      4.017531360826   -3.796112010101   -3.578229207268
              C      5.762049571100   -2.257958884220   -2.519771936962
              C      2.455121362156   -0.167631317051    0.045149542108
              C      5.028672070795   -0.415378629460   -0.689902107006
              N      1.743645044308    1.593935882342    1.754146388017
              C      3.474694942454    3.085176926396    2.761575333419
              C      6.051654294180    2.967549859371    2.166821482230
              C      6.817913924147    1.203636504706    0.424316305547
              C     -3.671148131401    2.120234045689    0.767711578566
              O     -3.501875180280    2.926700729202   -1.389291697983
              N     -4.485740176513    3.433349917863    2.789406067499
              C     -4.749336733772    2.369439455630    5.318656482450
              C     -5.467278999123    5.982226553987    2.445100276037
              H     -7.502382810780    6.024756078406    2.801025700494
              H     -5.103238014130    6.608071624385    0.527820854082
              H     -4.543985840368    7.263872337650    3.771453370229
              H     -3.568218690421    0.710340126575    5.532459588870
              H     -6.715413760632    1.859793667633    5.702970734905
              H     -4.163675678557    3.788519892185    6.693875392206
              H      0.371557613559   -6.661127828531   -5.415552687517
              H     -5.669860834136   -3.430653406687   -1.089721233839
              H     -4.172647660155   -6.542773106702   -4.290230660713
              H      4.566237159438   -5.193241447768   -4.969416169841
              H      7.737817469621   -2.389801952379   -3.038802653017
              H      2.803798262295    4.467961452414    4.120394036870
              H      7.376876896943    4.242561228375    3.059316128208
              H      8.785792550936    1.034698352238   -0.115243929383
$End
$SCF_Energy
   &GeometryIndex 48
   &ListStatus       OUT
   &SCF_ENERGY [&Type "Double"]      -8.7844052771129122e+02
$End
$DFT_Energy
   &GeometryIndex 48
   &ListStatus       OUT
   &NALPHAEL [&Type "Integer"] 70
   &NBETAEL [&Type "Integer"] 70
   &NTOTALEL [&Type "Integer"] 140
   &EEXCHANGE [&Type "Double"]      -9.3626098117787564e+01
   &ECORR [&Type "Double"]      -6.1571427279558328e+00
   &ECNL [&Type "Double"]       0.0000000000000000e+00
   &EXC [&Type "Double"]      -9.9783240845743393e+01
   &EEMBED [&Type "Double"]       0.0000000000000000e+00
   &FINALEN [&Type "Double"]      -8.7844052771129122e+02  "No Van der Waals correction"
$End
$Solvation_Details
   &GeometryIndex 48
   &ListStatus       OUT
   &SOLVENT [&Type "String"] "WATER"
   &EPSILON [&Type "Double"]       8.0150999999999996e+01
   &REFRAC [&Type "Double"]       1.3328000000000000e+00
   &RSOLV [&Type "Double"]       1.3000000000000000e+00
   &SURFACETYPE [&Type "String"] "GAUSSIAN VDW"
   &NPOINTS [&Type "Integer"] 2998
   &SURFACEAREA [&Type "Double"]       1.0804717227579999e+03
   &CPCMDIELENERGY [&Type "Double"]      -2.4194384999999999e-02
$End
$CIS_Absorption_Spectrum
   &GeometryIndex 48
   &ListStatus       OUT
   &TEMPERATURE [&Type "Double"]       2.9814999999999998e+02
   &METHOD [&Type "Integer"] 20
   &RELCORRECTION [&Type "Integer"] 1 "Type of relativistic treatment in QDPT. 0->Unknow, 1->None, 2->SOC, 3->SSC, 4->SOC/SSC"
   &DENSTYPE [&Type "Integer"] 3 "Type of density (electron/spin ...). 0->Unknow, 1->Electronic, 2->Spin, 3->Trans/Electronic, 4->Tran/Spin"
   &DERITYPE [&Type "Integer"] 0 "Type of derivative (w.r.t. to what perturbation). 0->Unknown, 1->No Derivative, 2->Electric/Dipole, 3->Electric/Quad, 4->Magnetic/Dipole, 5->Magnetic/Quad"
   &DENSLEVEL [&Type "Integer"] 0 "// Source of density: relaxed, unrelaxed, ... 0->Unknown, 1->Linearized, 2->Unrelaxed, 3->Relaxed"
   &REPRESENTATION [&Type "String"] "Length" "Possible values: Unknown,  Length, Velocity"
   &POINTGROUP [&Type "String"] "C1"
   &NTRANS [&Type "Integer"] 3
   &DOHIGHERMOMENTS [&Type "Boolean"] false
   &STATES [&Type "ArrayOfIntegers", &Dim (3,4)] "The initial and Final states. Col1: Initial State  Col2: Initial Irrep Col3: Final State Col4: Final Irrep"
                                                         0                           1                           2                           3

0                                                        0                           0                           1                           0
1                                                        0                           0                           2                           0
2                                                        0                           0                           3                           0
   &MULTIPLICITIES [&Type "ArrayOfDoubles", &Dim (3,2)] "Col1: Multiplicity of the initial state  Col2: Multiplicity of the final state"
                                                         0                           1

0                                      1.0000000000000000e+00         1.0000000000000000e+00
1                                      1.0000000000000000e+00         1.0000000000000000e+00
2                                      1.0000000000000000e+00         1.0000000000000000e+00
   &EXCITATIONENERGIES [&Type "ArrayOfDoubles", &Dim (3,11)] 
                                                         0                           1                           2                           3                           4                           5                           6                           7

0                                      3.8890501292972512e+00         3.1367307972497922e+04         3.1880325875487154e+02         2.0945463562620198e-01         2.1983068636717933e+00        -1.2169335247916311e+00         0.0000000000000000e+00        -7.3417208004470169e-01
1                                      4.2186014937089222e+00         3.4025319259723394e+04         2.9389878530360312e+02         1.9196018430439557e-01         1.8573105970418964e+00        -6.2843167716229487e-01         0.0000000000000000e+00        -9.6956450066406985e-01
2                                      4.3277045695826741e+00         3.4905295003902655e+04         2.8648948530250010e+02         3.8413850214707411e-03         3.6230315260291947e-02         5.6895159802535671e-02         0.0000000000000000e+00        -5.4850383815571328e-02
                                                         8                           9                          10

0                                      0.0000000000000000e+00        -4.2233993037936413e-01         0.0000000000000000e+00
1                                      0.0000000000000000e+00        -7.2272325494127743e-01         0.0000000000000000e+00
2                                      0.0000000000000000e+00         1.7316088313074748e-01         0.0000000000000000e+00
$End
$Geometry
   &GeometryIndex 49
   &ListStatus       OUT
   &NATOMS [&Type "Integer"] 34
   &NCORELESSECP [&Type "Integer"] 0
   &NGHOSTATOMS [&Type "Integer"] 0
   &CartesianCoordinates [&Type "Coordinates", &Dim(34,4), &Units "Bohr"] 
              C     -3.697655068736   -3.506834754081   -1.625630723665
              C     -2.847161431568   -5.253997019474   -3.415978978139
              C     -0.327869471502   -5.316406495949   -4.040357018617
              C     -2.042450282371   -1.846776515809   -0.494377656548
              C      0.574345999714   -1.838476647348   -1.074582569729
              O     -3.075731052089   -0.324378940261    1.384439961362
              C      1.402418899439   -3.646719753556   -2.898102291264
              C      4.017537600674   -3.796065037541   -3.578186050572
              C      5.762030707102   -2.257925962958   -2.519737957735
              C      2.454803233537   -0.167942266419    0.044934779727
              C      5.028672361675   -0.415401559247   -0.689924832071
              N      1.743694276639    1.593940445855    1.754141212519
              C      3.474428574815    3.085581473707    2.761983570020
              C      6.051722970650    2.967524927226    2.166792845118
              C      6.818375640876    1.203580535614    0.424174569018
              C     -3.671171025396    2.120271080092    0.767734001809
              O     -3.501873905778    2.926683440783   -1.389260143756
              N     -4.485731619854    3.433339177314    2.789375843630
              C     -4.749325980068    2.369409457908    5.318669011006
              C     -5.467269501062    5.982226267673    2.445059485595
              H     -7.502352712802    6.024677955566    2.801104081573
              H     -5.103311187773    6.608252738272    0.527825320974
              H     -4.543975819663    7.263760436974    3.771518339983
              H     -3.568235637954    0.710305683311    5.532582893903
              H     -6.715427995233    1.859845806059    5.702950647246
              H     -4.163693275904    3.788566937689    6.693818406407
              H      0.371409222092   -6.660754430775   -5.415186648406
              H     -5.669383413441   -3.430694169976   -1.089858355934
              H     -4.172555402309   -6.542847475927   -4.290315431183
              H      4.566329811044   -5.193160234285   -4.969367161251
              H      7.737759983354   -2.389896499190   -3.038876817717
              H      2.803200034722    4.468258350356    4.120796409870
              H      7.377359089446    4.242348064382    3.059005207576
              H      8.786274416047    1.034619904325   -0.115406304558
$End
$SCF_Energy
   &GeometryIndex 49
   &ListStatus       OUT
   &SCF_ENERGY [&Type "Double"]      -8.7844052772612974e+02
$End
$DFT_Energy
   &GeometryIndex 49
   &ListStatus       OUT
   &NALPHAEL [&Type "Integer"] 70
   &NBETAEL [&Type "Integer"] 70
   &NTOTALEL [&Type "Integer"] 140
   &EEXCHANGE [&Type "Double"]      -9.3626130902559325e+01
   &ECORR [&Type "Double"]      -6.1571433005998193e+00
   &ECNL [&Type "Double"]       0.0000000000000000e+00
   &EXC [&Type "Double"]      -9.9783274203159138e+01
   &EEMBED [&Type "Double"]       0.0000000000000000e+00
   &FINALEN [&Type "Double"]      -8.7844052772612974e+02  "No Van der Waals correction"
$End
$Solvation_Details
   &GeometryIndex 49
   &ListStatus       OUT
   &SOLVENT [&Type "String"] "WATER"
   &EPSILON [&Type "Double"]       8.0150999999999996e+01
   &REFRAC [&Type "Double"]       1.3328000000000000e+00
   &RSOLV [&Type "Double"]       1.3000000000000000e+00
   &SURFACETYPE [&Type "String"] "GAUSSIAN VDW"
   &NPOINTS [&Type "Integer"] 2999
   &SURFACEAREA [&Type "Double"]       1.0804753877670000e+03
   &CPCMDIELENERGY [&Type "Double"]      -2.4198790000000001e-02
$End
$CIS_Absorption_Spectrum
   &GeometryIndex 49
   &ListStatus       OUT
   &TEMPERATURE [&Type "Double"]       2.9814999999999998e+02
   &METHOD [&Type "Integer"] 20
   &RELCORRECTION [&Type "Integer"] 1 "Type of relativistic treatment in QDPT. 0->Unknow, 1->None, 2->SOC, 3->SSC, 4->SOC/SSC"
   &DENSTYPE [&Type "Integer"] 3 "Type of density (electron/spin ...). 0->Unknow, 1->Electronic, 2->Spin, 3->Trans/Electronic, 4->Tran/Spin"
   &DERITYPE [&Type "Integer"] 0 "Type of derivative (w.r.t. to what perturbation). 0->Unknown, 1->No Derivative, 2->Electric/Dipole, 3->Electric/Quad, 4->Magnetic/Dipole, 5->Magnetic/Quad"
   &DENSLEVEL [&Type "Integer"] 0 "// Source of density: relaxed, unrelaxed, ... 0->Unknown, 1->Linearized, 2->Unrelaxed, 3->Relaxed"
   &REPRESENTATION [&Type "String"] "Length" "Possible values: Unknown,  Length, Velocity"
   &POINTGROUP [&Type "String"] "C1"
   &NTRANS [&Type "Integer"] 3
   &DOHIGHERMOMENTS [&Type "Boolean"] false
   &STATES [&Type "ArrayOfIntegers", &Dim (3,4)] "The initial and Final states. Col1: Initial State  Col2: Initial Irrep Col3: Final State Col4: Final Irrep"
                                                         0                           1                           2                           3

0                                                        0                           0                           1                           0
1                                                        0                           0                           2                           0
2                                                        0                           0                           3                           0
   &MULTIPLICITIES [&Type "ArrayOfDoubles", &Dim (3,2)] "Col1: Multiplicity of the initial state  Col2: Multiplicity of the final state"
                                                         0                           1

0                                      1.0000000000000000e+00         1.0000000000000000e+00
1                                      1.0000000000000000e+00         1.0000000000000000e+00
2                                      1.0000000000000000e+00         1.0000000000000000e+00
   &EXCITATIONENERGIES [&Type "ArrayOfDoubles", &Dim (3,11)] 
                                                         0                           1                           2                           3                           4                           5                           6                           7

0                                      3.8891961878414003e+00         3.1368486014226368e+04         3.1879128611641494e+02         2.0949021618368296e-01         2.1985977239760990e+00        -1.2165381639886153e+00         0.0000000000000000e+00        -7.3471783434871196e-01
1                                      4.2184837759864884e+00         3.4024369802161607e+04         2.9390698661418520e+02         1.9202978598270670e-01         1.8580358754752202e+00        -6.2749054447466213e-01         0.0000000000000000e+00        -9.7012057719675682e-01
2                                      4.3262307987298145e+00         3.4893408239092321e+04         2.8658708061646570e+02         3.8651758550240262e-03         3.6467118951569205e-02         5.7772864916846578e-02         0.0000000000000000e+00        -5.3813877946889133e-02
                                                         8                           9                          10

0                                      0.0000000000000000e+00        -4.2287388595803210e-01         0.0000000000000000e+00
1                                      0.0000000000000000e+00        -7.2329631394715665e-01         0.0000000000000000e+00
2                                      0.0000000000000000e+00         1.7387777768072124e-01         0.0000000000000000e+00
$End
$Geometry
   &GeometryIndex 50
   &ListStatus       OUT
   &NATOMS [&Type "Integer"] 34
   &NCORELESSECP [&Type "Integer"] 0
   &NGHOSTATOMS [&Type "Integer"] 0
   &CartesianCoordinates [&Type "Coordinates", &Dim(34,4), &Units "Bohr"] 
              C     -3.697754749923   -3.506834870395   -1.625585073489
              C     -2.847154735253   -5.253928152291   -3.415921021610
              C     -0.327818041985   -5.316609852590   -4.040555243711
              C     -2.042513185233   -1.846761049199   -0.494371580881
              C      0.574323962229   -1.838216457135   -1.074327599167
              O     -3.075626100630   -0.324614191306    1.384366301846
              C      1.402351754299   -3.646655689447   -2.898028757448
              C      4.017623121330   -3.796165482136   -3.578297402007
              C      5.762048274497   -2.257932188733   -2.519746849955
              C      2.454899022564   -0.167763092651    0.045067548329
              C      5.028652706471   -0.415366744444   -0.689886706553
              N      1.743787939326    1.593921517530    1.754109006707
              C      3.474552801382    3.085377381929    2.761781620758
              C      6.051601359081    2.967503952581    2.166793155422
              C      6.818245296626    1.203613289891    0.424229928122
              C     -3.671176873653    2.120345504059    0.767684809395
              O     -3.501860114485    2.926701178818   -1.389363055216
              N     -4.485749653132    3.433234073245    2.789639393720
              C     -4.749211650193    2.369377480398    5.318329158046
              C     -5.467424553341    5.982370122793    2.445410632923
              H     -7.502695470100    6.025507875372    2.800243620176
              H     -5.102537690701    6.606427228976    0.527695892119
              H     -4.544020433664    7.264885666932    3.770830892014
              H     -3.568370592325    0.710247707659    5.533426718298
              H     -6.715502735350    1.860482199613    5.702618945530
              H     -4.163879615836    3.789126985120    6.693011176284
              H      0.371439984442   -6.660977763710   -5.415394978369
              H     -5.669522660868   -3.430709488183   -1.089942162048
              H     -4.172894946107   -6.542606668327   -4.290000877567
              H      4.566364448525   -5.193290813259   -4.969483023927
              H      7.737864470474   -2.389619608536   -3.038649836376
              H      2.803445356582    4.468099512569    4.120582425483
              H      7.376863807613    4.242510489137    3.059262921113
              H      8.786156280235    1.034724414307   -0.115291542575
$End
$SCF_Energy
   &GeometryIndex 50
   &ListStatus       OUT
   &SCF_ENERGY [&Type "Double"]      -8.7844052769718962e+02
$End
$DFT_Energy
   &GeometryIndex 50
   &ListStatus       OUT
   &NALPHAEL [&Type "Integer"] 70
   &NBETAEL [&Type "Integer"] 70
   &NTOTALEL [&Type "Integer"] 140
   &EEXCHANGE [&Type "Double"]      -9.3626141444289772e+01
   &ECORR [&Type "Double"]      -6.1571458121471547e+00
   &ECNL [&Type "Double"]       0.0000000000000000e+00
   &EXC [&Type "Double"]      -9.9783287256436921e+01
   &EEMBED [&Type "Double"]       0.0000000000000000e+00
   &FINALEN [&Type "Double"]      -8.7844052769718962e+02  "No Van der Waals correction"
$End
$Solvation_Details
   &GeometryIndex 50
   &ListStatus       OUT
   &SOLVENT [&Type "String"] "WATER"
   &EPSILON [&Type "Double"]       8.0150999999999996e+01
   &REFRAC [&Type "Double"]       1.3328000000000000e+00
   &RSOLV [&Type "Double"]       1.3000000000000000e+00
   &SURFACETYPE [&Type "String"] "GAUSSIAN VDW"
   &NPOINTS [&Type "Integer"] 2999
   &SURFACEAREA [&Type "Double"]       1.0804637992430000e+03
   &CPCMDIELENERGY [&Type "Double"]      -2.4192001000000001e-02
$End
$CIS_Absorption_Spectrum
   &GeometryIndex 50
   &ListStatus       OUT
   &TEMPERATURE [&Type "Double"]       2.9814999999999998e+02
   &METHOD [&Type "Integer"] 20
   &RELCORRECTION [&Type "Integer"] 1 "Type of relativistic treatment in QDPT. 0->Unknow, 1->None, 2->SOC, 3->SSC, 4->SOC/SSC"
   &DENSTYPE [&Type "Integer"] 3 "Type of density (electron/spin ...). 0->Unknow, 1->Electronic, 2->Spin, 3->Trans/Electronic, 4->Tran/Spin"
   &DERITYPE [&Type "Integer"] 0 "Type of derivative (w.r.t. to what perturbation). 0->Unknown, 1->No Derivative, 2->Electric/Dipole, 3->Electric/Quad, 4->Magnetic/Dipole, 5->Magnetic/Quad"
   &DENSLEVEL [&Type "Integer"] 0 "// Source of density: relaxed, unrelaxed, ... 0->Unknown, 1->Linearized, 2->Unrelaxed, 3->Relaxed"
   &REPRESENTATION [&Type "String"] "Length" "Possible values: Unknown,  Length, Velocity"
   &POINTGROUP [&Type "String"] "C1"
   &NTRANS [&Type "Integer"] 3
   &DOHIGHERMOMENTS [&Type "Boolean"] false
   &STATES [&Type "ArrayOfIntegers", &Dim (3,4)] "The initial and Final states. Col1: Initial State  Col2: Initial Irrep Col3: Final State Col4: Final Irrep"
                                                         0                           1                           2                           3

0                                                        0                           0                           1                           0
1                                                        0                           0                           2                           0
2                                                        0                           0                           3                           0
   &MULTIPLICITIES [&Type "ArrayOfDoubles", &Dim (3,2)] "Col1: Multiplicity of the initial state  Col2: Multiplicity of the final state"
                                                         0                           1

0                                      1.0000000000000000e+00         1.0000000000000000e+00
1                                      1.0000000000000000e+00         1.0000000000000000e+00
2                                      1.0000000000000000e+00         1.0000000000000000e+00
   &EXCITATIONENERGIES [&Type "ArrayOfDoubles", &Dim (3,11)] 
                                                         0                           1                           2                           3                           4                           5                           6                           7

0                                      3.8891081949237578e+00         3.1367776303408733e+04         3.1879849892047656e+02         2.0956250823537473e-01         2.1994061898181125e+00        -1.2168706699117462e+00         0.0000000000000000e+00        -7.3473078822360183e-01
1                                      4.2184377106117736e+00         3.4023998259819004e+04         2.9391019608091159e+02         1.9203759365836939e-01         1.8581317113344769e+00        -6.2776173016246994e-01         0.0000000000000000e+00        -9.7006868497933718e-01
2                                      4.3265262068145525e+00         3.4895790866228381e+04         2.8656751292253557e+02         3.8576526297397803e-03         3.6393653839376872e-02         5.7618265159147551e-02         0.0000000000000000e+00        -5.4142403926383309e-02
                                                         8                           9                          10

0                                      0.0000000000000000e+00        -4.2285060170582145e-01         0.0000000000000000e+00
1                                      0.0000000000000000e+00        -7.2319683897287501e-01         0.0000000000000000e+00
2                                      0.0000000000000000e+00         1.7361563713127739e-01         0.0000000000000000e+00
$End
$Geometry
   &GeometryIndex 51
   &ListStatus       OUT
   &NATOMS [&Type "Integer"] 34
   &NCORELESSECP [&Type "Integer"] 0
   &NGHOSTATOMS [&Type "Integer"] 0
   &CartesianCoordinates [&Type "Coordinates", &Dim(34,4), &Units "Bohr"] 
              C     -3.697836729754   -3.506800494528   -1.625528206324
              C     -2.847177809543   -5.253930639231   -3.415918480473
              C     -0.327759449393   -5.316743445305   -4.040691527894
              C     -2.042561938237   -1.846742721184   -0.494346359721
              C      0.574313222742   -1.838043395493   -1.074164598745
              O     -3.075558050364   -0.324734085077    1.384303244212
              C      1.402321631774   -3.646574630501   -2.897948056855
              C      4.017691449781   -3.796222444176   -3.578364454873
              C      5.762033657137   -2.257908984477   -2.519722426544
              C      2.454998263355   -0.167759507708    0.045047928604
              C      5.028601888257   -0.415399571086   -0.689905709248
              N      1.743707800950    1.593823576317    1.754037419904
              C      3.474281245964    3.085469318191    2.761915315653
              C      6.051851153748    2.967618848691    2.166851576295
              C      6.818361734092    1.203523567063    0.424126049509
              C     -3.671176984245    2.120323155000    0.767651957499
              O     -3.501856892569    2.926727983244   -1.389402425227
              N     -4.485806822432    3.433466296746    2.789554834069
              C     -4.749403205993    2.369610995809    5.318613859122
              C     -5.467248433518    5.982107308525    2.445223106354
              H     -7.502409592133    6.024795218287    2.800827024308
              H     -5.103000103718    6.607436573974    0.527812313806
              H     -4.544000396910    7.264091042488    3.771284159016
              H     -3.568086358036    0.710552711309    5.531621164784
              H     -6.715341297327    1.859484124703    5.703015664965
              H     -4.163562777974    3.788243421552    6.694218999766
              H      0.371668331666   -6.661057020315   -5.415515128493
              H     -5.669599947874   -3.430597016532   -1.089855828958
              H     -4.173183663905   -6.542476112958   -4.289811957302
              H      4.566386903733   -5.193368090191   -4.969554867116
              H      7.737949621690   -2.389255729205   -3.038337165702
              H      2.802503818493    4.467962170403    4.120638132877
              H      7.377503127209    4.242438604048    3.059070142796
              H      8.786120872035    1.034105514346   -0.115845008242
$End
$SCF_Energy
   &GeometryIndex 51
   &ListStatus       OUT
   &SCF_ENERGY [&Type "Double"]      -8.7844052770802489e+02
$End
$DFT_Energy
   &GeometryIndex 51
   &ListStatus       OUT
   &NALPHAEL [&Type "Integer"] 70
   &NBETAEL [&Type "Integer"] 70
   &NTOTALEL [&Type "Integer"] 140
   &EEXCHANGE [&Type "Double"]      -9.3625880731045442e+01
   &ECORR [&Type "Double"]      -6.1571273934038606e+00
   &ECNL [&Type "Double"]       0.0000000000000000e+00
   &EXC [&Type "Double"]      -9.9783008124449296e+01
   &EEMBED [&Type "Double"]       0.0000000000000000e+00
   &FINALEN [&Type "Double"]      -8.7844052770802489e+02  "No Van der Waals correction"
$End
$Solvation_Details
   &GeometryIndex 51
   &ListStatus       OUT
   &SOLVENT [&Type "String"] "WATER"
   &EPSILON [&Type "Double"]       8.0150999999999996e+01
   &REFRAC [&Type "Double"]       1.3328000000000000e+00
   &RSOLV [&Type "Double"]       1.3000000000000000e+00
   &SURFACETYPE [&Type "String"] "GAUSSIAN VDW"
   &NPOINTS [&Type "Integer"] 2999
   &SURFACEAREA [&Type "Double"]       1.0804783837680000e+03
   &CPCMDIELENERGY [&Type "Double"]      -2.4191872000000000e-02
$End
$CIS_Absorption_Spectrum
   &GeometryIndex 51
   &ListStatus       OUT
   &TEMPERATURE [&Type "Double"]       2.9814999999999998e+02
   &METHOD [&Type "Integer"] 20
   &RELCORRECTION [&Type "Integer"] 1 "Type of relativistic treatment in QDPT. 0->Unknow, 1->None, 2->SOC, 3->SSC, 4->SOC/SSC"
   &DENSTYPE [&Type "Integer"] 3 "Type of density (electron/spin ...). 0->Unknow, 1->Electronic, 2->Spin, 3->Trans/Electronic, 4->Tran/Spin"
   &DERITYPE [&Type "Integer"] 0 "Type of derivative (w.r.t. to what perturbation). 0->Unknown, 1->No Derivative, 2->Electric/Dipole, 3->Electric/Quad, 4->Magnetic/Dipole, 5->Magnetic/Quad"
   &DENSLEVEL [&Type "Integer"] 0 "// Source of density: relaxed, unrelaxed, ... 0->Unknown, 1->Linearized, 2->Unrelaxed, 3->Relaxed"
   &REPRESENTATION [&Type "String"] "Length" "Possible values: Unknown,  Length, Velocity"
   &POINTGROUP [&Type "String"] "C1"
   &NTRANS [&Type "Integer"] 3
   &DOHIGHERMOMENTS [&Type "Boolean"] false
   &STATES [&Type "ArrayOfIntegers", &Dim (3,4)] "The initial and Final states. Col1: Initial State  Col2: Initial Irrep Col3: Final State Col4: Final Irrep"
                                                         0                           1                           2                           3

0                                                        0                           0                           1                           0
1                                                        0                           0                           2                           0
2                                                        0                           0                           3                           0
   &MULTIPLICITIES [&Type "ArrayOfDoubles", &Dim (3,2)] "Col1: Multiplicity of the initial state  Col2: Multiplicity of the final state"
                                                         0                           1

0                                      1.0000000000000000e+00         1.0000000000000000e+00
1                                      1.0000000000000000e+00         1.0000000000000000e+00
2                                      1.0000000000000000e+00         1.0000000000000000e+00
   &EXCITATIONENERGIES [&Type "ArrayOfDoubles", &Dim (3,11)] 
                                                         0                           1                           2                           3                           4                           5                           6                           7

0                                      3.8889426969929857e+00         3.1366441472436967e+04         3.1881206571639399e+02         2.0946440781784084e-01         2.1984701577857315e+00        -1.2165118349411466e+00         0.0000000000000000e+00        -7.3467472531794720e-01
1                                      4.2181636682453147e+00         3.4021787958840505e+04         2.9392929060924075e+02         1.9206858737670296e-01         1.8585523398069026e+00        -6.2750431542072282e-01         0.0000000000000000e+00        -9.7029162792529944e-01
2                                      4.3262431555140992e+00         3.4893507903289312e+04         2.8658626205527844e+02         3.8582256346981949e-03         3.6401441117219741e-02         5.7706051709754888e-02         0.0000000000000000e+00        -5.4005785335943884e-02
                                                         8                           9                          10

0                                      0.0000000000000000e+00        -4.2287369416038961e-01         0.0000000000000000e+00
1                                      0.0000000000000000e+00        -7.2341193708242402e-01         0.0000000000000000e+00
2                                      0.0000000000000000e+00         1.7365145511494795e-01         0.0000000000000000e+00
$End
$Geometry
   &GeometryIndex 52
   &ListStatus       OUT
   &NATOMS [&Type "Integer"] 34
   &NCORELESSECP [&Type "Integer"] 0
   &NGHOSTATOMS [&Type "Integer"] 0
   &CartesianCoordinates [&Type "Coordinates", &Dim(34,4), &Units "Bohr"] 
              C     -3.697563828133   -3.507043741056   -1.625824369929
              C     -2.847027891961   -5.253727011421   -3.415762190354
              C     -0.328063415558   -5.316516710992   -4.040414496206
              C     -2.042598865806   -1.846787480219   -0.494370856758
              C      0.574367545883   -1.838158334997   -1.074287839063
              O     -3.075591960623   -0.324604224352    1.384369063230
              C      1.402273152724   -3.646727582249   -2.898076730205
              C      4.017639437758   -3.796158895842   -3.578295128794
              C      5.762043522933   -2.257912457327   -2.519728097914
              C      2.455095255405   -0.167689928519    0.045095676585
              C      5.028747018022   -0.415345173063   -0.689886209195
              N      1.743667078732    1.593908056176    1.754119679857
              C      3.474594096357    3.085315216660    2.761718623465
              C      6.051650872544    2.967509395719    2.166787654905
              C      6.818060851763    1.203613060515    0.424265767308
              C     -3.671190292695    2.120361934899    0.767692737085
              O     -3.501858893031    2.926702868170   -1.389355292016
              N     -4.485788186196    3.433416237166    2.789510926110
              C     -4.749355617379    2.369516133764    5.318597091674
              C     -5.467258380349    5.982153100298    2.445185895955
              H     -7.502404521940    6.024771957693    2.800865483586
              H     -5.103062542764    6.607588717297    0.527800737314
              H     -4.544005327940    7.264051915345    3.771321820121
              H     -3.568160417350    0.710440766214    5.532133824664
              H     -6.715390235408    1.859726181845    5.702944395665
              H     -4.163642253162    3.788460710082    6.693934224814
              H      0.370304265870   -6.661207391404   -5.415360098331
              H     -5.669623782244   -3.432118242368   -1.091179037358
              H     -4.172952189459   -6.542271040159   -4.289690442831
              H      4.566716887173   -5.193180330099   -4.969454918706
              H      7.737839450542   -2.389669998611   -3.038688414229
              H      2.803542678941    4.468053870536    4.120519428439
              H      7.377225628240    4.242335883752    3.059039070768
              H      8.785963027828    1.034730977924   -0.115246826873
$End
$SCF_Energy
   &GeometryIndex 52
   &ListStatus       OUT
   &SCF_ENERGY [&Type "Double"]      -8.7844052745554131e+02
$End
$DFT_Energy
   &GeometryIndex 52
   &ListStatus       OUT
   &NALPHAEL [&Type "Integer"] 70
   &NBETAEL [&Type "Integer"] 70
   &NTOTALEL [&Type "Integer"] 140
   &EEXCHANGE [&Type "Double"]      -9.3626173313675963e+01
   &ECORR [&Type "Double"]      -6.1571564195743758e+00
   &ECNL [&Type "Double"]       0.0000000000000000e+00
   &EXC [&Type "Double"]      -9.9783329733250341e+01
   &EEMBED [&Type "Double"]       0.0000000000000000e+00
   &FINALEN [&Type "Double"]      -8.7844052745554131e+02  "No Van der Waals correction"
$End
$Solvation_Details
   &GeometryIndex 52
   &ListStatus       OUT
   &SOLVENT [&Type "String"] "WATER"
   &EPSILON [&Type "Double"]       8.0150999999999996e+01
   &REFRAC [&Type "Double"]       1.3328000000000000e+00
   &RSOLV [&Type "Double"]       1.3000000000000000e+00
   &SURFACETYPE [&Type "String"] "GAUSSIAN VDW"
   &NPOINTS [&Type "Integer"] 2999
   &SURFACEAREA [&Type "Double"]       1.0804532244919999e+03
   &CPCMDIELENERGY [&Type "Double"]      -2.4174010999999999e-02
$End
$CIS_Absorption_Spectrum
   &GeometryIndex 52
   &ListStatus       OUT
   &TEMPERATURE [&Type "Double"]       2.9814999999999998e+02
   &METHOD [&Type "Integer"] 20
   &RELCORRECTION [&Type "Integer"] 1 "Type of relativistic treatment in QDPT. 0->Unknow, 1->None, 2->SOC, 3->SSC, 4->SOC/SSC"
   &DENSTYPE [&Type "Integer"] 3 "Type of density (electron/spin ...). 0->Unknow, 1->Electronic, 2->Spin, 3->Trans/Electronic, 4->Tran/Spin"
   &DERITYPE [&Type "Integer"] 0 "Type of derivative (w.r.t. to what perturbation). 0->Unknown, 1->No Derivative, 2->Electric/Dipole, 3->Electric/Quad, 4->Magnetic/Dipole, 5->Magnetic/Quad"
   &DENSLEVEL [&Type "Integer"] 0 "// Source of density: relaxed, unrelaxed, ... 0->Unknown, 1->Linearized, 2->Unrelaxed, 3->Relaxed"
   &REPRESENTATION [&Type "String"] "Length" "Possible values: Unknown,  Length, Velocity"
   &POINTGROUP [&Type "String"] "C1"
   &NTRANS [&Type "Integer"] 3
   &DOHIGHERMOMENTS [&Type "Boolean"] false
   &STATES [&Type "ArrayOfIntegers", &Dim (3,4)] "The initial and Final states. Col1: Initial State  Col2: Initial Irrep Col3: Final State Col4: Final Irrep"
                                                         0                           1                           2                           3

0                                                        0                           0                           1                           0
1                                                        0                           0                           2                           0
2                                                        0                           0                           3                           0
   &MULTIPLICITIES [&Type "ArrayOfDoubles", &Dim (3,2)] "Col1: Multiplicity of the initial state  Col2: Multiplicity of the final state"
                                                         0                           1

0                                      1.0000000000000000e+00         1.0000000000000000e+00
1                                      1.0000000000000000e+00         1.0000000000000000e+00
2                                      1.0000000000000000e+00         1.0000000000000000e+00
   &EXCITATIONENERGIES [&Type "ArrayOfDoubles", &Dim (3,11)] 
                                                         0                           1                           2                           3                           4                           5                           6                           7

0                                      3.8889241944769939e+00         3.1366292239565675e+04         3.1881358254342615e+02         2.0945144075539804e-01         2.1983445188409054e+00        -1.2170020297717077e+00         0.0000000000000000e+00        -7.3408336988827472e-01
1                                      4.2183605488848457e+00         3.4023375908455113e+04         2.9391557224969290e+02         1.9201227916382618e-01         1.8579207556888246e+00        -6.2739253287238583e-01         0.0000000000000000e+00        -9.6997224902056212e-01
2                                      4.3297020841194289e+00         3.4921406046849079e+04         2.8635731294966826e+02         3.8085200414461218e-03         3.5903774793590054e-02         5.5480493666215484e-02         0.0000000000000000e+00        -5.6238127836554699e-02
                                                         8                           9                          10

0                                      0.0000000000000000e+00        -4.2234131271511122e-01         0.0000000000000000e+00
1                                      0.0000000000000000e+00        -7.2350065757730275e-01         0.0000000000000000e+00
2                                      0.0000000000000000e+00         1.7222938945947178e-01         0.0000000000000000e+00
$End
$Geometry
   &GeometryIndex 53
   &ListStatus       OUT
   &NATOMS [&Type "Integer"] 34
   &NCORELESSECP [&Type "Integer"] 0
   &NGHOSTATOMS [&Type "Integer"] 0
   &CartesianCoordinates [&Type "Coordinates", &Dim(34,4), &Units "Bohr"] 
              C     -3.697729991162   -3.506835807469   -1.625592707367
              C     -2.847150991965   -5.253924561835   -3.415917607222
              C     -0.327825895875   -5.316592141759   -4.040537678589
              C     -2.042507779583   -1.846771308775   -0.494380884808
              C      0.574307962462   -1.838240819317   -1.074347409205
              O     -3.075626595469   -0.324607201346    1.384377049127
              C      1.402353241378   -3.646665663814   -2.898037864469
              C      4.017617278605   -3.796162524610   -3.578293505948
              C      5.762052712944   -2.257936475781   -2.519751677817
              C      2.454870140231   -0.167760840768    0.045075746603
              C      5.028660172882   -0.415358644641   -0.689880897537
              N      1.743817490772    1.593941478171    1.754120613972
              C      3.474612495007    3.085352882135    2.761749016244
              C      6.051538997032    2.967475242537    2.166778523378
              C      6.818227962275    1.203636141487    0.424253915605
              C     -3.671170104402    2.120333394362    0.767678365220
              O     -3.501870364200    2.926706772288   -1.389371012788
              N     -4.485769593636    3.433376435502    2.789555846471
              C     -4.749624760999    2.369428646044    5.318490968844
              C     -5.467030714578    5.982285836163    2.445256509276
              H     -7.502242257504    6.023502532730    2.800734366723
              H     -5.103611502851    6.607424404688    0.527628369413
              H     -4.544832529343    7.265041567800    3.771291321207
              H     -3.567577157961    0.710942065426    5.531931528807
              H     -6.715283887790    1.859410990741    5.704467846708
              H     -4.162974649761    3.788808695022    6.692990729384
              H      0.371412775079   -6.660966419657   -5.415378551728
              H     -5.669492119191   -3.430698785751   -1.089937241395
              H     -4.172874332844   -6.542609314553   -4.290009867062
              H      4.566359735652   -5.193287123826   -4.969479088058
              H      7.737856067444   -2.389668900738   -3.038692954020
              H      2.803647350338    4.468125142121    4.120564237352
              H      7.376703466199    4.242529223831    3.059311827300
              H      8.786177954805    1.034880250812   -0.115154145884
$End
$SCF_Energy
   &GeometryIndex 53
   &ListStatus       OUT
   &SCF_ENERGY [&Type "Double"]      -8.7844052771645943e+02
$End
$DFT_Energy
   &GeometryIndex 53
   &ListStatus       OUT
   &NALPHAEL [&Type "Integer"] 70
   &NBETAEL [&Type "Integer"] 70
   &NTOTALEL [&Type "Integer"] 140
   &EEXCHANGE [&Type "Double"]      -9.3626174388175883e+01
   &ECORR [&Type "Double"]      -6.1571490224209722e+00
   &ECNL [&Type "Double"]       0.0000000000000000e+00
   &EXC [&Type "Double"]      -9.9783323410596850e+01
   &EEMBED [&Type "Double"]       0.0000000000000000e+00
   &FINALEN [&Type "Double"]      -8.7844052771645943e+02  "No Van der Waals correction"
$End
$Solvation_Details
   &GeometryIndex 53
   &ListStatus       OUT
   &SOLVENT [&Type "String"] "WATER"
   &EPSILON [&Type "Double"]       8.0150999999999996e+01
   &REFRAC [&Type "Double"]       1.3328000000000000e+00
   &RSOLV [&Type "Double"]       1.3000000000000000e+00
   &SURFACETYPE [&Type "String"] "GAUSSIAN VDW"
   &NPOINTS [&Type "Integer"] 2999
   &SURFACEAREA [&Type "Double"]       1.0804587490500001e+03
   &CPCMDIELENERGY [&Type "Double"]      -2.4189663000000000e-02
$End
$CIS_Absorption_Spectrum
   &GeometryIndex 53
   &ListStatus       OUT
   &TEMPERATURE [&Type "Double"]       2.9814999999999998e+02
   &METHOD [&Type "Integer"] 20
   &RELCORRECTION [&Type "Integer"] 1 "Type of relativistic treatment in QDPT. 0->Unknow, 1->None, 2->SOC, 3->SSC, 4->SOC/SSC"
   &DENSTYPE [&Type "Integer"] 3 "Type of density (electron/spin ...). 0->Unknow, 1->Electronic, 2->Spin, 3->Trans/Electronic, 4->Tran/Spin"
   &DERITYPE [&Type "Integer"] 0 "Type of derivative (w.r.t. to what perturbation). 0->Unknown, 1->No Derivative, 2->Electric/Dipole, 3->Electric/Quad, 4->Magnetic/Dipole, 5->Magnetic/Quad"
   &DENSLEVEL [&Type "Integer"] 0 "// Source of density: relaxed, unrelaxed, ... 0->Unknown, 1->Linearized, 2->Unrelaxed, 3->Relaxed"
   &REPRESENTATION [&Type "String"] "Length" "Possible values: Unknown,  Length, Velocity"
   &POINTGROUP [&Type "String"] "C1"
   &NTRANS [&Type "Integer"] 3
   &DOHIGHERMOMENTS [&Type "Boolean"] false
   &STATES [&Type "ArrayOfIntegers", &Dim (3,4)] "The initial and Final states. Col1: Initial State  Col2: Initial Irrep Col3: Final State Col4: Final Irrep"
                                                         0                           1                           2                           3

0                                                        0                           0                           1                           0
1                                                        0                           0                           2                           0
2                                                        0                           0                           3                           0
   &MULTIPLICITIES [&Type "ArrayOfDoubles", &Dim (3,2)] "Col1: Multiplicity of the initial state  Col2: Multiplicity of the final state"
                                                         0                           1

0                                      1.0000000000000000e+00         1.0000000000000000e+00
1                                      1.0000000000000000e+00         1.0000000000000000e+00
2                                      1.0000000000000000e+00         1.0000000000000000e+00
   &EXCITATIONENERGIES [&Type "ArrayOfDoubles", &Dim (3,11)] 
                                                         0                           1                           2                           3                           4                           5                           6                           7

0                                      3.8891325339800669e+00         3.1367972611157315e+04         3.1879650380857214e+02         2.0952374591203540e-01         2.1989856085909105e+00        -1.2168675567058922e+00         0.0000000000000000e+00        -7.3454696115972640e-01
1                                      4.2184708191717055e+00         3.4024265298391765e+04         2.9390788933428263e+02         1.9207975325918153e-01         1.8585250556524862e+00        -6.2796328434126381e-01         0.0000000000000000e+00        -9.7012118078261089e-01
2                                      4.3265577558921162e+00         3.4896045326726264e+04         2.8656542328425900e+02         3.8565283492572396e-03         3.6382781910755772e-02         5.7577190609549224e-02         0.0000000000000000e+00        -5.4222204935790816e-02
                                                         8                           9                          10

0                                      0.0000000000000000e+00        -4.2268158213784784e-01         0.0000000000000000e+00
1                                      0.0000000000000000e+00        -7.2322338441782430e-01         0.0000000000000000e+00
2                                      0.0000000000000000e+00         1.7357304377168856e-01         0.0000000000000000e+00
$End
$Geometry
   &GeometryIndex 54
   &ListStatus       OUT
   &NATOMS [&Type "Integer"] 34
   &NCORELESSECP [&Type "Integer"] 0
   &NGHOSTATOMS [&Type "Integer"] 0
   &CartesianCoordinates [&Type "Coordinates", &Dim(34,4), &Units "Bohr"] 
              C     -3.697709588445   -3.506772786614   -1.625534888799
              C     -2.847202454253   -5.253987524237   -3.415964615265
              C     -0.327767207172   -5.316579153025   -4.040539434056
              C     -2.042615789935   -1.846685163564   -0.494274257435
              C      0.574196325431   -1.838241944070   -1.074322347285
              O     -3.075571125791   -0.324708598910    1.384291620879
              C      1.402352305919   -3.646649571890   -2.898022725529
              C      4.017662879311   -3.796212667839   -3.578348569651
              C      5.761937244704   -2.257896105973   -2.519691757313
              C      2.454925928992   -0.167870465003    0.044965546874
              C      5.028817681474   -0.415366041927   -0.689919180467
              N      1.743653578473    1.593945348958    1.754155354825
              C      3.474674397500    3.085344073969    2.761728478308
              C      6.051600774823    2.967375925426    2.166675914899
              C      6.818071967572    1.203766058593    0.424402256808
              C     -3.671185379570    2.120338544357    0.767666118815
              O     -3.501858187107    2.926713997366   -1.389370849062
              N     -4.485783155739    3.433405241823    2.789540154214
              C     -4.749361890425    2.369570681821    5.318596219352
              C     -5.467284060623    5.982156669118    2.445209427079
              H     -7.502438223478    6.024899291545    2.800820322097
              H     -5.102979318996    6.607482332208    0.527808275316
              H     -4.543954350563    7.264066863338    3.771279811444
              H     -3.568161740058    0.710470158953    5.531927111918
              H     -6.715374064643    1.859642079526    5.702878215332
              H     -4.163638764700    3.788358988464    6.694089593834
              H      0.371935952221   -6.660776715579   -5.415321915406
              H     -5.669429604566   -3.430427508179   -1.089729158683
              H     -4.173036981657   -6.542622309913   -4.289980201353
              H      4.566854940520   -5.193197545995   -4.969499211006
              H      7.737717522166   -2.389688374559   -3.038683191299
              H      2.803934635825    4.468190897663    4.120573510699
              H      7.377957994386    4.241754008427    3.058372742245
              H      8.786317060789    1.035998984402   -0.114172360961
$End
$SCF_Energy
   &GeometryIndex 54
   &ListStatus       OUT
   &SCF_ENERGY [&Type "Double"]      -8.7844052768728500e+02
$End
$DFT_Energy
   &GeometryIndex 54
   &ListStatus       OUT
   &NALPHAEL [&Type "Integer"] 70
   &NBETAEL [&Type "Integer"] 70
   &NTOTALEL [&Type "Integer"] 140
   &EEXCHANGE [&Type "Double"]      -9.3626206874264895e+01
   &ECORR [&Type "Double"]      -6.1571511004527704e+00
   &ECNL [&Type "Double"]       0.0000000000000000e+00
   &EXC [&Type "Double"]      -9.9783357974717660e+01
   &EEMBED [&Type "Double"]       0.0000000000000000e+00
   &FINALEN [&Type "Double"]      -8.7844052768728500e+02  "No Van der Waals correction"
$End
$Solvation_Details
   &GeometryIndex 54
   &ListStatus       OUT
   &SOLVENT [&Type "String"] "WATER"
   &EPSILON [&Type "Double"]       8.0150999999999996e+01
   &REFRAC [&Type "Double"]       1.3328000000000000e+00
   &RSOLV [&Type "Double"]       1.3000000000000000e+00
   &SURFACETYPE [&Type "String"] "GAUSSIAN VDW"
   &NPOINTS [&Type "Integer"] 3000
   &SURFACEAREA [&Type "Double"]       1.0804615649909999e+03
   &CPCMDIELENERGY [&Type "Double"]      -2.4188930000000001e-02
$End
$CIS_Absorption_Spectrum
   &GeometryIndex 54
   &ListStatus       OUT
   &TEMPERATURE [&Type "Double"]       2.9814999999999998e+02
   &METHOD [&Type "Integer"] 20
   &RELCORRECTION [&Type "Integer"] 1 "Type of relativistic treatment in QDPT. 0->Unknow, 1->None, 2->SOC, 3->SSC, 4->SOC/SSC"
   &DENSTYPE [&Type "Integer"] 3 "Type of density (electron/spin ...). 0->Unknow, 1->Electronic, 2->Spin, 3->Trans/Electronic, 4->Tran/Spin"
   &DERITYPE [&Type "Integer"] 0 "Type of derivative (w.r.t. to what perturbation). 0->Unknown, 1->No Derivative, 2->Electric/Dipole, 3->Electric/Quad, 4->Magnetic/Dipole, 5->Magnetic/Quad"
   &DENSLEVEL [&Type "Integer"] 0 "// Source of density: relaxed, unrelaxed, ... 0->Unknown, 1->Linearized, 2->Unrelaxed, 3->Relaxed"
   &REPRESENTATION [&Type "String"] "Length" "Possible values: Unknown,  Length, Velocity"
   &POINTGROUP [&Type "String"] "C1"
   &NTRANS [&Type "Integer"] 3
   &DOHIGHERMOMENTS [&Type "Boolean"] false
   &STATES [&Type "ArrayOfIntegers", &Dim (3,4)] "The initial and Final states. Col1: Initial State  Col2: Initial Irrep Col3: Final State Col4: Final Irrep"
                                                         0                           1                           2                           3

0                                                        0                           0                           1                           0
1                                                        0                           0                           2                           0
2                                                        0                           0                           3                           0
   &MULTIPLICITIES [&Type "ArrayOfDoubles", &Dim (3,2)] "Col1: Multiplicity of the initial state  Col2: Multiplicity of the final state"
                                                         0                           1

0                                      1.0000000000000000e+00         1.0000000000000000e+00
1                                      1.0000000000000000e+00         1.0000000000000000e+00
2                                      1.0000000000000000e+00         1.0000000000000000e+00
   &EXCITATIONENERGIES [&Type "ArrayOfDoubles", &Dim (3,11)] 
                                                         0                           1                           2                           3                           4                           5                           6                           7

0                                      3.8891050393460933e+00         3.1367750851955770e+04         3.1879875759012231e+02         2.0957186914899179e-01         2.1995062193897552e+00        -1.2167941664342063e+00         0.0000000000000000e+00        -7.3484577141000917e-01
1                                      4.2183267755721596e+00         3.4023103508289249e+04         2.9391792543451072e+02         1.9209107406122158e-01         1.8586980604254091e+00        -6.2696489047811099e-01         0.0000000000000000e+00        -9.7045738043430707e-01
2                                      4.3272823709140393e+00         3.4901889741634397e+04         2.8651743713667798e+02         3.8480849097257252e-03         3.6297046804060241e-02         5.7193379124679138e-02         0.0000000000000000e+00        -5.4529100729549543e-02
                                                         8                           9                          10

0                                      0.0000000000000000e+00        -4.2298920572783993e-01         0.0000000000000000e+00
1                                      0.0000000000000000e+00        -7.2375794247369885e-01         0.0000000000000000e+00
2                                      0.0000000000000000e+00         1.7335668825282627e-01         0.0000000000000000e+00
$End
$Geometry
   &GeometryIndex 55
   &ListStatus       OUT
   &NATOMS [&Type "Integer"] 34
   &NCORELESSECP [&Type "Integer"] 0
   &NGHOSTATOMS [&Type "Integer"] 0
   &CartesianCoordinates [&Type "Coordinates", &Dim(34,4), &Units "Bohr"] 
              C     -3.697763874019   -3.506848104688   -1.625593066190
              C     -2.847182037084   -5.253905751445   -3.415896081106
              C     -0.327785947732   -5.316606940347   -4.040559767125
              C     -2.042510945638   -1.846755765591   -0.494327674973
              C      0.574301870024   -1.838224372460   -1.074328404995
              O     -3.075535826429   -0.324818857057    1.384279538983
              C      1.402341349967   -3.646659800564   -2.898029736747
              C      4.017633763876   -3.796160136347   -3.578294439084
              C      5.762038393058   -2.257946435938   -2.519758053406
              C      2.454891346488   -0.167736853250    0.045092608484
              C      5.028674132621   -0.415348986578   -0.689874970931
              N      1.743810615611    1.593926002204    1.754109379549
              C      3.474603755499    3.085352700676    2.761750461262
              C      6.051542722157    2.967495282472    2.166796134582
              C      6.818220566100    1.203610665558    0.424232132124
              C     -3.671385691455    2.120789981383    0.767817343310
              O     -3.501836221315    2.926634824509   -1.389330443773
              N     -4.485955665389    3.433444314247    2.789449894131
              C     -4.749162078940    2.369415745214    5.318639752383
              C     -5.467045808817    5.982146462358    2.445096059983
              H     -7.502173972416    6.023645145207    2.801018187378
              H     -5.103570936149    6.607880758793    0.527680768569
              H     -4.544459745142    7.264181763976    3.771544986456
              H     -3.568474456820    0.710069035939    5.532776143398
              H     -6.715527276859    1.860260730442    5.702083710960
              H     -4.164115896387    3.788695839262    6.693893641310
              H      0.371580958039   -6.660932783129   -5.415387231532
              H     -5.669520215415   -3.430675855551   -1.089908223976
              H     -4.172990823945   -6.542554446466   -4.289922129196
              H      4.566497539757   -5.193247198711   -4.969471138864
              H      7.737824071586   -2.389740822397   -3.038751476238
              H      2.803576785487    4.468105317753    4.120555901720
              H      7.376677242555    4.242567913493    3.059352577739
              H      8.786132463965    1.034729952776   -0.115280476470
$End
$SCF_Energy
   &GeometryIndex 55
   &ListStatus       OUT
   &SCF_ENERGY [&Type "Double"]      -8.7844052757361203e+02
$End
$DFT_Energy
   &GeometryIndex 55
   &ListStatus       OUT
   &NALPHAEL [&Type "Integer"] 70
   &NBETAEL [&Type "Integer"] 70
   &NTOTALEL [&Type "Integer"] 140
   &EEXCHANGE [&Type "Double"]      -9.3626219236316686e+01
   &ECORR [&Type "Double"]      -6.1571506634324980e+00
   &ECNL [&Type "Double"]       0.0000000000000000e+00
   &EXC [&Type "Double"]      -9.9783369899749189e+01
   &EEMBED [&Type "Double"]       0.0000000000000000e+00
   &FINALEN [&Type "Double"]      -8.7844052757361203e+02  "No Van der Waals correction"
$End
$Solvation_Details
   &GeometryIndex 55
   &ListStatus       OUT
   &SOLVENT [&Type "String"] "WATER"
   &EPSILON [&Type "Double"]       8.0150999999999996e+01
   &REFRAC [&Type "Double"]       1.3328000000000000e+00
   &RSOLV [&Type "Double"]       1.3000000000000000e+00
   &SURFACETYPE [&Type "String"] "GAUSSIAN VDW"
   &NPOINTS [&Type "Integer"] 2999
   &SURFACEAREA [&Type "Double"]       1.0804668358100000e+03
   &CPCMDIELENERGY [&Type "Double"]      -2.4194896000000000e-02
$End
$CIS_Absorption_Spectrum
   &GeometryIndex 55
   &ListStatus       OUT
   &TEMPERATURE [&Type "Double"]       2.9814999999999998e+02
   &METHOD [&Type "Integer"] 20
   &RELCORRECTION [&Type "Integer"] 1 "Type of relativistic treatment in QDPT. 0->Unknow, 1->None, 2->SOC, 3->SSC, 4->SOC/SSC"
   &DENSTYPE [&Type "Integer"] 3 "Type of density (electron/spin ...). 0->Unknow, 1->Electronic, 2->Spin, 3->Trans/Electronic, 4->Tran/Spin"
   &DERITYPE [&Type "Integer"] 0 "Type of derivative (w.r.t. to what perturbation). 0->Unknown, 1->No Derivative, 2->Electric/Dipole, 3->Electric/Quad, 4->Magnetic/Dipole, 5->Magnetic/Quad"
   &DENSLEVEL [&Type "Integer"] 0 "// Source of density: relaxed, unrelaxed, ... 0->Unknown, 1->Linearized, 2->Unrelaxed, 3->Relaxed"
   &REPRESENTATION [&Type "String"] "Length" "Possible values: Unknown,  Length, Velocity"
   &POINTGROUP [&Type "String"] "C1"
   &NTRANS [&Type "Integer"] 3
   &DOHIGHERMOMENTS [&Type "Boolean"] false
   &STATES [&Type "ArrayOfIntegers", &Dim (3,4)] "The initial and Final states. Col1: Initial State  Col2: Initial Irrep Col3: Final State Col4: Final Irrep"
                                                         0                           1                           2                           3

0                                                        0                           0                           1                           0
1                                                        0                           0                           2                           0
2                                                        0                           0                           3                           0
   &MULTIPLICITIES [&Type "ArrayOfDoubles", &Dim (3,2)] "Col1: Multiplicity of the initial state  Col2: Multiplicity of the final state"
                                                         0                           1

0                                      1.0000000000000000e+00         1.0000000000000000e+00
1                                      1.0000000000000000e+00         1.0000000000000000e+00
2                                      1.0000000000000000e+00         1.0000000000000000e+00
   &EXCITATIONENERGIES [&Type "ArrayOfDoubles", &Dim (3,11)] 
                                                         0                           1                           2                           3                           4                           5                           6                           7

0                                      3.8888133290004863e+00         3.1365398049100266e+04         3.1882267154224286e+02         2.0964948039624698e-01         2.2004858197215156e+00        -1.2173661963928810e+00         0.0000000000000000e+00        -7.3467537197336141e-01
1                                      4.2182946128856429e+00         3.4022844098700880e+04         2.9392016643258336e+02         1.9181292530080149e-01         1.8560208083232221e+00        -6.2698112530915073e-01         0.0000000000000000e+00        -9.6961502393609034e-01
2                                      4.3278209689419347e+00         3.4906233828147218e+04         2.8648177999473359e+02         3.8352441789594400e-03         3.6171424558187538e-02         5.6637131905695935e-02         0.0000000000000000e+00        -5.5116181135089183e-02
                                                         8                           9                          10

0                                      0.0000000000000000e+00        -4.2279718709713304e-01         0.0000000000000000e+00
1                                      0.0000000000000000e+00        -7.2302294720617821e-01         0.0000000000000000e+00
2                                      0.0000000000000000e+00         1.7299094318711711e-01         0.0000000000000000e+00
$End
$Geometry
   &GeometryIndex 56
   &ListStatus       OUT
   &NATOMS [&Type "Integer"] 34
   &NCORELESSECP [&Type "Integer"] 0
   &NGHOSTATOMS [&Type "Integer"] 0
   &CartesianCoordinates [&Type "Coordinates", &Dim(34,4), &Units "Bohr"] 
              C     -3.697727751164   -3.506861055922   -1.625614392863
              C     -2.847284265390   -5.253924677279   -3.415888191361
              C     -0.327694628627   -5.316537288074   -4.040517449945
              C     -2.042513607453   -1.846722627430   -0.494336888373
              C      0.574204569532   -1.838257174949   -1.074339038430
              O     -3.075609274266   -0.324648170860    1.384347930879
              C      1.402351750443   -3.646719142898   -2.898085132698
              C      4.017729271899   -3.796074726825   -3.578235090261
              C      5.761914651447   -2.258012101072   -2.519793525973
              C      2.454901143677   -0.167692120270    0.045131205850
              C      5.028776406567   -0.415345070530   -0.689892264298
              N      1.743763193335    1.593902555393    1.754096360170
              C      3.474673220308    3.085374907665    2.761757937090
              C      6.051510323260    2.967564406896    2.166864494759
              C      6.818164340326    1.203529516727    0.424169927345
              C     -3.671182219221    2.120354786949    0.767679905075
              O     -3.501860522503    2.926708604012   -1.389364925031
              N     -4.485731679473    3.433425871930    2.789541659495
              C     -4.749410701951    2.369516238919    5.318579036210
              C     -5.467327859831    5.982133097310    2.445178098017
              H     -7.502456908484    6.025121192035    2.800889504545
              H     -5.102895086093    6.607595508947    0.527846151017
              H     -4.543789641087    7.263843716966    3.771300714281
              H     -3.568046463410    0.710548648254    5.532030578165
              H     -6.715369598971    1.859647154479    5.703201771941
              H     -4.163504783192    3.788484860877    6.693814039133
              H      0.372275258040   -6.660627656092   -5.415266265132
              H     -5.669517382764   -3.430812473087   -1.090038862901
              H     -4.173518362932   -6.542340832842   -4.289616232960
              H      4.567873100070   -5.192755182402   -4.969301939385
              H      7.737404928121   -2.390785213050   -3.039619306632
              H      2.803708310292    4.468148209529    4.120567316282
              H      7.376330488491    4.242813943969    3.059641945539
              H      8.785954759894    1.034269532373   -0.115661376858
$End
$SCF_Energy
   &GeometryIndex 56
   &ListStatus       OUT
   &SCF_ENERGY [&Type "Double"]      -8.7844052766194227e+02
$End
$DFT_Energy
   &GeometryIndex 56
   &ListStatus       OUT
   &NALPHAEL [&Type "Integer"] 70
   &NBETAEL [&Type "Integer"] 70
   &NTOTALEL [&Type "Integer"] 140
   &EEXCHANGE [&Type "Double"]      -9.3626161717574149e+01
   &ECORR [&Type "Double"]      -6.1571494995447740e+00
   &ECNL [&Type "Double"]       0.0000000000000000e+00
   &EXC [&Type "Double"]      -9.9783311217118921e+01
   &EEMBED [&Type "Double"]       0.0000000000000000e+00
   &FINALEN [&Type "Double"]      -8.7844052766194227e+02  "No Van der Waals correction"
$End
$Solvation_Details
   &GeometryIndex 56
   &ListStatus       OUT
   &SOLVENT [&Type "String"] "WATER"
   &EPSILON [&Type "Double"]       8.0150999999999996e+01
   &REFRAC [&Type "Double"]       1.3328000000000000e+00
   &RSOLV [&Type "Double"]       1.3000000000000000e+00
   &SURFACETYPE [&Type "String"] "GAUSSIAN VDW"
   &NPOINTS [&Type "Integer"] 2998
   &SURFACEAREA [&Type "Double"]       1.0804623730180001e+03
   &CPCMDIELENERGY [&Type "Double"]      -2.4188208999999999e-02
$End
$CIS_Absorption_Spectrum
   &GeometryIndex 56
   &ListStatus       OUT
   &TEMPERATURE [&Type "Double"]       2.9814999999999998e+02
   &METHOD [&Type "Integer"] 20
   &RELCORRECTION [&Type "Integer"] 1 "Type of relativistic treatment in QDPT. 0->Unknow, 1->None, 2->SOC, 3->SSC, 4->SOC/SSC"
   &DENSTYPE [&Type "Integer"] 3 "Type of density (electron/spin ...). 0->Unknow, 1->Electronic, 2->Spin, 3->Trans/Electronic, 4->Tran/Spin"
   &DERITYPE [&Type "Integer"] 0 "Type of derivative (w.r.t. to what perturbation). 0->Unknown, 1->No Derivative, 2->Electric/Dipole, 3->Electric/Quad, 4->Magnetic/Dipole, 5->Magnetic/Quad"
   &DENSLEVEL [&Type "Integer"] 0 "// Source of density: relaxed, unrelaxed, ... 0->Unknown, 1->Linearized, 2->Unrelaxed, 3->Relaxed"
   &REPRESENTATION [&Type "String"] "Length" "Possible values: Unknown,  Length, Velocity"
   &POINTGROUP [&Type "String"] "C1"
   &NTRANS [&Type "Integer"] 3
   &DOHIGHERMOMENTS [&Type "Boolean"] false
   &STATES [&Type "ArrayOfIntegers", &Dim (3,4)] "The initial and Final states. Col1: Initial State  Col2: Initial Irrep Col3: Final State Col4: Final Irrep"
                                                         0                           1                           2                           3

0                                                        0                           0                           1                           0
1                                                        0                           0                           2                           0
2                                                        0                           0                           3                           0
   &MULTIPLICITIES [&Type "ArrayOfDoubles", &Dim (3,2)] "Col1: Multiplicity of the initial state  Col2: Multiplicity of the final state"
                                                         0                           1

0                                      1.0000000000000000e+00         1.0000000000000000e+00
1                                      1.0000000000000000e+00         1.0000000000000000e+00
2                                      1.0000000000000000e+00         1.0000000000000000e+00
   &EXCITATIONENERGIES [&Type "ArrayOfDoubles", &Dim (3,11)] 
                                                         0                           1                           2                           3                           4                           5                           6                           7

0                                      3.8891505686147094e+00         3.1368118070310629e+04         3.1879502549643939e+02         2.0936043009651514e-01         2.1972613935751024e+00        -1.2166252720470567e+00         0.0000000000000000e+00        -7.3400972331379410e-01
1                                      4.2187076933246566e+00         3.4026175817479794e+04         2.9389138684409073e+02         1.9169055629422360e-01         1.8546551221367062e+00        -6.2703952629369131e-01         0.0000000000000000e+00        -9.6917974487236747e-01
2                                      4.3269548903140223e+00         3.4899248432190128e+04         2.8653912187909094e+02         3.8451077297716857e-03         3.6271709539891062e-02         5.6982852167645488e-02         0.0000000000000000e+00        -5.4802388488165092e-02
                                                         8                           9                          10

0                                      0.0000000000000000e+00        -4.2227250333444066e-01         0.0000000000000000e+00
1                                      0.0000000000000000e+00        -7.2261135939813614e-01         0.0000000000000000e+00
2                                      0.0000000000000000e+00         1.7326673747353688e-01         0.0000000000000000e+00
$End
$Geometry
   &GeometryIndex 57
   &ListStatus       OUT
   &NATOMS [&Type "Integer"] 34
   &NCORELESSECP [&Type "Integer"] 0
   &NGHOSTATOMS [&Type "Integer"] 0
   &CartesianCoordinates [&Type "Coordinates", &Dim(34,4), &Units "Bohr"] 
              C     -3.697754926880   -3.506846060661   -1.625593079091
              C     -2.847135007577   -5.253904296666   -3.415904309247
              C     -0.327836100187   -5.316617012234   -4.040557920268
              C     -2.042503865420   -1.846771080547   -0.494360822326
              C      0.574330711151   -1.838225397830   -1.074335076957
              O     -3.075571116703   -0.324761713435    1.384324648397
              C      1.402336995852   -3.646648094779   -2.898018136499
              C      4.017598838364   -3.796186810945   -3.578312227369
              C      5.762086496869   -2.257923156746   -2.519746211130
              C      2.454878153457   -0.167757740572    0.045076118191
              C      5.028635047169   -0.415351458835   -0.689869278804
              N      1.743830242863    1.593938717192    1.754116911401
              C      3.474588660224    3.085347943752    2.761748868473
              C      6.051547949808    2.967466882006    2.166769497198
              C      6.818243670737    1.203643668263    0.424257536718
              C     -3.671293556151    2.120685133938    0.767769655327
              O     -3.501848890938    2.926656610190   -1.389350652093
              N     -4.485625416908    3.433537331899    2.789575865452
              C     -4.749501404166    2.369333697237    5.318535157802
              C     -5.467424159290    5.982017788965    2.445029262696
              H     -7.502447669114    6.025586695156    2.801209784066
              H     -5.102694230935    6.608062338222    0.527949765339
              H     -4.543271837089    7.262973041580    3.771459931625
              H     -3.567758418118    0.710701635047    5.532442370751
              H     -6.715410074684    1.859855526822    5.703857829074
              H     -4.163254080296    3.788961093480    6.692952991457
              H      0.371286308210   -6.661037617974   -5.415414520404
              H     -5.669515981496   -3.430694706354   -1.089930447495
              H     -4.172791361418   -6.542628997488   -4.290041179337
              H      4.566016335765   -5.193415717611   -4.969526221690
              H      7.737970438877   -2.389391498748   -3.038462422640
              H      2.803572077891    4.468102721256    4.120558094169
              H      7.376767273923    4.242491077572    3.059264884415
              H      8.786202731410    1.034912158051   -0.115129875380
$End
$SCF_Energy
   &GeometryIndex 57
   &ListStatus       OUT
   &SCF_ENERGY [&Type "Double"]      -8.7844052767535152e+02
$End
$DFT_Energy
   &GeometryIndex 57
   &ListStatus       OUT
   &NALPHAEL [&Type "Integer"] 70
   &NBETAEL [&Type "Integer"] 70
   &NTOTALEL [&Type "Integer"] 140
   &EEXCHANGE [&Type "Double"]      -9.3626207876004187e+01
   &ECORR [&Type "Double"]      -6.1571493735222091e+00
   &ECNL [&Type "Double"]       0.0000000000000000e+00
   &EXC [&Type "Double"]      -9.9783357249526404e+01
   &EEMBED [&Type "Double"]       0.0000000000000000e+00
   &FINALEN [&Type "Double"]      -8.7844052767535152e+02  "No Van der Waals correction"
$End
$Solvation_Details
   &GeometryIndex 57
   &ListStatus       OUT
   &SOLVENT [&Type "String"] "WATER"
   &EPSILON [&Type "Double"]       8.0150999999999996e+01
   &REFRAC [&Type "Double"]       1.3328000000000000e+00
   &RSOLV [&Type "Double"]       1.3000000000000000e+00
   &SURFACETYPE [&Type "String"] "GAUSSIAN VDW"
   &NPOINTS [&Type "Integer"] 3000
   &SURFACEAREA [&Type "Double"]       1.0804640181200000e+03
   &CPCMDIELENERGY [&Type "Double"]      -2.4191536000000000e-02
$End
$CIS_Absorption_Spectrum
   &GeometryIndex 57
   &ListStatus       OUT
   &TEMPERATURE [&Type "Double"]       2.9814999999999998e+02
   &METHOD [&Type "Integer"] 20
   &RELCORRECTION [&Type "Integer"] 1 "Type of relativistic treatment in QDPT. 0->Unknow, 1->None, 2->SOC, 3->SSC, 4->SOC/SSC"
   &DENSTYPE [&Type "Integer"] 3 "Type of density (electron/spin ...). 0->Unknow, 1->Electronic, 2->Spin, 3->Trans/Electronic, 4->Tran/Spin"
   &DERITYPE [&Type "Integer"] 0 "Type of derivative (w.r.t. to what perturbation). 0->Unknown, 1->No Derivative, 2->Electric/Dipole, 3->Electric/Quad, 4->Magnetic/Dipole, 5->Magnetic/Quad"
   &DENSLEVEL [&Type "Integer"] 0 "// Source of density: relaxed, unrelaxed, ... 0->Unknown, 1->Linearized, 2->Unrelaxed, 3->Relaxed"
   &REPRESENTATION [&Type "String"] "Length" "Possible values: Unknown,  Length, Velocity"
   &POINTGROUP [&Type "String"] "C1"
   &NTRANS [&Type "Integer"] 3
   &DOHIGHERMOMENTS [&Type "Boolean"] false
   &STATES [&Type "ArrayOfIntegers", &Dim (3,4)] "The initial and Final states. Col1: Initial State  Col2: Initial Irrep Col3: Final State Col4: Final Irrep"
                                                         0                           1                           2                           3

0                                                        0                           0                           1                           0
1                                                        0                           0                           2                           0
2                                                        0                           0                           3                           0
   &MULTIPLICITIES [&Type "ArrayOfDoubles", &Dim (3,2)] "Col1: Multiplicity of the initial state  Col2: Multiplicity of the final state"
                                                         0                           1

0                                      1.0000000000000000e+00         1.0000000000000000e+00
1                                      1.0000000000000000e+00         1.0000000000000000e+00
2                                      1.0000000000000000e+00         1.0000000000000000e+00
   &EXCITATIONENERGIES [&Type "ArrayOfDoubles", &Dim (3,11)] 
                                                         0                           1                           2                           3                           4                           5                           6                           7

0                                      3.8888167963101590e+00         3.1365426014841698e+04         3.1882238727661894e+02         2.0976465877421499e-01         2.2016927716000669e+00        -1.2176488211009728e+00         0.0000000000000000e+00        -7.3495117029961043e-01
1                                      4.2182399241964488e+00         3.4022403004629181e+04         2.9392397705239608e+02         1.9207004935420649e-01         1.8585328880847805e+00        -6.2729547913389794e-01         0.0000000000000000e+00        -9.7033510737201822e-01
2                                      4.3266606471197839e+00         3.4896875200530565e+04         2.8655860854406706e+02         3.8524721263538957e-03         3.6343650895459344e-02         5.7491852581788981e-02         0.0000000000000000e+00        -5.4315234125032114e-02
                                                         8                           9                          10

0                                      0.0000000000000000e+00        -4.2293131516442584e-01         0.0000000000000000e+00
1                                      0.0000000000000000e+00        -7.2352128465186683e-01         0.0000000000000000e+00
2                                      0.0000000000000000e+00         1.7345948554090704e-01         0.0000000000000000e+00
$End
$Geometry
   &GeometryIndex 58
   &ListStatus       OUT
   &NATOMS [&Type "Integer"] 34
   &NCORELESSECP [&Type "Integer"] 0
   &NGHOSTATOMS [&Type "Integer"] 0
   &CartesianCoordinates [&Type "Coordinates", &Dim(34,4), &Units "Bohr"] 
              C     -3.697757848723   -3.506894778111   -1.625647079182
              C     -2.847268390641   -5.253850052936   -3.415823486081
              C     -0.327707042019   -5.316610322775   -4.040581502875
              C     -2.042440432477   -1.846931870348   -0.494539557309
              C      0.574405412456   -1.838338274380   -1.074461041580
              O     -3.075683039099   -0.324518590064    1.384454547385
              C      1.402388223729   -3.646586433739   -2.897973206575
              C      4.017586677230   -3.796184119828   -3.578306845070
              C      5.762089950265   -2.257938928951   -2.519761357085
              C      2.454860457457   -0.167758375970    0.045081289731
              C      5.028607735427   -0.415302698194   -0.689820006255
              N      1.743834029809    1.593926137097    1.754103295550
              C      3.474607179092    3.085366188934    2.761761736278
              C      6.051531221245    2.967442240368    2.166750418100
              C      6.818255594502    1.203660333794    0.424270266365
              C     -3.671181013756    2.120334487720    0.767704381637
              O     -3.501862928609    2.926707565860   -1.389356251326
              N     -4.485797361815    3.433453523410    2.789484751079
              C     -4.749344510959    2.369481121174    5.318604061728
              C     -5.467250496423    5.982131373489    2.445186844330
              H     -7.502399212952    6.024785372258    2.800868422506
              H     -5.103063763971    6.607589991469    0.527806560544
              H     -4.544008540088    7.264043568679    3.771322268822
              H     -3.568178659453    0.710403677618    5.532271559515
              H     -6.715402151656    1.859785898511    5.702963886857
              H     -4.163668093728    3.788502360624    6.693879943672
              H      0.372584836833   -6.660584504175   -5.415286466947
              H     -5.669664126564   -3.431366619138   -1.090472390399
              H     -4.174449675331   -6.541750826993   -4.288865017697
              H      4.565534870224   -5.193556285736   -4.969558870203
              H      7.737991470551   -2.389347971982   -3.038426497086
              H      2.803618009674    4.468128301542    4.120573832019
              H      7.376892021764    4.242385616753    3.059144797143
              H      8.786247262752    1.035039723877   -0.115022917386
$End
$SCF_Energy
   &GeometryIndex 58
   &ListStatus       OUT
   &SCF_ENERGY [&Type "Double"]      -8.7844052768976064e+02
$End
$DFT_Energy
   &GeometryIndex 58
   &ListStatus       OUT
   &NALPHAEL [&Type "Integer"] 70
   &NBETAEL [&Type "Integer"] 70
   &NTOTALEL [&Type "Integer"] 140
   &EEXCHANGE [&Type "Double"]      -9.3626166907815715e+01
   &ECORR [&Type "Double"]      -6.1571483374878504e+00
   &ECNL [&Type "Double"]       0.0000000000000000e+00
   &EXC [&Type "Double"]      -9.9783315245303569e+01
   &EEMBED [&Type "Double"]       0.0000000000000000e+00
   &FINALEN [&Type "Double"]      -8.7844052768976064e+02  "No Van der Waals correction"
$End
$Solvation_Details
   &GeometryIndex 58
   &ListStatus       OUT
   &SOLVENT [&Type "String"] "WATER"
   &EPSILON [&Type "Double"]       8.0150999999999996e+01
   &REFRAC [&Type "Double"]       1.3328000000000000e+00
   &RSOLV [&Type "Double"]       1.3000000000000000e+00
   &SURFACETYPE [&Type "String"] "GAUSSIAN VDW"
   &NPOINTS [&Type "Integer"] 3000
   &SURFACEAREA [&Type "Double"]       1.0804672112440001e+03
   &CPCMDIELENERGY [&Type "Double"]      -2.4193124999999999e-02
$End
$CIS_Absorption_Spectrum
   &GeometryIndex 58
   &ListStatus       OUT
   &TEMPERATURE [&Type "Double"]       2.9814999999999998e+02
   &METHOD [&Type "Integer"] 20
   &RELCORRECTION [&Type "Integer"] 1 "Type of relativistic treatment in QDPT. 0->Unknow, 1->None, 2->SOC, 3->SSC, 4->SOC/SSC"
   &DENSTYPE [&Type "Integer"] 3 "Type of density (electron/spin ...). 0->Unknow, 1->Electronic, 2->Spin, 3->Trans/Electronic, 4->Tran/Spin"
   &DERITYPE [&Type "Integer"] 0 "Type of derivative (w.r.t. to what perturbation). 0->Unknown, 1->No Derivative, 2->Electric/Dipole, 3->Electric/Quad, 4->Magnetic/Dipole, 5->Magnetic/Quad"
   &DENSLEVEL [&Type "Integer"] 0 "// Source of density: relaxed, unrelaxed, ... 0->Unknown, 1->Linearized, 2->Unrelaxed, 3->Relaxed"
   &REPRESENTATION [&Type "String"] "Length" "Possible values: Unknown,  Length, Velocity"
   &POINTGROUP [&Type "String"] "C1"
   &NTRANS [&Type "Integer"] 3
   &DOHIGHERMOMENTS [&Type "Boolean"] false
   &STATES [&Type "ArrayOfIntegers", &Dim (3,4)] "The initial and Final states. Col1: Initial State  Col2: Initial Irrep Col3: Final State Col4: Final Irrep"
                                                         0                           1                           2                           3

0                                                        0                           0                           1                           0
1                                                        0                           0                           2                           0
2                                                        0                           0                           3                           0
   &MULTIPLICITIES [&Type "ArrayOfDoubles", &Dim (3,2)] "Col1: Multiplicity of the initial state  Col2: Multiplicity of the final state"
                                                         0                           1

0                                      1.0000000000000000e+00         1.0000000000000000e+00
1                                      1.0000000000000000e+00         1.0000000000000000e+00
2                                      1.0000000000000000e+00         1.0000000000000000e+00
   &EXCITATIONENERGIES [&Type "ArrayOfDoubles", &Dim (3,11)] 
                                                         0                           1                           2                           3                           4                           5                           6                           7

0                                      3.8891637396153449e+00         3.1368224301606060e+04         3.1879394586859024e+02         2.0961426973001546e-01         2.1999180189949801e+00        -1.2169774827387805e+00         0.0000000000000000e+00        -7.3485218734374891e-01
1                                      4.2184464543241544e+00         3.4024068782622766e+04         2.9390958688360439e+02         1.9220873371522901e-01         1.8597837862534468e+00        -6.2701247249162251e-01         0.0000000000000000e+00        -9.7077813881585828e-01
2                                      4.3268203761675874e+00         3.4898163502318406e+04         2.8654802993675196e+02         3.8565651016329808e-03         3.6380920328571445e-02         5.7425576770122833e-02         0.0000000000000000e+00        -5.4229416056005959e-02
                                                         8                           9                          10

0                                      0.0000000000000000e+00        -4.2293745194516569e-01         0.0000000000000000e+00
1                                      0.0000000000000000e+00        -7.2403656730209920e-01         0.0000000000000000e+00
2                                      0.0000000000000000e+00         1.7361564991501999e-01         0.0000000000000000e+00
$End
$Geometry
   &GeometryIndex 59
   &ListStatus       OUT
   &NATOMS [&Type "Integer"] 34
   &NCORELESSECP [&Type "Integer"] 0
   &NGHOSTATOMS [&Type "Integer"] 0
   &CartesianCoordinates [&Type "Coordinates", &Dim(34,4), &Units "Bohr"] 
              C     -3.697698812882   -3.506881379082   -1.625646021784
              C     -2.847173830494   -5.253905811090   -3.415895642296
              C     -0.327832327302   -5.316680874635   -4.040617036599
              C     -2.042494839137   -1.846939900251   -0.494528504091
              C      0.574328523999   -1.838047600916   -1.074177080252
              O     -3.075645287863   -0.324555250177    1.384422608420
              C      1.402697050063   -3.646556627723   -2.898012715660
              C      4.017603424398   -3.796081488904   -3.578215287138
              C      5.761976928148   -2.257970172920   -2.519767117095
              C      2.454584401806   -0.167725345380    0.045163639162
              C      5.028585880594   -0.415457360035   -0.689955216453
              N      1.743946483412    1.593931237093    1.754086253095
              C      3.474531400363    3.085296212748    2.761713780382
              C      6.051583003004    2.967475902703    2.166770897383
              C      6.818331593867    1.203665137413    0.424260127825
              C     -3.671186629488    2.120355535924    0.767705890751
              O     -3.501861803920    2.926704827073   -1.389355049244
              N     -4.485801693599    3.433476006682    2.789483989634
              C     -4.749345667645    2.369476751358    5.318607066050
              C     -5.467252014785    5.982117790595    2.445187407977
              H     -7.502399670193    6.024804431212    2.800871319388
              H     -5.103044521209    6.607579027884    0.527812002791
              H     -4.543987358208    7.264016691792    3.771320305548
              H     -3.568168261293    0.710407487624    5.532271245378
              H     -6.715406068126    1.859798192630    5.702968264733
              H     -4.163670705478    3.788514050296    6.693866587087
              H      0.370436209020   -6.661440264069   -5.415596803253
              H     -5.669391168580   -3.430538584200   -1.089796631858
              H     -4.173296520126   -6.542377402055   -4.289698598777
              H      4.566607870802   -5.193110487748   -4.969367045694
              H      7.737547895710   -2.390451784487   -3.039349956747
              H      2.802914724431    4.467831331688    4.120442531682
              H      7.377035679264    4.242374552793    3.059107464476
              H      8.786460046251    1.035452746253   -0.114694993465
$End
$SCF_Energy
   &GeometryIndex 59
   &ListStatus       OUT
   &SCF_ENERGY [&Type "Double"]      -8.7844052770074063e+02
$End
$DFT_Energy
   &GeometryIndex 59
   &ListStatus       OUT
   &NALPHAEL [&Type "Integer"] 70
   &NBETAEL [&Type "Integer"] 70
   &NTOTALEL [&Type "Integer"] 140
   &EEXCHANGE [&Type "Double"]      -9.3626199475377277e+01
   &ECORR [&Type "Double"]      -6.1571499970435823e+00
   &ECNL [&Type "Double"]       0.0000000000000000e+00
   &EXC [&Type "Double"]      -9.9783349472420866e+01
   &EEMBED [&Type "Double"]       0.0000000000000000e+00
   &FINALEN [&Type "Double"]      -8.7844052770074063e+02  "No Van der Waals correction"
$End
$Solvation_Details
   &GeometryIndex 59
   &ListStatus       OUT
   &SOLVENT [&Type "String"] "WATER"
   &EPSILON [&Type "Double"]       8.0150999999999996e+01
   &REFRAC [&Type "Double"]       1.3328000000000000e+00
   &RSOLV [&Type "Double"]       1.3000000000000000e+00
   &SURFACETYPE [&Type "String"] "GAUSSIAN VDW"
   &NPOINTS [&Type "Integer"] 3000
   &SURFACEAREA [&Type "Double"]       1.0804664151500001e+03
   &CPCMDIELENERGY [&Type "Double"]      -2.4188583999999999e-02
$End
$CIS_Absorption_Spectrum
   &GeometryIndex 59
   &ListStatus       OUT
   &TEMPERATURE [&Type "Double"]       2.9814999999999998e+02
   &METHOD [&Type "Integer"] 20
   &RELCORRECTION [&Type "Integer"] 1 "Type of relativistic treatment in QDPT. 0->Unknow, 1->None, 2->SOC, 3->SSC, 4->SOC/SSC"
   &DENSTYPE [&Type "Integer"] 3 "Type of density (electron/spin ...). 0->Unknow, 1->Electronic, 2->Spin, 3->Trans/Electronic, 4->Tran/Spin"
   &DERITYPE [&Type "Integer"] 0 "Type of derivative (w.r.t. to what perturbation). 0->Unknown, 1->No Derivative, 2->Electric/Dipole, 3->Electric/Quad, 4->Magnetic/Dipole, 5->Magnetic/Quad"
   &DENSLEVEL [&Type "Integer"] 0 "// Source of density: relaxed, unrelaxed, ... 0->Unknown, 1->Linearized, 2->Unrelaxed, 3->Relaxed"
   &REPRESENTATION [&Type "String"] "Length" "Possible values: Unknown,  Length, Velocity"
   &POINTGROUP [&Type "String"] "C1"
   &NTRANS [&Type "Integer"] 3
   &DOHIGHERMOMENTS [&Type "Boolean"] false
   &STATES [&Type "ArrayOfIntegers", &Dim (3,4)] "The initial and Final states. Col1: Initial State  Col2: Initial Irrep Col3: Final State Col4: Final Irrep"
                                                         0                           1                           2                           3

0                                                        0                           0                           1                           0
1                                                        0                           0                           2                           0
2                                                        0                           0                           3                           0
   &MULTIPLICITIES [&Type "ArrayOfDoubles", &Dim (3,2)] "Col1: Multiplicity of the initial state  Col2: Multiplicity of the final state"
                                                         0                           1

0                                      1.0000000000000000e+00         1.0000000000000000e+00
1                                      1.0000000000000000e+00         1.0000000000000000e+00
2                                      1.0000000000000000e+00         1.0000000000000000e+00
   &EXCITATIONENERGIES [&Type "ArrayOfDoubles", &Dim (3,11)] 
                                                         0                           1                           2                           3                           4                           5                           6                           7

0                                      3.8889640670599990e+00         3.1366613833669431e+04         3.1881031382692123e+02         2.0968549116081125e-01         2.2007784830373889e+00        -1.2169745726118235e+00         0.0000000000000000e+00        -7.3523417844084404e-01
1                                      4.2180686340062623e+00         3.4021021455929724e+04         2.9393591291648420e+02         1.9199870352548154e-01         1.8579179669390320e+00        -6.2793477838948553e-01         0.0000000000000000e+00        -9.6992630562735982e-01
2                                      4.3270160748787641e+00         3.4899741919036940e+04         2.8653507017899318e+02         3.8490303881651006e-03         3.6308199391267323e-02         5.7366421536301337e-02         0.0000000000000000e+00        -5.4291856434820221e-02
                                                         8                           9                          10

0                                      0.0000000000000000e+00        -4.2329903792245449e-01         0.0000000000000000e+00
1                                      0.0000000000000000e+00        -7.2308978880913621e-01         0.0000000000000000e+00
2                                      0.0000000000000000e+00         1.7340613425207188e-01         0.0000000000000000e+00
$End
$Geometry
   &GeometryIndex 60
   &ListStatus       OUT
   &NATOMS [&Type "Integer"] 34
   &NCORELESSECP [&Type "Integer"] 0
   &NGHOSTATOMS [&Type "Integer"] 0
   &CartesianCoordinates [&Type "Coordinates", &Dim(34,4), &Units "Bohr"] 
              C     -3.697720166008   -3.506789887213   -1.625551182692
              C     -2.847181645739   -5.253991788763   -3.415972417732
              C     -0.327881755858   -5.316622632083   -4.040553713838
              C     -2.042681896886   -1.846689353158   -0.494262315775
              C      0.574477590679   -1.838199051847   -1.074345217176
              O     -3.075582624942   -0.324686735545    1.384305719279
              C      1.402610907464   -3.646573463114   -2.898009267964
              C      4.017553604123   -3.796094129486   -3.578217557346
              C      5.761923691545   -2.257885334749   -2.519679098594
              C      2.454949334338   -0.167996809072    0.044848893622
              C      5.028579905457   -0.415661570327   -0.690139572223
              N      1.743793413847    1.594099404548    1.754266255377
              C      3.474561939896    3.085356266510    2.761760473490
              C      6.051606175890    2.967511651897    2.166798209978
              C      6.818282666343    1.203666561188    0.424271416791
              C     -3.671194063284    2.120359540572    0.767675166449
              O     -3.501857160001    2.926707943690   -1.389368259610
              N     -4.485773397397    3.433363762932    2.789553171275
              C     -4.749361605297    2.369564892172    5.318583756680
              C     -5.467280979391    5.982179858979    2.445188978834
              H     -7.502425424112    6.024836568255    2.800853729417
              H     -5.103026264534    6.607563514037    0.527798512875
              H     -4.543975526335    7.264052047978    3.771310351595
              H     -3.568161556590    0.710470869655    5.531965653623
              H     -6.715374591812    1.859654492128    5.702887985384
              H     -4.163626797691    3.788390038593    6.694034263472
              H      0.371310984017   -6.661023093786   -5.415405460052
              H     -5.669624518975   -3.431145528433   -1.090326930526
              H     -4.173334636041   -6.542454417286   -4.289759639111
              H      4.566404946559   -5.193170428323   -4.969380289801
              H      7.737785993695   -2.389337068548   -3.038377869396
              H      2.804150756138    4.468340257589    4.120668729685
              H      7.375877850327    4.243069883137    3.059959200520
              H      8.786255520357    1.034944932109   -0.115115259980
$End
$SCF_Energy
   &GeometryIndex 60
   &ListStatus       OUT
   &SCF_ENERGY [&Type "Double"]      -8.7844052763732054e+02
$End
$DFT_Energy
   &GeometryIndex 60
   &ListStatus       OUT
   &NALPHAEL [&Type "Integer"] 70
   &NBETAEL [&Type "Integer"] 70
   &NTOTALEL [&Type "Integer"] 140
   &EEXCHANGE [&Type "Double"]      -9.3626158187117284e+01
   &ECORR [&Type "Double"]      -6.1571476979594086e+00
   &ECNL [&Type "Double"]       0.0000000000000000e+00
   &EXC [&Type "Double"]      -9.9783305885076686e+01
   &EEMBED [&Type "Double"]       0.0000000000000000e+00
   &FINALEN [&Type "Double"]      -8.7844052763732054e+02  "No Van der Waals correction"
$End
$Solvation_Details
   &GeometryIndex 60
   &ListStatus       OUT
   &SOLVENT [&Type "String"] "WATER"
   &EPSILON [&Type "Double"]       8.0150999999999996e+01
   &REFRAC [&Type "Double"]       1.3328000000000000e+00
   &RSOLV [&Type "Double"]       1.3000000000000000e+00
   &SURFACETYPE [&Type "String"] "GAUSSIAN VDW"
   &NPOINTS [&Type "Integer"] 2999
   &SURFACEAREA [&Type "Double"]       1.0804649534000000e+03
   &CPCMDIELENERGY [&Type "Double"]      -2.4197513000000000e-02
$End
$CIS_Absorption_Spectrum
   &GeometryIndex 60
   &ListStatus       OUT
   &TEMPERATURE [&Type "Double"]       2.9814999999999998e+02
   &METHOD [&Type "Integer"] 20
   &RELCORRECTION [&Type "Integer"] 1 "Type of relativistic treatment in QDPT. 0->Unknow, 1->None, 2->SOC, 3->SSC, 4->SOC/SSC"
   &DENSTYPE [&Type "Integer"] 3 "Type of density (electron/spin ...). 0->Unknow, 1->Electronic, 2->Spin, 3->Trans/Electronic, 4->Tran/Spin"
   &DERITYPE [&Type "Integer"] 0 "Type of derivative (w.r.t. to what perturbation). 0->Unknown, 1->No Derivative, 2->Electric/Dipole, 3->Electric/Quad, 4->Magnetic/Dipole, 5->Magnetic/Quad"
   &DENSLEVEL [&Type "Integer"] 0 "// Source of density: relaxed, unrelaxed, ... 0->Unknown, 1->Linearized, 2->Unrelaxed, 3->Relaxed"
   &REPRESENTATION [&Type "String"] "Length" "Possible values: Unknown,  Length, Velocity"
   &POINTGROUP [&Type "String"] "C1"
   &NTRANS [&Type "Integer"] 3
   &DOHIGHERMOMENTS [&Type "Boolean"] false
   &STATES [&Type "ArrayOfIntegers", &Dim (3,4)] "The initial and Final states. Col1: Initial State  Col2: Initial Irrep Col3: Final State Col4: Final Irrep"
                                                         0                           1                           2                           3

0                                                        0                           0                           1                           0
1                                                        0                           0                           2                           0
2                                                        0                           0                           3                           0
   &MULTIPLICITIES [&Type "ArrayOfDoubles", &Dim (3,2)] "Col1: Multiplicity of the initial state  Col2: Multiplicity of the final state"
                                                         0                           1

0                                      1.0000000000000000e+00         1.0000000000000000e+00
1                                      1.0000000000000000e+00         1.0000000000000000e+00
2                                      1.0000000000000000e+00         1.0000000000000000e+00
   &EXCITATIONENERGIES [&Type "ArrayOfDoubles", &Dim (3,11)] 
                                                         0                           1                           2                           3                           4                           5                           6                           7

0                                      3.8889198619542431e+00         3.1366257295409418e+04         3.1881393772356580e+02         2.0944224357809843e-01         2.1982504368047895e+00        -1.2164022672739692e+00         0.0000000000000000e+00        -7.3470907895083137e-01
1                                      4.2182606169346277e+00         3.4022569902835596e+04         2.9392253520409565e+02         1.9202599434962669e-01         1.8580974824207637e+00        -6.2749902141339065e-01         0.0000000000000000e+00        -9.7020559587682487e-01
2                                      4.3247396332470966e+00         3.4881381177115923e+04         2.8668589552756987e+02         3.8796661802603018e-03         3.6616453075053144e-02         5.8469270654866172e-02         0.0000000000000000e+00        -5.3348858720264312e-02
                                                         8                           9                          10

0                                      0.0000000000000000e+00        -4.2286940097713127e-01         0.0000000000000000e+00
1                                      0.0000000000000000e+00        -7.2321750689214925e-01         0.0000000000000000e+00
2                                      0.0000000000000000e+00         1.7421738356830649e-01         0.0000000000000000e+00
$End
$Geometry
   &GeometryIndex 61
   &ListStatus       OUT
   &NATOMS [&Type "Integer"] 34
   &NCORELESSECP [&Type "Integer"] 0
   &NGHOSTATOMS [&Type "Integer"] 0
   &CartesianCoordinates [&Type "Coordinates", &Dim(34,4), &Units "Bohr"] 
              C     -3.697719832647   -3.506899385448   -1.625658549597
              C     -2.847078652580   -5.253813324080   -3.415832781376
              C     -0.327812018122   -5.316588363308   -4.040536322617
              C     -2.042389765474   -1.846987577812   -0.494595009383
              C      0.574185662092   -1.838160708511   -1.074251110378
              O     -3.075658977869   -0.324530987267    1.384435820300
              C      1.402082004938   -3.646696390013   -2.898008085306
              C      4.017652565004   -3.796169608582   -3.578307750818
              C      5.762016496039   -2.257928473357   -2.519737536232
              C      2.454955352593   -0.167804618632    0.045020509210
              C      5.028652170736   -0.415574962935   -0.690076044025
              N      1.743752736168    1.593971785730    1.754159753034
              C      3.474606269033    3.085356574299    2.761753441385
              C      6.051600486038    2.967531598827    2.166817535641
              C      6.818262709182    1.203620896341    0.424233567565
              C     -3.671162700645    2.120293713244    0.767694792807
              O     -3.501872510770    2.926708184773   -1.389309632682
              N     -4.485833762647    3.433670924743    2.789319577273
              C     -4.749347754513    2.369392427287    5.318685611595
              C     -5.467224177469    5.982024822369    2.445260099141
              H     -7.502415485483    6.024848141495    2.800735426677
              H     -5.102979383730    6.607348543280    0.527840649867
              H     -4.543988386000    7.264142889949    3.771212103079
              H     -3.568147638665    0.710359536516    5.532496026431
              H     -6.715438236105    1.859884344847    5.703082849407
              H     -4.163698371913    3.788580552825    6.693798607652
              H      0.371578257740   -6.660891052253   -5.415350537524
              H     -5.669333663059   -3.430297580427   -1.089581054617
              H     -4.172787789115   -6.542490378747   -4.289921001670
              H      4.567331831402   -5.193005189775   -4.969418024000
              H      7.738015596581   -2.388967657972   -3.038084331199
              H      2.803766111709    4.468178192946    4.120589988549
              H      7.376452321655    4.242769626952    3.059576406383
              H      8.786322798464    1.035173534751   -0.114917935135
$End
$SCF_Energy
   &GeometryIndex 61
   &ListStatus       OUT
   &SCF_ENERGY [&Type "Double"]      -8.7844052765648496e+02
$End
$DFT_Energy
   &GeometryIndex 61
   &ListStatus       OUT
   &NALPHAEL [&Type "Integer"] 70
   &NBETAEL [&Type "Integer"] 70
   &NTOTALEL [&Type "Integer"] 140
   &EEXCHANGE [&Type "Double"]      -9.3626202812924589e+01
   &ECORR [&Type "Double"]      -6.1571497652321190e+00
   &ECNL [&Type "Double"]       0.0000000000000000e+00
   &EXC [&Type "Double"]      -9.9783352578156709e+01
   &EEMBED [&Type "Double"]       0.0000000000000000e+00
   &FINALEN [&Type "Double"]      -8.7844052765648496e+02  "No Van der Waals correction"
$End
$Solvation_Details
   &GeometryIndex 61
   &ListStatus       OUT
   &SOLVENT [&Type "String"] "WATER"
   &EPSILON [&Type "Double"]       8.0150999999999996e+01
   &REFRAC [&Type "Double"]       1.3328000000000000e+00
   &RSOLV [&Type "Double"]       1.3000000000000000e+00
   &SURFACETYPE [&Type "String"] "GAUSSIAN VDW"
   &NPOINTS [&Type "Integer"] 2999
   &SURFACEAREA [&Type "Double"]       1.0804614896999999e+03
   &CPCMDIELENERGY [&Type "Double"]      -2.4189196999999999e-02
$End
$CIS_Absorption_Spectrum
   &GeometryIndex 61
   &ListStatus       OUT
   &TEMPERATURE [&Type "Double"]       2.9814999999999998e+02
   &METHOD [&Type "Integer"] 20
   &RELCORRECTION [&Type "Integer"] 1 "Type of relativistic treatment in QDPT. 0->Unknow, 1->None, 2->SOC, 3->SSC, 4->SOC/SSC"
   &DENSTYPE [&Type "Integer"] 3 "Type of density (electron/spin ...). 0->Unknow, 1->Electronic, 2->Spin, 3->Trans/Electronic, 4->Tran/Spin"
   &DERITYPE [&Type "Integer"] 0 "Type of derivative (w.r.t. to what perturbation). 0->Unknown, 1->No Derivative, 2->Electric/Dipole, 3->Electric/Quad, 4->Magnetic/Dipole, 5->Magnetic/Quad"
   &DENSLEVEL [&Type "Integer"] 0 "// Source of density: relaxed, unrelaxed, ... 0->Unknown, 1->Linearized, 2->Unrelaxed, 3->Relaxed"
   &REPRESENTATION [&Type "String"] "Length" "Possible values: Unknown,  Length, Velocity"
   &POINTGROUP [&Type "String"] "C1"
   &NTRANS [&Type "Integer"] 3
   &DOHIGHERMOMENTS [&Type "Boolean"] false
   &STATES [&Type "ArrayOfIntegers", &Dim (3,4)] "The initial and Final states. Col1: Initial State  Col2: Initial Irrep Col3: Final State Col4: Final Irrep"
                                                         0                           1                           2                           3

0                                                        0                           0                           1                           0
1                                                        0                           0                           2                           0
2                                                        0                           0                           3                           0
   &MULTIPLICITIES [&Type "ArrayOfDoubles", &Dim (3,2)] "Col1: Multiplicity of the initial state  Col2: Multiplicity of the final state"
                                                         0                           1

0                                      1.0000000000000000e+00         1.0000000000000000e+00
1                                      1.0000000000000000e+00         1.0000000000000000e+00
2                                      1.0000000000000000e+00         1.0000000000000000e+00
   &EXCITATIONENERGIES [&Type "ArrayOfDoubles", &Dim (3,11)] 
                                                         0                           1                           2                           3                           4                           5                           6                           7

0                                      3.8892170833159181e+00         3.1368654547611808e+04         3.1878957335648079e+02         2.0945581589394210e-01         2.1982248828820001e+00        -1.2167116471785799e+00         0.0000000000000000e+00        -7.3434959237445507e-01
1                                      4.2185107417289229e+00         3.4024587295564765e+04         2.9390510788953895e+02         1.9222798055609852e-01         1.8599416711367474e+00        -6.2742851850143122e-01         0.0000000000000000e+00        -9.7066875089894100e-01
2                                      4.3275993156705663e+00         3.4904446073761195e+04         2.8649645317011129e+02         3.8439041126015617e-03         3.6254956015248710e-02         5.6877884487277167e-02         0.0000000000000000e+00        -5.4769538073800909e-02
                                                         8                           9                          10

0                                      0.0000000000000000e+00        -4.2257345714261141e-01         0.0000000000000000e+00
1                                      0.0000000000000000e+00        -7.2393183473040901e-01         0.0000000000000000e+00
2                                      0.0000000000000000e+00         1.7326326780562329e-01         0.0000000000000000e+00
$End
$Geometry
   &GeometryIndex 62
   &ListStatus       OUT
   &NATOMS [&Type "Integer"] 34
   &NCORELESSECP [&Type "Integer"] 0
   &NGHOSTATOMS [&Type "Integer"] 0
   &CartesianCoordinates [&Type "Coordinates", &Dim(34,4), &Units "Bohr"] 
              C     -3.697613196772   -3.506805891199   -1.625593601307
              C     -2.847136073808   -5.253968473839   -3.415961808154
              C     -0.327830308170   -5.316619501590   -4.040561898163
              C     -2.042728167826   -1.846836217409   -0.494377819676
              C      0.574213122108   -1.838304144944   -1.074386186899
              O     -3.075596577300   -0.324624374269    1.384333413847
              C      1.402567347498   -3.646533828785   -2.897963896778
              C      4.017640043484   -3.796197630777   -3.578329557998
              C      5.761978775034   -2.257904308214   -2.519707049474
              C      2.455014945410   -0.167787512865    0.045022574426
              C      5.028827888660   -0.415215958076   -0.689784664977
              N      1.743740676717    1.593899597316    1.754097791042
              C      3.474655990747    3.085401379766    2.761784387664
              C      6.051484580396    2.967474202474    2.166788034058
              C      6.818121726971    1.203620109354    0.424259906537
              C     -3.671156236680    2.120281596405    0.767659373860
              O     -3.501875569007    2.926704573957   -1.389278373782
              N     -4.485815733982    3.433663165742    2.789270507111
              C     -4.749368128479    2.369423727591    5.318715620843
              C     -5.467242048976    5.982033911541    2.445303427240
              H     -7.502455430130    6.024906401192    2.800628985891
              H     -5.102918691610    6.607209791654    0.527847817631
              H     -4.543949245120    7.264233392729    3.771132424760
              H     -3.568126504700    0.710393436829    5.532346278101
              H     -6.715427691452    1.859786078316    5.703074504180
              H     -4.163649864421    3.788512157098    6.693896692156
              H      0.370767327405   -6.661250491599   -5.415492091496
              H     -5.669247492668   -3.430213528687   -1.089552424671
              H     -4.173217097919   -6.542463654722   -4.289794432079
              H      4.565636010738   -5.193549726020   -4.969574586302
              H      7.737714992787   -2.389864011294   -3.038843845767
              H      2.804208483446    4.468361761069    4.120667654833
              H      7.376672369090    4.242509588805    3.059299608104
              H      8.785841393932    1.034173917498   -0.115724847147
$End
$SCF_Energy
   &GeometryIndex 62
   &ListStatus       OUT
   &SCF_ENERGY [&Type "Double"]      -8.7844052762661897e+02
$End
$DFT_Energy
   &GeometryIndex 62
   &ListStatus       OUT
   &NALPHAEL [&Type "Integer"] 70
   &NBETAEL [&Type "Integer"] 70
   &NTOTALEL [&Type "Integer"] 140
   &EEXCHANGE [&Type "Double"]      -9.3626214193835381e+01
   &ECORR [&Type "Double"]      -6.1571533586305849e+00
   &ECNL [&Type "Double"]       0.0000000000000000e+00
   &EXC [&Type "Double"]      -9.9783367552465961e+01
   &EEMBED [&Type "Double"]       0.0000000000000000e+00
   &FINALEN [&Type "Double"]      -8.7844052762661897e+02  "No Van der Waals correction"
$End
$Solvation_Details
   &GeometryIndex 62
   &ListStatus       OUT
   &SOLVENT [&Type "String"] "WATER"
   &EPSILON [&Type "Double"]       8.0150999999999996e+01
   &REFRAC [&Type "Double"]       1.3328000000000000e+00
   &RSOLV [&Type "Double"]       1.3000000000000000e+00
   &SURFACETYPE [&Type "String"] "GAUSSIAN VDW"
   &NPOINTS [&Type "Integer"] 2999
   &SURFACEAREA [&Type "Double"]       1.0804594104150001e+03
   &CPCMDIELENERGY [&Type "Double"]      -2.4194714999999999e-02
$End
$CIS_Absorption_Spectrum
   &GeometryIndex 62
   &ListStatus       OUT
   &TEMPERATURE [&Type "Double"]       2.9814999999999998e+02
   &METHOD [&Type "Integer"] 20
   &RELCORRECTION [&Type "Integer"] 1 "Type of relativistic treatment in QDPT. 0->Unknow, 1->None, 2->SOC, 3->SSC, 4->SOC/SSC"
   &DENSTYPE [&Type "Integer"] 3 "Type of density (electron/spin ...). 0->Unknow, 1->Electronic, 2->Spin, 3->Trans/Electronic, 4->Tran/Spin"
   &DERITYPE [&Type "Integer"] 0 "Type of derivative (w.r.t. to what perturbation). 0->Unknown, 1->No Derivative, 2->Electric/Dipole, 3->Electric/Quad, 4->Magnetic/Dipole, 5->Magnetic/Quad"
   &DENSLEVEL [&Type "Integer"] 0 "// Source of density: relaxed, unrelaxed, ... 0->Unknown, 1->Linearized, 2->Unrelaxed, 3->Relaxed"
   &REPRESENTATION [&Type "String"] "Length" "Possible values: Unknown,  Length, Velocity"
   &POINTGROUP [&Type "String"] "C1"
   &NTRANS [&Type "Integer"] 3
   &DOHIGHERMOMENTS [&Type "Boolean"] false
   &STATES [&Type "ArrayOfIntegers", &Dim (3,4)] "The initial and Final states. Col1: Initial State  Col2: Initial Irrep Col3: Final State Col4: Final Irrep"
                                                         0                           1                           2                           3

0                                                        0                           0                           1                           0
1                                                        0                           0                           2                           0
2                                                        0                           0                           3                           0
   &MULTIPLICITIES [&Type "ArrayOfDoubles", &Dim (3,2)] "Col1: Multiplicity of the initial state  Col2: Multiplicity of the final state"
                                                         0                           1

0                                      1.0000000000000000e+00         1.0000000000000000e+00
1                                      1.0000000000000000e+00         1.0000000000000000e+00
2                                      1.0000000000000000e+00         1.0000000000000000e+00
   &EXCITATIONENERGIES [&Type "ArrayOfDoubles", &Dim (3,11)] 
                                                         0                           1                           2                           3                           4                           5                           6                           7

0                                      3.8891748054108359e+00         3.1368313553275133e+04         3.1879303881020758e+02         2.0954230692619707e-01         2.1991565065510970e+00        -1.2168367364375812e+00         0.0000000000000000e+00        -7.3466481894033753e-01
1                                      4.2186328974048841e+00         3.4025572547639451e+04         2.9389659750762240e+02         1.9182815290258684e-01         1.8560193109326377e+00        -6.2903730450076545e-01         0.0000000000000000e+00        -9.6904169415538532e-01
2                                      4.3258751680364780e+00         3.4890539883809797e+04         2.8661064097320786e+02         3.8650133817285195e-03         3.6468583890303247e-02         5.8080751764089791e-02         0.0000000000000000e+00        -5.4005288337844536e-02
                                                         8                           9                          10

0                                      0.0000000000000000e+00        -4.2276762792152695e-01         0.0000000000000000e+00
1                                      0.0000000000000000e+00        -7.2200386111676007e-01         0.0000000000000000e+00
2                                      0.0000000000000000e+00         1.7372000171646240e-01         0.0000000000000000e+00
$End
$Geometry
   &GeometryIndex 63
   &ListStatus       OUT
   &NATOMS [&Type "Integer"] 34
   &NCORELESSECP [&Type "Integer"] 0
   &NGHOSTATOMS [&Type "Integer"] 0
   &CartesianCoordinates [&Type "Coordinates", &Dim(34,4), &Units "Bohr"] 
              C     -3.697830340054   -3.506793359862   -1.625528006614
              C     -2.847201087325   -5.253960428027   -3.415939113389
              C     -0.327858171156   -5.316588871711   -4.040527704715
              C     -2.042430639116   -1.846541656101   -0.494189667913
              C      0.574453868532   -1.838210726854   -1.074349340950
              O     -3.075596090843   -0.324706821345    1.384270173511
              C      1.402329001300   -3.646743277346   -2.898102901494
              C      4.017594745211   -3.796146650760   -3.578274745999
              C      5.762139997572   -2.257954164753   -2.519785371145
              C      2.454739406116   -0.167756114745    0.045106419082
              C      5.028517306325   -0.415339358531   -0.689834956873
              N      1.743917040188    1.593971409951    1.754128080618
              C      3.474555635666    3.085320859281    2.761730760928
              C      6.051553546789    2.967443339915    2.166747076362
              C      6.818300931426    1.203661785227    0.424262937259
              C     -3.671152158690    2.120269994546    0.767640309660
              O     -3.501881199515    2.926704098754   -1.389257068175
              N     -4.485805969948    3.433689210820    2.789202630809
              C     -4.749383095145    2.369424517359    5.318752488357
              C     -5.467245718845    5.982026473235    2.445344915263
              H     -7.502481843043    6.024927992693    2.800531048697
              H     -5.102874246266    6.607073411296    0.527853456399
              H     -4.543925151846    7.264317743494    3.771063438591
              H     -3.568107031019    0.710404664001    5.532293437395
              H     -6.715429466582    1.859741298910    5.703090428844
              H     -4.163618530361    3.788495613737    6.693926683205
              H      0.371847646135   -6.660783742518   -5.415307891224
              H     -5.669854322381   -3.431565033208   -1.090649060780
              H     -4.172599270698   -6.542829949847   -4.290275297447
              H      4.566363437469   -5.193267237551   -4.969460356228
              H      7.737880947473   -2.389919970271   -3.038926695902
              H      2.803237411947    4.467964241546    4.120500695790
              H      7.376740177013    4.242484162587    3.059264420302
              H      8.786299159610    1.035051722942   -0.115024054786
$End
$SCF_Energy
   &GeometryIndex 63
   &ListStatus       OUT
   &SCF_ENERGY [&Type "Double"]      -8.7844052766437255e+02
$End
$DFT_Energy
   &GeometryIndex 63
   &ListStatus       OUT
   &NALPHAEL [&Type "Integer"] 70
   &NBETAEL [&Type "Integer"] 70
   &NTOTALEL [&Type "Integer"] 140
   &EEXCHANGE [&Type "Double"]      -9.3626124242531262e+01
   &ECORR [&Type "Double"]      -6.1571474881870580e+00
   &ECNL [&Type "Double"]       0.0000000000000000e+00
   &EXC [&Type "Double"]      -9.9783271730718326e+01
   &EEMBED [&Type "Double"]       0.0000000000000000e+00
   &FINALEN [&Type "Double"]      -8.7844052766437255e+02  "No Van der Waals correction"
$End
$Solvation_Details
   &GeometryIndex 63
   &ListStatus       OUT
   &SOLVENT [&Type "String"] "WATER"
   &EPSILON [&Type "Double"]       8.0150999999999996e+01
   &REFRAC [&Type "Double"]       1.3328000000000000e+00
   &RSOLV [&Type "Double"]       1.3000000000000000e+00
   &SURFACETYPE [&Type "String"] "GAUSSIAN VDW"
   &NPOINTS [&Type "Integer"] 3000
   &SURFACEAREA [&Type "Double"]       1.0804675532470001e+03
   &CPCMDIELENERGY [&Type "Double"]      -2.4182848000000000e-02
$End
$CIS_Absorption_Spectrum
   &GeometryIndex 63
   &ListStatus       OUT
   &TEMPERATURE [&Type "Double"]       2.9814999999999998e+02
   &METHOD [&Type "Integer"] 20
   &RELCORRECTION [&Type "Integer"] 1 "Type of relativistic treatment in QDPT. 0->Unknow, 1->None, 2->SOC, 3->SSC, 4->SOC/SSC"
   &DENSTYPE [&Type "Integer"] 3 "Type of density (electron/spin ...). 0->Unknow, 1->Electronic, 2->Spin, 3->Trans/Electronic, 4->Tran/Spin"
   &DERITYPE [&Type "Integer"] 0 "Type of derivative (w.r.t. to what perturbation). 0->Unknown, 1->No Derivative, 2->Electric/Dipole, 3->Electric/Quad, 4->Magnetic/Dipole, 5->Magnetic/Quad"
   &DENSLEVEL [&Type "Integer"] 0 "// Source of density: relaxed, unrelaxed, ... 0->Unknown, 1->Linearized, 2->Unrelaxed, 3->Relaxed"
   &REPRESENTATION [&Type "String"] "Length" "Possible values: Unknown,  Length, Velocity"
   &POINTGROUP [&Type "String"] "C1"
   &NTRANS [&Type "Integer"] 3
   &DOHIGHERMOMENTS [&Type "Boolean"] false
   &STATES [&Type "ArrayOfIntegers", &Dim (3,4)] "The initial and Final states. Col1: Initial State  Col2: Initial Irrep Col3: Final State Col4: Final Irrep"
                                                         0                           1                           2                           3

0                                                        0                           0                           1                           0
1                                                        0                           0                           2                           0
2                                                        0                           0                           3                           0
   &MULTIPLICITIES [&Type "ArrayOfDoubles", &Dim (3,2)] "Col1: Multiplicity of the initial state  Col2: Multiplicity of the final state"
                                                         0                           1

0                                      1.0000000000000000e+00         1.0000000000000000e+00
1                                      1.0000000000000000e+00         1.0000000000000000e+00
2                                      1.0000000000000000e+00         1.0000000000000000e+00
   &EXCITATIONENERGIES [&Type "ArrayOfDoubles", &Dim (3,11)] 
                                                         0                           1                           2                           3                           4                           5                           6                           7

0                                      3.8887281005836751e+00         3.1364710635487878e+04         3.1882965911011502e+02         2.0958428094452400e-01         2.1998496973362931e+00        -1.2173198444627957e+00         0.0000000000000000e+00        -7.3444376616224694e-01
1                                      4.2182208509087493e+00         3.4022249168173119e+04         2.9392530607161399e+02         1.9176083413242997e-01         1.8555492101215632e+00        -6.2698431969701274e-01         0.0000000000000000e+00        -9.6944043596446017e-01
2                                      4.3280748311334261e+00         3.4908281365020834e+04         2.8646497647461683e+02         3.8283063186068315e-03         3.6103873571765047e-02         5.6425667023868989e-02         0.0000000000000000e+00        -5.5340955105958926e-02
                                                         8                           9                          10

0                                      0.0000000000000000e+00        -4.2258069993645347e-01         0.0000000000000000e+00
1                                      0.0000000000000000e+00        -7.2292815278744982e-01         0.0000000000000000e+00
2                                      0.0000000000000000e+00         1.7279292913958241e-01         0.0000000000000000e+00
$End
$Geometry
   &GeometryIndex 64
   &ListStatus       OUT
   &NATOMS [&Type "Integer"] 34
   &NCORELESSECP [&Type "Integer"] 0
   &NGHOSTATOMS [&Type "Integer"] 0
   &CartesianCoordinates [&Type "Coordinates", &Dim(34,4), &Units "Bohr"] 
              C     -3.697738076891   -3.506839969919   -1.625593694167
              C     -2.847234164997   -5.253951329522   -3.415923355424
              C     -0.327771408352   -5.316574378812   -4.040533865498
              C     -2.042467720671   -1.846674997847   -0.494303598871
              C      0.574262935328   -1.838304801853   -1.074394539384
              O     -3.075619626536   -0.324638036891    1.384348218015
              C      1.402491618261   -3.646694037669   -2.898092857789
              C      4.017577620157   -3.796105263042   -3.578232477772
              C      5.761937824622   -2.257921040132   -2.519714451153
              C      2.454736266309   -0.167544336519    0.045296429717
              C      5.028902235209   -0.415490402226   -0.690050160507
              N      1.743697985173    1.593742292828    1.753965182642
              C      3.474850629646    3.085451101172    2.761792891979
              C      6.051474834869    2.967647430794    2.166946328355
              C      6.818195818487    1.203412730310    0.424057676620
              C     -3.671185414940    2.120344003702    0.767675497864
              O     -3.501862514289    2.926705713293   -1.389344743497
              N     -4.485776220785    3.433416380475    2.789476630383
              C     -4.749364573651    2.369530443987    5.318617199989
              C     -5.467271985800    5.982153468288    2.445215640266
              H     -7.502433640135    6.024832630398    2.800791881036
              H     -5.103010227230    6.607486371525    0.527807217942
              H     -4.543964697368    7.264098406674    3.771267324561
              H     -3.568159248090    0.710448822410    5.532061462823
              H     -6.715386043728    1.859672182091    5.702928105408
              H     -4.163616352999    3.788424403260    6.693988626244
              H      0.371256936824   -6.661035731428   -5.415407532594
              H     -5.669561265795   -3.430905609913   -1.090111212637
              H     -4.172919576489   -6.542665688671   -4.290050684482
              H      4.565923506691   -5.193340836840   -4.969440041747
              H      7.737923615776   -2.388975511295   -3.038073149064
              H      2.803338470540    4.468016614472    4.120517809155
              H      7.376689157975    4.242689615273    3.059459484778
              H      8.786373734483    1.035319247641   -0.114789315094
$End
$SCF_Energy
   &GeometryIndex 64
   &ListStatus       OUT
   &SCF_ENERGY [&Type "Double"]      -8.7844052765242884e+02
$End
$DFT_Energy
   &GeometryIndex 64
   &ListStatus       OUT
   &NALPHAEL [&Type "Integer"] 70
   &NBETAEL [&Type "Integer"] 70
   &NTOTALEL [&Type "Integer"] 140
   &EEXCHANGE [&Type "Double"]      -9.3626174859850948e+01
   &ECORR [&Type "Double"]      -6.1571477822530385e+00
   &ECNL [&Type "Double"]       0.0000000000000000e+00
   &EXC [&Type "Double"]      -9.9783322642103983e+01
   &EEMBED [&Type "Double"]       0.0000000000000000e+00
   &FINALEN [&Type "Double"]      -8.7844052765242884e+02  "No Van der Waals correction"
$End
$Solvation_Details
   &GeometryIndex 64
   &ListStatus       OUT
   &SOLVENT [&Type "String"] "WATER"
   &EPSILON [&Type "Double"]       8.0150999999999996e+01
   &REFRAC [&Type "Double"]       1.3328000000000000e+00
   &RSOLV [&Type "Double"]       1.3000000000000000e+00
   &SURFACETYPE [&Type "String"] "GAUSSIAN VDW"
   &NPOINTS [&Type "Integer"] 2999
   &SURFACEAREA [&Type "Double"]       1.0804655142649999e+03
   &CPCMDIELENERGY [&Type "Double"]      -2.4194190000000001e-02
$End
$CIS_Absorption_Spectrum
   &GeometryIndex 64
   &ListStatus       OUT
   &TEMPERATURE [&Type "Double"]       2.9814999999999998e+02
   &METHOD [&Type "Integer"] 20
   &RELCORRECTION [&Type "Integer"] 1 "Type of relativistic treatment in QDPT. 0->Unknow, 1->None, 2->SOC, 3->SSC, 4->SOC/SSC"
   &DENSTYPE [&Type "Integer"] 3 "Type of density (electron/spin ...). 0->Unknow, 1->Electronic, 2->Spin, 3->Trans/Electronic, 4->Tran/Spin"
   &DERITYPE [&Type "Integer"] 0 "Type of derivative (w.r.t. to what perturbation). 0->Unknown, 1->No Derivative, 2->Electric/Dipole, 3->Electric/Quad, 4->Magnetic/Dipole, 5->Magnetic/Quad"
   &DENSLEVEL [&Type "Integer"] 0 "// Source of density: relaxed, unrelaxed, ... 0->Unknown, 1->Linearized, 2->Unrelaxed, 3->Relaxed"
   &REPRESENTATION [&Type "String"] "Length" "Possible values: Unknown,  Length, Velocity"
   &POINTGROUP [&Type "String"] "C1"
   &NTRANS [&Type "Integer"] 3
   &DOHIGHERMOMENTS [&Type "Boolean"] false
   &STATES [&Type "ArrayOfIntegers", &Dim (3,4)] "The initial and Final states. Col1: Initial State  Col2: Initial Irrep Col3: Final State Col4: Final Irrep"
                                                         0                           1                           2                           3

0                                                        0                           0                           1                           0
1                                                        0                           0                           2                           0
2                                                        0                           0                           3                           0
   &MULTIPLICITIES [&Type "ArrayOfDoubles", &Dim (3,2)] "Col1: Multiplicity of the initial state  Col2: Multiplicity of the final state"
                                                         0                           1

0                                      1.0000000000000000e+00         1.0000000000000000e+00
1                                      1.0000000000000000e+00         1.0000000000000000e+00
2                                      1.0000000000000000e+00         1.0000000000000000e+00
   &EXCITATIONENERGIES [&Type "ArrayOfDoubles", &Dim (3,11)] 
                                                         0                           1                           2                           3                           4                           5                           6                           7

0                                      3.8884538648927145e+00         3.1362498775241951e+04         3.1885214477534413e+02         2.1018827931425832e-01         2.2063450101256548e+00        -1.2182277940094275e+00         0.0000000000000000e+00        -7.3646838350404142e-01
1                                      4.2176648921593785e+00         3.4017765057983808e+04         2.9396405034119215e+02         1.9243797523393019e-01         1.8623469355797391e+00        -6.2963341598230105e-01         0.0000000000000000e+00        -9.7081064626395086e-01
2                                      4.3254485776840657e+00         3.4887099200219374e+04         2.8663890748294483e+02         3.8689880474273210e-03         3.6509687459374995e-02         5.8397658916784230e-02         0.0000000000000000e+00        -5.3521649629674949e-02
                                                         8                           9                          10

0                                      0.0000000000000000e+00        -4.2412306248012810e-01         0.0000000000000000e+00
1                                      0.0000000000000000e+00        -7.2348834555835650e-01         0.0000000000000000e+00
2                                      0.0000000000000000e+00         1.7388166640946434e-01         0.0000000000000000e+00
$End
$Geometry
   &GeometryIndex 65
   &ListStatus       OUT
   &NATOMS [&Type "Integer"] 34
   &NCORELESSECP [&Type "Integer"] 0
   &NGHOSTATOMS [&Type "Integer"] 0
   &CartesianCoordinates [&Type "Coordinates", &Dim(34,4), &Units "Bohr"] 
              C     -3.697872093973   -3.506899949051   -1.625619401267
              C     -2.847217459861   -5.253890066317   -3.415871175327
              C     -0.327759172348   -5.316654568781   -4.040609156795
              C     -2.042203544304   -1.846729522440   -0.494415125194
              C      0.574328769501   -1.838028136131   -1.074157218399
              O     -3.075644576771   -0.324604700769    1.384391427890
              C      1.402321960216   -3.646613728960   -2.897983960892
              C      4.017652034827   -3.796208418446   -3.578342630407
              C      5.762053569849   -2.257908805923   -2.519726414942
              C      2.454659000106   -0.167986622361    0.044915032116
              C      5.028686408535   -0.415299533636   -0.689832945473
              N      1.743720082100    1.593757222554    1.753974905307
              C      3.474688377466    3.085536223506    2.761898127980
              C      6.051460379825    2.967497944435    2.166813989112
              C      6.818293715834    1.203644520081    0.424248408952
              C     -3.671186982929    2.120334295068    0.767697164965
              O     -3.501858866196    2.926714691754   -1.389381543597
              N     -4.485796281108    3.433424469259    2.789543146023
              C     -4.749347242103    2.369517824721    5.318582300697
              C     -5.467258493553    5.982148574462    2.445178651738
              H     -7.502399449961    6.024809220496    2.800895042846
              H     -5.103056980312    6.607596486921    0.527799471123
              H     -4.544017601102    7.264032222234    3.771340903569
              H     -3.568170657503    0.710432894175    5.532141981840
              H     -6.715390119477    1.859753611536    5.702938702951
              H     -4.163675973493    3.788453787019    6.693949775707
              H      0.371097526507   -6.661183129710   -5.415508215022
              H     -5.669749261924   -3.431177980592   -1.090302793101
              H     -4.172768625967   -6.542676531855   -4.290096343912
              H      4.566349921666   -5.193350898744   -4.969535869190
              H      7.737814311896   -2.389803315238   -3.038807959390
              H      2.804916050303    4.468748633889    4.120882043364
              H      7.376781869624    4.242471107467    3.059244460463
              H      8.786191496665    1.034712219734   -0.115307052693
$End
$SCF_Energy
   &GeometryIndex 65
   &ListStatus       OUT
   &SCF_ENERGY [&Type "Double"]      -8.7844052762423939e+02
$End
$DFT_Energy
   &GeometryIndex 65
   &ListStatus       OUT
   &NALPHAEL [&Type "Integer"] 70
   &NBETAEL [&Type "Integer"] 70
   &NTOTALEL [&Type "Integer"] 140
   &EEXCHANGE [&Type "Double"]      -9.3626009883610294e+01
   &ECORR [&Type "Double"]      -6.1571375585760038e+00
   &ECNL [&Type "Double"]       0.0000000000000000e+00
   &EXC [&Type "Double"]      -9.9783147442186305e+01
   &EEMBED [&Type "Double"]       0.0000000000000000e+00
   &FINALEN [&Type "Double"]      -8.7844052762423939e+02  "No Van der Waals correction"
$End
$Solvation_Details
   &GeometryIndex 65
   &ListStatus       OUT
   &SOLVENT [&Type "String"] "WATER"
   &EPSILON [&Type "Double"]       8.0150999999999996e+01
   &REFRAC [&Type "Double"]       1.3328000000000000e+00
   &RSOLV [&Type "Double"]       1.3000000000000000e+00
   &SURFACETYPE [&Type "String"] "GAUSSIAN VDW"
   &NPOINTS [&Type "Integer"] 2999
   &SURFACEAREA [&Type "Double"]       1.0804779703070001e+03
   &CPCMDIELENERGY [&Type "Double"]      -2.4189484000000001e-02
$End
$CIS_Absorption_Spectrum
   &GeometryIndex 65
   &ListStatus       OUT
   &TEMPERATURE [&Type "Double"]       2.9814999999999998e+02
   &METHOD [&Type "Integer"] 20
   &RELCORRECTION [&Type "Integer"] 1 "Type of relativistic treatment in QDPT. 0->Unknow, 1->None, 2->SOC, 3->SSC, 4->SOC/SSC"
   &DENSTYPE [&Type "Integer"] 3 "Type of density (electron/spin ...). 0->Unknow, 1->Electronic, 2->Spin, 3->Trans/Electronic, 4->Tran/Spin"
   &DERITYPE [&Type "Integer"] 0 "Type of derivative (w.r.t. to what perturbation). 0->Unknown, 1->No Derivative, 2->Electric/Dipole, 3->Electric/Quad, 4->Magnetic/Dipole, 5->Magnetic/Quad"
   &DENSLEVEL [&Type "Integer"] 0 "// Source of density: relaxed, unrelaxed, ... 0->Unknown, 1->Linearized, 2->Unrelaxed, 3->Relaxed"
   &REPRESENTATION [&Type "String"] "Length" "Possible values: Unknown,  Length, Velocity"
   &POINTGROUP [&Type "String"] "C1"
   &NTRANS [&Type "Integer"] 3
   &DOHIGHERMOMENTS [&Type "Boolean"] false
   &STATES [&Type "ArrayOfIntegers", &Dim (3,4)] "The initial and Final states. Col1: Initial State  Col2: Initial Irrep Col3: Final State Col4: Final Irrep"
                                                         0                           1                           2                           3

0                                                        0                           0                           1                           0
1                                                        0                           0                           2                           0
2                                                        0                           0                           3                           0
   &MULTIPLICITIES [&Type "ArrayOfDoubles", &Dim (3,2)] "Col1: Multiplicity of the initial state  Col2: Multiplicity of the final state"
                                                         0                           1

0                                      1.0000000000000000e+00         1.0000000000000000e+00
1                                      1.0000000000000000e+00         1.0000000000000000e+00
2                                      1.0000000000000000e+00         1.0000000000000000e+00
   &EXCITATIONENERGIES [&Type "ArrayOfDoubles", &Dim (3,11)] 
                                                         0                           1                           2                           3                           4                           5                           6                           7

0                                      3.8881484754219784e+00         3.1360035642790157e+04         3.1887718859461995e+02         2.0946557317939549e-01         2.1989314670911662e+00        -1.2178240977230281e+00         0.0000000000000000e+00        -7.3353162021440921e-01
1                                      4.2176034473051924e+00         3.4017269471760825e+04         2.9396833300513498e+02         1.9222256356992365e-01         1.8602893589157179e+00        -6.2824186584898323e-01         0.0000000000000000e+00        -9.7055217175477038e-01
2                                      4.3263325443260205e+00         3.4894228872754771e+04         2.8658034073387842e+02         3.8457610677981140e-03         3.6283091212403751e-02         5.7124112545523568e-02         0.0000000000000000e+00        -5.4781347670281005e-02
                                                         8                           9                          10

0                                      0.0000000000000000e+00        -4.2162459160001869e-01         0.0000000000000000e+00
1                                      0.0000000000000000e+00        -7.2362282911224185e-01         0.0000000000000000e+00
2                                      0.0000000000000000e+00         1.7325972101362136e-01         0.0000000000000000e+00
$End
$Geometry
   &GeometryIndex 66
   &ListStatus       OUT
   &NATOMS [&Type "Integer"] 34
   &NCORELESSECP [&Type "Integer"] 0
   &NGHOSTATOMS [&Type "Integer"] 0
   &CartesianCoordinates [&Type "Coordinates", &Dim(34,4), &Units "Bohr"] 
              C     -3.697788119615   -3.507034523062   -1.625758860177
              C     -2.847378254962   -5.253866242979   -3.415812985160
              C     -0.327541632370   -5.316475088372   -4.040493791423
              C     -2.042300122440   -1.846652616803   -0.494325494938
              C      0.574003367327   -1.838142649755   -1.074192180926
              O     -3.075624552894   -0.324617992388    1.384368389374
              C      1.402497812107   -3.646924170710   -2.898302765230
              C      4.017570911692   -3.796100190933   -3.578226723103
              C      5.762044175566   -2.257924085176   -2.519738954407
              C      2.455056052986   -0.167768067824    0.045032120776
              C      5.028619266275   -0.415392193562   -0.689903122474
              N      1.743832497063    1.594027296463    1.754194860098
              C      3.474504133970    3.085281356326    2.761705105892
              C      6.051603264843    2.967447754573    2.166741444965
              C      6.818218294575    1.203686629433    0.424301715227
              C     -3.671185911263    2.120347185819    0.767682193823
              O     -3.501861817999    2.926706037039   -1.389352054288
              N     -4.485774548101    3.433403247864    2.789490207371
              C     -4.749362748504    2.369532637186    5.318609840400
              C     -5.467271978369    5.982159084419    2.445207318939
              H     -7.502429366427    6.024821937858    2.800807891218
              H     -5.103021297786    6.607513307254    0.527804307474
              H     -4.543966647178    7.264082184499    3.771281232710
              H     -3.568165055393    0.710447041040    5.532063093271
              H     -6.715384425113    1.859671529867    5.702920686092
              H     -4.163615424604    3.788427329148    6.693981420792
              H      0.371183098838   -6.661051329369   -5.415413674313
              H     -5.669460290860   -3.430533591683   -1.089791960642
              H     -4.172997623827   -6.542613688980   -4.289988696151
              H      4.565577014944   -5.193449821027   -4.969467295039
              H      7.737861493865   -2.389582583195   -3.038613475338
              H      2.803578291478    4.468070216249    4.120529574985
              H      7.376650784620    4.242564788505    3.059354976231
              H      8.786104567870    1.034739816030   -0.115268879654
$End
$SCF_Energy
   &GeometryIndex 66
   &ListStatus       OUT
   &SCF_ENERGY [&Type "Double"]      -8.7844052763452248e+02
$End
$DFT_Energy
   &GeometryIndex 66
   &ListStatus       OUT
   &NALPHAEL [&Type "Integer"] 70
   &NBETAEL [&Type "Integer"] 70
   &NTOTALEL [&Type "Integer"] 140
   &EEXCHANGE [&Type "Double"]      -9.3626130526546831e+01
   &ECORR [&Type "Double"]      -6.1571485546472404e+00
   &ECNL [&Type "Double"]       0.0000000000000000e+00
   &EXC [&Type "Double"]      -9.9783279081194067e+01
   &EEMBED [&Type "Double"]       0.0000000000000000e+00
   &FINALEN [&Type "Double"]      -8.7844052763452248e+02  "No Van der Waals correction"
$End
$Solvation_Details
   &GeometryIndex 66
   &ListStatus       OUT
   &SOLVENT [&Type "String"] "WATER"
   &EPSILON [&Type "Double"]       8.0150999999999996e+01
   &REFRAC [&Type "Double"]       1.3328000000000000e+00
   &RSOLV [&Type "Double"]       1.3000000000000000e+00
   &SURFACETYPE [&Type "String"] "GAUSSIAN VDW"
   &NPOINTS [&Type "Integer"] 2999
   &SURFACEAREA [&Type "Double"]       1.0804626247560000e+03
   &CPCMDIELENERGY [&Type "Double"]      -2.4192058999999998e-02
$End
$CIS_Absorption_Spectrum
   &GeometryIndex 66
   &ListStatus       OUT
   &TEMPERATURE [&Type "Double"]       2.9814999999999998e+02
   &METHOD [&Type "Integer"] 20
   &RELCORRECTION [&Type "Integer"] 1 "Type of relativistic treatment in QDPT. 0->Unknow, 1->None, 2->SOC, 3->SSC, 4->SOC/SSC"
   &DENSTYPE [&Type "Integer"] 3 "Type of density (electron/spin ...). 0->Unknow, 1->Electronic, 2->Spin, 3->Trans/Electronic, 4->Tran/Spin"
   &DERITYPE [&Type "Integer"] 0 "Type of derivative (w.r.t. to what perturbation). 0->Unknown, 1->No Derivative, 2->Electric/Dipole, 3->Electric/Quad, 4->Magnetic/Dipole, 5->Magnetic/Quad"
   &DENSLEVEL [&Type "Integer"] 0 "// Source of density: relaxed, unrelaxed, ... 0->Unknown, 1->Linearized, 2->Unrelaxed, 3->Relaxed"
   &REPRESENTATION [&Type "String"] "Length" "Possible values: Unknown,  Length, Velocity"
   &POINTGROUP [&Type "String"] "C1"
   &NTRANS [&Type "Integer"] 3
   &DOHIGHERMOMENTS [&Type "Boolean"] false
   &STATES [&Type "ArrayOfIntegers", &Dim (3,4)] "The initial and Final states. Col1: Initial State  Col2: Initial Irrep Col3: Final State Col4: Final Irrep"
                                                         0                           1                           2                           3

0                                                        0                           0                           1                           0
1                                                        0                           0                           2                           0
2                                                        0                           0                           3                           0
   &MULTIPLICITIES [&Type "ArrayOfDoubles", &Dim (3,2)] "Col1: Multiplicity of the initial state  Col2: Multiplicity of the final state"
                                                         0                           1

0                                      1.0000000000000000e+00         1.0000000000000000e+00
1                                      1.0000000000000000e+00         1.0000000000000000e+00
2                                      1.0000000000000000e+00         1.0000000000000000e+00
   &EXCITATIONENERGIES [&Type "ArrayOfDoubles", &Dim (3,11)] 
                                                         0                           1                           2                           3                           4                           5                           6                           7

0                                      3.8887293057775270e+00         3.1364720356032863e+04         3.1882956029852005e+02         2.0948842242200216e-01         2.1988428605394343e+00        -1.2161343862139686e+00         0.0000000000000000e+00        -7.3521190255667723e-01
1                                      4.2178067444784499e+00         3.4018909174215536e+04         2.9395416380897507e+02         1.9249918692907647e-01         1.8628766668503767e+00        -6.2772232668593675e-01         0.0000000000000000e+00        -9.7147136990284966e-01
2                                      4.3276557279951273e+00         3.4904901069891122e+04         2.8649271860065443e+02         3.8277847913756598e-03         3.6102451099685545e-02         5.6524799648652500e-02         0.0000000000000000e+00        -5.5365898780182173e-02
                                                         8                           9                          10

0                                      0.0000000000000000e+00        -4.2346602407560313e-01         0.0000000000000000e+00
1                                      0.0000000000000000e+00        -7.2462730067908121e-01         0.0000000000000000e+00
2                                      0.0000000000000000e+00         1.7274841642292371e-01         0.0000000000000000e+00
$End
$Geometry
   &GeometryIndex 67
   &ListStatus       OUT
   &NATOMS [&Type "Integer"] 34
   &NCORELESSECP [&Type "Integer"] 0
   &NGHOSTATOMS [&Type "Integer"] 0
   &CartesianCoordinates [&Type "Coordinates", &Dim(34,4), &Units "Bohr"] 
              C     -3.697775635006   -3.506896270984   -1.625636914969
              C     -2.847171318763   -5.253929396696   -3.415918135562
              C     -0.327721598998   -5.316602278114   -4.040570104509
              C     -2.042441418738   -1.846729119001   -0.494354593256
              C      0.574281002137   -1.838373343860   -1.074461732460
              O     -3.075631404540   -0.324615325829    1.384375680769
              C      1.402255122558   -3.646519687823   -2.897883870478
              C      4.017760033524   -3.796086787847   -3.578253106227
              C      5.762019467338   -2.258075520387   -2.519872566980
              C      2.455095118247   -0.167678617642    0.045105006617
              C      5.028330317649   -0.415334554486   -0.689793849767
              N      1.743764923588    1.593848020223    1.754047469199
              C      3.474588561141    3.085403883969    2.761799106580
              C      6.051613693029    2.967483622565    2.166772015182
              C      6.818295176682    1.203599024325    0.424207442181
              C     -3.671242108386    2.120494442387    0.767705334768
              O     -3.501862608107    2.926673892122   -1.389291326834
              N     -4.485688477631    3.433265539905    2.789348506334
              C     -4.749409083294    2.369572166192    5.318719047043
              C     -5.467326175374    5.982239282941    2.445266720482
              H     -7.502523661809    6.024635762419    2.800547439218
              H     -5.102912259982    6.607291282713    0.527788767911
              H     -4.543660580408    7.264070642127    3.771150481880
              H     -3.568167805432    0.710451171907    5.531660516623
              H     -6.715404022657    1.859381258754    5.702619365389
              H     -4.163329920727    3.788541997426    6.693840402947
              H      0.370760416602   -6.661272594778   -5.415512753328
              H     -5.669511949523   -3.430638346483   -1.089872227848
              H     -4.173064703663   -6.542530701754   -4.289894514567
              H      4.566468550647   -5.193213656778   -4.969434182602
              H      7.737828164739   -2.389756629773   -3.038765231807
              H      2.803933000818    4.468293332714    4.120659869577
              H      7.376577705531    4.242662258128    3.059454973730
              H      8.786423159317    1.035392734652   -0.114739652581
$End
$SCF_Energy
   &GeometryIndex 67
   &ListStatus       OUT
   &SCF_ENERGY [&Type "Double"]      -8.7844052767159076e+02
$End
$DFT_Energy
   &GeometryIndex 67
   &ListStatus       OUT
   &NALPHAEL [&Type "Integer"] 70
   &NBETAEL [&Type "Integer"] 70
   &NTOTALEL [&Type "Integer"] 140
   &EEXCHANGE [&Type "Double"]      -9.3626193298280867e+01
   &ECORR [&Type "Double"]      -6.1571471899606491e+00
   &ECNL [&Type "Double"]       0.0000000000000000e+00
   &EXC [&Type "Double"]      -9.9783340488241521e+01
   &EEMBED [&Type "Double"]       0.0000000000000000e+00
   &FINALEN [&Type "Double"]      -8.7844052767159076e+02  "No Van der Waals correction"
$End
$Solvation_Details
   &GeometryIndex 67
   &ListStatus       OUT
   &SOLVENT [&Type "String"] "WATER"
   &EPSILON [&Type "Double"]       8.0150999999999996e+01
   &REFRAC [&Type "Double"]       1.3328000000000000e+00
   &RSOLV [&Type "Double"]       1.3000000000000000e+00
   &SURFACETYPE [&Type "String"] "GAUSSIAN VDW"
   &NPOINTS [&Type "Integer"] 3000
   &SURFACEAREA [&Type "Double"]       1.0804709584310001e+03
   &CPCMDIELENERGY [&Type "Double"]      -2.4190198999999999e-02
$End
$CIS_Absorption_Spectrum
   &GeometryIndex 67
   &ListStatus       OUT
   &TEMPERATURE [&Type "Double"]       2.9814999999999998e+02
   &METHOD [&Type "Integer"] 20
   &RELCORRECTION [&Type "Integer"] 1 "Type of relativistic treatment in QDPT. 0->Unknow, 1->None, 2->SOC, 3->SSC, 4->SOC/SSC"
   &DENSTYPE [&Type "Integer"] 3 "Type of density (electron/spin ...). 0->Unknow, 1->Electronic, 2->Spin, 3->Trans/Electronic, 4->Tran/Spin"
   &DERITYPE [&Type "Integer"] 0 "Type of derivative (w.r.t. to what perturbation). 0->Unknown, 1->No Derivative, 2->Electric/Dipole, 3->Electric/Quad, 4->Magnetic/Dipole, 5->Magnetic/Quad"
   &DENSLEVEL [&Type "Integer"] 0 "// Source of density: relaxed, unrelaxed, ... 0->Unknown, 1->Linearized, 2->Unrelaxed, 3->Relaxed"
   &REPRESENTATION [&Type "String"] "Length" "Possible values: Unknown,  Length, Velocity"
   &POINTGROUP [&Type "String"] "C1"
   &NTRANS [&Type "Integer"] 3
   &DOHIGHERMOMENTS [&Type "Boolean"] false
   &STATES [&Type "ArrayOfIntegers", &Dim (3,4)] "The initial and Final states. Col1: Initial State  Col2: Initial Irrep Col3: Final State Col4: Final Irrep"
                                                         0                           1                           2                           3

0                                                        0                           0                           1                           0
1                                                        0                           0                           2                           0
2                                                        0                           0                           3                           0
   &MULTIPLICITIES [&Type "ArrayOfDoubles", &Dim (3,2)] "Col1: Multiplicity of the initial state  Col2: Multiplicity of the final state"
                                                         0                           1

0                                      1.0000000000000000e+00         1.0000000000000000e+00
1                                      1.0000000000000000e+00         1.0000000000000000e+00
2                                      1.0000000000000000e+00         1.0000000000000000e+00
   &EXCITATIONENERGIES [&Type "ArrayOfDoubles", &Dim (3,11)] 
                                                         0                           1                           2                           3                           4                           5                           6                           7

0                                      3.8898649812622170e+00         3.1373880197511047e+04         3.1873647559836473e+02         2.0978610344975959e-01         2.2013245140109357e+00        -1.2175137846806843e+00         0.0000000000000000e+00        -7.3493743221407581e-01
1                                      4.2191697261396373e+00         3.4029902363839210e+04         2.9385920338772939e+02         1.9213535897308190e-01         1.8587551308928290e+00        -6.2736231930545927e-01         0.0000000000000000e+00        -9.7038423286384523e-01
2                                      4.3274210993279496e+00         3.4903008661869157e+04         2.8650825196410079e+02         3.8626923121072797e-03         3.6433663046094758e-02         5.7662925480740999e-02         0.0000000000000000e+00        -5.4132515627617075e-02
                                                         8                           9                          10

0                                      0.0000000000000000e+00        -4.2290858214752819e-01         0.0000000000000000e+00
1                                      0.0000000000000000e+00        -7.2355102917330616e-01         0.0000000000000000e+00
2                                      0.0000000000000000e+00         1.7371908594890506e-01         0.0000000000000000e+00
$End
$Geometry
   &GeometryIndex 68
   &ListStatus       OUT
   &NATOMS [&Type "Integer"] 34
   &NCORELESSECP [&Type "Integer"] 0
   &NGHOSTATOMS [&Type "Integer"] 0
   &CartesianCoordinates [&Type "Coordinates", &Dim(34,4), &Units "Bohr"] 
              C     -3.697732375800   -3.506893364367   -1.625645742971
              C     -2.847086388403   -5.253874464398   -3.415887322001
              C     -0.327885242310   -5.316582851500   -4.040515637083
              C     -2.042560158266   -1.846853454598   -0.494435311692
              C      0.574424841788   -1.838110680642   -1.074253909807
              O     -3.075624370089   -0.324593810310    1.384392323852
              C      1.402356212012   -3.646756870316   -2.898121818842
              C      4.017478337720   -3.796228298796   -3.578325631390
              C      5.762118446394   -2.257867753108   -2.519701717125
              C      2.454669168457   -0.167821100566    0.045061965861
              C      5.028843995134   -0.415360276324   -0.689918850470
              N      1.743866992072    1.593970860760    1.754137540414
              C      3.474611218606    3.085331884912    2.761730314200
              C      6.051473294160    2.967481583615    2.166796896941
              C      6.818220854705    1.203663826616    0.424280074022
              C     -3.671266556039    2.120560701974    0.767723008273
              O     -3.501861792059    2.926660056601   -1.389267989258
              N     -4.485650644431    3.433202703524    2.789288928467
              C     -4.749429362941    2.369587141534    5.318772690078
              C     -5.467352540847    5.982279338862    2.445290400268
              H     -7.502566199917    6.024525314312    2.800438442658
              H     -5.102853928882    6.607187795124    0.527778470436
              H     -4.543505456649    7.264044025103    3.771099477529
              H     -3.568169146795    0.710447412096    5.531458206126
              H     -6.715419658276    1.859249307505    5.702450071716
              H     -4.163188687644    3.788622609032    6.693742110516
              H      0.371709170200   -6.660812339733   -5.415303484416
              H     -5.669418728989   -3.430504580499   -1.089768812059
              H     -4.172958437008   -6.542468097491   -4.289859701070
              H      4.566512472263   -5.193270272490   -4.969494176084
              H      7.737972522470   -2.389471501640   -3.038537110136
              H      2.803570533306    4.468075511813    4.120534397568
              H      7.376825044931    4.242425474092    3.059195235094
              H      8.786024303756    1.034438972642   -0.115521839594
$End
$SCF_Energy
   &GeometryIndex 68
   &ListStatus       OUT
   &SCF_ENERGY [&Type "Double"]      -8.7844052765497247e+02
$End
$DFT_Energy
   &GeometryIndex 68
   &ListStatus       OUT
   &NALPHAEL [&Type "Integer"] 70
   &NBETAEL [&Type "Integer"] 70
   &NTOTALEL [&Type "Integer"] 140
   &EEXCHANGE [&Type "Double"]      -9.3626233231538833e+01
   &ECORR [&Type "Double"]      -6.1571536760695418e+00
   &ECNL [&Type "Double"]       0.0000000000000000e+00
   &EXC [&Type "Double"]      -9.9783386907608374e+01
   &EEMBED [&Type "Double"]       0.0000000000000000e+00
   &FINALEN [&Type "Double"]      -8.7844052765497247e+02  "No Van der Waals correction"
$End
$Solvation_Details
   &GeometryIndex 68
   &ListStatus       OUT
   &SOLVENT [&Type "String"] "WATER"
   &EPSILON [&Type "Double"]       8.0150999999999996e+01
   &REFRAC [&Type "Double"]       1.3328000000000000e+00
   &RSOLV [&Type "Double"]       1.3000000000000000e+00
   &SURFACETYPE [&Type "String"] "GAUSSIAN VDW"
   &NPOINTS [&Type "Integer"] 2999
   &SURFACEAREA [&Type "Double"]       1.0804593675660001e+03
   &CPCMDIELENERGY [&Type "Double"]      -2.4199576000000000e-02
$End
$CIS_Absorption_Spectrum
   &GeometryIndex 68
   &ListStatus       OUT
   &TEMPERATURE [&Type "Double"]       2.9814999999999998e+02
   &METHOD [&Type "Integer"] 20
   &RELCORRECTION [&Type "Integer"] 1 "Type of relativistic treatment in QDPT. 0->Unknow, 1->None, 2->SOC, 3->SSC, 4->SOC/SSC"
   &DENSTYPE [&Type "Integer"] 3 "Type of density (electron/spin ...). 0->Unknow, 1->Electronic, 2->Spin, 3->Trans/Electronic, 4->Tran/Spin"
   &DERITYPE [&Type "Integer"] 0 "Type of derivative (w.r.t. to what perturbation). 0->Unknown, 1->No Derivative, 2->Electric/Dipole, 3->Electric/Quad, 4->Magnetic/Dipole, 5->Magnetic/Quad"
   &DENSLEVEL [&Type "Integer"] 0 "// Source of density: relaxed, unrelaxed, ... 0->Unknown, 1->Linearized, 2->Unrelaxed, 3->Relaxed"
   &REPRESENTATION [&Type "String"] "Length" "Possible values: Unknown,  Length, Velocity"
   &POINTGROUP [&Type "String"] "C1"
   &NTRANS [&Type "Integer"] 3
   &DOHIGHERMOMENTS [&Type "Boolean"] false
   &STATES [&Type "ArrayOfIntegers", &Dim (3,4)] "The initial and Final states. Col1: Initial State  Col2: Initial Irrep Col3: Final State Col4: Final Irrep"
                                                         0                           1                           2                           3

0                                                        0                           0                           1                           0
1                                                        0                           0                           2                           0
2                                                        0                           0                           3                           0
   &MULTIPLICITIES [&Type "ArrayOfDoubles", &Dim (3,2)] "Col1: Multiplicity of the initial state  Col2: Multiplicity of the final state"
                                                         0                           1

0                                      1.0000000000000000e+00         1.0000000000000000e+00
1                                      1.0000000000000000e+00         1.0000000000000000e+00
2                                      1.0000000000000000e+00         1.0000000000000000e+00
   &EXCITATIONENERGIES [&Type "ArrayOfDoubles", &Dim (3,11)] 
                                                         0                           1                           2                           3                           4                           5                           6                           7

0                                      3.8883526018555044e+00         3.1361682033680700e+04         3.1886044853272080e+02         2.0953506513024001e-01         2.1995455055755824e+00        -1.2168961106015768e+00         0.0000000000000000e+00        -7.3475993431604036e-01
1                                      4.2178665223849832e+00         3.4019391315597582e+04         2.9394999773012080e+02         1.9178473996734563e-01         1.8559364296466030e+00        -6.2753470262121680e-01         0.0000000000000000e+00        -9.6944529457782258e-01
2                                      4.3259262731391850e+00         3.4890952074304209e+04         2.8660725504720750e+02         3.8484290540238188e-03         3.6311672413483626e-02         5.7416801356486274e-02         0.0000000000000000e+00        -5.4441197372871043e-02
                                                         8                           9                          10

0                                      0.0000000000000000e+00        -4.2289147603401239e-01         0.0000000000000000e+00
1                                      0.0000000000000000e+00        -7.2271187030076023e-01         0.0000000000000000e+00
2                                      0.0000000000000000e+00         1.7335264452578023e-01         0.0000000000000000e+00
$End
$Geometry
   &GeometryIndex 69
   &ListStatus       OUT
   &NATOMS [&Type "Integer"] 34
   &NCORELESSECP [&Type "Integer"] 0
   &NGHOSTATOMS [&Type "Integer"] 0
   &CartesianCoordinates [&Type "Coordinates", &Dim(34,4), &Units "Bohr"] 
              C     -3.697730608550   -3.506838082747   -1.625595793818
              C     -2.847151301893   -5.253915692423   -3.415909830789
              C     -0.327828572630   -5.316598841479   -4.040543005793
              C     -2.042498338639   -1.846780418047   -0.494385379268
              C      0.574298206671   -1.838235066880   -1.074340616839
              O     -3.075625207044   -0.324613948545    1.384364514144
              C      1.402347748842   -3.646659989727   -2.898031577106
              C      4.017624248290   -3.796164712981   -3.578296944927
              C      5.762054854900   -2.257935669362   -2.519751359983
              C      2.454874146926   -0.167753778627    0.045081592943
              C      5.028657809665   -0.415358039485   -0.689879964817
              N      1.743822038854    1.593940166944    1.754118145546
              C      3.474605015346    3.085352200083    2.761749841518
              C      6.051542047334    2.967479841129    2.166782249342
              C      6.818233444517    1.203629983671    0.424247245788
              C     -3.671184986204    2.120313933226    0.767731273497
              O     -3.501858748689    2.926721157761   -1.389390341073
              N     -4.485796924068    3.433490783209    2.789454301903
              C     -4.749351922550    2.369560908686    5.318505173994
              C     -5.467345248371    5.982395079835    2.445140753906
              H     -7.502392744823    6.023724666225    2.801362498163
              H     -5.102411352313    6.606152088480    0.527362730055
              H     -4.543543715855    7.263012740988    3.772082720115
              H     -3.568343336139    0.710428535197    5.532764228457
              H     -6.715220813960    1.859519724768    5.703483399907
              H     -4.163714768444    3.787973828949    6.694456763424
              H      0.371395155422   -6.660978958084   -5.415386354326
              H     -5.669505199991   -3.430757494456   -1.089981866783
              H     -4.172887729129   -6.542593726545   -4.289991783894
              H      4.566333342410   -5.193300030954   -4.969485521588
              H      7.737862660475   -2.389653403284   -3.038680170450
              H      2.803599388804    4.468110092498    4.120559688073
              H      7.376681888598    4.242548455535    3.059332947780
              H      8.786171916546    1.034835478969   -0.115193265455
$End
$SCF_Energy
   &GeometryIndex 69
   &ListStatus       OUT
   &SCF_ENERGY [&Type "Double"]      -8.7844052764269463e+02
$End
$DFT_Energy
   &GeometryIndex 69
   &ListStatus       OUT
   &NALPHAEL [&Type "Integer"] 70
   &NBETAEL [&Type "Integer"] 70
   &NTOTALEL [&Type "Integer"] 140
   &EEXCHANGE [&Type "Double"]      -9.3626151851628123e+01
   &ECORR [&Type "Double"]      -6.1571486721114370e+00
   &ECNL [&Type "Double"]       0.0000000000000000e+00
   &EXC [&Type "Double"]      -9.9783300523739555e+01
   &EEMBED [&Type "Double"]       0.0000000000000000e+00
   &FINALEN [&Type "Double"]      -8.7844052764269463e+02  "No Van der Waals correction"
$End
$Solvation_Details
   &GeometryIndex 69
   &ListStatus       OUT
   &SOLVENT [&Type "String"] "WATER"
   &EPSILON [&Type "Double"]       8.0150999999999996e+01
   &REFRAC [&Type "Double"]       1.3328000000000000e+00
   &RSOLV [&Type "Double"]       1.3000000000000000e+00
   &SURFACETYPE [&Type "String"] "GAUSSIAN VDW"
   &NPOINTS [&Type "Integer"] 2999
   &SURFACEAREA [&Type "Double"]       1.0804649194460001e+03
   &CPCMDIELENERGY [&Type "Double"]      -2.4190795000000001e-02
$End
$CIS_Absorption_Spectrum
   &GeometryIndex 69
   &ListStatus       OUT
   &TEMPERATURE [&Type "Double"]       2.9814999999999998e+02
   &METHOD [&Type "Integer"] 20
   &RELCORRECTION [&Type "Integer"] 1 "Type of relativistic treatment in QDPT. 0->Unknow, 1->None, 2->SOC, 3->SSC, 4->SOC/SSC"
   &DENSTYPE [&Type "Integer"] 3 "Type of density (electron/spin ...). 0->Unknow, 1->Electronic, 2->Spin, 3->Trans/Electronic, 4->Tran/Spin"
   &DERITYPE [&Type "Integer"] 0 "Type of derivative (w.r.t. to what perturbation). 0->Unknown, 1->No Derivative, 2->Electric/Dipole, 3->Electric/Quad, 4->Magnetic/Dipole, 5->Magnetic/Quad"
   &DENSLEVEL [&Type "Integer"] 0 "// Source of density: relaxed, unrelaxed, ... 0->Unknown, 1->Linearized, 2->Unrelaxed, 3->Relaxed"
   &REPRESENTATION [&Type "String"] "Length" "Possible values: Unknown,  Length, Velocity"
   &POINTGROUP [&Type "String"] "C1"
   &NTRANS [&Type "Integer"] 3
   &DOHIGHERMOMENTS [&Type "Boolean"] false
   &STATES [&Type "ArrayOfIntegers", &Dim (3,4)] "The initial and Final states. Col1: Initial State  Col2: Initial Irrep Col3: Final State Col4: Final Irrep"
                                                         0                           1                           2                           3

0                                                        0                           0                           1                           0
1                                                        0                           0                           2                           0
2                                                        0                           0                           3                           0
   &MULTIPLICITIES [&Type "ArrayOfDoubles", &Dim (3,2)] "Col1: Multiplicity of the initial state  Col2: Multiplicity of the final state"
                                                         0                           1

0                                      1.0000000000000000e+00         1.0000000000000000e+00
1                                      1.0000000000000000e+00         1.0000000000000000e+00
2                                      1.0000000000000000e+00         1.0000000000000000e+00
   &EXCITATIONENERGIES [&Type "ArrayOfDoubles", &Dim (3,11)] 
                                                         0                           1                           2                           3                           4                           5                           6                           7

0                                      3.8891383870660983e+00         3.1368019819484809e+04         3.1879602402534573e+02         2.0951254049627152e-01         2.1988646966814054e+00        -1.2168540761932425e+00         0.0000000000000000e+00        -7.3450092649238174e-01
1                                      4.2184384163675137e+00         3.4024003952123530e+04         2.9391014690896986e+02         1.9201526305342456e-01         1.8579153323629030e+00        -6.2787355208553319e-01         0.0000000000000000e+00        -9.6993778897100258e-01
2                                      4.3270793540903991e+00         3.4900252300352076e+04         2.8653087988991757e+02         3.8499939082241464e-03         3.6316757245964872e-02         5.7251049218560293e-02         0.0000000000000000e+00        -5.4500681664470356e-02
                                                         8                           9                          10

0                                      0.0000000000000000e+00        -4.2265735876135946e-01         0.0000000000000000e+00
1                                      0.0000000000000000e+00        -7.2312572937245234e-01         0.0000000000000000e+00
2                                      0.0000000000000000e+00         1.7340343222510599e-01         0.0000000000000000e+00
$End
$Geometry
   &GeometryIndex 70
   &ListStatus       OUT
   &NATOMS [&Type "Integer"] 34
   &NCORELESSECP [&Type "Integer"] 0
   &NGHOSTATOMS [&Type "Integer"] 0
   &CartesianCoordinates [&Type "Coordinates", &Dim(34,4), &Units "Bohr"] 
              C     -3.697720753447   -3.506785507659   -1.625550319189
              C     -2.847196573537   -5.253876156169   -3.415863382433
              C     -0.327886384482   -5.316680490104   -4.040604752302
              C     -2.042343124302   -1.846838133768   -0.494473986385
              C      0.574165655596   -1.838249948805   -1.074325224928
              O     -3.075646144045   -0.324592336902    1.384392579931
              C      1.402277962315   -3.646559660809   -2.897925888126
              C      4.017853466973   -3.796199963431   -3.578376247197
              C      5.761969879502   -2.257781160640   -2.519592882911
              C      2.454912858972   -0.167871134092    0.044968664341
              C      5.028798807443   -0.415351208901   -0.689901919636
              N      1.743764863224    1.594041146969    1.754218994312
              C      3.474710406405    3.085389981642    2.761764023126
              C      6.051615073674    2.967435767253    2.166728585135
              C      6.818123599632    1.203542128494    0.424189340414
              C     -3.671196325174    2.120350547527    0.767726514138
              O     -3.501859020655    2.926713056828   -1.389377107221
              N     -4.485771640934    3.433394137291    2.789500781127
              C     -4.749362625884    2.369494079357    5.318685806967
              C     -5.467282089802    5.982195221914    2.445192374836
              H     -7.502423626915    6.024703695829    2.800895756100
              H     -5.102954392979    6.607364434779    0.527746042146
              H     -4.543933127695    7.263951365459    3.771396181228
              H     -3.568053803268    0.710432542650    5.531623763769
              H     -6.715499056253    1.859814355199    5.702597725707
              H     -4.163607438203    3.788765545806    6.693651208178
              H      0.371604419311   -6.660966352257   -5.415419165373
              H     -5.669587150838   -3.431089150560   -1.090258977687
              H     -4.172531366611   -6.542772299771   -4.290237477759
              H      4.565660354371   -5.193623257787   -4.969645678976
              H      7.737564497181   -2.390196240332   -3.039117732478
              H      2.802700419171    4.467786194833    4.120438248436
              H      7.376217914918    4.242796592748    3.059646004327
              H      8.786152100493    1.035084037299   -0.114965659944
$End
$SCF_Energy
   &GeometryIndex 70
   &ListStatus       OUT
   &SCF_ENERGY [&Type "Double"]      -8.7844052762381580e+02
$End
$DFT_Energy
   &GeometryIndex 70
   &ListStatus       OUT
   &NALPHAEL [&Type "Integer"] 70
   &NBETAEL [&Type "Integer"] 70
   &NTOTALEL [&Type "Integer"] 140
   &EEXCHANGE [&Type "Double"]      -9.3626124696694745e+01
   &ECORR [&Type "Double"]      -6.1571470100534365e+00
   &ECNL [&Type "Double"]       0.0000000000000000e+00
   &EXC [&Type "Double"]      -9.9783271706748181e+01
   &EEMBED [&Type "Double"]       0.0000000000000000e+00
   &FINALEN [&Type "Double"]      -8.7844052762381580e+02  "No Van der Waals correction"
$End
$Solvation_Details
   &GeometryIndex 70
   &ListStatus       OUT
   &SOLVENT [&Type "String"] "WATER"
   &EPSILON [&Type "Double"]       8.0150999999999996e+01
   &REFRAC [&Type "Double"]       1.3328000000000000e+00
   &RSOLV [&Type "Double"]       1.3000000000000000e+00
   &SURFACETYPE [&Type "String"] "GAUSSIAN VDW"
   &NPOINTS [&Type "Integer"] 3000
   &SURFACEAREA [&Type "Double"]       1.0804644941790000e+03
   &CPCMDIELENERGY [&Type "Double"]      -2.4193033999999999e-02
$End
$CIS_Absorption_Spectrum
   &GeometryIndex 70
   &ListStatus       OUT
   &TEMPERATURE [&Type "Double"]       2.9814999999999998e+02
   &METHOD [&Type "Integer"] 20
   &RELCORRECTION [&Type "Integer"] 1 "Type of relativistic treatment in QDPT. 0->Unknow, 1->None, 2->SOC, 3->SSC, 4->SOC/SSC"
   &DENSTYPE [&Type "Integer"] 3 "Type of density (electron/spin ...). 0->Unknow, 1->Electronic, 2->Spin, 3->Trans/Electronic, 4->Tran/Spin"
   &DERITYPE [&Type "Integer"] 0 "Type of derivative (w.r.t. to what perturbation). 0->Unknown, 1->No Derivative, 2->Electric/Dipole, 3->Electric/Quad, 4->Magnetic/Dipole, 5->Magnetic/Quad"
   &DENSLEVEL [&Type "Integer"] 0 "// Source of density: relaxed, unrelaxed, ... 0->Unknown, 1->Linearized, 2->Unrelaxed, 3->Relaxed"
   &REPRESENTATION [&Type "String"] "Length" "Possible values: Unknown,  Length, Velocity"
   &POINTGROUP [&Type "String"] "C1"
   &NTRANS [&Type "Integer"] 3
   &DOHIGHERMOMENTS [&Type "Boolean"] false
   &STATES [&Type "ArrayOfIntegers", &Dim (3,4)] "The initial and Final states. Col1: Initial State  Col2: Initial Irrep Col3: Final State Col4: Final Irrep"
                                                         0                           1                           2                           3

0                                                        0                           0                           1                           0
1                                                        0                           0                           2                           0
2                                                        0                           0                           3                           0
   &MULTIPLICITIES [&Type "ArrayOfDoubles", &Dim (3,2)] "Col1: Multiplicity of the initial state  Col2: Multiplicity of the final state"
                                                         0                           1

0                                      1.0000000000000000e+00         1.0000000000000000e+00
1                                      1.0000000000000000e+00         1.0000000000000000e+00
2                                      1.0000000000000000e+00         1.0000000000000000e+00
   &EXCITATIONENERGIES [&Type "ArrayOfDoubles", &Dim (3,11)] 
                                                         0                           1                           2                           3                           4                           5                           6                           7

0                                      3.8891878178868966e+00         3.1368418505983507e+04         3.1879197218987963e+02         2.0933908871899995e-01         2.1970163709531279e+00        -1.2164984576361739e+00         0.0000000000000000e+00        -7.3402516522117178e-01
1                                      4.2184457607082031e+00         3.4024063188232256e+04         2.9390963520954938e+02         1.9213811773406395e-01         1.8591008219594385e+00        -6.2764128399122132e-01         0.0000000000000000e+00        -9.7035096845042734e-01
2                                      4.3275714583705067e+00         3.4904221389460094e+04         2.8649829739561716e+02         3.8420738322791615e-03         3.6237926435288212e-02         5.6800815657307734e-02         0.0000000000000000e+00        -5.4896360321991508e-02
                                                         8                           9                          10

0                                      0.0000000000000000e+00        -4.2232088551712560e-01         0.0000000000000000e+00
1                                      0.0000000000000000e+00        -7.2359259159875822e-01         0.0000000000000000e+00
2                                      0.0000000000000000e+00         1.7319925923441715e-01         0.0000000000000000e+00
$End
$Geometry
   &GeometryIndex 71
   &ListStatus       OUT
   &NATOMS [&Type "Integer"] 34
   &NCORELESSECP [&Type "Integer"] 0
   &NGHOSTATOMS [&Type "Integer"] 0
   &CartesianCoordinates [&Type "Coordinates", &Dim(34,4), &Units "Bohr"] 
              C     -3.697672437404   -3.506926188402   -1.625689030398
              C     -2.847079299201   -5.253825030857   -3.415843026866
              C     -0.327973620307   -5.316600763656   -4.040512450876
              C     -2.042733869324   -1.846827134372   -0.494377485756
              C      0.574452114890   -1.838088938575   -1.074240769927
              O     -3.075596245612   -0.324617690814    1.384364682269
              C      1.402325716502   -3.646841702428   -2.898192339559
              C      4.017687408797   -3.796162108554   -3.578307941600
              C      5.762123613049   -2.257808280792   -2.519648620389
              C      2.454913010443   -0.167721506553    0.045102190263
              C      5.028503664692   -0.415363131065   -0.689854008639
              N      1.743767614073    1.593795814069    1.754000380801
              C      3.474577597051    3.085446135360    2.761838920944
              C      6.051684575022    2.967484857997    2.166759391876
              C      6.818202977575    1.203520248989    0.424153963196
              C     -3.671187843709    2.120365611921    0.767668655765
              O     -3.501860304104    2.926701178869   -1.389345702681
              N     -4.485787319622    3.433415508649    2.789507928680
              C     -4.749355635222    2.369550130772    5.318554871924
              C     -5.467264858798    5.982132591107    2.445201949673
              H     -7.502425030513    6.024847560267    2.800779943658
              H     -5.103063057321    6.607670696232    0.527848637503
              H     -4.543956857499    7.264118836316    3.771214555816
              H     -3.568254857274    0.710436739482    5.532373638565
              H     -6.715315737311    1.859588520363    5.703085361612
              H     -4.163613805683    3.788256579707    6.694131422101
              H      0.372088973635   -6.660648675487   -5.415238588219
              H     -5.669292065391   -3.430300627685   -1.089620775316
              H     -4.172721063798   -6.542529764327   -4.289971937375
              H      4.565672095229   -5.193535287056   -4.969566114356
              H      7.737727111054   -2.390220495015   -3.039171338010
              H      2.803978437323    4.468362615765    4.120714345666
              H      7.376350938651    4.242834120245    3.059654701649
              H      8.786363362945    1.035438728701   -0.114685775786
$End
$SCF_Energy
   &GeometryIndex 71
   &ListStatus       OUT
   &SCF_ENERGY [&Type "Double"]      -8.7844052765912636e+02
$End
$DFT_Energy
   &GeometryIndex 71
   &ListStatus       OUT
   &NALPHAEL [&Type "Integer"] 70
   &NBETAEL [&Type "Integer"] 70
   &NTOTALEL [&Type "Integer"] 140
   &EEXCHANGE [&Type "Double"]      -9.3626185901826034e+01
   &ECORR [&Type "Double"]      -6.1571493723633246e+00
   &ECNL [&Type "Double"]       0.0000000000000000e+00
   &EXC [&Type "Double"]      -9.9783335274189355e+01
   &EEMBED [&Type "Double"]       0.0000000000000000e+00
   &FINALEN [&Type "Double"]      -8.7844052765912636e+02  "No Van der Waals correction"
$End
$Solvation_Details
   &GeometryIndex 71
   &ListStatus       OUT
   &SOLVENT [&Type "String"] "WATER"
   &EPSILON [&Type "Double"]       8.0150999999999996e+01
   &REFRAC [&Type "Double"]       1.3328000000000000e+00
   &RSOLV [&Type "Double"]       1.3000000000000000e+00
   &SURFACETYPE [&Type "String"] "GAUSSIAN VDW"
   &NPOINTS [&Type "Integer"] 3000
   &SURFACEAREA [&Type "Double"]       1.0804668439180000e+03
   &CPCMDIELENERGY [&Type "Double"]      -2.4193342999999999e-02
$End
$CIS_Absorption_Spectrum
   &GeometryIndex 71
   &ListStatus       OUT
   &TEMPERATURE [&Type "Double"]       2.9814999999999998e+02
   &METHOD [&Type "Integer"] 20
   &RELCORRECTION [&Type "Integer"] 1 "Type of relativistic treatment in QDPT. 0->Unknow, 1->None, 2->SOC, 3->SSC, 4->SOC/SSC"
   &DENSTYPE [&Type "Integer"] 3 "Type of density (electron/spin ...). 0->Unknow, 1->Electronic, 2->Spin, 3->Trans/Electronic, 4->Tran/Spin"
   &DERITYPE [&Type "Integer"] 0 "Type of derivative (w.r.t. to what perturbation). 0->Unknown, 1->No Derivative, 2->Electric/Dipole, 3->Electric/Quad, 4->Magnetic/Dipole, 5->Magnetic/Quad"
   &DENSLEVEL [&Type "Integer"] 0 "// Source of density: relaxed, unrelaxed, ... 0->Unknown, 1->Linearized, 2->Unrelaxed, 3->Relaxed"
   &REPRESENTATION [&Type "String"] "Length" "Possible values: Unknown,  Length, Velocity"
   &POINTGROUP [&Type "String"] "C1"
   &NTRANS [&Type "Integer"] 3
   &DOHIGHERMOMENTS [&Type "Boolean"] false
   &STATES [&Type "ArrayOfIntegers", &Dim (3,4)] "The initial and Final states. Col1: Initial State  Col2: Initial Irrep Col3: Final State Col4: Final Irrep"
                                                         0                           1                           2                           3

0                                                        0                           0                           1                           0
1                                                        0                           0                           2                           0
2                                                        0                           0                           3                           0
   &MULTIPLICITIES [&Type "ArrayOfDoubles", &Dim (3,2)] "Col1: Multiplicity of the initial state  Col2: Multiplicity of the final state"
                                                         0                           1

0                                      1.0000000000000000e+00         1.0000000000000000e+00
1                                      1.0000000000000000e+00         1.0000000000000000e+00
2                                      1.0000000000000000e+00         1.0000000000000000e+00
   &EXCITATIONENERGIES [&Type "ArrayOfDoubles", &Dim (3,11)] 
                                                         0                           1                           2                           3                           4                           5                           6                           7

0                                      3.8889960359081499e+00         3.1366871679845783e+04         3.1880769309951040e+02         2.0941423910886753e-01         2.1979134578161039e+00        -1.2164651653700287e+00         0.0000000000000000e+00        -7.3449507345194942e-01
1                                      4.2182789474762599e+00         3.4022717748639981e+04         2.9392125796298967e+02         1.9199782416939878e-01         1.8578168266580837e+00        -6.2822352010526616e-01         0.0000000000000000e+00        -9.6987629686889465e-01
2                                      4.3248822270181018e+00         3.4882531273561428e+04         2.8667644333424033e+02         3.8746489691495163e-03         3.6567894721367969e-02         5.8512785969068302e-02         0.0000000000000000e+00        -5.3430058053601917e-02
                                                         8                           9                          10

0                                      0.0000000000000000e+00        -4.2266173984900507e-01         0.0000000000000000e+00
1                                      0.0000000000000000e+00        -7.2283608391979959e-01         0.0000000000000000e+00
2                                      0.0000000000000000e+00         1.7403843683478284e-01         0.0000000000000000e+00
$End
$Geometry
   &GeometryIndex 72
   &ListStatus       OUT
   &NATOMS [&Type "Integer"] 34
   &NCORELESSECP [&Type "Integer"] 0
   &NGHOSTATOMS [&Type "Integer"] 0
   &CartesianCoordinates [&Type "Coordinates", &Dim(34,4), &Units "Bohr"] 
              C     -3.697691114712   -3.506823271064   -1.625591769427
              C     -2.847145081275   -5.253911323729   -3.415906634515
              C     -0.327870839046   -5.316591481295   -4.040527062374
              C     -2.042590246137   -1.846791179334   -0.494377620377
              C      0.574312074477   -1.838212580631   -1.074323891301
              O     -3.075622512284   -0.324598853105    1.384360150841
              C      1.402406837015   -3.646726823304   -2.898104792068
              C      4.017582795381   -3.796138453700   -3.578264399594
              C      5.762078003714   -2.257961121413   -2.519779313583
              C      2.454899181564   -0.167672718831    0.045149077701
              C      5.028570638421   -0.415386964400   -0.689888730454
              N      1.743838965144    1.593872518335    1.754053435824
              C      3.474530427113    3.085339545284    2.761752744392
              C      6.051550117301    2.967505805505    2.166804153177
              C      6.818271439938    1.203649069023    0.424257081428
              C     -3.671143271608    2.120196633711    0.767736337454
              O     -3.501859171165    2.926747913262   -1.389434216754
              N     -4.485817286889    3.433479048589    2.789580949207
              C     -4.749343370299    2.369381107330    5.318775135375
              C     -5.467261339352    5.982224289485    2.445128847820
              H     -7.502326401082    6.024812958787    2.801394326259
              H     -5.102858769376    6.606902083436    0.527550895248
              H     -4.544327192305    7.263714736388    3.771899588000
              H     -3.567599308553    0.710548862443    5.530889922691
              H     -6.715774571790    1.860552428019    5.702259423095
              H     -4.163910424393    3.789229074974    6.693291263313
              H      0.371604125685   -6.660873286169   -5.415336352914
              H     -5.669452112252   -3.430704065297   -1.089948438155
              H     -4.172835034521   -6.542609085759   -4.290018694374
              H      4.566336737830   -5.193258125218   -4.969447283119
              H      7.737902051536   -2.389619429699   -3.038656831014
              H      2.804118737088    4.468314569619    4.120644313922
              H      7.376829613202    4.242504507489    3.059264469794
              H      8.786213240879    1.034844405046   -0.115193393643
$End
$SCF_Energy
   &GeometryIndex 72
   &ListStatus       OUT
   &SCF_ENERGY [&Type "Double"]      -8.7844052760089471e+02
$End
$DFT_Energy
   &GeometryIndex 72
   &ListStatus       OUT
   &NALPHAEL [&Type "Integer"] 70
   &NBETAEL [&Type "Integer"] 70
   &NTOTALEL [&Type "Integer"] 140
   &EEXCHANGE [&Type "Double"]      -9.3626149567837089e+01
   &ECORR [&Type "Double"]      -6.1571493401038770e+00
   &ECNL [&Type "Double"]       0.0000000000000000e+00
   &EXC [&Type "Double"]      -9.9783298907940960e+01
   &EEMBED [&Type "Double"]       0.0000000000000000e+00
   &FINALEN [&Type "Double"]      -8.7844052760089471e+02  "No Van der Waals correction"
$End
$Solvation_Details
   &GeometryIndex 72
   &ListStatus       OUT
   &SOLVENT [&Type "String"] "WATER"
   &EPSILON [&Type "Double"]       8.0150999999999996e+01
   &REFRAC [&Type "Double"]       1.3328000000000000e+00
   &RSOLV [&Type "Double"]       1.3000000000000000e+00
   &SURFACETYPE [&Type "String"] "GAUSSIAN VDW"
   &NPOINTS [&Type "Integer"] 2999
   &SURFACEAREA [&Type "Double"]       1.0804602372500001e+03
   &CPCMDIELENERGY [&Type "Double"]      -2.4192389000000002e-02
$End
$CIS_Absorption_Spectrum
   &GeometryIndex 72
   &ListStatus       OUT
   &TEMPERATURE [&Type "Double"]       2.9814999999999998e+02
   &METHOD [&Type "Integer"] 20
   &RELCORRECTION [&Type "Integer"] 1 "Type of relativistic treatment in QDPT. 0->Unknow, 1->None, 2->SOC, 3->SSC, 4->SOC/SSC"
   &DENSTYPE [&Type "Integer"] 3 "Type of density (electron/spin ...). 0->Unknow, 1->Electronic, 2->Spin, 3->Trans/Electronic, 4->Tran/Spin"
   &DERITYPE [&Type "Integer"] 0 "Type of derivative (w.r.t. to what perturbation). 0->Unknown, 1->No Derivative, 2->Electric/Dipole, 3->Electric/Quad, 4->Magnetic/Dipole, 5->Magnetic/Quad"
   &DENSLEVEL [&Type "Integer"] 0 "// Source of density: relaxed, unrelaxed, ... 0->Unknown, 1->Linearized, 2->Unrelaxed, 3->Relaxed"
   &REPRESENTATION [&Type "String"] "Length" "Possible values: Unknown,  Length, Velocity"
   &POINTGROUP [&Type "String"] "C1"
   &NTRANS [&Type "Integer"] 3
   &DOHIGHERMOMENTS [&Type "Boolean"] false
   &STATES [&Type "ArrayOfIntegers", &Dim (3,4)] "The initial and Final states. Col1: Initial State  Col2: Initial Irrep Col3: Final State Col4: Final Irrep"
                                                         0                           1                           2                           3

0                                                        0                           0                           1                           0
1                                                        0                           0                           2                           0
2                                                        0                           0                           3                           0
   &MULTIPLICITIES [&Type "ArrayOfDoubles", &Dim (3,2)] "Col1: Multiplicity of the initial state  Col2: Multiplicity of the final state"
                                                         0                           1

0                                      1.0000000000000000e+00         1.0000000000000000e+00
1                                      1.0000000000000000e+00         1.0000000000000000e+00
2                                      1.0000000000000000e+00         1.0000000000000000e+00
   &EXCITATIONENERGIES [&Type "ArrayOfDoubles", &Dim (3,11)] 
                                                         0                           1                           2                           3                           4                           5                           6                           7

0                                      3.8891227933311123e+00         3.1367894047516980e+04         3.1879730226236148e+02         2.0970459761923785e-01         2.2008891888209843e+00        -1.2171111960435355e+00         0.0000000000000000e+00        -7.3514376818575067e-01
1                                      4.2184688910944574e+00         3.4024249747398382e+04         2.9390802366669777e+02         1.9184158165744394e-01         1.8562214035394051e+00        -6.2834825598858002e-01         0.0000000000000000e+00        -9.6925105077110296e-01
2                                      4.3275310441638553e+00         3.4903895426866562e+04         2.8650097296311236e+02         3.8442191259916545e-03         3.6258499168496452e-02         5.7172953801668154e-02         0.0000000000000000e+00        -5.4662652278463335e-02
                                                         8                           9                          10

0                                      0.0000000000000000e+00        -4.2319400442836380e-01         0.0000000000000000e+00
1                                      0.0000000000000000e+00        -7.2246264492680023e-01         0.0000000000000000e+00
2                                      0.0000000000000000e+00         1.7321012374561881e-01         0.0000000000000000e+00
$End
$Geometry
   &GeometryIndex 73
   &ListStatus       OUT
   &NATOMS [&Type "Integer"] 34
   &NCORELESSECP [&Type "Integer"] 0
   &NGHOSTATOMS [&Type "Integer"] 0
   &CartesianCoordinates [&Type "Coordinates", &Dim(34,4), &Units "Bohr"] 
              C     -3.697852954551   -3.506964515542   -1.625682182742
              C     -2.847035999132   -5.253984052136   -3.415998085826
              C     -0.327682715580   -5.316483183538   -4.040469797724
              C     -2.042529392072   -1.846660432243   -0.494278030547
              C      0.574480788428   -1.838187587106   -1.074336433489
              O     -3.075615661271   -0.324628011875    1.384351967734
              C      1.402201804573   -3.646715078581   -2.898049772989
              C      4.017529359524   -3.796228397132   -3.578336171953
              C      5.762142122501   -2.257920250030   -2.519754777176
              C      2.454797753391   -0.167892748359    0.044972527093
              C      5.028696095325   -0.415228936580   -0.689770472270
              N      1.743765454855    1.593958631313    1.754145489140
              C      3.474765285229    3.085451677512    2.761808421698
              C      6.051573275990    2.967414551947    2.166717387611
              C      6.818165965533    1.203557411397    0.424194630356
              C     -3.671168671979    2.120292101423    0.767674295866
              O     -3.501860483353    2.926718307126   -1.389371904888
              N     -4.485797766210    3.433438846376    2.789533534194
              C     -4.749380739255    2.369481082916    5.318606281983
              C     -5.467222965253    5.982158506129    2.445178849539
              H     -7.502393763475    6.025164081639    2.800828429158
              H     -5.103397209019    6.607247808419    0.527615427774
              H     -4.544284624490    7.263855177335    3.771722591193
              H     -3.567682298793    0.710763227964    5.532110883892
              H     -6.715566644651    1.860162979709    5.702698443203
              H     -4.163510543994    3.788267604572    6.694063693732
              H      0.370731959196   -6.661161214707   -5.415407697530
              H     -5.669504529528   -3.430326974230   -1.089598425810
              H     -4.173529407105   -6.542254803999   -4.289535196632
              H      4.566596919758   -5.193260303128   -4.969502773043
              H      7.737979993519   -2.389590625974   -3.038645661817
              H      2.802840190970    4.467877317326    4.120493951762
              H      7.376268350090    4.242721278659    3.059569205085
              H      8.786188712465    1.035074231849   -0.114979717994
$End
$SCF_Energy
   &GeometryIndex 73
   &ListStatus       OUT
   &SCF_ENERGY [&Type "Double"]      -8.7844052763210004e+02
$End
$DFT_Energy
   &GeometryIndex 73
   &ListStatus       OUT
   &NALPHAEL [&Type "Integer"] 70
   &NBETAEL [&Type "Integer"] 70
   &NTOTALEL [&Type "Integer"] 140
   &EEXCHANGE [&Type "Double"]      -9.3626124009294244e+01
   &ECORR [&Type "Double"]      -6.1571452741826169e+00
   &ECNL [&Type "Double"]       0.0000000000000000e+00
   &EXC [&Type "Double"]      -9.9783269283476855e+01
   &EEMBED [&Type "Double"]       0.0000000000000000e+00
   &FINALEN [&Type "Double"]      -8.7844052763210004e+02  "No Van der Waals correction"
$End
$Solvation_Details
   &GeometryIndex 73
   &ListStatus       OUT
   &SOLVENT [&Type "String"] "WATER"
   &EPSILON [&Type "Double"]       8.0150999999999996e+01
   &REFRAC [&Type "Double"]       1.3328000000000000e+00
   &RSOLV [&Type "Double"]       1.3000000000000000e+00
   &SURFACETYPE [&Type "String"] "GAUSSIAN VDW"
   &NPOINTS [&Type "Integer"] 3000
   &SURFACEAREA [&Type "Double"]       1.0804663677090000e+03
   &CPCMDIELENERGY [&Type "Double"]      -2.4195237000000001e-02
$End
$CIS_Absorption_Spectrum
   &GeometryIndex 73
   &ListStatus       OUT
   &TEMPERATURE [&Type "Double"]       2.9814999999999998e+02
   &METHOD [&Type "Integer"] 20
   &RELCORRECTION [&Type "Integer"] 1 "Type of relativistic treatment in QDPT. 0->Unknow, 1->None, 2->SOC, 3->SSC, 4->SOC/SSC"
   &DENSTYPE [&Type "Integer"] 3 "Type of density (electron/spin ...). 0->Unknow, 1->Electronic, 2->Spin, 3->Trans/Electronic, 4->Tran/Spin"
   &DERITYPE [&Type "Integer"] 0 "Type of derivative (w.r.t. to what perturbation). 0->Unknown, 1->No Derivative, 2->Electric/Dipole, 3->Electric/Quad, 4->Magnetic/Dipole, 5->Magnetic/Quad"
   &DENSLEVEL [&Type "Integer"] 0 "// Source of density: relaxed, unrelaxed, ... 0->Unknown, 1->Linearized, 2->Unrelaxed, 3->Relaxed"
   &REPRESENTATION [&Type "String"] "Length" "Possible values: Unknown,  Length, Velocity"
   &POINTGROUP [&Type "String"] "C1"
   &NTRANS [&Type "Integer"] 3
   &DOHIGHERMOMENTS [&Type "Boolean"] false
   &STATES [&Type "ArrayOfIntegers", &Dim (3,4)] "The initial and Final states. Col1: Initial State  Col2: Initial Irrep Col3: Final State Col4: Final Irrep"
                                                         0                           1                           2                           3

0                                                        0                           0                           1                           0
1                                                        0                           0                           2                           0
2                                                        0                           0                           3                           0
   &MULTIPLICITIES [&Type "ArrayOfDoubles", &Dim (3,2)] "Col1: Multiplicity of the initial state  Col2: Multiplicity of the final state"
                                                         0                           1

0                                      1.0000000000000000e+00         1.0000000000000000e+00
1                                      1.0000000000000000e+00         1.0000000000000000e+00
2                                      1.0000000000000000e+00         1.0000000000000000e+00
   &EXCITATIONENERGIES [&Type "ArrayOfDoubles", &Dim (3,11)] 
                                                         0                           1                           2                           3                           4                           5                           6                           7

0                                      3.8885852933672900e+00         3.1363558817489109e+04         3.1884136804091719e+02         2.0936125728525920e-01         2.1975894874207391e+00        -1.2171512119584789e+00         0.0000000000000000e+00        -7.3364333524351810e-01
1                                      4.2183002274727182e+00         3.4022889383404356e+04         2.9391977522278830e+02         1.9182646033375314e-01         1.8561493054990506e+00        -6.2678416307882334e-01         0.0000000000000000e+00        -9.6980317739969835e-01
2                                      4.3246226207774550e+00         3.4880437407802121e+04         2.8669365246443789e+02         3.8738202437742725e-03         3.6562268128174681e-02         5.8188646703820075e-02         0.0000000000000000e+00        -5.3651272735710201e-02
                                                         8                           9                          10

0                                      0.0000000000000000e+00        -4.2178178161403795e-01         0.0000000000000000e+00
1                                      0.0000000000000000e+00        -7.2303023139982103e-01         0.0000000000000000e+00
2                                      0.0000000000000000e+00         1.7406289224527763e-01         0.0000000000000000e+00
$End
$Geometry
   &GeometryIndex 74
   &ListStatus       OUT
   &NATOMS [&Type "Integer"] 34
   &NCORELESSECP [&Type "Integer"] 0
   &NGHOSTATOMS [&Type "Integer"] 0
   &CartesianCoordinates [&Type "Coordinates", &Dim(34,4), &Units "Bohr"] 
              C     -3.697775480769   -3.506883235206   -1.625625827369
              C     -2.847103911837   -5.253946525187   -3.415948226408
              C     -0.327772385634   -5.316549425946   -4.040510550802
              C     -2.042520483434   -1.846730639689   -0.494342062511
              C      0.574370019937   -1.838213849253   -1.074336516169
              O     -3.075619698820   -0.324619952112    1.384361550412
              C      1.402297585495   -3.646691285063   -2.898048821416
              C      4.017577709730   -3.796187582510   -3.578308542122
              C      5.762093699130   -2.257934103377   -2.519757725124
              C      2.454847007825   -0.167799273331    0.045046181524
              C      5.028663295405   -0.415308227228   -0.689835901868
              N      1.743801427051    1.593939103993    1.754121307575
              C      3.474660548034    3.085390869187    2.761773908823
              C      6.051556122297    2.967455741411    2.166757764461
              C      6.818210300839    1.203603910453    0.424228148686
              C     -3.671168401832    2.120299845208    0.767678572653
              O     -3.501863137405    2.926716321177   -1.389371502913
              N     -4.485799076369    3.433451396796    2.789533389205
              C     -4.749250800470    2.369533615341    5.318613610000
              C     -5.467347687966    5.982132914839    2.445161535133
              H     -7.502332036284    6.024242758464    2.801594884602
              H     -5.101916542393    6.607902877830    0.528123027545
              H     -4.543864019825    7.264509794882    3.770731624458
              H     -3.569012465024    0.709703208157    5.531436130916
              H     -6.715135559228    1.859398133996    5.703597620017
              H     -4.164617401936    3.789197826818    6.693632093486
              H      0.371142807425   -6.661042822725   -5.415389441235
              H     -5.669503543870   -3.430587156359   -1.089833256994
              H     -4.173146188145   -6.542459356780   -4.289810607668
              H      4.566449510099   -5.193275285915   -4.969486382138
              H      7.737918254061   -2.389617010364   -3.038657739477
              H      2.803355396028    4.468040618534    4.120543563346
              H      7.376532164430    4.242612477870    3.059419811736
              H      8.786181828296    1.034930037523   -0.115109343170
$End
$SCF_Energy
   &GeometryIndex 74
   &ListStatus       OUT
   &SCF_ENERGY [&Type "Double"]      -8.7844052762374145e+02
$End
$DFT_Energy
   &GeometryIndex 74
   &ListStatus       OUT
   &NALPHAEL [&Type "Integer"] 70
   &NBETAEL [&Type "Integer"] 70
   &NTOTALEL [&Type "Integer"] 140
   &EEXCHANGE [&Type "Double"]      -9.3626156839266031e+01
   &ECORR [&Type "Double"]      -6.1571481002569017e+00
   &ECNL [&Type "Double"]       0.0000000000000000e+00
   &EXC [&Type "Double"]      -9.9783304939522935e+01
   &EEMBED [&Type "Double"]       0.0000000000000000e+00
   &FINALEN [&Type "Double"]      -8.7844052762374145e+02  "No Van der Waals correction"
$End
$Solvation_Details
   &GeometryIndex 74
   &ListStatus       OUT
   &SOLVENT [&Type "String"] "WATER"
   &EPSILON [&Type "Double"]       8.0150999999999996e+01
   &REFRAC [&Type "Double"]       1.3328000000000000e+00
   &RSOLV [&Type "Double"]       1.3000000000000000e+00
   &SURFACETYPE [&Type "String"] "GAUSSIAN VDW"
   &NPOINTS [&Type "Integer"] 2999
   &SURFACEAREA [&Type "Double"]       1.0804608945299999e+03
   &CPCMDIELENERGY [&Type "Double"]      -2.4191493000000001e-02
$End
$CIS_Absorption_Spectrum
   &GeometryIndex 74
   &ListStatus       OUT
   &TEMPERATURE [&Type "Double"]       2.9814999999999998e+02
   &METHOD [&Type "Integer"] 20
   &RELCORRECTION [&Type "Integer"] 1 "Type of relativistic treatment in QDPT. 0->Unknow, 1->None, 2->SOC, 3->SSC, 4->SOC/SSC"
   &DENSTYPE [&Type "Integer"] 3 "Type of density (electron/spin ...). 0->Unknow, 1->Electronic, 2->Spin, 3->Trans/Electronic, 4->Tran/Spin"
   &DERITYPE [&Type "Integer"] 0 "Type of derivative (w.r.t. to what perturbation). 0->Unknown, 1->No Derivative, 2->Electric/Dipole, 3->Electric/Quad, 4->Magnetic/Dipole, 5->Magnetic/Quad"
   &DENSLEVEL [&Type "Integer"] 0 "// Source of density: relaxed, unrelaxed, ... 0->Unknown, 1->Linearized, 2->Unrelaxed, 3->Relaxed"
   &REPRESENTATION [&Type "String"] "Length" "Possible values: Unknown,  Length, Velocity"
   &POINTGROUP [&Type "String"] "C1"
   &NTRANS [&Type "Integer"] 3
   &DOHIGHERMOMENTS [&Type "Boolean"] false
   &STATES [&Type "ArrayOfIntegers", &Dim (3,4)] "The initial and Final states. Col1: Initial State  Col2: Initial Irrep Col3: Final State Col4: Final Irrep"
                                                         0                           1                           2                           3

0                                                        0                           0                           1                           0
1                                                        0                           0                           2                           0
2                                                        0                           0                           3                           0
   &MULTIPLICITIES [&Type "ArrayOfDoubles", &Dim (3,2)] "Col1: Multiplicity of the initial state  Col2: Multiplicity of the final state"
                                                         0                           1

0                                      1.0000000000000000e+00         1.0000000000000000e+00
1                                      1.0000000000000000e+00         1.0000000000000000e+00
2                                      1.0000000000000000e+00         1.0000000000000000e+00
   &EXCITATIONENERGIES [&Type "ArrayOfDoubles", &Dim (3,11)] 
                                                         0                           1                           2                           3                           4                           5                           6                           7

0                                      3.8889211565616559e+00         3.1366267737123479e+04         3.1881383159158975e+02         2.0945565123318552e-01         2.1983904281729290e+00        -1.2169138077547161e+00         0.0000000000000000e+00        -7.3423421144475032e-01
1                                      4.2184074396592344e+00         3.4023754108095745e+04         2.9391230515684219e+02         1.9191100563745922e-01         1.8569201865084590e+00        -6.2757727886837489e-01         0.0000000000000000e+00        -9.6974682830686088e-01
2                                      4.3262253582833701e+00         3.4893364358927895e+04         2.8658744101416454e+02         3.8568289660013727e-03         3.6388413574367937e-02         5.7547612271907432e-02         0.0000000000000000e+00        -5.4266679318319640e-02
                                                         8                           9                          10

0                                      0.0000000000000000e+00        -4.2238766010970552e-01         0.0000000000000000e+00
1                                      0.0000000000000000e+00        -7.2295092125635241e-01         0.0000000000000000e+00
2                                      0.0000000000000000e+00         1.7358517624478423e-01         0.0000000000000000e+00
$End
$Geometry
   &GeometryIndex 75
   &ListStatus       OUT
   &NATOMS [&Type "Integer"] 34
   &NCORELESSECP [&Type "Integer"] 0
   &NGHOSTATOMS [&Type "Integer"] 0
   &CartesianCoordinates [&Type "Coordinates", &Dim(34,4), &Units "Bohr"] 
              C     -3.697732890782   -3.506842889854   -1.625599458434
              C     -2.847149655137   -5.253915736346   -3.415910195424
              C     -0.327824281084   -5.316595867705   -4.040541309891
              C     -2.042500114282   -1.846778468865   -0.494385386660
              C      0.574305501916   -1.838232785996   -1.074339891337
              O     -3.075626102474   -0.324611603963    1.384368103022
              C      1.402345100442   -3.646662855384   -2.898033572787
              C      4.017619236052   -3.796165012534   -3.578296243374
              C      5.762057965346   -2.257938338842   -2.519754447711
              C      2.454871311950   -0.167755387541    0.045080663614
              C      5.028655171401   -0.415355496560   -0.689877119702
              N      1.743821682880    1.593938163898    1.754116267752
              C      3.474607144556    3.085354080012    2.761751172885
              C      6.051540745542    2.967479507834    2.166782214083
              C      6.818234739955    1.203629984574    0.424246983807
              C     -3.671182962689    2.120315995234    0.767703464504
              O     -3.501859896755    2.926717246599   -1.389380035502
              N     -4.485848546864    3.433409052209    2.789514731893
              C     -4.749437712017    2.369484292616    5.318600817144
              C     -5.467360646867    5.982127856194    2.445158776354
              H     -7.502322440610    6.024140814170    2.801717620586
              H     -5.101692912179    6.608027788825    0.528204687906
              H     -4.543871183858    7.264661090892    3.770572118792
              H     -3.567269390197    0.711145852958    5.532571713491
              H     -6.715699091347    1.860213499408    5.702205982133
              H     -4.162852892783    3.787855099180    6.694183737941
              H      0.371382278971   -6.660982308467   -5.415386571088
              H     -5.669502325991   -3.430740761208   -1.089968039229
              H     -4.172902453220   -6.542584679589   -4.289980461173
              H      4.566348900876   -5.193293995500   -4.969483136829
              H      7.737869872544   -2.389643541365   -3.038672583597
              H      2.803601284905    4.468111969790    4.120560759991
              H      7.376682454822    4.242547034913    3.059331550726
              H      8.786173730091    1.034836984966   -0.115192260858
$End
$SCF_Energy
   &GeometryIndex 75
   &ListStatus       OUT
   &SCF_ENERGY [&Type "Double"]      -8.7844052754822326e+02
$End
$DFT_Energy
   &GeometryIndex 75
   &ListStatus       OUT
   &NALPHAEL [&Type "Integer"] 70
   &NBETAEL [&Type "Integer"] 70
   &NTOTALEL [&Type "Integer"] 140
   &EEXCHANGE [&Type "Double"]      -9.3626139987326255e+01
   &ECORR [&Type "Double"]      -6.1571474838293767e+00
   &ECNL [&Type "Double"]       0.0000000000000000e+00
   &EXC [&Type "Double"]      -9.9783287471155631e+01
   &EEMBED [&Type "Double"]       0.0000000000000000e+00
   &FINALEN [&Type "Double"]      -8.7844052754822326e+02  "No Van der Waals correction"
$End
$Solvation_Details
   &GeometryIndex 75
   &ListStatus       OUT
   &SOLVENT [&Type "String"] "WATER"
   &EPSILON [&Type "Double"]       8.0150999999999996e+01
   &REFRAC [&Type "Double"]       1.3328000000000000e+00
   &RSOLV [&Type "Double"]       1.3000000000000000e+00
   &SURFACETYPE [&Type "String"] "GAUSSIAN VDW"
   &NPOINTS [&Type "Integer"] 2999
   &SURFACEAREA [&Type "Double"]       1.0804684102300000e+03
   &CPCMDIELENERGY [&Type "Double"]      -2.4185027000000001e-02
$End
$CIS_Absorption_Spectrum
   &GeometryIndex 75
   &ListStatus       OUT
   &TEMPERATURE [&Type "Double"]       2.9814999999999998e+02
   &METHOD [&Type "Integer"] 20
   &RELCORRECTION [&Type "Integer"] 1 "Type of relativistic treatment in QDPT. 0->Unknow, 1->None, 2->SOC, 3->SSC, 4->SOC/SSC"
   &DENSTYPE [&Type "Integer"] 3 "Type of density (electron/spin ...). 0->Unknow, 1->Electronic, 2->Spin, 3->Trans/Electronic, 4->Tran/Spin"
   &DERITYPE [&Type "Integer"] 0 "Type of derivative (w.r.t. to what perturbation). 0->Unknown, 1->No Derivative, 2->Electric/Dipole, 3->Electric/Quad, 4->Magnetic/Dipole, 5->Magnetic/Quad"
   &DENSLEVEL [&Type "Integer"] 0 "// Source of density: relaxed, unrelaxed, ... 0->Unknown, 1->Linearized, 2->Unrelaxed, 3->Relaxed"
   &REPRESENTATION [&Type "String"] "Length" "Possible values: Unknown,  Length, Velocity"
   &POINTGROUP [&Type "String"] "C1"
   &NTRANS [&Type "Integer"] 3
   &DOHIGHERMOMENTS [&Type "Boolean"] false
   &STATES [&Type "ArrayOfIntegers", &Dim (3,4)] "The initial and Final states. Col1: Initial State  Col2: Initial Irrep Col3: Final State Col4: Final Irrep"
                                                         0                           1                           2                           3

0                                                        0                           0                           1                           0
1                                                        0                           0                           2                           0
2                                                        0                           0                           3                           0
   &MULTIPLICITIES [&Type "ArrayOfDoubles", &Dim (3,2)] "Col1: Multiplicity of the initial state  Col2: Multiplicity of the final state"
                                                         0                           1

0                                      1.0000000000000000e+00         1.0000000000000000e+00
1                                      1.0000000000000000e+00         1.0000000000000000e+00
2                                      1.0000000000000000e+00         1.0000000000000000e+00
   &EXCITATIONENERGIES [&Type "ArrayOfDoubles", &Dim (3,11)] 
                                                         0                           1                           2                           3                           4                           5                           6                           7

0                                      3.8889071579761523e+00         3.1366154830905230e+04         3.1881497920003090e+02         2.0968068581875068e-01         2.2007602527948893e+00        -1.2172858092376533e+00         0.0000000000000000e+00        -7.3488547459043319e-01
1                                      4.2184377410562250e+00         3.4023998505370095e+04         2.9391019395976264e+02         1.9170576685080121e-01         1.8549209833053097e+00        -6.2722977112728218e-01         0.0000000000000000e+00        -9.6914283410945534e-01
2                                      4.3287920909931268e+00         3.4914066456538698e+04         2.8641751061704821e+02         3.8235631741383538e-03         3.6053167245690979e-02         5.6133572037294452e-02         0.0000000000000000e+00        -5.5549515502668734e-02
                                                         8                           9                          10

0                                      0.0000000000000000e+00        -4.2298800297350542e-01         0.0000000000000000e+00
1                                      0.0000000000000000e+00        -7.2267971094477224e-01         0.0000000000000000e+00
2                                      0.0000000000000000e+00         1.7267437755336956e-01         0.0000000000000000e+00
$End
$Geometry
   &GeometryIndex 76
   &ListStatus       OUT
   &NATOMS [&Type "Integer"] 34
   &NCORELESSECP [&Type "Integer"] 0
   &NGHOSTATOMS [&Type "Integer"] 0
   &CartesianCoordinates [&Type "Coordinates", &Dim(34,4), &Units "Bohr"] 
              C     -3.697731625404   -3.506842634664   -1.625599241172
              C     -2.847147624435   -5.253915126167   -3.415909835176
              C     -0.327828435264   -5.316596619778   -4.040541184551
              C     -2.042501546500   -1.846780498526   -0.494389210615
              C      0.574304039444   -1.838232195992   -1.074338923501
              O     -3.075628351298   -0.324608601639    1.384373981449
              C      1.402346307589   -3.646664181588   -2.898034899914
              C      4.017620142850   -3.796164874047   -3.578296322725
              C      5.762058083136   -2.257936488939   -2.519752773623
              C      2.454871802785   -0.167752736769    0.045082784924
              C      5.028654530583   -0.415357670072   -0.689878942332
              N      1.743822619978    1.593936917862    1.754115074084
              C      3.474604219011    3.085353140899    2.761750914439
              C      6.051541754727    2.967480243320    2.166782665049
              C      6.818235061088    1.203630432748    0.424247329039
              C     -3.671183785355    2.120334129580    0.767694549483
              O     -3.501859158304    2.926713323179   -1.389375515040
              N     -4.485787682679    3.433390500699    2.789538638589
              C     -4.749316257640    2.369436709767    5.318550237580
              C     -5.467309781651    5.982201511366    2.445285344814
              H     -7.502641072896    6.024055760487    2.799799587521
              H     -5.103349252924    6.607962807858    0.527936359330
              H     -4.542832301148    7.263797392934    3.770800443924
              H     -3.567527507128    0.710759341678    5.531605762236
              H     -6.715583436822    1.860952254215    5.703547806017
              H     -4.164638177672    3.788273732732    6.694500797902
              H      0.371394206783   -6.660976886162   -5.415384112812
              H     -5.669500612288   -3.430738537946   -1.089967811879
              H     -4.172899174452   -6.542584003953   -4.289981106487
              H      4.566342082507   -5.193296366921   -4.969483878643
              H      7.737867696054   -2.389649125379   -3.038677235290
              H      2.803614701480    4.468117002683    4.120562737426
              H      7.376685320589    4.242546967385    3.059330901178
              H      8.786173970449    1.034836793382   -0.115192527780
$End
$SCF_Energy
   &GeometryIndex 76
   &ListStatus       OUT
   &SCF_ENERGY [&Type "Double"]      -8.7844052762869580e+02
$End
$DFT_Energy
   &GeometryIndex 76
   &ListStatus       OUT
   &NALPHAEL [&Type "Integer"] 70
   &NBETAEL [&Type "Integer"] 70
   &NTOTALEL [&Type "Integer"] 140
   &EEXCHANGE [&Type "Double"]      -9.3626170911451737e+01
   &ECORR [&Type "Double"]      -6.1571488350191208e+00
   &ECNL [&Type "Double"]       0.0000000000000000e+00
   &EXC [&Type "Double"]      -9.9783319746470852e+01
   &EEMBED [&Type "Double"]       0.0000000000000000e+00
   &FINALEN [&Type "Double"]      -8.7844052762869580e+02  "No Van der Waals correction"
$End
$Solvation_Details
   &GeometryIndex 76
   &ListStatus       OUT
   &SOLVENT [&Type "String"] "WATER"
   &EPSILON [&Type "Double"]       8.0150999999999996e+01
   &REFRAC [&Type "Double"]       1.3328000000000000e+00
   &RSOLV [&Type "Double"]       1.3000000000000000e+00
   &SURFACETYPE [&Type "String"] "GAUSSIAN VDW"
   &NPOINTS [&Type "Integer"] 2999
   &SURFACEAREA [&Type "Double"]       1.0804697927380000e+03
   &CPCMDIELENERGY [&Type "Double"]      -2.4191477999999999e-02
$End
$CIS_Absorption_Spectrum
   &GeometryIndex 76
   &ListStatus       OUT
   &TEMPERATURE [&Type "Double"]       2.9814999999999998e+02
   &METHOD [&Type "Integer"] 20
   &RELCORRECTION [&Type "Integer"] 1 "Type of relativistic treatment in QDPT. 0->Unknow, 1->None, 2->SOC, 3->SSC, 4->SOC/SSC"
   &DENSTYPE [&Type "Integer"] 3 "Type of density (electron/spin ...). 0->Unknow, 1->Electronic, 2->Spin, 3->Trans/Electronic, 4->Tran/Spin"
   &DERITYPE [&Type "Integer"] 0 "Type of derivative (w.r.t. to what perturbation). 0->Unknown, 1->No Derivative, 2->Electric/Dipole, 3->Electric/Quad, 4->Magnetic/Dipole, 5->Magnetic/Quad"
   &DENSLEVEL [&Type "Integer"] 0 "// Source of density: relaxed, unrelaxed, ... 0->Unknown, 1->Linearized, 2->Unrelaxed, 3->Relaxed"
   &REPRESENTATION [&Type "String"] "Length" "Possible values: Unknown,  Length, Velocity"
   &POINTGROUP [&Type "String"] "C1"
   &NTRANS [&Type "Integer"] 3
   &DOHIGHERMOMENTS [&Type "Boolean"] false
   &STATES [&Type "ArrayOfIntegers", &Dim (3,4)] "The initial and Final states. Col1: Initial State  Col2: Initial Irrep Col3: Final State Col4: Final Irrep"
                                                         0                           1                           2                           3

0                                                        0                           0                           1                           0
1                                                        0                           0                           2                           0
2                                                        0                           0                           3                           0
   &MULTIPLICITIES [&Type "ArrayOfDoubles", &Dim (3,2)] "Col1: Multiplicity of the initial state  Col2: Multiplicity of the final state"
                                                         0                           1

0                                      1.0000000000000000e+00         1.0000000000000000e+00
1                                      1.0000000000000000e+00         1.0000000000000000e+00
2                                      1.0000000000000000e+00         1.0000000000000000e+00
   &EXCITATIONENERGIES [&Type "ArrayOfDoubles", &Dim (3,11)] 
                                                         0                           1                           2                           3                           4                           5                           6                           7

0                                      3.8890836050017552e+00         3.1367577972291663e+04         3.1880051462160804e+02         2.0955044217656377e-01         2.1992934594048541e+00        -1.2169761652695399e+00         0.0000000000000000e+00        -7.3456987131437024e-01
1                                      4.2184270128004950e+00         3.4023911976143085e+04         2.9391094142883418e+02         1.9202254481632444e-01         1.8579908124231683e+00        -6.2788610019507252e-01         0.0000000000000000e+00        -9.6996520750659587e-01
2                                      4.3268336137076231e+00         3.4898270270290348e+04         2.8654715327003515e+02         3.8517999804830185e-03         3.6335857375119691e-02         5.7390749366329132e-02         0.0000000000000000e+00        -5.4415993845930301e-02
                                                         8                           9                          10

0                                      0.0000000000000000e+00        -4.2269324187629154e-01         0.0000000000000000e+00
1                                      0.0000000000000000e+00        -7.2313024679630022e-01         0.0000000000000000e+00
2                                      0.0000000000000000e+00         1.7343891972694755e-01         0.0000000000000000e+00
$End
$Geometry
   &GeometryIndex 77
   &ListStatus       OUT
   &NATOMS [&Type "Integer"] 34
   &NCORELESSECP [&Type "Integer"] 0
   &NGHOSTATOMS [&Type "Integer"] 0
   &CartesianCoordinates [&Type "Coordinates", &Dim(34,4), &Units "Bohr"] 
              C     -3.697736529595   -3.506901902489   -1.625650512079
              C     -2.847164515496   -5.253866412423   -3.415861769513
              C     -0.327845638777   -5.316626863736   -4.040564976708
              C     -2.042491039160   -1.846774486193   -0.494389638630
              C      0.574340405990   -1.838247539346   -1.074359171771
              O     -3.075627138760   -0.324616789601    1.384388249158
              C      1.402303479883   -3.646630244868   -2.897994960422
              C      4.017709262033   -3.796142106336   -3.578293742042
              C      5.762015521606   -2.257924602923   -2.519733336341
              C      2.454859699197   -0.167765318580    0.045073858455
              C      5.028647297991   -0.415408746574   -0.689924065563
              N      1.743832631487    1.593968176977    1.754142431002
              C      3.474619712284    3.085321682655    2.761719673597
              C      6.051464468944    2.967522376757    2.166835335027
              C      6.818281589117    1.203640286947    0.424247213702
              C     -3.671228985039    2.120528484951    0.767594531392
              O     -3.501867612060    2.926651260567   -1.389233548489
              N     -4.485685730067    3.433252476558    2.789339432708
              C     -4.749350090723    2.369523922474    5.318564585803
              C     -5.467260922823    5.982137406825    2.445166100511
              H     -7.502280377944    6.025586659725    2.801578260793
              H     -5.102705258309    6.607189515381    0.527737916471
              H     -4.544934292900    7.264492235423    3.771542170938
              H     -3.567817623460    0.710673712076    5.531770003987
              H     -6.715411996686    1.860391327005    5.703727236712
              H     -4.164436578038    3.788056834374    6.694710943810
              H      0.371478207972   -6.660969632569   -5.415395463974
              H     -5.669465075063   -3.430649349357   -1.089896753753
              H     -4.172798011588   -6.542595079923   -4.290014601445
              H      4.566177417923   -5.193351548352   -4.969500866769
              H      7.737792709306   -2.389725413123   -3.038731833876
              H      2.803635241649    4.468082796258    4.120528852373
              H      7.376871634141    4.242442321653    3.059201011865
              H      8.786193094381    1.034734067813   -0.115289363620
$End
$SCF_Energy
   &GeometryIndex 77
   &ListStatus       OUT
   &SCF_ENERGY [&Type "Double"]      -8.7844052756146834e+02
$End
$DFT_Energy
   &GeometryIndex 77
   &ListStatus       OUT
   &NALPHAEL [&Type "Integer"] 70
   &NBETAEL [&Type "Integer"] 70
   &NTOTALEL [&Type "Integer"] 140
   &EEXCHANGE [&Type "Double"]      -9.3626235462414471e+01
   &ECORR [&Type "Double"]      -6.1571528218430771e+00
   &ECNL [&Type "Double"]       0.0000000000000000e+00
   &EXC [&Type "Double"]      -9.9783388284257541e+01
   &EEMBED [&Type "Double"]       0.0000000000000000e+00
   &FINALEN [&Type "Double"]      -8.7844052756146834e+02  "No Van der Waals correction"
$End
$Solvation_Details
   &GeometryIndex 77
   &ListStatus       OUT
   &SOLVENT [&Type "String"] "WATER"
   &EPSILON [&Type "Double"]       8.0150999999999996e+01
   &REFRAC [&Type "Double"]       1.3328000000000000e+00
   &RSOLV [&Type "Double"]       1.3000000000000000e+00
   &SURFACETYPE [&Type "String"] "GAUSSIAN VDW"
   &NPOINTS [&Type "Integer"] 2999
   &SURFACEAREA [&Type "Double"]       1.0804590465809999e+03
   &CPCMDIELENERGY [&Type "Double"]      -2.4183420000000001e-02
$End
$CIS_Absorption_Spectrum
   &GeometryIndex 77
   &ListStatus       OUT
   &TEMPERATURE [&Type "Double"]       2.9814999999999998e+02
   &METHOD [&Type "Integer"] 20
   &RELCORRECTION [&Type "Integer"] 1 "Type of relativistic treatment in QDPT. 0->Unknow, 1->None, 2->SOC, 3->SSC, 4->SOC/SSC"
   &DENSTYPE [&Type "Integer"] 3 "Type of density (electron/spin ...). 0->Unknow, 1->Electronic, 2->Spin, 3->Trans/Electronic, 4->Tran/Spin"
   &DERITYPE [&Type "Integer"] 0 "Type of derivative (w.r.t. to what perturbation). 0->Unknown, 1->No Derivative, 2->Electric/Dipole, 3->Electric/Quad, 4->Magnetic/Dipole, 5->Magnetic/Quad"
   &DENSLEVEL [&Type "Integer"] 0 "// Source of density: relaxed, unrelaxed, ... 0->Unknown, 1->Linearized, 2->Unrelaxed, 3->Relaxed"
   &REPRESENTATION [&Type "String"] "Length" "Possible values: Unknown,  Length, Velocity"
   &POINTGROUP [&Type "String"] "C1"
   &NTRANS [&Type "Integer"] 3
   &DOHIGHERMOMENTS [&Type "Boolean"] false
   &STATES [&Type "ArrayOfIntegers", &Dim (3,4)] "The initial and Final states. Col1: Initial State  Col2: Initial Irrep Col3: Final State Col4: Final Irrep"
                                                         0                           1                           2                           3

0                                                        0                           0                           1                           0
1                                                        0                           0                           2                           0
2                                                        0                           0                           3                           0
   &MULTIPLICITIES [&Type "ArrayOfDoubles", &Dim (3,2)] "Col1: Multiplicity of the initial state  Col2: Multiplicity of the final state"
                                                         0                           1

0                                      1.0000000000000000e+00         1.0000000000000000e+00
1                                      1.0000000000000000e+00         1.0000000000000000e+00
2                                      1.0000000000000000e+00         1.0000000000000000e+00
   &EXCITATIONENERGIES [&Type "ArrayOfDoubles", &Dim (3,11)] 
                                                         0                           1                           2                           3                           4                           5                           6                           7

0                                      3.8890682608716562e+00         3.1367454213523230e+04         3.1880177243356809e+02         2.0974102612341933e-01         2.2013023790206989e+00        -1.2173000985065778e+00         0.0000000000000000e+00        -7.3514233497409409e-01
1                                      4.2184766482570240e+00         3.4024312313140435e+04         2.9390748321275925e+02         1.9196246413027698e-01         1.8573876230946906e+00        -6.2672165746509489e-01         0.0000000000000000e+00        -9.7015408407259718e-01
2                                      4.3265461472922935e+00         3.4895951697044547e+04         2.8656619217085097e+02         3.8587089461462804e-03         3.6403451501947910e-02         5.7567928164068888e-02         0.0000000000000000e+00        -5.4097765971477488e-02
                                                         8                           9                          10

0                                      0.0000000000000000e+00        -4.2314134343669574e-01         0.0000000000000000e+00
1                                      0.0000000000000000e+00        -7.2346986137375136e-01         0.0000000000000000e+00
2                                      0.0000000000000000e+00         1.7367445657246136e-01         0.0000000000000000e+00
$End
$Geometry
   &GeometryIndex 78
   &ListStatus       OUT
   &NATOMS [&Type "Integer"] 34
   &NCORELESSECP [&Type "Integer"] 0
   &NGHOSTATOMS [&Type "Integer"] 0
   &CartesianCoordinates [&Type "Coordinates", &Dim(34,4), &Units "Bohr"] 
              C     -3.697622214004   -3.506799657334   -1.625584966131
              C     -2.847320392520   -5.253836929266   -3.415799467647
              C     -0.327851115412   -5.316681343792   -4.040613552313
              C     -2.042551164904   -1.846866215765   -0.494453198462
              C      0.574229514255   -1.838198146496   -1.074291814140
              O     -3.075624304421   -0.324603178804    1.384384978067
              C      1.402599980160   -3.646607634425   -2.898037660750
              C      4.017374999338   -3.796189705489   -3.578268384303
              C      5.762111342936   -2.258082679111   -2.519897185289
              C      2.454907577454   -0.167791509754    0.045040095870
              C      5.028680690283   -0.415163264526   -0.689707393967
              N      1.743767615846    1.593871298689    1.754067647513
              C      3.474646632806    3.085465073007    2.761843037046
              C      6.051706355220    2.967342156647    2.166626600887
              C      6.818117115207    1.203627032522    0.424267196597
              C     -3.671200471350    2.120398602506    0.767672127122
              O     -3.501861265744    2.926693960611   -1.389332036165
              N     -4.485762013662    3.433375568214    2.789472485387
              C     -4.749356142289    2.369527386943    5.318592317645
              C     -5.467266798217    5.982150940174    2.445190678941
              H     -7.502394042929    6.024967759589    2.800972177955
              H     -5.102976959453    6.607482738920    0.527791219447
              H     -4.544157991733    7.264139294029    3.771346286609
              H     -3.568100904342    0.710489171850    5.532043281599
              H     -6.715390034840    1.859829557012    5.703080441249
              H     -4.163783426028    3.788355714271    6.694117535531
              H      0.371747724207   -6.660932056486   -5.415421674231
              H     -5.669434573866   -3.430937404205   -1.090161695608
              H     -4.172460868509   -6.542838158793   -4.290313354844
              H      4.566940429699   -5.193052305938   -4.969382316922
              H      7.738101228561   -2.389226443194   -3.038337040179
              H      2.803271379475    4.468098323606    4.120610562593
              H      7.376157918006    4.242785478478    3.059646851129
              H      8.786094203831    1.035032985528   -0.114998420188
$End
$SCF_Energy
   &GeometryIndex 78
   &ListStatus       OUT
   &SCF_ENERGY [&Type "Double"]      -8.7844052761953890e+02
$End
$DFT_Energy
   &GeometryIndex 78
   &ListStatus       OUT
   &NALPHAEL [&Type "Integer"] 70
   &NBETAEL [&Type "Integer"] 70
   &NTOTALEL [&Type "Integer"] 140
   &EEXCHANGE [&Type "Double"]      -9.3626231531897673e+01
   &ECORR [&Type "Double"]      -6.1571506624393217e+00
   &ECNL [&Type "Double"]       0.0000000000000000e+00
   &EXC [&Type "Double"]      -9.9783382194336994e+01
   &EEMBED [&Type "Double"]       0.0000000000000000e+00
   &FINALEN [&Type "Double"]      -8.7844052761953890e+02  "No Van der Waals correction"
$End
$Solvation_Details
   &GeometryIndex 78
   &ListStatus       OUT
   &SOLVENT [&Type "String"] "WATER"
   &EPSILON [&Type "Double"]       8.0150999999999996e+01
   &REFRAC [&Type "Double"]       1.3328000000000000e+00
   &RSOLV [&Type "Double"]       1.3000000000000000e+00
   &SURFACETYPE [&Type "String"] "GAUSSIAN VDW"
   &NPOINTS [&Type "Integer"] 3000
   &SURFACEAREA [&Type "Double"]       1.0804626741489999e+03
   &CPCMDIELENERGY [&Type "Double"]      -2.4193842000000000e-02
$End
$CIS_Absorption_Spectrum
   &GeometryIndex 78
   &ListStatus       OUT
   &TEMPERATURE [&Type "Double"]       2.9814999999999998e+02
   &METHOD [&Type "Integer"] 20
   &RELCORRECTION [&Type "Integer"] 1 "Type of relativistic treatment in QDPT. 0->Unknow, 1->None, 2->SOC, 3->SSC, 4->SOC/SSC"
   &DENSTYPE [&Type "Integer"] 3 "Type of density (electron/spin ...). 0->Unknow, 1->Electronic, 2->Spin, 3->Trans/Electronic, 4->Tran/Spin"
   &DERITYPE [&Type "Integer"] 0 "Type of derivative (w.r.t. to what perturbation). 0->Unknown, 1->No Derivative, 2->Electric/Dipole, 3->Electric/Quad, 4->Magnetic/Dipole, 5->Magnetic/Quad"
   &DENSLEVEL [&Type "Integer"] 0 "// Source of density: relaxed, unrelaxed, ... 0->Unknown, 1->Linearized, 2->Unrelaxed, 3->Relaxed"
   &REPRESENTATION [&Type "String"] "Length" "Possible values: Unknown,  Length, Velocity"
   &POINTGROUP [&Type "String"] "C1"
   &NTRANS [&Type "Integer"] 3
   &DOHIGHERMOMENTS [&Type "Boolean"] false
   &STATES [&Type "ArrayOfIntegers", &Dim (3,4)] "The initial and Final states. Col1: Initial State  Col2: Initial Irrep Col3: Final State Col4: Final Irrep"
                                                         0                           1                           2                           3

0                                                        0                           0                           1                           0
1                                                        0                           0                           2                           0
2                                                        0                           0                           3                           0
   &MULTIPLICITIES [&Type "ArrayOfDoubles", &Dim (3,2)] "Col1: Multiplicity of the initial state  Col2: Multiplicity of the final state"
                                                         0                           1

0                                      1.0000000000000000e+00         1.0000000000000000e+00
1                                      1.0000000000000000e+00         1.0000000000000000e+00
2                                      1.0000000000000000e+00         1.0000000000000000e+00
   &EXCITATIONENERGIES [&Type "ArrayOfDoubles", &Dim (3,11)] 
                                                         0                           1                           2                           3                           4                           5                           6                           7

0                                      3.8890608664023572e+00         3.1367394573099969e+04         3.1880237858759853e+02         2.0951199279771826e-01         2.1989027783681854e+00        -1.2168599002086644e+00         0.0000000000000000e+00        -7.3452428373345957e-01
1                                      4.2184136738623845e+00         3.4023804390340425e+04         2.9391187079711352e+02         1.9210628817827413e-01         1.8588069824303006e+00        -6.2894369348999257e-01         0.0000000000000000e+00        -9.6993150127343841e-01
2                                      4.3258882992260759e+00         3.4890645794007527e+04         2.8660977096954451e+02         3.8608252966092905e-03         3.6428956362066590e-02         5.7958873008250630e-02         0.0000000000000000e+00        -5.4087172079689071e-02
                                                         8                           9                          10

0                                      0.0000000000000000e+00        -4.2264504993929913e-01         0.0000000000000000e+00
1                                      0.0000000000000000e+00        -7.2282065250442373e-01         0.0000000000000000e+00
2                                      0.0000000000000000e+00         1.7362114853353025e-01         0.0000000000000000e+00
$End
$Geometry
   &GeometryIndex 79
   &ListStatus       OUT
   &NATOMS [&Type "Integer"] 34
   &NCORELESSECP [&Type "Integer"] 0
   &NGHOSTATOMS [&Type "Integer"] 0
   &CartesianCoordinates [&Type "Coordinates", &Dim(34,4), &Units "Bohr"] 
              C     -3.697674470011   -3.507001872962   -1.625758256331
              C     -2.847284972774   -5.253762516444   -3.415739222030
              C     -0.327853911482   -5.316681883612   -4.040613256986
              C     -2.042643855479   -1.846743483380   -0.494325002663
              C      0.574458803656   -1.838188180954   -1.074333006796
              O     -3.075611234653   -0.324606127237    1.384364736780
              C      1.402380270689   -3.646627973012   -2.898009306450
              C      4.017715752339   -3.796067666496   -3.578226528449
              C      5.761979380455   -2.258067148739   -2.519856625046
              C      2.454924663519   -0.167891423550    0.044948449314
              C      5.028511183304   -0.415341402804   -0.689835787794
              N      1.743741186706    1.593984477273    1.754173111314
              C      3.474884307980    3.085387055292    2.761728101456
              C      6.051267476427    2.967545827238    2.166894376297
              C      6.818374682211    1.203641461365    0.424230056726
              C     -3.671161861488    2.120270124897    0.767690129741
              O     -3.501859703283    2.926725052491   -1.389389048211
              N     -4.485817245373    3.433469226262    2.789566514820
              C     -4.749350804259    2.369517565014    5.318603341662
              C     -5.467265448768    5.982151987152    2.445194113295
              H     -7.502434058306    6.024671630829    2.800750123694
              H     -5.103082743800    6.607611479995    0.527811817765
              H     -4.543826820601    7.263961035063    3.771285030875
              H     -3.568223765502    0.710388560270    5.532137216826
              H     -6.715392895545    1.859627938522    5.702779257376
              H     -4.163536414782    3.788545537775    6.693805113487
              H      0.371745207984   -6.660924903801   -5.415416085413
              H     -5.669319300622   -3.430473280720   -1.089770540564
              H     -4.172485315935   -6.542717098256   -4.290196987674
              H      4.566227430144   -5.193253317051   -4.969421099276
              H      7.737851878458   -2.389518437969   -3.038553757059
              H      2.803085960994    4.467839708694    4.120412760191
              H      7.376980215466    4.242282125366    3.059036348771
              H      8.786268420443    1.034663501662   -0.115367932458
$End
$SCF_Energy
   &GeometryIndex 79
   &ListStatus       OUT
   &SCF_ENERGY [&Type "Double"]      -8.7844052758232306e+02
$End
$DFT_Energy
   &GeometryIndex 79
   &ListStatus       OUT
   &NALPHAEL [&Type "Integer"] 70
   &NBETAEL [&Type "Integer"] 70
   &NTOTALEL [&Type "Integer"] 140
   &EEXCHANGE [&Type "Double"]      -9.3626185897261990e+01
   &ECORR [&Type "Double"]      -6.1571512261303676e+00
   &ECNL [&Type "Double"]       0.0000000000000000e+00
   &EXC [&Type "Double"]      -9.9783337123392357e+01
   &EEMBED [&Type "Double"]       0.0000000000000000e+00
   &FINALEN [&Type "Double"]      -8.7844052758232306e+02  "No Van der Waals correction"
$End
$Solvation_Details
   &GeometryIndex 79
   &ListStatus       OUT
   &SOLVENT [&Type "String"] "WATER"
   &EPSILON [&Type "Double"]       8.0150999999999996e+01
   &REFRAC [&Type "Double"]       1.3328000000000000e+00
   &RSOLV [&Type "Double"]       1.3000000000000000e+00
   &SURFACETYPE [&Type "String"] "GAUSSIAN VDW"
   &NPOINTS [&Type "Integer"] 2999
   &SURFACEAREA [&Type "Double"]       1.0804582434060001e+03
   &CPCMDIELENERGY [&Type "Double"]      -2.4193342000000000e-02
$End
$CIS_Absorption_Spectrum
   &GeometryIndex 79
   &ListStatus       OUT
   &TEMPERATURE [&Type "Double"]       2.9814999999999998e+02
   &METHOD [&Type "Integer"] 20
   &RELCORRECTION [&Type "Integer"] 1 "Type of relativistic treatment in QDPT. 0->Unknow, 1->None, 2->SOC, 3->SSC, 4->SOC/SSC"
   &DENSTYPE [&Type "Integer"] 3 "Type of density (electron/spin ...). 0->Unknow, 1->Electronic, 2->Spin, 3->Trans/Electronic, 4->Tran/Spin"
   &DERITYPE [&Type "Integer"] 0 "Type of derivative (w.r.t. to what perturbation). 0->Unknown, 1->No Derivative, 2->Electric/Dipole, 3->Electric/Quad, 4->Magnetic/Dipole, 5->Magnetic/Quad"
   &DENSLEVEL [&Type "Integer"] 0 "// Source of density: relaxed, unrelaxed, ... 0->Unknown, 1->Linearized, 2->Unrelaxed, 3->Relaxed"
   &REPRESENTATION [&Type "String"] "Length" "Possible values: Unknown,  Length, Velocity"
   &POINTGROUP [&Type "String"] "C1"
   &NTRANS [&Type "Integer"] 3
   &DOHIGHERMOMENTS [&Type "Boolean"] false
   &STATES [&Type "ArrayOfIntegers", &Dim (3,4)] "The initial and Final states. Col1: Initial State  Col2: Initial Irrep Col3: Final State Col4: Final Irrep"
                                                         0                           1                           2                           3

0                                                        0                           0                           1                           0
1                                                        0                           0                           2                           0
2                                                        0                           0                           3                           0
   &MULTIPLICITIES [&Type "ArrayOfDoubles", &Dim (3,2)] "Col1: Multiplicity of the initial state  Col2: Multiplicity of the final state"
                                                         0                           1

0                                      1.0000000000000000e+00         1.0000000000000000e+00
1                                      1.0000000000000000e+00         1.0000000000000000e+00
2                                      1.0000000000000000e+00         1.0000000000000000e+00
   &EXCITATIONENERGIES [&Type "ArrayOfDoubles", &Dim (3,11)] 
                                                         0                           1                           2                           3                           4                           5                           6                           7

0                                      3.8891296557334516e+00         3.1367949396530352e+04         3.1879673974181151e+02         2.0938239839238143e-01         2.1975037698217830e+00        -1.2170648400356203e+00         0.0000000000000000e+00        -7.3368228659140100e-01
1                                      4.2190445015145093e+00         3.4028892359017584e+04         2.9386792536460626e+02         1.9143589349823387e-01         1.8520433332590063e+00        -6.2673734955256688e-01         0.0000000000000000e+00        -9.6847458839533329e-01
2                                      4.3268297711413899e+00         3.4898239277900328e+04         2.8654740774651640e+02         3.8489762942907064e-03         3.6309252448528950e-02         5.7011890188603226e-02         0.0000000000000000e+00        -5.4873272678155900e-02
                                                         8                           9                          10

0                                      0.0000000000000000e+00        -4.2186164475200444e-01         0.0000000000000000e+00
1                                      0.0000000000000000e+00        -7.2201149545372179e-01         0.0000000000000000e+00
2                                      0.0000000000000000e+00         1.7334307246394459e-01         0.0000000000000000e+00
$End
$Geometry
   &GeometryIndex 80
   &ListStatus       OUT
   &NATOMS [&Type "Integer"] 34
   &NCORELESSECP [&Type "Integer"] 0
   &NGHOSTATOMS [&Type "Integer"] 0
   &CartesianCoordinates [&Type "Coordinates", &Dim(34,4), &Units "Bohr"] 
              C     -3.697729078878   -3.507064835687   -1.625802610804
              C     -2.847316646242   -5.253767103343   -3.415736217151
              C     -0.327739459795   -5.316664979787   -4.040623209574
              C     -2.042541444356   -1.846648387210   -0.494264957821
              C      0.574469057787   -1.838346472380   -1.074478671040
              O     -3.075623939876   -0.324611459111    1.384364055482
              C      1.402267364053   -3.646521618103   -2.897888290745
              C      4.017668258421   -3.796180506861   -3.578320453044
              C      5.762005988425   -2.257935983608   -2.519741746771
              C      2.454670588136   -0.167727713715    0.045145947879
              C      5.028872422951   -0.415341384766   -0.689907732618
              N      1.743947665794    1.593986072293    1.754135327282
              C      3.474345024880    3.085272843525    2.761727820381
              C      6.051715094201    2.967464128754    2.166734761369
              C      6.818126583231    1.203597987287    0.424239195543
              C     -3.671160383165    2.120281009309    0.767665310855
              O     -3.501862299361    2.926718010647   -1.389369460561
              N     -4.485808322102    3.433454175055    2.789551567239
              C     -4.749350694287    2.369518429651    5.318598019019
              C     -5.467264038796    5.982149594377    2.445191416445
              H     -7.502418707054    6.024758824798    2.800829603009
              H     -5.103048538848    6.607573607444    0.527805227787
              H     -4.543934524470    7.264013480259    3.771309491594
              H     -3.568183177044    0.710417105203    5.532109079206
              H     -6.715394859297    1.859701502617    5.702868550829
              H     -4.163619492700    3.788495030828    6.693893483213
              H      0.371414143996   -6.661079905420   -5.415484095386
              H     -5.669365855453   -3.430458118003   -1.089748384722
              H     -4.172617446582   -6.542674928233   -4.290128688031
              H      4.566389846662   -5.193310277244   -4.969506442382
              H      7.737839123483   -2.389573798522   -3.038603097582
              H      2.804001388363    4.468285312642    4.120643211840
              H      7.376601277382    4.242685366326    3.059472261193
              H      8.786096236911    1.034915520519   -0.115104806883
$End
$SCF_Energy
   &GeometryIndex 80
   &ListStatus       OUT
   &SCF_ENERGY [&Type "Double"]      -8.7844052746463728e+02
$End
$DFT_Energy
   &GeometryIndex 80
   &ListStatus       OUT
   &NALPHAEL [&Type "Integer"] 70
   &NBETAEL [&Type "Integer"] 70
   &NTOTALEL [&Type "Integer"] 140
   &EEXCHANGE [&Type "Double"]      -9.3626115082176554e+01
   &ECORR [&Type "Double"]      -6.1571486444052388e+00
   &ECNL [&Type "Double"]       0.0000000000000000e+00
   &EXC [&Type "Double"]      -9.9783263726581794e+01
   &EEMBED [&Type "Double"]       0.0000000000000000e+00
   &FINALEN [&Type "Double"]      -8.7844052746463728e+02  "No Van der Waals correction"
$End
$Solvation_Details
   &GeometryIndex 80
   &ListStatus       OUT
   &SOLVENT [&Type "String"] "WATER"
   &EPSILON [&Type "Double"]       8.0150999999999996e+01
   &REFRAC [&Type "Double"]       1.3328000000000000e+00
   &RSOLV [&Type "Double"]       1.3000000000000000e+00
   &SURFACETYPE [&Type "String"] "GAUSSIAN VDW"
   &NPOINTS [&Type "Integer"] 2999
   &SURFACEAREA [&Type "Double"]       1.0804706914710000e+03
   &CPCMDIELENERGY [&Type "Double"]      -2.4179431000000001e-02
$End
$CIS_Absorption_Spectrum
   &GeometryIndex 80
   &ListStatus       OUT
   &TEMPERATURE [&Type "Double"]       2.9814999999999998e+02
   &METHOD [&Type "Integer"] 20
   &RELCORRECTION [&Type "Integer"] 1 "Type of relativistic treatment in QDPT. 0->Unknow, 1->None, 2->SOC, 3->SSC, 4->SOC/SSC"
   &DENSTYPE [&Type "Integer"] 3 "Type of density (electron/spin ...). 0->Unknow, 1->Electronic, 2->Spin, 3->Trans/Electronic, 4->Tran/Spin"
   &DERITYPE [&Type "Integer"] 0 "Type of derivative (w.r.t. to what perturbation). 0->Unknown, 1->No Derivative, 2->Electric/Dipole, 3->Electric/Quad, 4->Magnetic/Dipole, 5->Magnetic/Quad"
   &DENSLEVEL [&Type "Integer"] 0 "// Source of density: relaxed, unrelaxed, ... 0->Unknown, 1->Linearized, 2->Unrelaxed, 3->Relaxed"
   &REPRESENTATION [&Type "String"] "Length" "Possible values: Unknown,  Length, Velocity"
   &POINTGROUP [&Type "String"] "C1"
   &NTRANS [&Type "Integer"] 3
   &DOHIGHERMOMENTS [&Type "Boolean"] false
   &STATES [&Type "ArrayOfIntegers", &Dim (3,4)] "The initial and Final states. Col1: Initial State  Col2: Initial Irrep Col3: Final State Col4: Final Irrep"
                                                         0                           1                           2                           3

0                                                        0                           0                           1                           0
1                                                        0                           0                           2                           0
2                                                        0                           0                           3                           0
   &MULTIPLICITIES [&Type "ArrayOfDoubles", &Dim (3,2)] "Col1: Multiplicity of the initial state  Col2: Multiplicity of the final state"
                                                         0                           1

0                                      1.0000000000000000e+00         1.0000000000000000e+00
1                                      1.0000000000000000e+00         1.0000000000000000e+00
2                                      1.0000000000000000e+00         1.0000000000000000e+00
   &EXCITATIONENERGIES [&Type "ArrayOfDoubles", &Dim (3,11)] 
                                                         0                           1                           2                           3                           4                           5                           6                           7

0                                      3.8887067288218873e+00         3.1364538260586138e+04         3.1883141135115568e+02         2.0975131419895690e-01         2.2016150203685507e+00        -1.2172616401237233e+00         0.0000000000000000e+00        -7.3528056146609466e-01
1                                      4.2181345406165764e+00         3.4021553028646558e+04         2.9393132028922599e+02         1.9193528305682975e-01         1.8572752451194279e+00        -6.2274421535609581e-01         0.0000000000000000e+00        -9.7122229545689387e-01
2                                      4.3287935643169106e+00         3.4914078339697655e+04         2.8641741313359830e+02         3.8232877366902915e-03         3.6050557819109680e-02         5.5689144981538152e-02         0.0000000000000000e+00        -5.5341633112107005e-02
                                                         8                           9                          10

0                                      0.0000000000000000e+00        -4.2338117079289039e-01         0.0000000000000000e+00
1                                      0.0000000000000000e+00        -7.2539102570089065e-01         0.0000000000000000e+00
2                                      0.0000000000000000e+00         1.7287735709114668e-01         0.0000000000000000e+00
$End
$Geometry
   &GeometryIndex 81
   &ListStatus       OUT
   &NATOMS [&Type "Integer"] 34
   &NCORELESSECP [&Type "Integer"] 0
   &NGHOSTATOMS [&Type "Integer"] 0
   &CartesianCoordinates [&Type "Coordinates", &Dim(34,4), &Units "Bohr"] 
              C     -3.697642978193   -3.506715010961   -1.625503493322
              C     -2.847269787024   -5.253943721131   -3.415908261361
              C     -0.327660168800   -5.316547220939   -4.040533619657
              C     -2.042607700623   -1.846892633897   -0.494463134913
              C      0.574349454571   -1.838173253280   -1.074295561820
              O     -3.075623556322   -0.324608760175    1.384376269107
              C      1.402295431345   -3.646717925835   -2.898072840743
              C      4.017576661187   -3.796183557964   -3.578304454580
              C      5.762096898140   -2.257952646856   -2.519775384109
              C      2.454895217307   -0.167873102968    0.044970338400
              C      5.028683129568   -0.415185518526   -0.689728349396
              N      1.743902624294    1.594072418736    1.754221262824
              C      3.474461935595    3.085219534492    2.761658071483
              C      6.051472891485    2.967681430687    2.166977230520
              C      6.818208830415    1.203325012852    0.423976389642
              C     -3.671190642040    2.120359315600    0.767692010832
              O     -3.501860134809    2.926706421456   -1.389359441933
              N     -4.485782612196    3.433410225981    2.789507000730
              C     -4.749355684555    2.369525623520    5.318597577951
              C     -5.467266971424    5.982151591358    2.445194313832
              H     -7.502415589368    6.024833179747    2.800853016730
              H     -5.103031885631    6.607548575009    0.527803521768
              H     -4.543996321511    7.264061330299    3.771307709570
              H     -3.568163011926    0.710444834276    5.532100601335
              H     -6.715386852194    1.859717241281    5.702940232292
              H     -4.163651619340    3.788431587466    6.693979078006
              H      0.371180035002   -6.661080689694   -5.415432347099
              H     -5.669491263885   -3.430959708113   -1.090169194026
              H     -4.172860638420   -6.542714008972   -4.290107770826
              H      4.566393739849   -5.193289837323   -4.969488298188
              H      7.737930123968   -2.389612548810   -3.038656239851
              H      2.803988363196    4.468177705174    4.120547740535
              H      7.377004178256    4.242562135819    3.059284362947
              H      8.786394442194    1.035265384122   -0.114846627320
$End
$SCF_Energy
   &GeometryIndex 81
   &ListStatus       OUT
   &SCF_ENERGY [&Type "Double"]      -8.7844052764298101e+02
$End
$DFT_Energy
   &GeometryIndex 81
   &ListStatus       OUT
   &NALPHAEL [&Type "Integer"] 70
   &NBETAEL [&Type "Integer"] 70
   &NTOTALEL [&Type "Integer"] 140
   &EEXCHANGE [&Type "Double"]      -9.3626188145089898e+01
   &ECORR [&Type "Double"]      -6.1571461018918408e+00
   &ECNL [&Type "Double"]       0.0000000000000000e+00
   &EXC [&Type "Double"]      -9.9783334246981738e+01
   &EEMBED [&Type "Double"]       0.0000000000000000e+00
   &FINALEN [&Type "Double"]      -8.7844052764298101e+02  "No Van der Waals correction"
$End
$Solvation_Details
   &GeometryIndex 81
   &ListStatus       OUT
   &SOLVENT [&Type "String"] "WATER"
   &EPSILON [&Type "Double"]       8.0150999999999996e+01
   &REFRAC [&Type "Double"]       1.3328000000000000e+00
   &RSOLV [&Type "Double"]       1.3000000000000000e+00
   &SURFACETYPE [&Type "String"] "GAUSSIAN VDW"
   &NPOINTS [&Type "Integer"] 2999
   &SURFACEAREA [&Type "Double"]       1.0804678538280000e+03
   &CPCMDIELENERGY [&Type "Double"]      -2.4192001000000001e-02
$End
$CIS_Absorption_Spectrum
   &GeometryIndex 81
   &ListStatus       OUT
   &TEMPERATURE [&Type "Double"]       2.9814999999999998e+02
   &METHOD [&Type "Integer"] 20
   &RELCORRECTION [&Type "Integer"] 1 "Type of relativistic treatment in QDPT. 0->Unknow, 1->None, 2->SOC, 3->SSC, 4->SOC/SSC"
   &DENSTYPE [&Type "Integer"] 3 "Type of density (electron/spin ...). 0->Unknow, 1->Electronic, 2->Spin, 3->Trans/Electronic, 4->Tran/Spin"
   &DERITYPE [&Type "Integer"] 0 "Type of derivative (w.r.t. to what perturbation). 0->Unknown, 1->No Derivative, 2->Electric/Dipole, 3->Electric/Quad, 4->Magnetic/Dipole, 5->Magnetic/Quad"
   &DENSLEVEL [&Type "Integer"] 0 "// Source of density: relaxed, unrelaxed, ... 0->Unknown, 1->Linearized, 2->Unrelaxed, 3->Relaxed"
   &REPRESENTATION [&Type "String"] "Length" "Possible values: Unknown,  Length, Velocity"
   &POINTGROUP [&Type "String"] "C1"
   &NTRANS [&Type "Integer"] 3
   &DOHIGHERMOMENTS [&Type "Boolean"] false
   &STATES [&Type "ArrayOfIntegers", &Dim (3,4)] "The initial and Final states. Col1: Initial State  Col2: Initial Irrep Col3: Final State Col4: Final Irrep"
                                                         0                           1                           2                           3

0                                                        0                           0                           1                           0
1                                                        0                           0                           2                           0
2                                                        0                           0                           3                           0
   &MULTIPLICITIES [&Type "ArrayOfDoubles", &Dim (3,2)] "Col1: Multiplicity of the initial state  Col2: Multiplicity of the final state"
                                                         0                           1

0                                      1.0000000000000000e+00         1.0000000000000000e+00
1                                      1.0000000000000000e+00         1.0000000000000000e+00
2                                      1.0000000000000000e+00         1.0000000000000000e+00
   &EXCITATIONENERGIES [&Type "ArrayOfDoubles", &Dim (3,11)] 
                                                         0                           1                           2                           3                           4                           5                           6                           7

0                                      3.8891238039506222e+00         3.1367902198713891e+04         3.1879721942036684e+02         2.0825180026442425e-01         2.1856412394145339e+00        -1.2147634662018414e+00         0.0000000000000000e+00        -7.3068675170787756e-01
1                                      4.2192210278250393e+00         3.4030316139880146e+04         2.9385563034135299e+02         1.9106860288218325e-01         1.8484126481314904e+00        -6.2703407973830882e-01         0.0000000000000000e+00        -9.6729792010119886e-01
2                                      4.3255970913292217e+00         3.4888297043674931e+04         2.8662906611582372e+02         3.8467791024339735e-03         3.6298866538424839e-02         5.6863781593578654e-02         0.0000000000000000e+00        -5.4752476601994962e-02
                                                         8                           9                          10

0                                      0.0000000000000000e+00        -4.1962820624263625e-01         0.0000000000000000e+00
1                                      0.0000000000000000e+00        -7.2081595761062145e-01         0.0000000000000000e+00
2                                      0.0000000000000000e+00         1.7339995152032373e-01         0.0000000000000000e+00
$End
$Geometry
   &GeometryIndex 82
   &ListStatus       OUT
   &NATOMS [&Type "Integer"] 34
   &NCORELESSECP [&Type "Integer"] 0
   &NGHOSTATOMS [&Type "Integer"] 0
   &CartesianCoordinates [&Type "Coordinates", &Dim(34,4), &Units "Bohr"] 
              C     -3.697578633082   -3.506719308579   -1.625522385808
              C     -2.847431849979   -5.253908370734   -3.415839084265
              C     -0.327461270679   -5.316517582435   -4.040550821030
              C     -2.042710793697   -1.846900375711   -0.494447571179
              C      0.574456367855   -1.838234159949   -1.074374306746
              O     -3.075616868393   -0.324608010861    1.384375151458
              C      1.402167408196   -3.646700514914   -2.898029497814
              C      4.017565004293   -3.796242913209   -3.578356746534
              C      5.762138891182   -2.257794324102   -2.519638927415
              C      2.454864666484   -0.167688691460    0.045141821185
              C      5.028584718342   -0.415491900355   -0.689986909576
              N      1.743778992898    1.593866931016    1.754061174827
              C      3.474699095740    3.085416295534    2.761789392958
              C      6.051530862979    2.967413607814    2.166724597054
              C      6.818281223658    1.203762904445    0.424358004164
              C     -3.671186053840    2.120355293608    0.767679797359
              O     -3.501860428732    2.926705314097   -1.389354819182
              N     -4.485786486289    3.433415114734    2.789513800241
              C     -4.749355038360    2.369524816644    5.318598010815
              C     -5.467266977712    5.982151991515    2.445193359482
              H     -7.502416320284    6.024821506366    2.800851303902
              H     -5.103033007462    6.607549763914    0.527802331181
              H     -4.543986568129    7.264051393489    3.771310319369
              H     -3.568164331703    0.710442243752    5.532100362086
              H     -6.715388915645    1.859716217124    5.702928679639
              H     -4.163646813214    3.788440103551    6.693968402877
              H      0.370977993091   -6.661212410504   -5.415508910969
              H     -5.669425334303   -3.430978592434   -1.090203065063
              H     -4.172763952802   -6.542829203557   -4.290235416021
              H      4.566385832488   -5.193356308698   -4.969547097144
              H      7.737857385759   -2.389855270644   -3.038864309587
              H      2.803456164912    4.468081579395    4.120561004351
              H      7.376604110577    4.242507279889    3.059310756254
              H      8.786115687512    1.034643244913   -0.115357187964
$End
$SCF_Energy
   &GeometryIndex 82
   &ListStatus       OUT
   &SCF_ENERGY [&Type "Double"]      -8.7844052758429712e+02
$End
$DFT_Energy
   &GeometryIndex 82
   &ListStatus       OUT
   &NALPHAEL [&Type "Integer"] 70
   &NBETAEL [&Type "Integer"] 70
   &NTOTALEL [&Type "Integer"] 140
   &EEXCHANGE [&Type "Double"]      -9.3626122581450332e+01
   &ECORR [&Type "Double"]      -6.1571456335058068e+00
   &ECNL [&Type "Double"]       0.0000000000000000e+00
   &EXC [&Type "Double"]      -9.9783268214956138e+01
   &EEMBED [&Type "Double"]       0.0000000000000000e+00
   &FINALEN [&Type "Double"]      -8.7844052758429712e+02  "No Van der Waals correction"
$End
$Solvation_Details
   &GeometryIndex 82
   &ListStatus       OUT
   &SOLVENT [&Type "String"] "WATER"
   &EPSILON [&Type "Double"]       8.0150999999999996e+01
   &REFRAC [&Type "Double"]       1.3328000000000000e+00
   &RSOLV [&Type "Double"]       1.3000000000000000e+00
   &SURFACETYPE [&Type "String"] "GAUSSIAN VDW"
   &NPOINTS [&Type "Integer"] 2999
   &SURFACEAREA [&Type "Double"]       1.0804686676429999e+03
   &CPCMDIELENERGY [&Type "Double"]      -2.4192294999999999e-02
$End
$CIS_Absorption_Spectrum
   &GeometryIndex 82
   &ListStatus       OUT
   &TEMPERATURE [&Type "Double"]       2.9814999999999998e+02
   &METHOD [&Type "Integer"] 20
   &RELCORRECTION [&Type "Integer"] 1 "Type of relativistic treatment in QDPT. 0->Unknow, 1->None, 2->SOC, 3->SSC, 4->SOC/SSC"
   &DENSTYPE [&Type "Integer"] 3 "Type of density (electron/spin ...). 0->Unknow, 1->Electronic, 2->Spin, 3->Trans/Electronic, 4->Tran/Spin"
   &DERITYPE [&Type "Integer"] 0 "Type of derivative (w.r.t. to what perturbation). 0->Unknown, 1->No Derivative, 2->Electric/Dipole, 3->Electric/Quad, 4->Magnetic/Dipole, 5->Magnetic/Quad"
   &DENSLEVEL [&Type "Integer"] 0 "// Source of density: relaxed, unrelaxed, ... 0->Unknown, 1->Linearized, 2->Unrelaxed, 3->Relaxed"
   &REPRESENTATION [&Type "String"] "Length" "Possible values: Unknown,  Length, Velocity"
   &POINTGROUP [&Type "String"] "C1"
   &NTRANS [&Type "Integer"] 3
   &DOHIGHERMOMENTS [&Type "Boolean"] false
   &STATES [&Type "ArrayOfIntegers", &Dim (3,4)] "The initial and Final states. Col1: Initial State  Col2: Initial Irrep Col3: Final State Col4: Final Irrep"
                                                         0                           1                           2                           3

0                                                        0                           0                           1                           0
1                                                        0                           0                           2                           0
2                                                        0                           0                           3                           0
   &MULTIPLICITIES [&Type "ArrayOfDoubles", &Dim (3,2)] "Col1: Multiplicity of the initial state  Col2: Multiplicity of the final state"
                                                         0                           1

0                                      1.0000000000000000e+00         1.0000000000000000e+00
1                                      1.0000000000000000e+00         1.0000000000000000e+00
2                                      1.0000000000000000e+00         1.0000000000000000e+00
   &EXCITATIONENERGIES [&Type "ArrayOfDoubles", &Dim (3,11)] 
                                                         0                           1                           2                           3                           4                           5                           6                           7

0                                      3.8886754155483279e+00         3.1364285701976012e+04         3.1883397871771012e+02         2.0989873201831313e-01         2.2031801044464898e+00        -1.2174884163451494e+00         0.0000000000000000e+00        -7.3577866658600632e-01
1                                      4.2181387839910256e+00         3.4021587253773199e+04         2.9393102459941633e+02         1.9189791610043039e-01         1.8569117931188086e+00        -6.2471167333844857e-01         0.0000000000000000e+00        -9.7056763720868688e-01
2                                      4.3268214891935664e+00         3.4898172479479283e+04         2.8654795622550631e+02         3.8523655548361973e-03         3.6341294540836046e-02         5.7239169128707100e-02         0.0000000000000000e+00        -5.4344586996827905e-02
                                                         8                           9                          10

0                                      0.0000000000000000e+00        -4.2371194732835765e-01         0.0000000000000000e+00
1                                      0.0000000000000000e+00        -7.2432422292550114e-01         0.0000000000000000e+00
2                                      0.0000000000000000e+00         1.7352705242248401e-01         0.0000000000000000e+00
$End
$Geometry
   &GeometryIndex 83
   &ListStatus       OUT
   &NATOMS [&Type "Integer"] 34
   &NCORELESSECP [&Type "Integer"] 0
   &NGHOSTATOMS [&Type "Integer"] 0
   &CartesianCoordinates [&Type "Coordinates", &Dim(34,4), &Units "Bohr"] 
              C     -3.697772666066   -3.506953587077   -1.625690351264
              C     -2.847162381134   -5.253859647048   -3.415856071469
              C     -0.327877248416   -5.316657094616   -4.040585266765
              C     -2.042407347329   -1.846693148220   -0.494333315344
              C      0.574198909476   -1.838337642391   -1.074411883696
              O     -3.075631559882   -0.324616303436    1.384369829670
              C      1.402490200587   -3.646526497779   -2.897940132301
              C      4.017285367572   -3.796385847534   -3.578430483512
              C      5.762292017628   -2.257675457392   -2.519560848930
              C      2.455009120705   -0.167718371015    0.045086171502
              C      5.028523344856   -0.415411652657   -0.689901940430
              N      1.743799693884    1.593951505608    1.754132765525
              C      3.474651261991    3.085331312715    2.761722527904
              C      6.051446632498    2.967561702745    2.166874417589
              C      6.818289408483    1.203553998153    0.424167573600
              C     -3.671178468993    2.120329209104    0.767670828506
              O     -3.501861625571    2.926709190144   -1.389358346582
              N     -4.485792550442    3.433427215322    2.789525511993
              C     -4.749353962611    2.369523074490    5.318597210427
              C     -5.467265300053    5.982151127683    2.445192857852
              H     -7.502415442440    6.024804942548    2.800849465024
              H     -5.103035584112    6.607556288734    0.527803409080
              H     -4.543978355875    7.264046708661    3.771309684125
              H     -3.568168119509    0.710436310752    5.532105838687
              H     -6.715390435974    1.859714464906    5.702915873557
              H     -4.163641129835    3.788451787550    6.693951571074
              H      0.371514653867   -6.660976013669   -5.415409595954
              H     -5.669487730325   -3.430626096011   -1.089870461819
              H     -4.172824189888   -6.542573289846   -4.289988921997
              H      4.566843012610   -5.193280693701   -4.969572094199
              H      7.737963725537   -2.389969165152   -3.038989956778
              H      2.803638547718    4.468079633952    4.120524492122
              H      7.376847561847    4.242493479765    3.059251793426
              H      8.786288136937    1.034916904672   -0.115143347715
$End
$SCF_Energy
   &GeometryIndex 83
   &ListStatus       OUT
   &SCF_ENERGY [&Type "Double"]      -8.7844052756794235e+02
$End
$DFT_Energy
   &GeometryIndex 83
   &ListStatus       OUT
   &NALPHAEL [&Type "Integer"] 70
   &NBETAEL [&Type "Integer"] 70
   &NTOTALEL [&Type "Integer"] 140
   &EEXCHANGE [&Type "Double"]      -9.3626032670600580e+01
   &ECORR [&Type "Double"]      -6.1571407164430978e+00
   &ECNL [&Type "Double"]       0.0000000000000000e+00
   &EXC [&Type "Double"]      -9.9783173387043675e+01
   &EEMBED [&Type "Double"]       0.0000000000000000e+00
   &FINALEN [&Type "Double"]      -8.7844052756794235e+02  "No Van der Waals correction"
$End
$Solvation_Details
   &GeometryIndex 83
   &ListStatus       OUT
   &SOLVENT [&Type "String"] "WATER"
   &EPSILON [&Type "Double"]       8.0150999999999996e+01
   &REFRAC [&Type "Double"]       1.3328000000000000e+00
   &RSOLV [&Type "Double"]       1.3000000000000000e+00
   &SURFACETYPE [&Type "String"] "GAUSSIAN VDW"
   &NPOINTS [&Type "Integer"] 3000
   &SURFACEAREA [&Type "Double"]       1.0804668990420000e+03
   &CPCMDIELENERGY [&Type "Double"]      -2.4188485999999999e-02
$End
$CIS_Absorption_Spectrum
   &GeometryIndex 83
   &ListStatus       OUT
   &TEMPERATURE [&Type "Double"]       2.9814999999999998e+02
   &METHOD [&Type "Integer"] 20
   &RELCORRECTION [&Type "Integer"] 1 "Type of relativistic treatment in QDPT. 0->Unknow, 1->None, 2->SOC, 3->SSC, 4->SOC/SSC"
   &DENSTYPE [&Type "Integer"] 3 "Type of density (electron/spin ...). 0->Unknow, 1->Electronic, 2->Spin, 3->Trans/Electronic, 4->Tran/Spin"
   &DERITYPE [&Type "Integer"] 0 "Type of derivative (w.r.t. to what perturbation). 0->Unknown, 1->No Derivative, 2->Electric/Dipole, 3->Electric/Quad, 4->Magnetic/Dipole, 5->Magnetic/Quad"
   &DENSLEVEL [&Type "Integer"] 0 "// Source of density: relaxed, unrelaxed, ... 0->Unknown, 1->Linearized, 2->Unrelaxed, 3->Relaxed"
   &REPRESENTATION [&Type "String"] "Length" "Possible values: Unknown,  Length, Velocity"
   &POINTGROUP [&Type "String"] "C1"
   &NTRANS [&Type "Integer"] 3
   &DOHIGHERMOMENTS [&Type "Boolean"] false
   &STATES [&Type "ArrayOfIntegers", &Dim (3,4)] "The initial and Final states. Col1: Initial State  Col2: Initial Irrep Col3: Final State Col4: Final Irrep"
                                                         0                           1                           2                           3

0                                                        0                           0                           1                           0
1                                                        0                           0                           2                           0
2                                                        0                           0                           3                           0
   &MULTIPLICITIES [&Type "ArrayOfDoubles", &Dim (3,2)] "Col1: Multiplicity of the initial state  Col2: Multiplicity of the final state"
                                                         0                           1

0                                      1.0000000000000000e+00         1.0000000000000000e+00
1                                      1.0000000000000000e+00         1.0000000000000000e+00
2                                      1.0000000000000000e+00         1.0000000000000000e+00
   &EXCITATIONENERGIES [&Type "ArrayOfDoubles", &Dim (3,11)] 
                                                         0                           1                           2                           3                           4                           5                           6                           7

0                                      3.8881493397500337e+00         3.1360042614066791e+04         3.1887711770883953e+02         2.1009032069693725e-01         2.2054894625578529e+00        -1.2185836777175598e+00         0.0000000000000000e+00        -7.3570599463339625e-01
1                                      4.2170520234213962e+00         3.4012821937732886e+04         2.9400677245501572e+02         1.9365812014184225e-01         1.8744274411728121e+00        -6.3227348296795705e-01         0.0000000000000000e+00        -9.7366406385946891e-01
2                                      4.3269991652465620e+00         3.4899605533641188e+04         2.8653618993947026e+02         3.8455245545099561e-03         3.6275270353878800e-02         5.7668597305482072e-02         0.0000000000000000e+00        -5.4641160490250376e-02
                                                         8                           9                          10

0                                      0.0000000000000000e+00        -4.2341465777495740e-01         0.0000000000000000e+00
1                                      0.0000000000000000e+00        -7.2569688896745632e-01         0.0000000000000000e+00
2                                      0.0000000000000000e+00         1.7310097290014187e-01         0.0000000000000000e+00
$End
$Geometry
   &GeometryIndex 84
   &ListStatus       OUT
   &NATOMS [&Type "Integer"] 34
   &NCORELESSECP [&Type "Integer"] 0
   &NGHOSTATOMS [&Type "Integer"] 0
   &CartesianCoordinates [&Type "Coordinates", &Dim(34,4), &Units "Bohr"] 
              C     -3.697728879200   -3.506855852027   -1.625615502750
              C     -2.847159607800   -5.253907497006   -3.415901357171
              C     -0.327822224896   -5.316599400181   -4.040544567639
              C     -2.042514975337   -1.846778853205   -0.494354838217
              C      0.574314579312   -1.838239188520   -1.074350391206
              O     -3.075613267829   -0.324615978733    1.384325641414
              C      1.402347697241   -3.646657076101   -2.898029806631
              C      4.017612464253   -3.796170224991   -3.578299514155
              C      5.762062506164   -2.257931132422   -2.519748783640
              C      2.454869882900   -0.167751375173    0.045085455160
              C      5.028654514112   -0.415359715589   -0.689880701775
              N      1.743824583300    1.593937993817    1.754114200666
              C      3.474603908210    3.085352665377    2.761750395596
              C      6.051541228329    2.967480616029    2.166783392102
              C      6.818235379017    1.203630282502    0.424247040054
              C     -3.671283364700    2.120260309406    0.768284082562
              O     -3.501831607431    2.926814608216   -1.389666376196
              N     -4.485722397380    3.433364822670    2.789344198055
              C     -4.749363648113    2.369534928149    5.318584563511
              C     -5.467266139660    5.982119442683    2.445227300579
              H     -7.502405818686    6.025125725665    2.800822439030
              H     -5.103051970483    6.607576011854    0.527867849900
              H     -4.544173709736    7.264275654930    3.771209485881
              H     -3.568181042483    0.710454819913    5.532135282987
              H     -6.715321216635    1.859698100257    5.703170644200
              H     -4.163747710716    3.788302267650    6.694120634274
              H      0.371395650805   -6.660981886056   -5.415388579719
              H     -5.669485423397   -3.430724099371   -1.089944496507
              H     -4.172882291288   -6.542592868574   -4.289990646702
              H      4.566357249889   -5.193294709821   -4.969485661598
              H      7.737870185079   -2.389652559782   -3.038681435239
              H      2.803613605608    4.468116661678    4.120561172255
              H      7.376686743624    4.242546333922    3.059330226096
              H      8.786174227209    1.034836085414   -0.115193359406
$End
$SCF_Energy
   &GeometryIndex 84
   &ListStatus       OUT
   &SCF_ENERGY [&Type "Double"]      -8.7844052733867284e+02
$End
$DFT_Energy
   &GeometryIndex 84
   &ListStatus       OUT
   &NALPHAEL [&Type "Integer"] 70
   &NBETAEL [&Type "Integer"] 70
   &NTOTALEL [&Type "Integer"] 140
   &EEXCHANGE [&Type "Double"]      -9.3626167422314907e+01
   &ECORR [&Type "Double"]      -6.1571443517542326e+00
   &ECNL [&Type "Double"]       0.0000000000000000e+00
   &EXC [&Type "Double"]      -9.9783311774069134e+01
   &EEMBED [&Type "Double"]       0.0000000000000000e+00
   &FINALEN [&Type "Double"]      -8.7844052733867284e+02  "No Van der Waals correction"
$End
$Solvation_Details
   &GeometryIndex 84
   &ListStatus       OUT
   &SOLVENT [&Type "String"] "WATER"
   &EPSILON [&Type "Double"]       8.0150999999999996e+01
   &REFRAC [&Type "Double"]       1.3328000000000000e+00
   &RSOLV [&Type "Double"]       1.3000000000000000e+00
   &SURFACETYPE [&Type "String"] "GAUSSIAN VDW"
   &NPOINTS [&Type "Integer"] 2999
   &SURFACEAREA [&Type "Double"]       1.0804696931460001e+03
   &CPCMDIELENERGY [&Type "Double"]      -2.4233602999999999e-02
$End
$CIS_Absorption_Spectrum
   &GeometryIndex 84
   &ListStatus       OUT
   &TEMPERATURE [&Type "Double"]       2.9814999999999998e+02
   &METHOD [&Type "Integer"] 20
   &RELCORRECTION [&Type "Integer"] 1 "Type of relativistic treatment in QDPT. 0->Unknow, 1->None, 2->SOC, 3->SSC, 4->SOC/SSC"
   &DENSTYPE [&Type "Integer"] 3 "Type of density (electron/spin ...). 0->Unknow, 1->Electronic, 2->Spin, 3->Trans/Electronic, 4->Tran/Spin"
   &DERITYPE [&Type "Integer"] 0 "Type of derivative (w.r.t. to what perturbation). 0->Unknown, 1->No Derivative, 2->Electric/Dipole, 3->Electric/Quad, 4->Magnetic/Dipole, 5->Magnetic/Quad"
   &DENSLEVEL [&Type "Integer"] 0 "// Source of density: relaxed, unrelaxed, ... 0->Unknown, 1->Linearized, 2->Unrelaxed, 3->Relaxed"
   &REPRESENTATION [&Type "String"] "Length" "Possible values: Unknown,  Length, Velocity"
   &POINTGROUP [&Type "String"] "C1"
   &NTRANS [&Type "Integer"] 3
   &DOHIGHERMOMENTS [&Type "Boolean"] false
   &STATES [&Type "ArrayOfIntegers", &Dim (3,4)] "The initial and Final states. Col1: Initial State  Col2: Initial Irrep Col3: Final State Col4: Final Irrep"
                                                         0                           1                           2                           3

0                                                        0                           0                           1                           0
1                                                        0                           0                           2                           0
2                                                        0                           0                           3                           0
   &MULTIPLICITIES [&Type "ArrayOfDoubles", &Dim (3,2)] "Col1: Multiplicity of the initial state  Col2: Multiplicity of the final state"
                                                         0                           1

0                                      1.0000000000000000e+00         1.0000000000000000e+00
1                                      1.0000000000000000e+00         1.0000000000000000e+00
2                                      1.0000000000000000e+00         1.0000000000000000e+00
   &EXCITATIONENERGIES [&Type "ArrayOfDoubles", &Dim (3,11)] 
                                                         0                           1                           2                           3                           4                           5                           6                           7

0                                      3.8891526261934546e+00         3.1368134665804137e+04         3.1879485683608289e+02         2.0956730461601000e-01         2.1994314014331939e+00        -1.2165977098186058e+00         0.0000000000000000e+00        -7.3500592914039842e-01
1                                      4.2184698907789917e+00         3.4024257810398762e+04         2.9390795401696374e+02         1.9190723108315524e-01         1.8568561744333620e+00        -6.2786349302862332e-01         0.0000000000000000e+00        -9.6962982267005537e-01
2                                      4.3270715702453817e+00         3.4900189519401516e+04         2.8653139532210434e+02         3.8490966981851601e-03         3.6308359232448822e-02         5.7283901976496562e-02         0.0000000000000000e+00        -5.4599126903046198e-02
                                                         8                           9                          10

0                                      0.0000000000000000e+00        -4.2318754474319892e-01         0.0000000000000000e+00
1                                      0.0000000000000000e+00        -7.2281506316906186e-01         0.0000000000000000e+00
2                                      0.0000000000000000e+00         1.7333738531609680e-01         0.0000000000000000e+00
$End
$Geometry
   &GeometryIndex 85
   &ListStatus       OUT
   &NATOMS [&Type "Integer"] 34
   &NCORELESSECP [&Type "Integer"] 0
   &NGHOSTATOMS [&Type "Integer"] 0
   &CartesianCoordinates [&Type "Coordinates", &Dim(34,4), &Units "Bohr"] 
              C     -3.697731837432   -3.506843369281   -1.625599643523
              C     -2.847148884189   -5.253914572544   -3.415909138675
              C     -0.327827363164   -5.316596933228   -4.040541674100
              C     -2.042502403306   -1.846778709729   -0.494386590459
              C      0.574305250078   -1.838232419563   -1.074339231594
              O     -3.075624954323   -0.324616336167    1.384370224519
              C      1.402346144169   -3.646663415592   -2.898034189414
              C      4.017619900189   -3.796164847516   -3.578296234145
              C      5.762057983397   -2.257937197826   -2.519753393712
              C      2.454871473026   -0.167753583415    0.045082083979
              C      5.028654535671   -0.415356975753   -0.689878344244
              N      1.743822403033    1.593937104050    1.754115582467
              C      3.474605019479    3.085353435797    2.761750984782
              C      6.051541296440    2.967480194087    2.166782671041
              C      6.818235098580    1.203630211253    0.424247132881
              C     -3.671186223924    2.120344865367    0.767687733958
              O     -3.501860286823    2.926708654093   -1.389362580426
              N     -4.485787922001    3.433421329394    2.789511046569
              C     -4.749283092522    2.369537799302    5.318542414060
              C     -5.467312776078    5.982187796020    2.445215311985
              H     -7.501492293463    6.024825245762    2.800693935036
              H     -5.103099629849    6.607457716555    0.528106335522
              H     -4.544282597028    7.263683788642    3.770918496586
              H     -3.567930772095    0.710137550422    5.532138325656
              H     -6.716687956230    1.859379727693    5.703150222844
              H     -4.163432168515    3.788902581040    6.694398552916
              H      0.371392793475   -6.660978180033   -5.415385001918
              H     -5.669500481000   -3.430737782666   -1.089967379935
              H     -4.172897821877   -6.542584992470   -4.289982140430
              H      4.566344214179   -5.193295523241   -4.969483531725
              H      7.737868322657   -2.389647395101   -3.038675740637
              H      2.803611572372    4.468115297707    4.120562051283
              H      7.376684962488    4.242546750272    3.059330845225
              H      8.786174103879    1.034836966049   -0.115192344838
$End
$SCF_Energy
   &GeometryIndex 85
   &ListStatus       OUT
   &SCF_ENERGY [&Type "Double"]      -8.7844052702912029e+02
$End
$DFT_Energy
   &GeometryIndex 85
   &ListStatus       OUT
   &NALPHAEL [&Type "Integer"] 70
   &NBETAEL [&Type "Integer"] 70
   &NTOTALEL [&Type "Integer"] 140
   &EEXCHANGE [&Type "Double"]      -9.3625995960860564e+01
   &ECORR [&Type "Double"]      -6.1571425759656746e+00
   &ECNL [&Type "Double"]       0.0000000000000000e+00
   &EXC [&Type "Double"]      -9.9783138536826243e+01
   &EEMBED [&Type "Double"]       0.0000000000000000e+00
   &FINALEN [&Type "Double"]      -8.7844052702912029e+02  "No Van der Waals correction"
$End
$Solvation_Details
   &GeometryIndex 85
   &ListStatus       OUT
   &SOLVENT [&Type "String"] "WATER"
   &EPSILON [&Type "Double"]       8.0150999999999996e+01
   &REFRAC [&Type "Double"]       1.3328000000000000e+00
   &RSOLV [&Type "Double"]       1.3000000000000000e+00
   &SURFACETYPE [&Type "String"] "GAUSSIAN VDW"
   &NPOINTS [&Type "Integer"] 3000
   &SURFACEAREA [&Type "Double"]       1.0804722463250000e+03
   &CPCMDIELENERGY [&Type "Double"]      -2.4178476000000001e-02
$End
$CIS_Absorption_Spectrum
   &GeometryIndex 85
   &ListStatus       OUT
   &TEMPERATURE [&Type "Double"]       2.9814999999999998e+02
   &METHOD [&Type "Integer"] 20
   &RELCORRECTION [&Type "Integer"] 1 "Type of relativistic treatment in QDPT. 0->Unknow, 1->None, 2->SOC, 3->SSC, 4->SOC/SSC"
   &DENSTYPE [&Type "Integer"] 3 "Type of density (electron/spin ...). 0->Unknow, 1->Electronic, 2->Spin, 3->Trans/Electronic, 4->Tran/Spin"
   &DERITYPE [&Type "Integer"] 0 "Type of derivative (w.r.t. to what perturbation). 0->Unknown, 1->No Derivative, 2->Electric/Dipole, 3->Electric/Quad, 4->Magnetic/Dipole, 5->Magnetic/Quad"
   &DENSLEVEL [&Type "Integer"] 0 "// Source of density: relaxed, unrelaxed, ... 0->Unknown, 1->Linearized, 2->Unrelaxed, 3->Relaxed"
   &REPRESENTATION [&Type "String"] "Length" "Possible values: Unknown,  Length, Velocity"
   &POINTGROUP [&Type "String"] "C1"
   &NTRANS [&Type "Integer"] 3
   &DOHIGHERMOMENTS [&Type "Boolean"] false
   &STATES [&Type "ArrayOfIntegers", &Dim (3,4)] "The initial and Final states. Col1: Initial State  Col2: Initial Irrep Col3: Final State Col4: Final Irrep"
                                                         0                           1                           2                           3

0                                                        0                           0                           1                           0
1                                                        0                           0                           2                           0
2                                                        0                           0                           3                           0
   &MULTIPLICITIES [&Type "ArrayOfDoubles", &Dim (3,2)] "Col1: Multiplicity of the initial state  Col2: Multiplicity of the final state"
                                                         0                           1

0                                      1.0000000000000000e+00         1.0000000000000000e+00
1                                      1.0000000000000000e+00         1.0000000000000000e+00
2                                      1.0000000000000000e+00         1.0000000000000000e+00
   &EXCITATIONENERGIES [&Type "ArrayOfDoubles", &Dim (3,11)] 
                                                         0                           1                           2                           3                           4                           5                           6                           7

0                                      3.8890703547011500e+00         3.1367471101398773e+04         3.1880160079446341e+02         2.0963138789983102e-01         2.2001505045753151e+00        -1.2170790852591442e+00         0.0000000000000000e+00        -7.3486474094285770e-01
1                                      4.2184255978005867e+00         3.4023900563397961e+04         2.9391104001631555e+02         1.9196480773741023e-01         1.8574327773044512e+00        -6.2756337569534815e-01         0.0000000000000000e+00        -9.6989416410560880e-01
2                                      4.3264854021270462e+00         3.4895461754194032e+04         2.8657021564697061e+02         3.8592846622870817e-03         3.6409394058143703e-02         5.7621272814652451e-02         0.0000000000000000e+00        -5.4020682226084048e-02
                                                         8                           9                          10

0                                      0.0000000000000000e+00        -4.2289811694906704e-01         0.0000000000000000e+00
1                                      0.0000000000000000e+00        -7.2311983600520402e-01         0.0000000000000000e+00
2                                      0.0000000000000000e+00         1.7369786662245321e-01         0.0000000000000000e+00
$End
$Geometry
   &GeometryIndex 86
   &ListStatus       OUT
   &NATOMS [&Type "Integer"] 34
   &NCORELESSECP [&Type "Integer"] 0
   &NGHOSTATOMS [&Type "Integer"] 0
   &CartesianCoordinates [&Type "Coordinates", &Dim(34,4), &Units "Bohr"] 
              C     -3.697731857131   -3.506843236107   -1.625599521770
              C     -2.847148761796   -5.253914513977   -3.415909109511
              C     -0.327827406998   -5.316596895165   -4.040541629864
              C     -2.042502182158   -1.846779070245   -0.494387260291
              C      0.574305231928   -1.838232303346   -1.074339105773
              O     -3.075625501120   -0.324615019982    1.384370193629
              C      1.402346117807   -3.646663430769   -2.898034190713
              C      4.017619894127   -3.796164794424   -3.578296185237
              C      5.762057937250   -2.257937194402   -2.519753381869
              C      2.454871525847   -0.167753602679    0.045082059709
              C      5.028654506871   -0.415356987944   -0.689878349302
              N      1.743822280278    1.593937126325    1.754115555667
              C      3.474605135247    3.085353300142    2.761750841507
              C      6.051541261760    2.967480151576    2.166782645817
              C      6.818235072031    1.203630232564    0.424247157259
              C     -3.671182948753    2.120340255279    0.767679785451
              O     -3.501860844149    2.926708299143   -1.389359944439
              N     -4.485789003771    3.433422810449    2.789519437687
              C     -4.749411675193    2.369511627079    5.318636546277
              C     -5.467335736683    5.982198068329    2.445220317398
              H     -7.501130093934    6.024815808649    2.800633870622
              H     -5.103119089020    6.607424377089    0.528195378340
              H     -4.544350775218    7.263592019498    3.770831673022
              H     -3.568333222283    0.710654966387    5.532077073084
              H     -6.714401781388    1.859973009479    5.702753837940
              H     -4.163791080146    3.788135715756    6.693674373005
              H      0.371392854921   -6.660978335329   -5.415385171810
              H     -5.669501000568   -3.430737889801   -1.089967418444
              H     -4.172898636150   -6.542585566084   -4.289982455104
              H      4.566344293138   -5.193295959441   -4.969483941388
              H      7.737868647053   -2.389647418722   -3.038675822077
              H      2.803610537388    4.468117372845    4.120564070819
              H      7.376685048728    4.242546894095    3.059330961332
              H      8.786174403434    1.034836923950   -0.115192445789
$End
$SCF_Energy
   &GeometryIndex 86
   &ListStatus       OUT
   &SCF_ENERGY [&Type "Double"]      -8.7844052730480746e+02
$End
$DFT_Energy
   &GeometryIndex 86
   &ListStatus       OUT
   &NALPHAEL [&Type "Integer"] 70
   &NBETAEL [&Type "Integer"] 70
   &NTOTALEL [&Type "Integer"] 140
   &EEXCHANGE [&Type "Double"]      -9.3626762919204268e+01
   &ECORR [&Type "Double"]      -6.1571820547552845e+00
   &ECNL [&Type "Double"]       0.0000000000000000e+00
   &EXC [&Type "Double"]      -9.9783944973959549e+01
   &EEMBED [&Type "Double"]       0.0000000000000000e+00
   &FINALEN [&Type "Double"]      -8.7844052730480746e+02  "No Van der Waals correction"
$End
$Solvation_Details
   &GeometryIndex 86
   &ListStatus       OUT
   &SOLVENT [&Type "String"] "WATER"
   &EPSILON [&Type "Double"]       8.0150999999999996e+01
   &REFRAC [&Type "Double"]       1.3328000000000000e+00
   &RSOLV [&Type "Double"]       1.3000000000000000e+00
   &SURFACETYPE [&Type "String"] "GAUSSIAN VDW"
   &NPOINTS [&Type "Integer"] 3000
   &SURFACEAREA [&Type "Double"]       1.0804224246280000e+03
   &CPCMDIELENERGY [&Type "Double"]      -2.4196305000000001e-02
$End
$CIS_Absorption_Spectrum
   &GeometryIndex 86
   &ListStatus       OUT
   &TEMPERATURE [&Type "Double"]       2.9814999999999998e+02
   &METHOD [&Type "Integer"] 20
   &RELCORRECTION [&Type "Integer"] 1 "Type of relativistic treatment in QDPT. 0->Unknow, 1->None, 2->SOC, 3->SSC, 4->SOC/SSC"
   &DENSTYPE [&Type "Integer"] 3 "Type of density (electron/spin ...). 0->Unknow, 1->Electronic, 2->Spin, 3->Trans/Electronic, 4->Tran/Spin"
   &DERITYPE [&Type "Integer"] 0 "Type of derivative (w.r.t. to what perturbation). 0->Unknown, 1->No Derivative, 2->Electric/Dipole, 3->Electric/Quad, 4->Magnetic/Dipole, 5->Magnetic/Quad"
   &DENSLEVEL [&Type "Integer"] 0 "// Source of density: relaxed, unrelaxed, ... 0->Unknown, 1->Linearized, 2->Unrelaxed, 3->Relaxed"
   &REPRESENTATION [&Type "String"] "Length" "Possible values: Unknown,  Length, Velocity"
   &POINTGROUP [&Type "String"] "C1"
   &NTRANS [&Type "Integer"] 3
   &DOHIGHERMOMENTS [&Type "Boolean"] false
   &STATES [&Type "ArrayOfIntegers", &Dim (3,4)] "The initial and Final states. Col1: Initial State  Col2: Initial Irrep Col3: Final State Col4: Final Irrep"
                                                         0                           1                           2                           3

0                                                        0                           0                           1                           0
1                                                        0                           0                           2                           0
2                                                        0                           0                           3                           0
   &MULTIPLICITIES [&Type "ArrayOfDoubles", &Dim (3,2)] "Col1: Multiplicity of the initial state  Col2: Multiplicity of the final state"
                                                         0                           1

0                                      1.0000000000000000e+00         1.0000000000000000e+00
1                                      1.0000000000000000e+00         1.0000000000000000e+00
2                                      1.0000000000000000e+00         1.0000000000000000e+00
   &EXCITATIONENERGIES [&Type "ArrayOfDoubles", &Dim (3,11)] 
                                                         0                           1                           2                           3                           4                           5                           6                           7

0                                      3.8890867064112928e+00         3.1367602986849175e+04         3.1880026038943703e+02         2.0956921339758619e-01         2.1994887148686182e+00        -1.2169372352809180e+00         0.0000000000000000e+00        -7.3469668835318780e-01
1                                      4.2184296578546867e+00         3.4023933309946115e+04         2.9391075713979046e+02         1.9198076817005769e-01         1.8575854210493192e+00        -6.2783431335091389e-01         0.0000000000000000e+00        -9.6985954714502454e-01
2                                      4.3268081323887202e+00         3.4898064749571669e+04         2.8654884079561282e+02         3.8521034657676349e-03         3.6338934300838593e-02         5.7409948619490024e-02         0.0000000000000000e+00        -5.4399950172415085e-02
                                                         8                           9                          10

0                                      0.0000000000000000e+00        -4.2281586580722408e-01         0.0000000000000000e+00
1                                      0.0000000000000000e+00        -7.2303662067709507e-01         0.0000000000000000e+00
2                                      0.0000000000000000e+00         1.7344646874925090e-01         0.0000000000000000e+00
$End
$Geometry
   &GeometryIndex 87
   &ListStatus       OUT
   &NATOMS [&Type "Integer"] 34
   &NCORELESSECP [&Type "Integer"] 0
   &NGHOSTATOMS [&Type "Integer"] 0
   &CartesianCoordinates [&Type "Coordinates", &Dim(34,4), &Units "Bohr"] 
              C     -3.697731854440   -3.506843333861   -1.625599603833
              C     -2.847148841855   -5.253914548519   -3.415909127528
              C     -0.327827377158   -5.316596923921   -4.040541664614
              C     -2.042502283567   -1.846778772540   -0.494386772911
              C      0.574305239761   -1.838232396979   -1.074339209843
              O     -3.075624970016   -0.324616012889    1.384369968847
              C      1.402346143997   -3.646663416600   -2.898034185441
              C      4.017619896183   -3.796164831439   -3.578296220381
              C      5.762057969737   -2.257937195559   -2.519753389675
              C      2.454871484545   -0.167753588789    0.045082077693
              C      5.028654528093   -0.415356978176   -0.689878346009
              N      1.743822359600    1.593937116462    1.754115571928
              C      3.474605122017    3.085353278278    2.761750826992
              C      6.051541283710    2.967480182864    2.166782664370
              C      6.818235089037    1.203630220185    0.424247143696
              C     -3.671184327538    2.120343711532    0.767685596379
              O     -3.501860492491    2.926708595782   -1.389361829309
              N     -4.485788554487    3.433418991169    2.789515341623
              C     -4.749332525430    2.369542928348    5.318616533202
              C     -5.467128380627    5.982233448809    2.445245978419
              H     -7.503355538616    6.024839386624    2.801042197779
              H     -5.103042318838    6.607502303197    0.528009234553
              H     -4.544676167663    7.263108705969    3.770294022475
              H     -3.568206902468    0.710505213740    5.532098168208
              H     -6.715513342647    1.859685853144    5.702958422448
              H     -4.163750066869    3.788181843333    6.693714586888
              H      0.371392812785   -6.660978225444   -5.415385053160
              H     -5.669500641908   -3.430737819692   -1.089967399361
              H     -4.172898123832   -6.542585218042   -4.289982275152
              H      4.566344254422   -5.193295669856   -4.969483671819
              H      7.737868422464   -2.389647402084   -3.038675763712
              H      2.803610610139    4.468117302160    4.120564037289
              H      7.376684944920    4.242546746478    3.059330845070
              H      8.786174216893    1.034836944261   -0.115192383333
$End
$SCF_Energy
   &GeometryIndex 87
   &ListStatus       OUT
   &SCF_ENERGY [&Type "Double"]      -8.7844052726683424e+02
$End
$DFT_Energy
   &GeometryIndex 87
   &ListStatus       OUT
   &NALPHAEL [&Type "Integer"] 70
   &NBETAEL [&Type "Integer"] 70
   &NTOTALEL [&Type "Integer"] 140
   &EEXCHANGE [&Type "Double"]      -9.3626350481881417e+01
   &ECORR [&Type "Double"]      -6.1571596614847213e+00
   &ECNL [&Type "Double"]       0.0000000000000000e+00
   &EXC [&Type "Double"]      -9.9783510143366144e+01
   &EEMBED [&Type "Double"]       0.0000000000000000e+00
   &FINALEN [&Type "Double"]      -8.7844052726683424e+02  "No Van der Waals correction"
$End
$Solvation_Details
   &GeometryIndex 87
   &ListStatus       OUT
   &SOLVENT [&Type "String"] "WATER"
   &EPSILON [&Type "Double"]       8.0150999999999996e+01
   &REFRAC [&Type "Double"]       1.3328000000000000e+00
   &RSOLV [&Type "Double"]       1.3000000000000000e+00
   &SURFACETYPE [&Type "String"] "GAUSSIAN VDW"
   &NPOINTS [&Type "Integer"] 2999
   &SURFACEAREA [&Type "Double"]       1.0804511179700000e+03
   &CPCMDIELENERGY [&Type "Double"]      -2.4190186999999998e-02
$End
$CIS_Absorption_Spectrum
   &GeometryIndex 87
   &ListStatus       OUT
   &TEMPERATURE [&Type "Double"]       2.9814999999999998e+02
   &METHOD [&Type "Integer"] 20
   &RELCORRECTION [&Type "Integer"] 1 "Type of relativistic treatment in QDPT. 0->Unknow, 1->None, 2->SOC, 3->SSC, 4->SOC/SSC"
   &DENSTYPE [&Type "Integer"] 3 "Type of density (electron/spin ...). 0->Unknow, 1->Electronic, 2->Spin, 3->Trans/Electronic, 4->Tran/Spin"
   &DERITYPE [&Type "Integer"] 0 "Type of derivative (w.r.t. to what perturbation). 0->Unknown, 1->No Derivative, 2->Electric/Dipole, 3->Electric/Quad, 4->Magnetic/Dipole, 5->Magnetic/Quad"
   &DENSLEVEL [&Type "Integer"] 0 "// Source of density: relaxed, unrelaxed, ... 0->Unknown, 1->Linearized, 2->Unrelaxed, 3->Relaxed"
   &REPRESENTATION [&Type "String"] "Length" "Possible values: Unknown,  Length, Velocity"
   &POINTGROUP [&Type "String"] "C1"
   &NTRANS [&Type "Integer"] 3
   &DOHIGHERMOMENTS [&Type "Boolean"] false
   &STATES [&Type "ArrayOfIntegers", &Dim (3,4)] "The initial and Final states. Col1: Initial State  Col2: Initial Irrep Col3: Final State Col4: Final Irrep"
                                                         0                           1                           2                           3

0                                                        0                           0                           1                           0
1                                                        0                           0                           2                           0
2                                                        0                           0                           3                           0
   &MULTIPLICITIES [&Type "ArrayOfDoubles", &Dim (3,2)] "Col1: Multiplicity of the initial state  Col2: Multiplicity of the final state"
                                                         0                           1

0                                      1.0000000000000000e+00         1.0000000000000000e+00
1                                      1.0000000000000000e+00         1.0000000000000000e+00
2                                      1.0000000000000000e+00         1.0000000000000000e+00
   &EXCITATIONENERGIES [&Type "ArrayOfDoubles", &Dim (3,11)] 
                                                         0                           1                           2                           3                           4                           5                           6                           7

0                                      3.8890775921453846e+00         3.1367529475329349e+04         3.1880100751527237e+02         2.0959235480771132e-01         2.1997367457646733e+00        -1.2170345448371678e+00         0.0000000000000000e+00        -7.3470974532602706e-01
1                                      4.2184323276760392e+00         3.4023954843509789e+04         2.9391057112537698e+02         1.9200722875711951e-01         1.8578402750482841e+00        -6.2778541464086390e-01         0.0000000000000000e+00        -9.6995634409105036e-01
2                                      4.3267133538424867e+00         3.4897300308962767e+04         2.8655511777315542e+02         3.8539213175139819e-03         3.6356879456032908e-02         5.7478751226172312e-02         0.0000000000000000e+00        -5.4314627433022671e-02
                                                         8                           9                          10

0                                      0.0000000000000000e+00        -4.2280640080375487e-01         0.0000000000000000e+00
1                                      0.0000000000000000e+00        -7.2312546544151413e-01         0.0000000000000000e+00
2                                      0.0000000000000000e+00         1.7350214367645331e-01         0.0000000000000000e+00
$End
$Geometry
   &GeometryIndex 88
   &ListStatus       OUT
   &NATOMS [&Type "Integer"] 34
   &NCORELESSECP [&Type "Integer"] 0
   &NGHOSTATOMS [&Type "Integer"] 0
   &CartesianCoordinates [&Type "Coordinates", &Dim(34,4), &Units "Bohr"] 
              C     -3.697731862102   -3.506843333188   -1.625599604351
              C     -2.847148845506   -5.253914552670   -3.415909130212
              C     -0.327827377063   -5.316596926414   -4.040541666268
              C     -2.042502318070   -1.846778755032   -0.494386757504
              C      0.574305244543   -1.838232404707   -1.074339202852
              O     -3.075625034996   -0.324616220024    1.384369709339
              C      1.402346141752   -3.646663418256   -2.898034180457
              C      4.017619897002   -3.796164833204   -3.578296220934
              C      5.762057972066   -2.257937196191   -2.519753389687
              C      2.454871487732   -0.167753578656    0.045082082407
              C      5.028654527394   -0.415356981700   -0.689878345612
              N      1.743822383503    1.593937112746    1.754115562748
              C      3.474605120784    3.085353261019    2.761750803073
              C      6.051541291120    2.967480184855    2.166782671407
              C      6.818235091346    1.203630219782    0.424247142193
              C     -3.671184959471    2.120344012800    0.767685589457
              O     -3.501860434490    2.926708760615   -1.389361765873
              N     -4.485787779277    3.433418839492    2.789515352696
              C     -4.749240632685    2.369613925764    5.318676593860
              C     -5.467298337273    5.982134637228    2.445182286392
              H     -7.502173894559    6.024819966084    2.800802385921
              H     -5.103037707521    6.607555678734    0.527776502136
              H     -4.543846939392    7.264243283464    3.771517714793
              H     -3.568305071684    0.710689409131    5.532090242599
              H     -6.716159635520    1.859540236586    5.703081036375
              H     -4.164093955840    3.787305304800    6.692894966189
              H      0.371392802182   -6.660978211856   -5.415385034592
              H     -5.669500547367   -3.430737815941   -1.089967428997
              H     -4.172898097956   -6.542585196435   -4.289982261865
              H      4.566344247434   -5.193295656288   -4.969483664144
              H      7.737868405787   -2.389647406088   -3.038675760237
              H      2.803610522956    4.468117504529    4.120564187167
              H      7.376684896083    4.242546697826    3.059330799439
              H      8.786174200833    1.034836945587   -0.115192381652
$End
$SCF_Energy
   &GeometryIndex 88
   &ListStatus       OUT
   &SCF_ENERGY [&Type "Double"]      -8.7844052733997182e+02
$End
$DFT_Energy
   &GeometryIndex 88
   &ListStatus       OUT
   &NALPHAEL [&Type "Integer"] 70
   &NBETAEL [&Type "Integer"] 70
   &NTOTALEL [&Type "Integer"] 140
   &EEXCHANGE [&Type "Double"]      -9.3626340231642885e+01
   &ECORR [&Type "Double"]      -6.1571575781914891e+00
   &ECNL [&Type "Double"]       0.0000000000000000e+00
   &EXC [&Type "Double"]      -9.9783497809834373e+01
   &EEMBED [&Type "Double"]       0.0000000000000000e+00
   &FINALEN [&Type "Double"]      -8.7844052733997182e+02  "No Van der Waals correction"
$End
$Solvation_Details
   &GeometryIndex 88
   &ListStatus       OUT
   &SOLVENT [&Type "String"] "WATER"
   &EPSILON [&Type "Double"]       8.0150999999999996e+01
   &REFRAC [&Type "Double"]       1.3328000000000000e+00
   &RSOLV [&Type "Double"]       1.3000000000000000e+00
   &SURFACETYPE [&Type "String"] "GAUSSIAN VDW"
   &NPOINTS [&Type "Integer"] 2999
   &SURFACEAREA [&Type "Double"]       1.0804533610579999e+03
   &CPCMDIELENERGY [&Type "Double"]      -2.4192822999999999e-02
$End
$CIS_Absorption_Spectrum
   &GeometryIndex 88
   &ListStatus       OUT
   &TEMPERATURE [&Type "Double"]       2.9814999999999998e+02
   &METHOD [&Type "Integer"] 20
   &RELCORRECTION [&Type "Integer"] 1 "Type of relativistic treatment in QDPT. 0->Unknow, 1->None, 2->SOC, 3->SSC, 4->SOC/SSC"
   &DENSTYPE [&Type "Integer"] 3 "Type of density (electron/spin ...). 0->Unknow, 1->Electronic, 2->Spin, 3->Trans/Electronic, 4->Tran/Spin"
   &DERITYPE [&Type "Integer"] 0 "Type of derivative (w.r.t. to what perturbation). 0->Unknown, 1->No Derivative, 2->Electric/Dipole, 3->Electric/Quad, 4->Magnetic/Dipole, 5->Magnetic/Quad"
   &DENSLEVEL [&Type "Integer"] 0 "// Source of density: relaxed, unrelaxed, ... 0->Unknown, 1->Linearized, 2->Unrelaxed, 3->Relaxed"
   &REPRESENTATION [&Type "String"] "Length" "Possible values: Unknown,  Length, Velocity"
   &POINTGROUP [&Type "String"] "C1"
   &NTRANS [&Type "Integer"] 3
   &DOHIGHERMOMENTS [&Type "Boolean"] false
   &STATES [&Type "ArrayOfIntegers", &Dim (3,4)] "The initial and Final states. Col1: Initial State  Col2: Initial Irrep Col3: Final State Col4: Final Irrep"
                                                         0                           1                           2                           3

0                                                        0                           0                           1                           0
1                                                        0                           0                           2                           0
2                                                        0                           0                           3                           0
   &MULTIPLICITIES [&Type "ArrayOfDoubles", &Dim (3,2)] "Col1: Multiplicity of the initial state  Col2: Multiplicity of the final state"
                                                         0                           1

0                                      1.0000000000000000e+00         1.0000000000000000e+00
1                                      1.0000000000000000e+00         1.0000000000000000e+00
2                                      1.0000000000000000e+00         1.0000000000000000e+00
   &EXCITATIONENERGIES [&Type "ArrayOfDoubles", &Dim (3,11)] 
                                                         0                           1                           2                           3                           4                           5                           6                           7

0                                      3.8891023987862505e+00         3.1367729554402114e+04         3.1879897404294633e+02         2.0953776076079433e-01         2.1991497369491717e+00        -1.2168968670999769e+00         0.0000000000000000e+00        -7.3458305242610078e-01
1                                      4.2184386834288512e+00         3.4024006106118708e+04         2.9391012830207694e+02         1.9200039414309236e-01         1.8577713450603435e+00        -6.2792338403730608e-01         0.0000000000000000e+00        -9.6988499435985642e-01
2                                      4.3269317716179145e+00         3.4899061967311398e+04         2.8654065285097386e+02         3.8498021585143568e-03         3.6316187108600080e-02         5.7322016240812755e-02         0.0000000000000000e+00        -5.4511281439627010e-02
                                                         8                           9                          10

0                                      0.0000000000000000e+00        -4.2272862557412078e-01         0.0000000000000000e+00
1                                      0.0000000000000000e+00        -7.2305370931560997e-01         0.0000000000000000e+00
2                                      0.0000000000000000e+00         1.7337500903676359e-01         0.0000000000000000e+00
$End
$Geometry
   &GeometryIndex 89
   &ListStatus       OUT
   &NATOMS [&Type "Integer"] 34
   &NCORELESSECP [&Type "Integer"] 0
   &NGHOSTATOMS [&Type "Integer"] 0
   &CartesianCoordinates [&Type "Coordinates", &Dim(34,4), &Units "Bohr"] 
              C     -3.697732034255   -3.506843403730   -1.625599624614
              C     -2.847148903264   -5.253914558482   -3.415909119177
              C     -0.327827192384   -5.316597192135   -4.040541947584
              C     -2.042502234911   -1.846778644549   -0.494386612290
              C      0.574305031116   -1.838232621210   -1.074339370006
              O     -3.075625159408   -0.324616199147    1.384369877197
              C      1.402345996850   -3.646663426565   -2.898034166004
              C      4.017619867013   -3.796165170459   -3.578296521398
              C      5.762059475387   -2.257937080289   -2.519753588782
              C      2.454872195273   -0.167750957526    0.045084312125
              C      5.028654315725   -0.415357224268   -0.689878526048
              N      1.743821014588    1.593936628809    1.754115390400
              C      3.474662790945    3.085247309380    2.761645457590
              C      6.051550716478    2.967494421473    2.166793667850
              C      6.818232577884    1.203630985422    0.424248330395
              C     -3.671185593352    2.120343967309    0.767687067215
              O     -3.501860539012    2.926708865455   -1.389362228777
              N     -4.485787239289    3.433418631886    2.789514805982
              C     -4.749355273017    2.369524720458    5.318597076939
              C     -5.467266125353    5.982150781351    2.445193894727
              H     -7.502415869724    6.024821246174    2.800850545147
              H     -5.103033894945    6.607553672853    0.527802893086
              H     -4.543987383102    7.264057139229    3.771308825192
              H     -3.568162675677    0.710435497353    5.532105622517
              H     -6.715387597163    1.859714956492    5.702929668005
              H     -4.163645746024    3.788442197293    6.693967673981
              H      0.371391160213   -6.660975247324   -5.415381982042
              H     -5.669498658501   -3.430737894978   -1.089967954930
              H     -4.172898246412   -6.542585396027   -4.289982411687
              H      4.566343153940   -5.193292948976   -4.969480958793
              H      7.737853435981   -2.389646721290   -3.038672126176
              H      2.802990072448    4.469353951084    4.121783310756
              H      7.376520258713    4.242379534367    3.059212032662
              H      8.786206925845    1.034832940378   -0.115202432057
$End
$SCF_Energy
   &GeometryIndex 89
   &ListStatus       OUT
   &SCF_ENERGY [&Type "Double"]      -8.7844052722140236e+02
$End
$DFT_Energy
   &GeometryIndex 89
   &ListStatus       OUT
   &NALPHAEL [&Type "Integer"] 70
   &NBETAEL [&Type "Integer"] 70
   &NTOTALEL [&Type "Integer"] 140
   &EEXCHANGE [&Type "Double"]      -9.3625922010810001e+01
   &ECORR [&Type "Double"]      -6.1571359743047500e+00
   &ECNL [&Type "Double"]       0.0000000000000000e+00
   &EXC [&Type "Double"]      -9.9783057985114752e+01
   &EEMBED [&Type "Double"]       0.0000000000000000e+00
   &FINALEN [&Type "Double"]      -8.7844052722140236e+02  "No Van der Waals correction"
$End
$Solvation_Details
   &GeometryIndex 89
   &ListStatus       OUT
   &SOLVENT [&Type "String"] "WATER"
   &EPSILON [&Type "Double"]       8.0150999999999996e+01
   &REFRAC [&Type "Double"]       1.3328000000000000e+00
   &RSOLV [&Type "Double"]       1.3000000000000000e+00
   &SURFACETYPE [&Type "String"] "GAUSSIAN VDW"
   &NPOINTS [&Type "Integer"] 3001
   &SURFACEAREA [&Type "Double"]       1.0804790211980001e+03
   &CPCMDIELENERGY [&Type "Double"]      -2.4186638999999999e-02
$End
$CIS_Absorption_Spectrum
   &GeometryIndex 89
   &ListStatus       OUT
   &TEMPERATURE [&Type "Double"]       2.9814999999999998e+02
   &METHOD [&Type "Integer"] 20
   &RELCORRECTION [&Type "Integer"] 1 "Type of relativistic treatment in QDPT. 0->Unknow, 1->None, 2->SOC, 3->SSC, 4->SOC/SSC"
   &DENSTYPE [&Type "Integer"] 3 "Type of density (electron/spin ...). 0->Unknow, 1->Electronic, 2->Spin, 3->Trans/Electronic, 4->Tran/Spin"
   &DERITYPE [&Type "Integer"] 0 "Type of derivative (w.r.t. to what perturbation). 0->Unknown, 1->No Derivative, 2->Electric/Dipole, 3->Electric/Quad, 4->Magnetic/Dipole, 5->Magnetic/Quad"
   &DENSLEVEL [&Type "Integer"] 0 "// Source of density: relaxed, unrelaxed, ... 0->Unknown, 1->Linearized, 2->Unrelaxed, 3->Relaxed"
   &REPRESENTATION [&Type "String"] "Length" "Possible values: Unknown,  Length, Velocity"
   &POINTGROUP [&Type "String"] "C1"
   &NTRANS [&Type "Integer"] 3
   &DOHIGHERMOMENTS [&Type "Boolean"] false
   &STATES [&Type "ArrayOfIntegers", &Dim (3,4)] "The initial and Final states. Col1: Initial State  Col2: Initial Irrep Col3: Final State Col4: Final Irrep"
                                                         0                           1                           2                           3

0                                                        0                           0                           1                           0
1                                                        0                           0                           2                           0
2                                                        0                           0                           3                           0
   &MULTIPLICITIES [&Type "ArrayOfDoubles", &Dim (3,2)] "Col1: Multiplicity of the initial state  Col2: Multiplicity of the final state"
                                                         0                           1

0                                      1.0000000000000000e+00         1.0000000000000000e+00
1                                      1.0000000000000000e+00         1.0000000000000000e+00
2                                      1.0000000000000000e+00         1.0000000000000000e+00
   &EXCITATIONENERGIES [&Type "ArrayOfDoubles", &Dim (3,11)] 
                                                         0                           1                           2                           3                           4                           5                           6                           7

0                                      3.8889900226922918e+00         3.1366823179984003e+04         3.1880818604484188e+02         2.0963481598372205e-01         2.2002319310808098e+00        -1.2174173222485363e+00         0.0000000000000000e+00        -7.3453880300886820e-01
1                                      4.2185360123756652e+00         3.4024791117097710e+04         2.9390334728535413e+02         1.9201148317139405e-01         1.8578357766005134e+00        -6.2728478151331479e-01         0.0000000000000000e+00        -9.7009194062870419e-01
2                                      4.3270706761169482e+00         3.4900182307768599e+04         2.8653145452979629e+02         3.8497276788200482e-03         3.6314318748765381e-02         5.7136246799668944e-02         0.0000000000000000e+00        -5.4593060660094624e-02
                                                         8                           9                          10

0                                      0.0000000000000000e+00        -4.2258696317363187e-01         0.0000000000000000e+00
1                                      0.0000000000000000e+00        -7.2337487253120758e-01         0.0000000000000000e+00
2                                      0.0000000000000000e+00         1.7340520689464872e-01         0.0000000000000000e+00
$End
$Geometry
   &GeometryIndex 90
   &ListStatus       OUT
   &NATOMS [&Type "Integer"] 34
   &NCORELESSECP [&Type "Integer"] 0
   &NGHOSTATOMS [&Type "Integer"] 0
   &CartesianCoordinates [&Type "Coordinates", &Dim(34,4), &Units "Bohr"] 
              C     -3.697731857433   -3.506843370125   -1.625599653744
              C     -2.847148892470   -5.253914577359   -3.415909143714
              C     -0.327827364502   -5.316596928816   -4.040541669055
              C     -2.042502395398   -1.846778746989   -0.494386589820
              C      0.574305254695   -1.838232413584   -1.074339235877
              O     -3.075624917727   -0.324616356880    1.384369737313
              C      1.402346144806   -3.646663415859   -2.898034189897
              C      4.017619905697   -3.796164860581   -3.578296247489
              C      5.762057957272   -2.257937194662   -2.519753385931
              C      2.454871478219   -0.167753585957    0.045082084779
              C      5.028654533925   -0.415356977584   -0.689878344182
              N      1.743822391437    1.593937109454    1.754115566114
              C      3.474605013517    3.085353459589    2.761751003596
              C      6.051541278634    2.967480175491    2.166782661118
              C      6.818235112447    1.203630213060    0.424247130849
              C     -3.671185632141    2.120343304739    0.767688853640
              O     -3.501860939624    2.926710182051   -1.389362423264
              N     -4.485787589056    3.433418995208    2.789515560408
              C     -4.749355687001    2.369527329005    5.318596845219
              C     -5.467299515216    5.982124602322    2.445356058601
              H     -7.502123385162    6.024823979091    2.800823178328
              H     -5.102715392826    6.608094132751    0.526135016553
              H     -4.544188627945    7.263803610232    3.771058031514
              H     -3.568152332930    0.710419823296    5.532106553065
              H     -6.715390076394    1.859715484147    5.702929696667
              H     -4.163650418029    3.788434656900    6.693957200064
              H      0.371392819863   -6.660978224765   -5.415385045122
              H     -5.669500324557   -3.430737811341   -1.089967413407
              H     -4.172897732290   -6.542584900058   -4.289982072149
              H      4.566344144320   -5.193295352753   -4.969483360795
              H      7.737868609048   -2.389647412206   -3.038675813554
              H      2.803611685220    4.468115129229    4.120561855523
              H      7.376685131483    4.242546925669    3.059330970514
              H      8.786173931443    1.034836977332   -0.115192300924
$End
$SCF_Energy
   &GeometryIndex 90
   &ListStatus       OUT
   &SCF_ENERGY [&Type "Double"]      -8.7844052723874711e+02
$End
$DFT_Energy
   &GeometryIndex 90
   &ListStatus       OUT
   &NALPHAEL [&Type "Integer"] 70
   &NBETAEL [&Type "Integer"] 70
   &NTOTALEL [&Type "Integer"] 140
   &EEXCHANGE [&Type "Double"]      -9.3625999951358693e+01
   &ECORR [&Type "Double"]      -6.1571402004062703e+00
   &ECNL [&Type "Double"]       0.0000000000000000e+00
   &EXC [&Type "Double"]      -9.9783140151764968e+01
   &EEMBED [&Type "Double"]       0.0000000000000000e+00
   &FINALEN [&Type "Double"]      -8.7844052723874711e+02  "No Van der Waals correction"
$End
$Solvation_Details
   &GeometryIndex 90
   &ListStatus       OUT
   &SOLVENT [&Type "String"] "WATER"
   &EPSILON [&Type "Double"]       8.0150999999999996e+01
   &REFRAC [&Type "Double"]       1.3328000000000000e+00
   &RSOLV [&Type "Double"]       1.3000000000000000e+00
   &SURFACETYPE [&Type "String"] "GAUSSIAN VDW"
   &NPOINTS [&Type "Integer"] 2999
   &SURFACEAREA [&Type "Double"]       1.0804600771329999e+03
   &CPCMDIELENERGY [&Type "Double"]      -2.4186556000000001e-02
$End
$CIS_Absorption_Spectrum
   &GeometryIndex 90
   &ListStatus       OUT
   &TEMPERATURE [&Type "Double"]       2.9814999999999998e+02
   &METHOD [&Type "Integer"] 20
   &RELCORRECTION [&Type "Integer"] 1 "Type of relativistic treatment in QDPT. 0->Unknow, 1->None, 2->SOC, 3->SSC, 4->SOC/SSC"
   &DENSTYPE [&Type "Integer"] 3 "Type of density (electron/spin ...). 0->Unknow, 1->Electronic, 2->Spin, 3->Trans/Electronic, 4->Tran/Spin"
   &DERITYPE [&Type "Integer"] 0 "Type of derivative (w.r.t. to what perturbation). 0->Unknown, 1->No Derivative, 2->Electric/Dipole, 3->Electric/Quad, 4->Magnetic/Dipole, 5->Magnetic/Quad"
   &DENSLEVEL [&Type "Integer"] 0 "// Source of density: relaxed, unrelaxed, ... 0->Unknown, 1->Linearized, 2->Unrelaxed, 3->Relaxed"
   &REPRESENTATION [&Type "String"] "Length" "Possible values: Unknown,  Length, Velocity"
   &POINTGROUP [&Type "String"] "C1"
   &NTRANS [&Type "Integer"] 3
   &DOHIGHERMOMENTS [&Type "Boolean"] false
   &STATES [&Type "ArrayOfIntegers", &Dim (3,4)] "The initial and Final states. Col1: Initial State  Col2: Initial Irrep Col3: Final State Col4: Final Irrep"
                                                         0                           1                           2                           3

0                                                        0                           0                           1                           0
1                                                        0                           0                           2                           0
2                                                        0                           0                           3                           0
   &MULTIPLICITIES [&Type "ArrayOfDoubles", &Dim (3,2)] "Col1: Multiplicity of the initial state  Col2: Multiplicity of the final state"
                                                         0                           1

0                                      1.0000000000000000e+00         1.0000000000000000e+00
1                                      1.0000000000000000e+00         1.0000000000000000e+00
2                                      1.0000000000000000e+00         1.0000000000000000e+00
   &EXCITATIONENERGIES [&Type "ArrayOfDoubles", &Dim (3,11)] 
                                                         0                           1                           2                           3                           4                           5                           6                           7

0                                      3.8890506111951355e+00         3.1367311859266883e+04         3.1880321925149883e+02         2.0959624246455455e-01         2.1997928092595540e+00        -1.2171399099392823e+00         0.0000000000000000e+00        -7.3462333290027282e-01
1                                      4.2184548912787525e+00         3.4024136831257892e+04         2.9390899906130829e+02         1.9199832980373796e-01         1.8577442330545213e+00        -6.2761116072951428e-01         0.0000000000000000e+00        -9.6997052409466900e-01
2                                      4.3269322990689041e+00         3.4899066221490975e+04         2.8654061792180454e+02         3.8498919850299520e-03         3.6317030038503319e-02         5.7294117856601857e-02         0.0000000000000000e+00        -5.4460573033012979e-02
                                                         8                           9                          10

0                                      0.0000000000000000e+00        -4.2271953781561217e-01         0.0000000000000000e+00
1                                      0.0000000000000000e+00        -7.2319129306829044e-01         0.0000000000000000e+00
2                                      0.0000000000000000e+00         1.7340259537403988e-01         0.0000000000000000e+00
$End
$Geometry
   &GeometryIndex 91
   &ListStatus       OUT
   &NATOMS [&Type "Integer"] 34
   &NCORELESSECP [&Type "Integer"] 0
   &NGHOSTATOMS [&Type "Integer"] 0
   &CartesianCoordinates [&Type "Coordinates", &Dim(34,4), &Units "Bohr"] 
              C     -3.697730412446   -3.506843339118   -1.625599944567
              C     -2.847152850860   -5.253919280850   -3.415912527278
              C     -0.327834879867   -5.316583116419   -4.040527461615
              C     -2.042502369563   -1.846778745663   -0.494386682223
              C      0.574305041956   -1.838231987352   -1.074338790292
              O     -3.075624958075   -0.324616272331    1.384369896529
              C      1.402344267326   -3.646664260701   -2.898034560842
              C      4.017649407330   -3.796232209775   -3.578363951067
              C      5.761943441734   -2.257928300890   -2.519722144356
              C      2.454872383174   -0.167753606658    0.045081878446
              C      5.028653896688   -0.415359070155   -0.689880120555
              N      1.743822212227    1.593937149364    1.754115648668
              C      3.474605799652    3.085352200835    2.761749733491
              C      6.051538334480    2.967478460117    2.166781684251
              C      6.818254841018    1.203628312109    0.424241536871
              C     -3.671185773179    2.120344250720    0.767687006353
              O     -3.501860492112    2.926708807191   -1.389362191131
              N     -4.485787188255    3.433418583979    2.789514787078
              C     -4.749354709315    2.369524143226    5.318597267846
              C     -5.467266064398    5.982150970118    2.445193852467
              H     -7.502415444584    6.024821089376    2.800850483020
              H     -5.103034205606    6.607553152334    0.527804561868
              H     -4.543988289930    7.264055788116    3.771307480019
              H     -3.568168455044    0.710443562563    5.532104794142
              H     -6.715388385293    1.859714633870    5.702929673471
              H     -4.163646013583    3.788441177445    6.693966652384
              H      0.371477874398   -6.661136483089   -5.415547661054
              H     -5.669517703198   -3.430737112206   -1.089962740313
              H     -4.172840941624   -6.542529339158   -4.289944313083
              H      4.566024046657   -5.192489394432   -4.968679823827
              H      7.739212291003   -2.389739465467   -3.039031394847
              H      2.803604606889    4.468129550404    4.120576040032
              H      7.376715693072    4.242575879702    3.059351141559
              H      8.785949399168    1.034857987047   -0.115129010292
$End
$SCF_Energy
   &GeometryIndex 91
   &ListStatus       OUT
   &SCF_ENERGY [&Type "Double"]      -8.7844052716525050e+02
$End
$DFT_Energy
   &GeometryIndex 91
   &ListStatus       OUT
   &NALPHAEL [&Type "Integer"] 70
   &NBETAEL [&Type "Integer"] 70
   &NTOTALEL [&Type "Integer"] 140
   &EEXCHANGE [&Type "Double"]      -9.3626199183492105e+01
   &ECORR [&Type "Double"]      -6.1571483784699161e+00
   &ECNL [&Type "Double"]       0.0000000000000000e+00
   &EXC [&Type "Double"]      -9.9783347561962017e+01
   &EEMBED [&Type "Double"]       0.0000000000000000e+00
   &FINALEN [&Type "Double"]      -8.7844052716525050e+02  "No Van der Waals correction"
$End
$Solvation_Details
   &GeometryIndex 91
   &ListStatus       OUT
   &SOLVENT [&Type "String"] "WATER"
   &EPSILON [&Type "Double"]       8.0150999999999996e+01
   &REFRAC [&Type "Double"]       1.3328000000000000e+00
   &RSOLV [&Type "Double"]       1.3000000000000000e+00
   &SURFACETYPE [&Type "String"] "GAUSSIAN VDW"
   &NPOINTS [&Type "Integer"] 2999
   &SURFACEAREA [&Type "Double"]       1.0804662092420001e+03
   &CPCMDIELENERGY [&Type "Double"]      -2.4198051000000002e-02
$End
$CIS_Absorption_Spectrum
   &GeometryIndex 91
   &ListStatus       OUT
   &TEMPERATURE [&Type "Double"]       2.9814999999999998e+02
   &METHOD [&Type "Integer"] 20
   &RELCORRECTION [&Type "Integer"] 1 "Type of relativistic treatment in QDPT. 0->Unknow, 1->None, 2->SOC, 3->SSC, 4->SOC/SSC"
   &DENSTYPE [&Type "Integer"] 3 "Type of density (electron/spin ...). 0->Unknow, 1->Electronic, 2->Spin, 3->Trans/Electronic, 4->Tran/Spin"
   &DERITYPE [&Type "Integer"] 0 "Type of derivative (w.r.t. to what perturbation). 0->Unknown, 1->No Derivative, 2->Electric/Dipole, 3->Electric/Quad, 4->Magnetic/Dipole, 5->Magnetic/Quad"
   &DENSLEVEL [&Type "Integer"] 0 "// Source of density: relaxed, unrelaxed, ... 0->Unknown, 1->Linearized, 2->Unrelaxed, 3->Relaxed"
   &REPRESENTATION [&Type "String"] "Length" "Possible values: Unknown,  Length, Velocity"
   &POINTGROUP [&Type "String"] "C1"
   &NTRANS [&Type "Integer"] 3
   &DOHIGHERMOMENTS [&Type "Boolean"] false
   &STATES [&Type "ArrayOfIntegers", &Dim (3,4)] "The initial and Final states. Col1: Initial State  Col2: Initial Irrep Col3: Final State Col4: Final Irrep"
                                                         0                           1                           2                           3

0                                                        0                           0                           1                           0
1                                                        0                           0                           2                           0
2                                                        0                           0                           3                           0
   &MULTIPLICITIES [&Type "ArrayOfDoubles", &Dim (3,2)] "Col1: Multiplicity of the initial state  Col2: Multiplicity of the final state"
                                                         0                           1

0                                      1.0000000000000000e+00         1.0000000000000000e+00
1                                      1.0000000000000000e+00         1.0000000000000000e+00
2                                      1.0000000000000000e+00         1.0000000000000000e+00
   &EXCITATIONENERGIES [&Type "ArrayOfDoubles", &Dim (3,11)] 
                                                         0                           1                           2                           3                           4                           5                           6                           7

0                                      3.8892574970549170e+00         3.1368980506433461e+04         3.1878626077596306e+02         2.0937709481893826e-01         2.1973758769934566e+00        -1.2163199390827091e+00         0.0000000000000000e+00        -7.3438490773058018e-01
1                                      4.2183577100352343e+00         3.4023353011586441e+04         2.9391577004754828e+02         1.9212379818225370e-01         1.8590010705461943e+00        -6.2874733377006098e-01         0.0000000000000000e+00        -9.7005533681469225e-01
2                                      4.3259998853721253e+00         3.4891545797065402e+04         2.8660237807065175e+02         3.8624364312856438e-03         3.6443218229812939e-02         5.7999809850484273e-02         0.0000000000000000e+00        -5.4011370095348496e-02
                                                         8                           9                          10

0                                      0.0000000000000000e+00        -4.2263517373834231e-01         0.0000000000000000e+00
1                                      0.0000000000000000e+00        -7.2295954543844843e-01         0.0000000000000000e+00
2                                      0.0000000000000000e+00         1.7367213992907413e-01         0.0000000000000000e+00
$End
$Geometry
   &GeometryIndex 92
   &ListStatus       OUT
   &NATOMS [&Type "Integer"] 34
   &NCORELESSECP [&Type "Integer"] 0
   &NGHOSTATOMS [&Type "Integer"] 0
   &CartesianCoordinates [&Type "Coordinates", &Dim(34,4), &Units "Bohr"] 
              C     -3.697732038563   -3.506843290853   -1.625599535832
              C     -2.847148375042   -5.253914082489   -3.415908829346
              C     -0.327827192832   -5.316597315428   -4.040542056361
              C     -2.042502275921   -1.846779186053   -0.494386799163
              C      0.574305227992   -1.838232337929   -1.074339160794
              O     -3.075625187392   -0.324615983814    1.384371558061
              C      1.402346146117   -3.646663412440   -2.898034211718
              C      4.017619928317   -3.796164820455   -3.578296215160
              C      5.762057387730   -2.257937169068   -2.519753248858
              C      2.454871494206   -0.167753615424    0.045082061894
              C      5.028654527290   -0.415356990268   -0.689878353999
              N      1.743822331153    1.593937082810    1.754115616406
              C      3.474604907915    3.085353714802    2.761751256659
              C      6.051541160773    2.967480059121    2.166782574717
              C      6.818235178863    1.203630209243    0.424247115678
              C     -3.671185678235    2.120345755967    0.767686177788
              O     -3.501860485860    2.926708546161   -1.389362211343
              N     -4.485787468684    3.433418783627    2.789515596313
              C     -4.749448971856    2.369662361264    5.318606639173
              C     -5.467265235435    5.982150336569    2.445191763557
              H     -7.502422963900    6.024820828884    2.800852574505
              H     -5.103039026069    6.607544826987    0.527828015922
              H     -4.543985894300    7.264057295172    3.771311542847
              H     -3.567134020088    0.708993200362    5.532270421675
              H     -6.715155116361    1.859801732904    5.702895724548
              H     -4.163784691436    3.788155698811    6.693691813232
              H      0.371390395964   -6.660973542336   -5.415380245958
              H     -5.669497807877   -3.430737986931   -1.089968031945
              H     -4.172903656274   -6.542590616001   -4.289985927308
              H      4.566344133878   -5.193295514149   -4.969483506952
              H      7.737874979072   -2.389647841666   -3.038677494503
              H      2.803613070229    4.468112312421    4.120559096912
              H      7.376686460194    4.242548247638    3.059331890087
              H      8.786173148719    1.034837045158   -0.115192077879
$End
$SCF_Energy
   &GeometryIndex 92
   &ListStatus       OUT
   &SCF_ENERGY [&Type "Double"]      -8.7844052719878346e+02
$End
$DFT_Energy
   &GeometryIndex 92
   &ListStatus       OUT
   &NALPHAEL [&Type "Integer"] 70
   &NBETAEL [&Type "Integer"] 70
   &NTOTALEL [&Type "Integer"] 140
   &EEXCHANGE [&Type "Double"]      -9.3626014941201944e+01
   &ECORR [&Type "Double"]      -6.1571419479095404e+00
   &ECNL [&Type "Double"]       0.0000000000000000e+00
   &EXC [&Type "Double"]      -9.9783156889111481e+01
   &EEMBED [&Type "Double"]       0.0000000000000000e+00
   &FINALEN [&Type "Double"]      -8.7844052719878346e+02  "No Van der Waals correction"
$End
$Solvation_Details
   &GeometryIndex 92
   &ListStatus       OUT
   &SOLVENT [&Type "String"] "WATER"
   &EPSILON [&Type "Double"]       8.0150999999999996e+01
   &REFRAC [&Type "Double"]       1.3328000000000000e+00
   &RSOLV [&Type "Double"]       1.3000000000000000e+00
   &SURFACETYPE [&Type "String"] "GAUSSIAN VDW"
   &NPOINTS [&Type "Integer"] 2999
   &SURFACEAREA [&Type "Double"]       1.0804708455699999e+03
   &CPCMDIELENERGY [&Type "Double"]      -2.4189736000000000e-02
$End
$CIS_Absorption_Spectrum
   &GeometryIndex 92
   &ListStatus       OUT
   &TEMPERATURE [&Type "Double"]       2.9814999999999998e+02
   &METHOD [&Type "Integer"] 20
   &RELCORRECTION [&Type "Integer"] 1 "Type of relativistic treatment in QDPT. 0->Unknow, 1->None, 2->SOC, 3->SSC, 4->SOC/SSC"
   &DENSTYPE [&Type "Integer"] 3 "Type of density (electron/spin ...). 0->Unknow, 1->Electronic, 2->Spin, 3->Trans/Electronic, 4->Tran/Spin"
   &DERITYPE [&Type "Integer"] 0 "Type of derivative (w.r.t. to what perturbation). 0->Unknown, 1->No Derivative, 2->Electric/Dipole, 3->Electric/Quad, 4->Magnetic/Dipole, 5->Magnetic/Quad"
   &DENSLEVEL [&Type "Integer"] 0 "// Source of density: relaxed, unrelaxed, ... 0->Unknown, 1->Linearized, 2->Unrelaxed, 3->Relaxed"
   &REPRESENTATION [&Type "String"] "Length" "Possible values: Unknown,  Length, Velocity"
   &POINTGROUP [&Type "String"] "C1"
   &NTRANS [&Type "Integer"] 3
   &DOHIGHERMOMENTS [&Type "Boolean"] false
   &STATES [&Type "ArrayOfIntegers", &Dim (3,4)] "The initial and Final states. Col1: Initial State  Col2: Initial Irrep Col3: Final State Col4: Final Irrep"
                                                         0                           1                           2                           3

0                                                        0                           0                           1                           0
1                                                        0                           0                           2                           0
2                                                        0                           0                           3                           0
   &MULTIPLICITIES [&Type "ArrayOfDoubles", &Dim (3,2)] "Col1: Multiplicity of the initial state  Col2: Multiplicity of the final state"
                                                         0                           1

0                                      1.0000000000000000e+00         1.0000000000000000e+00
1                                      1.0000000000000000e+00         1.0000000000000000e+00
2                                      1.0000000000000000e+00         1.0000000000000000e+00
   &EXCITATIONENERGIES [&Type "ArrayOfDoubles", &Dim (3,11)] 
                                                         0                           1                           2                           3                           4                           5                           6                           7

0                                      3.8890459358077116e+00         3.1367274149720255e+04         3.1880360251479436e+02         2.0966293399640346e-01         2.2004954078384205e+00        -1.2171419453756209e+00         0.0000000000000000e+00        -7.3493999514151276e-01
1                                      4.2184368535418910e+00         3.4023991347083487e+04         2.9391025579534750e+02         1.9194877591062925e-01         1.8572726992746063e+00        -6.2755100043475320e-01         0.0000000000000000e+00        -9.6984796958743125e-01
2                                      4.3268187235101205e+00         3.4898150172735601e+04         2.8654813938569623e+02         3.8539410104519558e-03         3.6356179841750526e-02         5.7427905327438689e-02         0.0000000000000000e+00        -5.4316091425212286e-02
                                                         8                           9                          10

0                                      0.0000000000000000e+00        -4.2299420349109101e-01         0.0000000000000000e+00
1                                      0.0000000000000000e+00        -7.2308184669170328e-01         0.0000000000000000e+00
2                                      0.0000000000000000e+00         1.7351650568099061e-01         0.0000000000000000e+00
$End
$Geometry
   &GeometryIndex 93
   &ListStatus       OUT
   &NATOMS [&Type "Integer"] 34
   &NCORELESSECP [&Type "Integer"] 0
   &NGHOSTATOMS [&Type "Integer"] 0
   &CartesianCoordinates [&Type "Coordinates", &Dim(34,4), &Units "Bohr"] 
              C     -3.697733893190   -3.506843420066   -1.625599203958
              C     -2.847144046343   -5.253909417283   -3.415905531368
              C     -0.327822595175   -5.316606216721   -4.040551160640
              C     -2.042502410531   -1.846778572783   -0.494386510450
              C      0.574305412492   -1.838232591861   -1.074339414999
              O     -3.075624975225   -0.324616254151    1.384369902755
              C      1.402346741894   -3.646663173833   -2.898034092024
              C      4.017614608851   -3.796150457838   -3.578281973238
              C      5.762063707419   -2.257938321152   -2.519755598930
              C      2.454870347147   -0.167753288578    0.045082566781
              C      5.028652552617   -0.415360001845   -0.689880697179
              N      1.743822645306    1.593937508021    1.754115888544
              C      3.474608430868    3.085346785908    2.761744405351
              C      6.051508429653    2.967454493502    2.166765879998
              C      6.818381097892    1.203618221607    0.424207592941
              C     -3.671185771954    2.120344199579    0.767687002051
              O     -3.501860490353    2.926708819160   -1.389362193421
              N     -4.485787188258    3.433418594259    2.789514793710
              C     -4.749354801860    2.369524273852    5.318597267009
              C     -5.467266067085    5.982150958175    2.445193873333
              H     -7.502415451118    6.024821100512    2.800850489678
              H     -5.103034158471    6.607553230649    0.527804312216
              H     -4.543988267424    7.264055837385    3.771307524858
              H     -3.568167426347    0.710442111248    5.532104954821
              H     -6.715388184455    1.859714712068    5.702929655015
              H     -4.163646108240    3.788441018059    6.693966497036
              H      0.371336681360   -6.660870973140   -5.415275246133
              H     -5.669475969036   -3.430738539999   -1.089973890014
              H     -4.172959094171   -6.542644879970   -4.290022821299
              H      4.566408259934   -5.193456932620   -4.969644434139
              H      7.737793435713   -2.389638347822   -3.038652415848
              H      2.803574896229    4.468187784500    4.120633534537
              H      7.377043038408    4.242885096054    3.059566374473
              H      8.784497360927    1.034977197383   -0.114735559557
$End
$SCF_Energy
   &GeometryIndex 93
   &ListStatus       OUT
   &SCF_ENERGY [&Type "Double"]      -8.7844052723118330e+02
$End
$DFT_Energy
   &GeometryIndex 93
   &ListStatus       OUT
   &NALPHAEL [&Type "Integer"] 70
   &NBETAEL [&Type "Integer"] 70
   &NTOTALEL [&Type "Integer"] 140
   &EEXCHANGE [&Type "Double"]      -9.3626321314957480e+01
   &ECORR [&Type "Double"]      -6.1571573377002284e+00
   &ECNL [&Type "Double"]       0.0000000000000000e+00
   &EXC [&Type "Double"]      -9.9783478652657706e+01
   &EEMBED [&Type "Double"]       0.0000000000000000e+00
   &FINALEN [&Type "Double"]      -8.7844052723118330e+02  "No Van der Waals correction"
$End
$Solvation_Details
   &GeometryIndex 93
   &ListStatus       OUT
   &SOLVENT [&Type "String"] "WATER"
   &EPSILON [&Type "Double"]       8.0150999999999996e+01
   &REFRAC [&Type "Double"]       1.3328000000000000e+00
   &RSOLV [&Type "Double"]       1.3000000000000000e+00
   &SURFACETYPE [&Type "String"] "GAUSSIAN VDW"
   &NPOINTS [&Type "Integer"] 2999
   &SURFACEAREA [&Type "Double"]       1.0804515687000001e+03
   &CPCMDIELENERGY [&Type "Double"]      -2.4190276000000000e-02
$End
$CIS_Absorption_Spectrum
   &GeometryIndex 93
   &ListStatus       OUT
   &TEMPERATURE [&Type "Double"]       2.9814999999999998e+02
   &METHOD [&Type "Integer"] 20
   &RELCORRECTION [&Type "Integer"] 1 "Type of relativistic treatment in QDPT. 0->Unknow, 1->None, 2->SOC, 3->SSC, 4->SOC/SSC"
   &DENSTYPE [&Type "Integer"] 3 "Type of density (electron/spin ...). 0->Unknow, 1->Electronic, 2->Spin, 3->Trans/Electronic, 4->Tran/Spin"
   &DERITYPE [&Type "Integer"] 0 "Type of derivative (w.r.t. to what perturbation). 0->Unknown, 1->No Derivative, 2->Electric/Dipole, 3->Electric/Quad, 4->Magnetic/Dipole, 5->Magnetic/Quad"
   &DENSLEVEL [&Type "Integer"] 0 "// Source of density: relaxed, unrelaxed, ... 0->Unknown, 1->Linearized, 2->Unrelaxed, 3->Relaxed"
   &REPRESENTATION [&Type "String"] "Length" "Possible values: Unknown,  Length, Velocity"
   &POINTGROUP [&Type "String"] "C1"
   &NTRANS [&Type "Integer"] 3
   &DOHIGHERMOMENTS [&Type "Boolean"] false
   &STATES [&Type "ArrayOfIntegers", &Dim (3,4)] "The initial and Final states. Col1: Initial State  Col2: Initial Irrep Col3: Final State Col4: Final Irrep"
                                                         0                           1                           2                           3

0                                                        0                           0                           1                           0
1                                                        0                           0                           2                           0
2                                                        0                           0                           3                           0
   &MULTIPLICITIES [&Type "ArrayOfDoubles", &Dim (3,2)] "Col1: Multiplicity of the initial state  Col2: Multiplicity of the final state"
                                                         0                           1

0                                      1.0000000000000000e+00         1.0000000000000000e+00
1                                      1.0000000000000000e+00         1.0000000000000000e+00
2                                      1.0000000000000000e+00         1.0000000000000000e+00
   &EXCITATIONENERGIES [&Type "ArrayOfDoubles", &Dim (3,11)] 
                                                         0                           1                           2                           3                           4                           5                           6                           7

0                                      3.8890694770221113e+00         3.1367464022439184e+04         3.1880167274110363e+02         2.0953927691848306e-01         2.1991842657772076e+00        -1.2169402753588499e+00         0.0000000000000000e+00        -7.3455539552338367e-01
1                                      4.2183908349553327e+00         3.4023620182112856e+04         2.9391346207354127e+02         1.9206725367889071e-01         1.8584393491232885e+00        -6.2794147904313624e-01         0.0000000000000000e+00        -9.7008464465264610e-01
2                                      4.3269118361028731e+00         3.4898901176522100e+04         2.8654197303860684e+02         3.8498849146887722e-03         3.6317135093452982e-02         5.7349419025346016e-02         0.0000000000000000e+00        -5.4439668302254607e-02
                                                         8                           9                          10

0                                      0.0000000000000000e+00        -4.2269256309310621e-01         0.0000000000000000e+00
1                                      0.0000000000000000e+00        -7.2323207217984764e-01         0.0000000000000000e+00
2                                      0.0000000000000000e+00         1.7339118128108119e-01         0.0000000000000000e+00
$End
$Geometry
   &GeometryIndex 94
   &ListStatus       OUT
   &NATOMS [&Type "Integer"] 34
   &NCORELESSECP [&Type "Integer"] 0
   &NGHOSTATOMS [&Type "Integer"] 0
   &CartesianCoordinates [&Type "Coordinates", &Dim(34,4), &Units "Bohr"] 
              C     -3.697761073821   -3.506843502369   -1.625592883734
              C     -2.847095223417   -5.253859364092   -3.415870972025
              C     -0.327786191523   -5.316679991384   -4.040626220508
              C     -2.042502550490   -1.846778247116   -0.494386223479
              C      0.574305054440   -1.838231876658   -1.074338693412
              O     -3.075624919250   -0.324616149655    1.384369974957
              C      1.402349262171   -3.646662019449   -2.898033580624
              C      4.017621046626   -3.796163369463   -3.578295107376
              C      5.762027351396   -2.257935726785   -2.519745868307
              C      2.454872025310   -0.167753612726    0.045081939560
              C      5.028654648268   -0.415357268430   -0.689878631823
              N      1.743822284773    1.593937026528    1.754115524571
              C      3.474604650066    3.085354158646    2.761751696315
              C      6.051544738097    2.967482960335    2.166784501330
              C      6.818221451442    1.203631323669    0.424250822525
              C     -3.671185734614    2.120343980949    0.767686961774
              O     -3.501860488633    2.926708868743   -1.389362213170
              N     -4.485787197817    3.433418629050    2.789514811335
              C     -4.749354293403    2.369523534346    5.318597202093
              C     -5.467266063543    5.982150938941    2.445193903262
              H     -7.502415600590    6.024821137265    2.800850508344
              H     -5.103034076138    6.607553350103    0.527803917887
              H     -4.543988231702    7.264055957297    3.771307605081
              H     -3.568172952855    0.710449826989    5.532104041387
              H     -6.715389545147    1.859714203041    5.702929887510
              H     -4.163645343376    3.788442678913    6.693968086076
              H      0.370895989871   -6.660018818114   -5.414404189785
              H     -5.669155264666   -3.430748953344   -1.090059192141
              H     -4.173556391180   -6.543228776106   -4.290419564611
              H      4.566341929299   -5.193300201410   -4.969487369433
              H      7.738212441332   -2.389671262812   -3.038767059320
              H      2.803615540018    4.468107482778    4.120554305361
              H      7.376647442921    4.242511394977    3.059306255419
              H      8.786331238384    1.034824339133   -0.115234662344
$End
$SCF_Energy
   &GeometryIndex 94
   &ListStatus       OUT
   &SCF_ENERGY [&Type "Double"]      -8.7844052723566347e+02
$End
$DFT_Energy
   &GeometryIndex 94
   &ListStatus       OUT
   &NALPHAEL [&Type "Integer"] 70
   &NBETAEL [&Type "Integer"] 70
   &NTOTALEL [&Type "Integer"] 140
   &EEXCHANGE [&Type "Double"]      -9.3626214480633720e+01
   &ECORR [&Type "Double"]      -6.1571516014769747e+00
   &ECNL [&Type "Double"]       0.0000000000000000e+00
   &EXC [&Type "Double"]      -9.9783366082110689e+01
   &EEMBED [&Type "Double"]       0.0000000000000000e+00
   &FINALEN [&Type "Double"]      -8.7844052723566347e+02  "No Van der Waals correction"
$End
$Solvation_Details
   &GeometryIndex 94
   &ListStatus       OUT
   &SOLVENT [&Type "String"] "WATER"
   &EPSILON [&Type "Double"]       8.0150999999999996e+01
   &REFRAC [&Type "Double"]       1.3328000000000000e+00
   &RSOLV [&Type "Double"]       1.3000000000000000e+00
   &SURFACETYPE [&Type "String"] "GAUSSIAN VDW"
   &NPOINTS [&Type "Integer"] 3000
   &SURFACEAREA [&Type "Double"]       1.0804651145060000e+03
   &CPCMDIELENERGY [&Type "Double"]      -2.4190219999999998e-02
$End
$CIS_Absorption_Spectrum
   &GeometryIndex 94
   &ListStatus       OUT
   &TEMPERATURE [&Type "Double"]       2.9814999999999998e+02
   &METHOD [&Type "Integer"] 20
   &RELCORRECTION [&Type "Integer"] 1 "Type of relativistic treatment in QDPT. 0->Unknow, 1->None, 2->SOC, 3->SSC, 4->SOC/SSC"
   &DENSTYPE [&Type "Integer"] 3 "Type of density (electron/spin ...). 0->Unknow, 1->Electronic, 2->Spin, 3->Trans/Electronic, 4->Tran/Spin"
   &DERITYPE [&Type "Integer"] 0 "Type of derivative (w.r.t. to what perturbation). 0->Unknown, 1->No Derivative, 2->Electric/Dipole, 3->Electric/Quad, 4->Magnetic/Dipole, 5->Magnetic/Quad"
   &DENSLEVEL [&Type "Integer"] 0 "// Source of density: relaxed, unrelaxed, ... 0->Unknown, 1->Linearized, 2->Unrelaxed, 3->Relaxed"
   &REPRESENTATION [&Type "String"] "Length" "Possible values: Unknown,  Length, Velocity"
   &POINTGROUP [&Type "String"] "C1"
   &NTRANS [&Type "Integer"] 3
   &DOHIGHERMOMENTS [&Type "Boolean"] false
   &STATES [&Type "ArrayOfIntegers", &Dim (3,4)] "The initial and Final states. Col1: Initial State  Col2: Initial Irrep Col3: Final State Col4: Final Irrep"
                                                         0                           1                           2                           3

0                                                        0                           0                           1                           0
1                                                        0                           0                           2                           0
2                                                        0                           0                           3                           0
   &MULTIPLICITIES [&Type "ArrayOfDoubles", &Dim (3,2)] "Col1: Multiplicity of the initial state  Col2: Multiplicity of the final state"
                                                         0                           1

0                                      1.0000000000000000e+00         1.0000000000000000e+00
1                                      1.0000000000000000e+00         1.0000000000000000e+00
2                                      1.0000000000000000e+00         1.0000000000000000e+00
   &EXCITATIONENERGIES [&Type "ArrayOfDoubles", &Dim (3,11)] 
                                                         0                           1                           2                           3                           4                           5                           6                           7

0                                      3.8890166941576734e+00         3.1367038299882406e+04         3.1880599961002662e+02         2.0965783622925868e-01         2.2004584499544446e+00        -1.2172879012409055e+00         0.0000000000000000e+00        -7.3477612719602547e-01
1                                      4.2183711552941876e+00         3.4023461454924618e+04         2.9391483324670895e+02         1.9202353037965281e-01         1.8580249513219549e+00        -6.2772418537961450e-01         0.0000000000000000e+00        -9.7002703670973278e-01
2                                      4.3267864203760791e+00         3.4897889630361431e+04         2.8655027871083422e+02         3.8530757031649465e-03         3.6348288328130397e-02         5.7443424828858246e-02         0.0000000000000000e+00        -5.4352846064783016e-02
                                                         8                           9                          10

0                                      0.0000000000000000e+00        -4.2281515860925123e-01         0.0000000000000000e+00
1                                      0.0000000000000000e+00        -7.2321148114751954e-01         0.0000000000000000e+00
2                                      0.0000000000000000e+00         1.7347711490775869e-01         0.0000000000000000e+00
$End
$Geometry
   &GeometryIndex 95
   &ListStatus       OUT
   &NATOMS [&Type "Integer"] 34
   &NCORELESSECP [&Type "Integer"] 0
   &NGHOSTATOMS [&Type "Integer"] 0
   &CartesianCoordinates [&Type "Coordinates", &Dim(34,4), &Units "Bohr"] 
              C     -3.697756532359   -3.506843413724   -1.625593852577
              C     -2.847124769984   -5.253892400398   -3.415894395787
              C     -0.327830224635   -5.316593541460   -4.040537952917
              C     -2.042502298776   -1.846778101845   -0.494386137395
              C      0.574305110596   -1.838232092488   -1.074338911966
              O     -3.075624841048   -0.324616333595    1.384369866177
              C      1.402341941292   -3.646664187565   -2.898034000525
              C      4.017646305242   -3.796249405348   -3.578379101699
              C      5.762159393346   -2.257938926441   -2.519775419360
              C      2.454870790391   -0.167753306122    0.045082470462
              C      5.028654163214   -0.415354370110   -0.689875889768
              N      1.743822661203    1.593937131564    1.754115546835
              C      3.474604886403    3.085353435826    2.761751004887
              C      6.051537128229    2.967476334266    2.166780000949
              C      6.818242619602    1.203629598142    0.424245094677
              C     -3.671185805717    2.120344254023    0.767686946686
              O     -3.501860474927    2.926708807223   -1.389362180147
              N     -4.485787180253    3.433418575588    2.789514794877
              C     -4.749355013406    2.369524573102    5.318597314263
              C     -5.467266073351    5.982150977615    2.445193878825
              H     -7.502415264327    6.024821060586    2.800850466061
              H     -5.103034172068    6.607553208417    0.527804381806
              H     -4.543988369596    7.264055650639    3.771307373172
              H     -3.568165252300    0.710439050515    5.532105329100
              H     -6.715387469868    1.859714953878    5.702929524138
              H     -4.163646475893    3.788440207739    6.693965706569
              H      0.371415521255   -6.661013904154   -5.415422596754
              H     -5.669213331013   -3.430746914125   -1.090043633248
              H     -4.173162744123   -6.542842140557   -4.290156441747
              H      4.565984143930   -5.192370461844   -4.968562757922
              H      7.736762532773   -2.389575681727   -3.038386925340
              H      2.803611591019    4.468114617717    4.120561415647
              H      7.376730537945    4.242589657601    3.059360687582
              H      8.786086519881    1.034842541524   -0.115170149859
$End
$SCF_Energy
   &GeometryIndex 95
   &ListStatus       OUT
   &SCF_ENERGY [&Type "Double"]      -8.7844052716320527e+02
$End
$DFT_Energy
   &GeometryIndex 95
   &ListStatus       OUT
   &NALPHAEL [&Type "Integer"] 70
   &NBETAEL [&Type "Integer"] 70
   &NTOTALEL [&Type "Integer"] 140
   &EEXCHANGE [&Type "Double"]      -9.3626585274406111e+01
   &ECORR [&Type "Double"]      -6.1571686895332931e+00
   &ECNL [&Type "Double"]       0.0000000000000000e+00
   &EXC [&Type "Double"]      -9.9783753963939404e+01
   &EEMBED [&Type "Double"]       0.0000000000000000e+00
   &FINALEN [&Type "Double"]      -8.7844052716320527e+02  "No Van der Waals correction"
$End
$Solvation_Details
   &GeometryIndex 95
   &ListStatus       OUT
   &SOLVENT [&Type "String"] "WATER"
   &EPSILON [&Type "Double"]       8.0150999999999996e+01
   &REFRAC [&Type "Double"]       1.3328000000000000e+00
   &RSOLV [&Type "Double"]       1.3000000000000000e+00
   &SURFACETYPE [&Type "String"] "GAUSSIAN VDW"
   &NPOINTS [&Type "Integer"] 2999
   &SURFACEAREA [&Type "Double"]       1.0804361551940001e+03
   &CPCMDIELENERGY [&Type "Double"]      -2.4201666000000000e-02
$End
$CIS_Absorption_Spectrum
   &GeometryIndex 95
   &ListStatus       OUT
   &TEMPERATURE [&Type "Double"]       2.9814999999999998e+02
   &METHOD [&Type "Integer"] 20
   &RELCORRECTION [&Type "Integer"] 1 "Type of relativistic treatment in QDPT. 0->Unknow, 1->None, 2->SOC, 3->SSC, 4->SOC/SSC"
   &DENSTYPE [&Type "Integer"] 3 "Type of density (electron/spin ...). 0->Unknow, 1->Electronic, 2->Spin, 3->Trans/Electronic, 4->Tran/Spin"
   &DERITYPE [&Type "Integer"] 0 "Type of derivative (w.r.t. to what perturbation). 0->Unknown, 1->No Derivative, 2->Electric/Dipole, 3->Electric/Quad, 4->Magnetic/Dipole, 5->Magnetic/Quad"
   &DENSLEVEL [&Type "Integer"] 0 "// Source of density: relaxed, unrelaxed, ... 0->Unknown, 1->Linearized, 2->Unrelaxed, 3->Relaxed"
   &REPRESENTATION [&Type "String"] "Length" "Possible values: Unknown,  Length, Velocity"
   &POINTGROUP [&Type "String"] "C1"
   &NTRANS [&Type "Integer"] 3
   &DOHIGHERMOMENTS [&Type "Boolean"] false
   &STATES [&Type "ArrayOfIntegers", &Dim (3,4)] "The initial and Final states. Col1: Initial State  Col2: Initial Irrep Col3: Final State Col4: Final Irrep"
                                                         0                           1                           2                           3

0                                                        0                           0                           1                           0
1                                                        0                           0                           2                           0
2                                                        0                           0                           3                           0
   &MULTIPLICITIES [&Type "ArrayOfDoubles", &Dim (3,2)] "Col1: Multiplicity of the initial state  Col2: Multiplicity of the final state"
                                                         0                           1

0                                      1.0000000000000000e+00         1.0000000000000000e+00
1                                      1.0000000000000000e+00         1.0000000000000000e+00
2                                      1.0000000000000000e+00         1.0000000000000000e+00
   &EXCITATIONENERGIES [&Type "ArrayOfDoubles", &Dim (3,11)] 
                                                         0                           1                           2                           3                           4                           5                           6                           7

0                                      3.8891830541388468e+00         3.1368380083760287e+04         3.1879236266896345e+02         2.0959367475318733e-01         2.1996909489209147e+00        -1.2164969338956364e+00         0.0000000000000000e+00        -7.3523409627647973e-01
1                                      4.2184361528749115e+00         3.4023985695822594e+04         2.9391030461277740e+02         1.9188754290608179e-01         1.8566805246570390e+00        -6.2805974584763535e-01         0.0000000000000000e+00        -9.6952239702873533e-01
2                                      4.3267249673846022e+00         3.4897393978506763e+04         2.8655434861866706e+02         3.8531515643710828e-03         3.6349520239943846e-02         5.7502017479192258e-02         0.0000000000000000e+00        -5.4386283242910477e-02
                                                         8                           9                          10

0                                      0.0000000000000000e+00        -4.2338750857333812e-01         0.0000000000000000e+00
1                                      0.0000000000000000e+00        -7.2266714465409165e-01         0.0000000000000000e+00
2                                      0.0000000000000000e+00         1.7345077232687212e-01         0.0000000000000000e+00
$End
$Geometry
   &GeometryIndex 96
   &ListStatus       OUT
   &NATOMS [&Type "Integer"] 34
   &NCORELESSECP [&Type "Integer"] 0
   &NGHOSTATOMS [&Type "Integer"] 0
   &CartesianCoordinates [&Type "Coordinates", &Dim(34,4), &Units "Bohr"] 
              C     -3.697631610770   -3.506843895090   -1.625623778326
              C     -2.847205595324   -5.253962311226   -3.415939777087
              C     -0.327794886642   -5.316653460195   -4.040600229296
              C     -2.042504042897   -1.846781758425   -0.494388944766
              C      0.574304437701   -1.838231851353   -1.074338534620
              O     -3.075625105690   -0.324616111255    1.384370077812
              C      1.402347536329   -3.646661782449   -2.898033018359
              C      4.017627653303   -3.796188492130   -3.578319472632
              C      5.762078089239   -2.257937237517   -2.519757483355
              C      2.454871584096   -0.167753525248    0.045082116820
              C      5.028654439196   -0.415356228997   -0.689877638090
              N      1.743822364418    1.593937018126    1.754115498396
              C      3.474605128375    3.085353450365    2.761750973179
              C      6.051540025963    2.967479044400    2.166781883151
              C      6.818235893516    1.203630109380    0.424246880930
              C     -3.671185862557    2.120344585340    0.767687146581
              O     -3.501860487808    2.926708751508   -1.389362173346
              N     -4.485787165792    3.433418548972    2.789514744709
              C     -4.749355067766    2.369524686800    5.318597337556
              C     -5.467266078446    5.982150994079    2.445193896874
              H     -7.502415122887    6.024821044063    2.800850448227
              H     -5.103034163508    6.607553249131    0.527804311609
              H     -4.543988470955    7.264055478159    3.771307207220
              H     -3.568164492370    0.710438015866    5.532105458359
              H     -6.715387389832    1.859715011947    5.702929465439
              H     -4.163646631456    3.788439814474    6.693965336084
              H      0.371055176438   -6.660331499251   -5.414723361834
              H     -5.670655907703   -3.430699410195   -1.089659205204
              H     -4.172302950313   -6.542014349296   -4.289596927383
              H      4.566240483740   -5.193035059874   -4.969223803492
              H      7.737649188963   -2.389633886613   -3.038619169638
              H      2.803611421323    4.468115289097    4.120562057516
              H      7.376698445901    4.242559563367    3.059339774811
              H      8.786164544975    1.034837425486   -0.115190060349
$End
$SCF_Energy
   &GeometryIndex 96
   &ListStatus       OUT
   &SCF_ENERGY [&Type "Double"]      -8.7844052724907328e+02
$End
$DFT_Energy
   &GeometryIndex 96
   &ListStatus       OUT
   &NALPHAEL [&Type "Integer"] 70
   &NBETAEL [&Type "Integer"] 70
   &NTOTALEL [&Type "Integer"] 140
   &EEXCHANGE [&Type "Double"]      -9.3626360255971449e+01
   &ECORR [&Type "Double"]      -6.1571593614219688e+00
   &ECNL [&Type "Double"]       0.0000000000000000e+00
   &EXC [&Type "Double"]      -9.9783519617393424e+01
   &EEMBED [&Type "Double"]       0.0000000000000000e+00
   &FINALEN [&Type "Double"]      -8.7844052724907328e+02  "No Van der Waals correction"
$End
$Solvation_Details
   &GeometryIndex 96
   &ListStatus       OUT
   &SOLVENT [&Type "String"] "WATER"
   &EPSILON [&Type "Double"]       8.0150999999999996e+01
   &REFRAC [&Type "Double"]       1.3328000000000000e+00
   &RSOLV [&Type "Double"]       1.3000000000000000e+00
   &SURFACETYPE [&Type "String"] "GAUSSIAN VDW"
   &NPOINTS [&Type "Integer"] 2999
   &SURFACEAREA [&Type "Double"]       1.0804543197820001e+03
   &CPCMDIELENERGY [&Type "Double"]      -2.4191938000000000e-02
$End
$CIS_Absorption_Spectrum
   &GeometryIndex 96
   &ListStatus       OUT
   &TEMPERATURE [&Type "Double"]       2.9814999999999998e+02
   &METHOD [&Type "Integer"] 20
   &RELCORRECTION [&Type "Integer"] 1 "Type of relativistic treatment in QDPT. 0->Unknow, 1->None, 2->SOC, 3->SSC, 4->SOC/SSC"
   &DENSTYPE [&Type "Integer"] 3 "Type of density (electron/spin ...). 0->Unknow, 1->Electronic, 2->Spin, 3->Trans/Electronic, 4->Tran/Spin"
   &DERITYPE [&Type "Integer"] 0 "Type of derivative (w.r.t. to what perturbation). 0->Unknown, 1->No Derivative, 2->Electric/Dipole, 3->Electric/Quad, 4->Magnetic/Dipole, 5->Magnetic/Quad"
   &DENSLEVEL [&Type "Integer"] 0 "// Source of density: relaxed, unrelaxed, ... 0->Unknown, 1->Linearized, 2->Unrelaxed, 3->Relaxed"
   &REPRESENTATION [&Type "String"] "Length" "Possible values: Unknown,  Length, Velocity"
   &POINTGROUP [&Type "String"] "C1"
   &NTRANS [&Type "Integer"] 3
   &DOHIGHERMOMENTS [&Type "Boolean"] false
   &STATES [&Type "ArrayOfIntegers", &Dim (3,4)] "The initial and Final states. Col1: Initial State  Col2: Initial Irrep Col3: Final State Col4: Final Irrep"
                                                         0                           1                           2                           3

0                                                        0                           0                           1                           0
1                                                        0                           0                           2                           0
2                                                        0                           0                           3                           0
   &MULTIPLICITIES [&Type "ArrayOfDoubles", &Dim (3,2)] "Col1: Multiplicity of the initial state  Col2: Multiplicity of the final state"
                                                         0                           1

0                                      1.0000000000000000e+00         1.0000000000000000e+00
1                                      1.0000000000000000e+00         1.0000000000000000e+00
2                                      1.0000000000000000e+00         1.0000000000000000e+00
   &EXCITATIONENERGIES [&Type "ArrayOfDoubles", &Dim (3,11)] 
                                                         0                           1                           2                           3                           4                           5                           6                           7

0                                      3.8890702431757340e+00         3.1367470201885539e+04         3.1880160993661792e+02         2.0963805250667614e-01         2.2002205149155207e+00        -1.2169673891458783e+00         0.0000000000000000e+00        -7.3499645296235239e-01
1                                      4.2184452536654664e+00         3.4024059098656355e+04         2.9390967053648546e+02         1.9186699443148117e-01         1.8564776949792561e+00        -6.2742463110532820e-01         0.0000000000000000e+00        -9.6964334518391504e-01
2                                      4.3267655653747452e+00         3.4897721423414274e+04         2.8655165988260200e+02         3.8530025572706397e-03         3.6347773496017130e-02         5.7418319152703741e-02         0.0000000000000000e+00        -5.4348016069817456e-02
                                                         8                           9                          10

0                                      0.0000000000000000e+00        -4.2307340120095710e-01         0.0000000000000000e+00
1                                      0.0000000000000000e+00        -7.2291618490814402e-01         0.0000000000000000e+00
2                                      0.0000000000000000e+00         1.7348545550267391e-01         0.0000000000000000e+00
$End
$Geometry
   &GeometryIndex 97
   &ListStatus       OUT
   &NATOMS [&Type "Integer"] 34
   &NCORELESSECP [&Type "Integer"] 0
   &NGHOSTATOMS [&Type "Integer"] 0
   &CartesianCoordinates [&Type "Coordinates", &Dim(34,4), &Units "Bohr"] 
              C     -3.697758689521   -3.506841990318   -1.625592046053
              C     -2.847164358190   -5.253930057149   -3.415919747970
              C     -0.327822894756   -5.316603233914   -4.040548391285
              C     -2.042501826760   -1.846777659182   -0.494385836162
              C      0.574305404594   -1.838232323458   -1.074339176295
              O     -3.075624994735   -0.324616345816    1.384369815778
              C      1.402346613163   -3.646663157948   -2.898034051042
              C      4.017620088693   -3.796164848411   -3.578296274233
              C      5.762054551615   -2.257937080128   -2.519752588815
              C      2.454872172702   -0.167753309659    0.045082202097
              C      5.028655992386   -0.415355188269   -0.689877015719
              N      1.743822613112    1.593937732154    1.754116083103
              C      3.474617889500    3.085339933850    2.761736511464
              C      6.051444847820    2.967385185329    2.166715707807
              C      6.818187751400    1.203638891422    0.424264284597
              C     -3.671185704572    2.120344100450    0.767686960449
              O     -3.501860504999    2.926708837308   -1.389362197749
              N     -4.485787203949    3.433418606019    2.789514809143
              C     -4.749354860686    2.369524356478    5.318597246947
              C     -5.467266061467    5.982150933415    2.445193865993
              H     -7.502415625425    6.024821136078    2.800850515719
              H     -5.103034143092    6.607553246064    0.527804248073
              H     -4.543988149811    7.264056026290    3.771307704109
              H     -3.568166714291    0.710441134292    5.532105046225
              H     -6.715388174115    1.859714727542    5.702929688706
              H     -4.163646121541    3.788441028006    6.693966523072
              H      0.371354472397   -6.660906895051   -5.415311799810
              H     -5.669198719387   -3.430749247480   -1.090049247216
              H     -4.172723873049   -6.542415101450   -4.289866778197
              H      4.566343756009   -5.193296524176   -4.969484356952
              H      7.737904948930   -2.389651007679   -3.038686415979
              H      2.803528304653    4.468264455118    4.120710655693
              H      7.377785027122    4.243604449836    3.060070840798
              H      8.786690629610    1.034789238965   -0.115337158067
$End
$SCF_Energy
   &GeometryIndex 97
   &ListStatus       OUT
   &SCF_ENERGY [&Type "Double"]      -8.7844052723098434e+02
$End
$DFT_Energy
   &GeometryIndex 97
   &ListStatus       OUT
   &NALPHAEL [&Type "Integer"] 70
   &NBETAEL [&Type "Integer"] 70
   &NTOTALEL [&Type "Integer"] 140
   &EEXCHANGE [&Type "Double"]      -9.3625927963442820e+01
   &ECORR [&Type "Double"]      -6.1571353549856367e+00
   &ECNL [&Type "Double"]       0.0000000000000000e+00
   &EXC [&Type "Double"]      -9.9783063318428461e+01
   &EEMBED [&Type "Double"]       0.0000000000000000e+00
   &FINALEN [&Type "Double"]      -8.7844052723098434e+02  "No Van der Waals correction"
$End
$Solvation_Details
   &GeometryIndex 97
   &ListStatus       OUT
   &SOLVENT [&Type "String"] "WATER"
   &EPSILON [&Type "Double"]       8.0150999999999996e+01
   &REFRAC [&Type "Double"]       1.3328000000000000e+00
   &RSOLV [&Type "Double"]       1.3000000000000000e+00
   &SURFACETYPE [&Type "String"] "GAUSSIAN VDW"
   &NPOINTS [&Type "Integer"] 3000
   &SURFACEAREA [&Type "Double"]       1.0804857746509999e+03
   &CPCMDIELENERGY [&Type "Double"]      -2.4195331000000000e-02
$End
$CIS_Absorption_Spectrum
   &GeometryIndex 97
   &ListStatus       OUT
   &TEMPERATURE [&Type "Double"]       2.9814999999999998e+02
   &METHOD [&Type "Integer"] 20
   &RELCORRECTION [&Type "Integer"] 1 "Type of relativistic treatment in QDPT. 0->Unknow, 1->None, 2->SOC, 3->SSC, 4->SOC/SSC"
   &DENSTYPE [&Type "Integer"] 3 "Type of density (electron/spin ...). 0->Unknow, 1->Electronic, 2->Spin, 3->Trans/Electronic, 4->Tran/Spin"
   &DERITYPE [&Type "Integer"] 0 "Type of derivative (w.r.t. to what perturbation). 0->Unknown, 1->No Derivative, 2->Electric/Dipole, 3->Electric/Quad, 4->Magnetic/Dipole, 5->Magnetic/Quad"
   &DENSLEVEL [&Type "Integer"] 0 "// Source of density: relaxed, unrelaxed, ... 0->Unknown, 1->Linearized, 2->Unrelaxed, 3->Relaxed"
   &REPRESENTATION [&Type "String"] "Length" "Possible values: Unknown,  Length, Velocity"
   &POINTGROUP [&Type "String"] "C1"
   &NTRANS [&Type "Integer"] 3
   &DOHIGHERMOMENTS [&Type "Boolean"] false
   &STATES [&Type "ArrayOfIntegers", &Dim (3,4)] "The initial and Final states. Col1: Initial State  Col2: Initial Irrep Col3: Final State Col4: Final Irrep"
                                                         0                           1                           2                           3

0                                                        0                           0                           1                           0
1                                                        0                           0                           2                           0
2                                                        0                           0                           3                           0
   &MULTIPLICITIES [&Type "ArrayOfDoubles", &Dim (3,2)] "Col1: Multiplicity of the initial state  Col2: Multiplicity of the final state"
                                                         0                           1

0                                      1.0000000000000000e+00         1.0000000000000000e+00
1                                      1.0000000000000000e+00         1.0000000000000000e+00
2                                      1.0000000000000000e+00         1.0000000000000000e+00
   &EXCITATIONENERGIES [&Type "ArrayOfDoubles", &Dim (3,11)] 
                                                         0                           1                           2                           3                           4                           5                           6                           7

0                                      3.8891538464372282e+00         3.1368144507734938e+04         3.1879475681241337e+02         2.0968781078779938e-01         2.2006954361861446e+00        -1.2170620826059286e+00         0.0000000000000000e+00        -7.3511373161758697e-01
1                                      4.2184736295369776e+00         3.4024287965518721e+04         2.9390769353158288e+02         1.9196285898413309e-01         1.8573927727565489e+00        -6.2767782598173094e-01         0.0000000000000000e+00        -9.6985501111672112e-01
2                                      4.3267100486207051e+00         3.4897273650548479e+04         2.8655533667578732e+02         3.8571315744447606e-03         3.6387191971618646e-02         5.7556148756925996e-02         0.0000000000000000e+00        -5.4284719394597003e-02
                                                         8                           9                          10

0                                      0.0000000000000000e+00        -4.2315851032010554e-01         0.0000000000000000e+00
1                                      0.0000000000000000e+00        -7.2304534915811569e-01         0.0000000000000000e+00
2                                      0.0000000000000000e+00         1.7357318615540568e-01         0.0000000000000000e+00
$End
$Geometry
   &GeometryIndex 98
   &ListStatus       OUT
   &NATOMS [&Type "Integer"] 34
   &NCORELESSECP [&Type "Integer"] 0
   &NGHOSTATOMS [&Type "Integer"] 0
   &CartesianCoordinates [&Type "Coordinates", &Dim(34,4), &Units "Bohr"] 
              C     -3.697842751771   -3.506837783549   -1.625568365388
              C     -2.847214654887   -5.253980047592   -3.415953919903
              C     -0.327807660486   -5.316624943086   -4.040571484063
              C     -2.042500006945   -1.846774167760   -0.494383151822
              C      0.574305807531   -1.838232436856   -1.074339364334
              O     -3.075624708214   -0.324616858600    1.384369526620
              C      1.402347606929   -3.646662198207   -2.898033398840
              C      4.017621226689   -3.796168847141   -3.578300170615
              C      5.762060856627   -2.257937155736   -2.519753937035
              C      2.454871361860   -0.167753492286    0.045082178265
              C      5.028654076226   -0.415357404610   -0.689878639156
              N      1.743822354176    1.593936912547    1.754115411686
              C      3.474601855549    3.085356735819    2.761754519580
              C      6.051564125267    2.967502619248    2.166798466842
              C      6.818246729576    1.203628178627    0.424243008026
              C     -3.671185852582    2.120344313346    0.767686722231
              O     -3.501860465242    2.926708783493   -1.389362140781
              N     -4.485787167368    3.433418535178    2.789514805616
              C     -4.749355036767    2.369524576991    5.318597344440
              C     -5.467266068521    5.982151012473    2.445193850581
              H     -7.502415076827    6.024820983279    2.800850440689
              H     -5.103034233194    6.607553094704    0.527804733817
              H     -4.543988433358    7.264055497622    3.771307246103
              H     -3.568165269680    0.710439084940    5.532105387756
              H     -6.715387111252    1.859715054879    5.702929447932
              H     -4.163646524384    3.788440015742    6.693965511449
              H      0.371222680696   -6.660660667262   -5.415059082278
              H     -5.668252367408   -3.430785080167   -1.090305796901
              H     -4.172160073205   -6.541864842789   -4.289493207413
              H      4.566326271023   -5.193251691800   -4.969439723624
              H      7.737835821377   -2.389645428857   -3.038667385488
              H      2.803631922940    4.468078588393    4.120525466490
              H      7.376424775223    4.242296552573    3.059155796804
              H      8.786047041871    1.034848573510   -0.115156847004
$End
$SCF_Energy
   &GeometryIndex 98
   &ListStatus       OUT
   &SCF_ENERGY [&Type "Double"]      -8.7844052725249901e+02
$End
$DFT_Energy
   &GeometryIndex 98
   &ListStatus       OUT
   &NALPHAEL [&Type "Integer"] 70
   &NBETAEL [&Type "Integer"] 70
   &NTOTALEL [&Type "Integer"] 140
   &EEXCHANGE [&Type "Double"]      -9.3626699580314479e+01
   &ECORR [&Type "Double"]      -6.1571771029593485e+00
   &ECNL [&Type "Double"]       0.0000000000000000e+00
   &EXC [&Type "Double"]      -9.9783876683273832e+01
   &EEMBED [&Type "Double"]       0.0000000000000000e+00
   &FINALEN [&Type "Double"]      -8.7844052725249901e+02  "No Van der Waals correction"
$End
$Solvation_Details
   &GeometryIndex 98
   &ListStatus       OUT
   &SOLVENT [&Type "String"] "WATER"
   &EPSILON [&Type "Double"]       8.0150999999999996e+01
   &REFRAC [&Type "Double"]       1.3328000000000000e+00
   &RSOLV [&Type "Double"]       1.3000000000000000e+00
   &SURFACETYPE [&Type "String"] "GAUSSIAN VDW"
   &NPOINTS [&Type "Integer"] 3000
   &SURFACEAREA [&Type "Double"]       1.0804244548040001e+03
   &CPCMDIELENERGY [&Type "Double"]      -2.4186882000000000e-02
$End
$CIS_Absorption_Spectrum
   &GeometryIndex 98
   &ListStatus       OUT
   &TEMPERATURE [&Type "Double"]       2.9814999999999998e+02
   &METHOD [&Type "Integer"] 20
   &RELCORRECTION [&Type "Integer"] 1 "Type of relativistic treatment in QDPT. 0->Unknow, 1->None, 2->SOC, 3->SSC, 4->SOC/SSC"
   &DENSTYPE [&Type "Integer"] 3 "Type of density (electron/spin ...). 0->Unknow, 1->Electronic, 2->Spin, 3->Trans/Electronic, 4->Tran/Spin"
   &DERITYPE [&Type "Integer"] 0 "Type of derivative (w.r.t. to what perturbation). 0->Unknown, 1->No Derivative, 2->Electric/Dipole, 3->Electric/Quad, 4->Magnetic/Dipole, 5->Magnetic/Quad"
   &DENSLEVEL [&Type "Integer"] 0 "// Source of density: relaxed, unrelaxed, ... 0->Unknown, 1->Linearized, 2->Unrelaxed, 3->Relaxed"
   &REPRESENTATION [&Type "String"] "Length" "Possible values: Unknown,  Length, Velocity"
   &POINTGROUP [&Type "String"] "C1"
   &NTRANS [&Type "Integer"] 3
   &DOHIGHERMOMENTS [&Type "Boolean"] false
   &STATES [&Type "ArrayOfIntegers", &Dim (3,4)] "The initial and Final states. Col1: Initial State  Col2: Initial Irrep Col3: Final State Col4: Final Irrep"
                                                         0                           1                           2                           3

0                                                        0                           0                           1                           0
1                                                        0                           0                           2                           0
2                                                        0                           0                           3                           0
   &MULTIPLICITIES [&Type "ArrayOfDoubles", &Dim (3,2)] "Col1: Multiplicity of the initial state  Col2: Multiplicity of the final state"
                                                         0                           1

0                                      1.0000000000000000e+00         1.0000000000000000e+00
1                                      1.0000000000000000e+00         1.0000000000000000e+00
2                                      1.0000000000000000e+00         1.0000000000000000e+00
   &EXCITATIONENERGIES [&Type "ArrayOfDoubles", &Dim (3,11)] 
                                                         0                           1                           2                           3                           4                           5                           6                           7

0                                      3.8890545636267766e+00         3.1367343737781281e+04         3.1880289525297667e+02         2.0953772897984432e-01         2.1991764528183504e+00        -1.2166616351916073e+00         0.0000000000000000e+00        -7.3483492172542819e-01
1                                      4.2183669276272893e+00         3.4023427356487933e+04         2.9391512780951791e+02         1.9189948779530158e-01         1.8568265727889322e+00        -6.2770722891693254e-01         0.0000000000000000e+00        -9.6967049888004664e-01
2                                      4.3266889305347425e+00         3.4897103321680457e+04         2.8655673532041607e+02         3.8531687528163788e-03         3.6349985146087588e-02         5.7467986651392883e-02         0.0000000000000000e+00        -5.4302421762223690e-02
                                                         8                           9                          10

0                                      0.0000000000000000e+00        -4.2299947527629211e-01         0.0000000000000000e+00
1                                      0.0000000000000000e+00        -7.2287573700884400e-01         0.0000000000000000e+00
2                                      0.0000000000000000e+00         1.7348966149912362e-01         0.0000000000000000e+00
$End
